"Date","Longitude","Latitude","Elevation","Max Temperature","Min Temperature","Precipitation","Wind","Relative Humidity","Solar"
"1/1/1979","66.5625","38.872501373291","526","14.824","5.56099999999998","0","2.64279162929243","0.520219141970875","10.043208072",
"1/2/1979","66.5625","38.872501373291","526","14.349","5.79700000000003","0","3.09163357052798","0.433997690072607","10.008556812",
"1/3/1979","66.5625","38.872501373291","526","8.22199999999998","4.32799999999997","0","5.76695147523928","0.722434236032199","10.2318804",
"1/4/1979","66.5625","38.872501373291","526","8.524","4.42899999999997","0","7.30226924542595","0.811970447601412","10.273110264",
"1/5/1979","66.5625","38.872501373291","526","6.56","3.52499999999998","0","6.67331166444014","0.789937559267107","10.651333932",
"1/6/1979","66.5625","38.872501373291","526","7.23399999999998","1.67500000000001","0","4.92382801619812","0.773062184132205","10.4089509",
"1/7/1979","66.5625","38.872501373291","526","7.02800000000002","5.041","31.517032104","5.84523866330935","0.925851412332366","1.29290607",
"1/8/1979","66.5625","38.872501373291","526","5.61900000000003","-1.08999999999997","7.74021708","3.03606407353074","0.953156148275845","6.267151512",
"1/9/1979","66.5625","38.872501373291","526","3.25099999999998","-5.07999999999998","0.0446319432","1.7687402593609","0.851927536946409","10.39725144",
"1/10/1979","66.5625","38.872501373291","526","4.79300000000001","-3.57499999999999","0.0205993584","1.71997625353962","0.891209938367593","9.2938536",
"1/11/1979","66.5625","38.872501373291","526","7.98899999999998","-1.40100000000001","0.0137329056","2.14258335122929","0.785227078080457","8.45088858",
"1/12/1979","66.5625","38.872501373291","526","10.123","2.38","0.5845075776","1.85725197446214","0.877858850966801","8.346657888",
"1/13/1979","66.5625","38.872501373291","526","4.52100000000002","0.857000000000028","1.0668755664","1.64862479811275","0.835851625418378","8.6958558",
"1/14/1979","66.5625","38.872501373291","526","2.94600000000003","-0.204000000000008","5.20820388","1.45945260472217","0.835033530879721","5.8527027",
"1/15/1979","66.5625","38.872501373291","526","6.33999999999998","-2.072","0","1.33052132628182","0.857726121378184","10.201555692",
"1/16/1979","66.5625","38.872501373291","526","5.46600000000001","-0.485000000000014","0.6814961424","1.74668380745868","0.929308033289152","5.3280603",
"1/17/1979","66.5625","38.872501373291","526","3.15300000000002","-3.50299999999999","8.011442628","3.72040062621828","0.936585575301947","1.575618534",
"1/18/1979","66.5625","38.872501373291","526","-1.00999999999999","-6.13900000000001","2.0221695072","2.70397851185166","0.811042489546886","9.398361888",
"1/19/1979","66.5625","38.872501373291","526","1.21499999999997","-7.12","0","1.72660090261153","0.817318192780131","11.344329828",
"1/20/1979","66.5625","38.872501373291","526","4.53300000000002","-5.48099999999999","0","1.8837664049135","0.682571120715362","11.891134332",
"1/21/1979","66.5625","38.872501373291","526","6.88200000000001","-1.72699999999998","0","4.77217014775744","0.554023685178142","12.04104276",
"1/22/1979","66.5625","38.872501373291","526","11.03","4.202","0.02059938","7.6612528070641","0.588152474817364","11.492717652",
"1/23/1979","66.5625","38.872501373291","526","8.62700000000001","-0.244000000000028","7.9753843728","3.14368531533779","0.825116885862088","2.493619056",
"1/24/1979","66.5625","38.872501373291","526","8.18400000000003","0.418000000000006","9.312630336","2.50010805207961","0.82698149097563","4.750364808",
"1/25/1979","66.5625","38.872501373291","526","5.21199999999999","-4.33100000000002","14.7766060584","3.70984060306173","0.891909362779976","2.328863688",
"1/26/1979","66.5625","38.872501373291","526","-0.177000000000021","-5.243","2.310562008","3.40902585261693","0.8339394584037","7.710407244",
"1/27/1979","66.5625","38.872501373291","526","-2.82799999999997","-12.68","0.0686645496","2.09261539549793","0.882496321058157","11.619956304",
"1/28/1979","66.5625","38.872501373291","526","-3.03399999999999","-14.954","0.151062012","2.07717248567735","0.915317822630696","11.68188948",
"1/29/1979","66.5625","38.872501373291","526","-4.45600000000002","-16.043","0.0798225192","1.69739636753108","0.887467793953147","12.542228532",
"1/30/1979","66.5625","38.872501373291","526","-1.81","-18.318","0","1.78093979715669","0.917634154488964","12.95049078",
"1/31/1979","66.5625","38.872501373291","526","1.77300000000002","-10.932","0","2.70307671044564","0.826841112559636","13.413880872",
"2/1/1979","66.5625","38.872501373291","526","3.79399999999998","-4.67200000000003","0","3.87462381729171","0.802015535235714","13.3648848",
"2/2/1979","66.5625","38.872501373291","526","8.98399999999998","-0.0439999999999827","0","6.12002843377384","0.611703205071961","13.0802076",
"2/3/1979","66.5625","38.872501373291","526","12.689","3.125","0","5.33531596953172","0.557121349028236","12.60703152",
"2/4/1979","66.5625","38.872501373291","526","8.387","3.30900000000003","2.2333165344","2.85689881814117","0.736008264623112","4.511197836",
"2/5/1979","66.5625","38.872501373291","526","6.88900000000001","1.02100000000002","2.7242680248","1.12947005510451","0.904671930576967","3.07665054",
"2/6/1979","66.5625","38.872501373291","526","7.243","1.846","4.1713708824","1.30286261190641","0.899591090401154","4.107715884",
"2/7/1979","66.5625","38.872501373291","526","14.463","3.47399999999999","0","2.69052315842609","0.692465155175848","13.5981",
"2/8/1979","66.5625","38.872501373291","526","15.252","6.964","0.176811192","4.58779114212525","0.553525377234723","13.27651704",
"2/9/1979","66.5625","38.872501373291","526","17.974","9.07900000000001","1.830767328","5.35171397902072","0.553218593807223","11.479107528",
"2/10/1979","66.5625","38.872501373291","526","11.27","6.49900000000002","4.5382982328","1.89825699667024","0.825575870120695","10.10936394",
"2/11/1979","66.5625","38.872501373291","526","13.588","5.91199999999998","0","5.48532716165534","0.739470567345154","13.07081736",
"2/12/1979","66.5625","38.872501373291","526","12.196","7.63400000000001","15.69328542","5.47659438101282","0.856531517410009","5.2833321",
"2/13/1979","66.5625","38.872501373291","526","7.68400000000003","1.392","11.719325124","3.19259996989826","0.866228783709864","7.31643768",
"2/14/1979","66.5625","38.872501373291","526","10.267","1.29300000000001","0","2.19285717958041","0.792715883670054","14.93184222",
"2/15/1979","66.5625","38.872501373291","526","16.76","3.245","0","2.34387517724181","0.57595686770981","15.30084042",
"2/16/1979","66.5625","38.872501373291","526","20.647","9.28199999999998","0","5.21714546890253","0.42903692415383","15.34859928",
"2/17/1979","66.5625","38.872501373291","526","14.479","8.17500000000001","3.5671248144","3.22538796272711","0.65882307499764","6.908621904",
"2/18/1979","66.5625","38.872501373291","526","8.13299999999998","-1.31099999999998","19.22436","3.01816479793157","0.932995476002287","1.912443606",
"2/19/1979","66.5625","38.872501373291","526","-1.66199999999998","-6.47699999999998","14.25818448","3.14203857105435","0.909801857901536","5.742790632",
"2/20/1979","66.5625","38.872501373291","526","-0.598000000000013","-8.22500000000002","0.6248472696","2.56932592629079","0.799501584210168","16.1562375",
"2/21/1979","66.5625","38.872501373291","526","1.65300000000002","-5.21100000000001","0.3690717408","3.25506785960853","0.825379280185963","10.00434366",
"2/22/1979","66.5625","38.872501373291","526","1.618","-3.67200000000003","0.5905153224","2.88473613065928","0.905735185473016","11.51611668",
"2/23/1979","66.5625","38.872501373291","526","2.86599999999999","-6.73000000000002","0.2188681992","2.30648159355174","0.915847209593144","15.0608781",
"2/24/1979","66.5625","38.872501373291","526","1.572","-6.36099999999999","6.46476804","2.24351926163765","0.962507311992153","4.438969344",
"2/25/1979","66.5625","38.872501373291","526","4.03699999999998","-6.83499999999998","0.619697628","1.69745820596605","0.908462882169953","16.13795328",
"2/26/1979","66.5625","38.872501373291","526","7.38799999999998","-2.755","0","3.06059517480297","0.843797136836711","17.209130688",
"2/27/1979","66.5625","38.872501373291","526","3.45600000000002","-1.72399999999999","13.99555296","3.35272013109799","0.930651091733848","5.119480368",
"2/28/1979","66.5625","38.872501373291","526","3.54500000000002","-10.975","0.218010024","2.17084682965843","0.919479607453708","17.10545814",
"3/1/1979","66.5625","38.872501373291","526","3.154","-4.733","0","2.68194787906979","0.920882922912126","16.47545508",
"3/2/1979","66.5625","38.872501373291","526","-1.01900000000001","-10.057","10.225867464","2.7566258011596","0.942208924131188","6.518248848",
"3/3/1979","66.5625","38.872501373291","526","0.0120000000000005","-8.12400000000002","1.888275708","3.02527499106804","0.887421819124159","13.58634276",
"3/4/1979","66.5625","38.872501373291","526","1.41899999999998","-12.874","1.3423916664","2.26925512600805","0.908843946294253","13.43081106",
"3/5/1979","66.5625","38.872501373291","526","-0.762999999999977","-4.916","7.13768364","2.93477840031252","0.948315360014634","7.61056722",
"3/6/1979","66.5625","38.872501373291","526","-2.96699999999998","-12.768","3.10020354","2.29302049332015","0.944348426707185","13.3847397",
"3/7/1979","66.5625","38.872501373291","526","-3.07299999999998","-19.958","0.1750945824","2.3012924812221","0.87773996227322","17.04442248",
"3/8/1979","66.5625","38.872501373291","526","0.0179999999999723","-16.173","0","2.50493423985891","0.863293899531087","18.98774892",
"3/9/1979","66.5625","38.872501373291","526","3.084","-4.42899999999997","0.0892639512","2.37550645423008","0.887441644502272","15.84438336",
"3/10/1979","66.5625","38.872501373291","526","4.70999999999998","-8.32799999999997","0.0274658112","1.83478603657982","0.950818445169053","17.2571598",
"3/11/1979","66.5625","38.872501373291","526","2.38400000000001","-3.52199999999999","1.1793140784","1.63110709214268","0.935527452934884","13.316455008",
"3/12/1979","66.5625","38.872501373291","526","4.952","0.288000000000011","0.0755310024","2.20975851904838","0.940965219646575","14.55564132",
"3/13/1979","66.5625","38.872501373291","526","5.84199999999998","-2.74200000000002","0.0343323","2.76836632313533","0.93066596045564","17.524521",
"3/14/1979","66.5625","38.872501373291","526","5.89400000000001","-3.49799999999999","0.04119876","3.57027008394291","0.871831938477559","17.1543366",
"3/15/1979","66.5625","38.872501373291","526","6.63999999999999","3.14299999999997","0.0961303824","4.42632841461993","0.916152184125147","16.10831484",
"3/16/1979","66.5625","38.872501373291","526","8.54700000000003","-1.839","0.0858306384","2.05048817848914","0.93650972143899","14.33042595",
"3/17/1979","66.5625","38.872501373291","526","6.786","-2.11099999999999","0.02746584","3.66214700957837","0.822828375160213","18.18933642",
"3/18/1979","66.5625","38.872501373291","526","7.80700000000002","4.54300000000001","0.154495188","4.90169189931416","0.904915299993495","11.35023696",
"3/19/1979","66.5625","38.872501373291","526","10.385","-0.769999999999982","0.0377655264","3.80732681015365","0.828836157810478","19.26282069",
"3/20/1979","66.5625","38.872501373291","526","12.689","6.15100000000001","0","3.400170656297","0.671684786206354","21.22773822",
"3/21/1979","66.5625","38.872501373291","526","15.288","7.30200000000002","1.7269131384","2.76733546248962","0.768301671939175","18.70869636",
"3/22/1979","66.5625","38.872501373291","526","14.697","7.315","1.805876712","2.12061589048058","0.788950756421069","19.26084042",
"3/23/1979","66.5625","38.872501373291","526","18.529","3.42000000000002","0","2.09789419223286","0.680879982034665","20.261922552",
"3/24/1979","66.5625","38.872501373291","526","21.764","5.416","0","2.0969389902971","0.680974549683678","20.60364294",
"3/25/1979","66.5625","38.872501373291","526","14.165","9.13200000000001","36.018021492","3.35428801225397","0.86581618014516","10.80989748",
"3/26/1979","66.5625","38.872501373291","526","16.755","8.62400000000002","0.0411987384","5.02783606556088","0.713018806737672","18.156769272",
"3/27/1979","66.5625","38.872501373291","526","22.287","10.705","0","3.79631762265398","0.543544894278042","20.12349672",
"3/28/1979","66.5625","38.872501373291","526","18.494","10.98","1.9329057","4.80945648690855","0.539337040597755","10.040505912",
"3/29/1979","66.5625","38.872501373291","526","14.304","8.73700000000002","10.6121031264","2.61971477030096","0.830843430415291","15.89872428",
"3/30/1979","66.5625","38.872501373291","526","13.5","7.41300000000001","2.356909956","2.44696767145185","0.80508237985077","12.929791752",
"3/31/1979","66.5625","38.872501373291","526","11.729","5.25700000000001","8.5453010928","3.16505527056351","0.85923322358826","12.48199056",
"4/1/1979","66.5625","38.872501373291","526","14.503","5.67700000000002","1.6410825648","2.43760096109208","0.867202504665558","14.36597046",
"4/2/1979","66.5625","38.872501373291","526","11.567","3.75099999999998","6.2107043256","2.01768416305633","0.960232405656225","12.01561722",
"4/3/1979","66.5625","38.872501373291","526","15.515","5.52199999999999","2.2419","3.1522453667848","0.83609769715727","21.94329996",
"4/4/1979","66.5625","38.872501373291","526","13.8","9.70400000000001","3.10535316","6.60089005500262","0.773839860361106","5.57032572",
"4/5/1979","66.5625","38.872501373291","526","23.25","10.379","0","5.37829805899292","0.607899426509319","21.61738098",
"4/6/1979","66.5625","38.872501373291","526","25.27","13.989","3.2993324784","2.56756650085205","0.635270490923156","19.132312032",
"4/7/1979","66.5625","38.872501373291","526","18.057","10.064","3.704453388","2.49673614708694","0.757072742565837","23.04162648",
"4/8/1979","66.5625","38.872501373291","526","23.466","10.867","0","3.4869906965145","0.613771981652255","23.82907896",
"4/9/1979","66.5625","38.872501373291","526","26.091","12.508","0","2.43100484999226","0.519505132432875","20.14346016",
"4/10/1979","66.5625","38.872501373291","526","27.064","14.396","0","3.97725987086894","0.468356499768148","24.35248224",
"4/11/1979","66.5625","38.872501373291","526","27.124","14.743","0","2.10533717675347","0.509886191689012","19.083484512",
"4/12/1979","66.5625","38.872501373291","526","25.394","14.763","6.517980432","2.17940413967167","0.680988780545108","19.7358732",
"4/13/1979","66.5625","38.872501373291","526","26.621","14.86","1.9432098","3.32177357423397","0.569994405516552","22.71363516",
"4/14/1979","66.5625","38.872501373291","526","24.415","15.222","1.1329646256","3.80461365677506","0.526304943984392","24.38757576",
"4/15/1979","66.5625","38.872501373291","526","27.769","17.333","0","6.14994446372722","0.465337767258354","22.92823476",
"4/16/1979","66.5625","38.872501373291","526","23.012","14.441","1.78184736","3.80372326584781","0.526807406601951","12.92523012",
"4/17/1979","66.5625","38.872501373291","526","20.626","9.63400000000001","8.847432","3.86585560770549","0.785616631305793","16.97771556",
"4/18/1979","66.5625","38.872501373291","526","12.541","6.35500000000002","3.74565168","4.5397795365125","0.782802220100447","14.86001016",
"4/19/1979","66.5625","38.872501373291","526","17.195","4.41699999999997","0.0343323","3.42163023140861","0.626605540747893","25.27058988",
"4/20/1979","66.5625","38.872501373291","526","24.284","11.257","0","7.15473378733812","0.376400647091294","25.7059116",
"4/21/1979","66.5625","38.872501373291","526","25.898","15.364","0.90293796","3.91443668361528","0.472152681734186","23.31022248",
"4/22/1979","66.5625","38.872501373291","526","26.885","15.337","0","2.92806887046054","0.455942627530188","22.57734204",
"4/23/1979","66.5625","38.872501373291","526","32.621","20.092","0","6.5867189504006","0.389592035781871","21.99218076",
"4/24/1979","66.5625","38.872501373291","526","22.227","13.973","0.411987276","3.72003350763184","0.636581262312975","22.78000377",
"4/25/1979","66.5625","38.872501373291","526","26.558","13.119","0.0034332264","2.14797272253314","0.569384125421392","20.32616376",
"4/26/1979","66.5625","38.872501373291","526","23.687","13.575","2.756879244","3.21312836857162","0.755776786330339","15.45086088",
"4/27/1979","66.5625","38.872501373291","526","13.901","6.81400000000002","2.039337972","3.29536214546965","0.835277043660601","16.16164218",
"4/28/1979","66.5625","38.872501373291","526","15.041","4.91300000000001","0","2.90233560973995","0.709290928328126","22.97030958",
"4/29/1979","66.5625","38.872501373291","526","17.446","4.75200000000001","1.0145185704","2.89619357033565","0.718449276277912","21.108317688",
"4/30/1979","66.5625","38.872501373291","526","12.601","7.25599999999997","5.421061908","2.47505703579618","0.844786482922182","8.69320971",
"5/1/1979","66.5625","38.872501373291","526","15.399","6.58199999999999","0.4600521648","2.19513764659999","0.713393511131283","16.6222638",
"5/2/1979","66.5625","38.872501373291","526","23.077","7.899","0","2.84692407655434","0.488467592017216","26.507643768",
"5/3/1979","66.5625","38.872501373291","526","25.507","10.047","0","2.59442226349783","0.471664904045472","26.83135764",
"5/4/1979","66.5625","38.872501373291","526","27.082","12.767","0.377654976","2.84026355786051","0.458179523567044","26.84283786",
"5/5/1979","66.5625","38.872501373291","526","26.117","13.65","0","1.45746712397815","0.433029920604372","20.764350648",
"5/6/1979","66.5625","38.872501373291","526","26.015","11.343","0","2.55069863354775","0.450078160528045","26.796429288",
"5/7/1979","66.5625","38.872501373291","526","23.096","13.043","0","6.28222214094191","0.404218929975782","28.65767652",
"5/8/1979","66.5625","38.872501373291","526","22.18","12.434","0","5.07330707860812","0.375365006373181","26.17554492",
"5/9/1979","66.5625","38.872501373291","526","24.159","7.839","0","2.83599074028207","0.571442260646627","26.872764048",
"5/10/1979","66.5625","38.872501373291","526","21.458","4.90600000000001","0","2.05411990020229","0.477692627935576","26.69816772",
"5/11/1979","66.5625","38.872501373291","526","21.979","9.49200000000002","0.1476287424","3.05275984091617","0.503098005108204","20.24915922",
"5/12/1979","66.5625","38.872501373291","526","23.289","9.81700000000001","0.6969455856","3.05339572174979","0.694684593906551","23.18512608",
"5/13/1979","66.5625","38.872501373291","526","19.121","10.5","0.8171081424","2.73849326023474","0.65374532150165","16.85221272",
"5/14/1979","66.5625","38.872501373291","526","24.239","10.312","1.9981417824","2.88657661948879","0.656776835262453","27.721856952",
"5/15/1979","66.5625","38.872501373291","526","27.186","9.46899999999999","2.286529344","1.75648657861644","0.656111076027989","28.501091352",
"5/16/1979","66.5625","38.872501373291","526","29.833","8.87799999999999","0","1.58003060642826","0.42670067433761","29.41076826",
"5/17/1979","66.5625","38.872501373291","526","28.269","14.769","0.010299672","3.3966010192037","0.428470787702118","24.307481952",
"5/18/1979","66.5625","38.872501373291","526","22.198","12.015","1.452254796","3.62868853349454","0.598681828515605","25.007965632",
"5/19/1979","66.5625","38.872501373291","526","20.363","9.38900000000001","0.0686646","2.59965058115347","0.607025247876477","27.55997064",
"5/20/1979","66.5625","38.872501373291","526","23.081","10.957","0","4.36835658137545","0.606821553588572","29.47972176",
"5/21/1979","66.5625","38.872501373291","526","26.215","9.42000000000002","0","2.35247413114393","0.473266692952914","29.82060612",
"5/22/1979","66.5625","38.872501373291","526","27.43","13.322","0","3.075371578526","0.45985792638327","29.69719308",
"5/23/1979","66.5625","38.872501373291","526","28.601","15.52","0","3.54848258814067","0.515163793115873","23.24532024",
"5/24/1979","66.5625","38.872501373291","526","19.599","5.649","3.937914072","3.55452936915896","0.627206074409383","12.73145436",
"5/25/1979","66.5625","38.872501373291","526","18.09","3.74200000000002","0","2.18075801499129","0.400675551725848","30.57083424",
"5/26/1979","66.5625","38.872501373291","526","21.628","6.30099999999999","0","2.49850258090454","0.455726316323686","30.59370288",
"5/27/1979","66.5625","38.872501373291","526","18.409","6.62900000000002","0.01373292","3.16450375636353","0.432911028171914","23.32388844",
"5/28/1979","66.5625","38.872501373291","526","20.788","4.67000000000002","0","2.70485946806","0.477376729525669","30.69128664",
"5/29/1979","66.5625","38.872501373291","526","22.936","7.911","0","2.55642132810967","0.427492734808818","30.75416964",
"5/30/1979","66.5625","38.872501373291","526","25.538","11.024","0","2.66916516172733","0.419164696819753","30.27188664",
"5/31/1979","66.5625","38.872501373291","526","24.809","14.41","0","5.20054644264645","0.399536719793893","30.65804388",
"6/1/1979","66.5625","38.872501373291","526","26.799","12.916","0","3.68755839408437","0.358964079343856","30.6355608",
"6/2/1979","66.5625","38.872501373291","526","29.043","15.11","0","3.34658829464447","0.301597452730351","30.70654992",
"6/3/1979","66.5625","38.872501373291","526","31.227","15.783","0","3.12236052640038","0.27931163221402","29.30951016",
"6/4/1979","66.5625","38.872501373291","526","30.201","18.872","0","4.17289755890649","0.277711692370323","29.03394456",
"6/5/1979","66.5625","38.872501373291","526","28.699","15.042","0","2.66182099861725","0.351432580027324","30.22959132",
"6/6/1979","66.5625","38.872501373291","526","32.246","17.149","0","2.43411433708208","0.285483210014088","30.26070468",
"6/7/1979","66.5625","38.872501373291","526","32.077","17.308","0.666046188","2.93824517353161","0.378355027826324","20.80754784",
"6/8/1979","66.5625","38.872501373291","526","31.929","17.854","0","3.59416816098011","0.341536243251516","30.10915584",
"6/9/1979","66.5625","38.872501373291","526","30.053","18.716","0","3.86841471310471","0.275051276613323","24.9812496",
"6/10/1979","66.5625","38.872501373291","526","30.698","16.948","0","4.03357818410481","0.304199493254759","29.99250072",
"6/11/1979","66.5625","38.872501373291","526","28.198","12.79","0","4.3873399269782","0.352773279404852","31.14126648",
"6/12/1979","66.5625","38.872501373291","526","28.538","12.874","0","2.4767188769974","0.324678935978754","31.70007432",
"6/13/1979","66.5625","38.872501373291","526","29.649","16.56","0","3.0473556603959","0.186150268197498","31.5211644",
"6/14/1979","66.5625","38.872501373291","526","30.229","14.739","0","2.64254579719153","0.151955541692933","31.61884248",
"6/15/1979","66.5625","38.872501373291","526","32.371","16.553","0","3.4306103890454","0.180320192252399","30.78000288",
"6/16/1979","66.5625","38.872501373291","526","32.157","18.369","0","3.85011937768829","0.232678530892594","30.77993808",
"6/17/1979","66.5625","38.872501373291","526","31.756","15.731","0","3.30331913059641","0.284836426802799","30.8094174",
"6/18/1979","66.5625","38.872501373291","526","32.129","16.179","0","2.49548884980101","0.289501771576993","30.52226016",
"6/19/1979","66.5625","38.872501373291","526","31.441","15.923","0","2.40727944001992","0.287340773359964","30.91810068",
"6/20/1979","66.5625","38.872501373291","526","33.4","19.848","0","3.03746614771427","0.266829809958976","30.9923424",
"6/21/1979","66.5625","38.872501373291","526","34.392","18.613","0","2.63075704925998","0.218655150180938","31.09796604",
"6/22/1979","66.5625","38.872501373291","526","35.163","19.417","0","3.18421242733695","0.185156220658627","31.18325616",
"6/23/1979","66.5625","38.872501373291","526","36.709","22.036","0","4.00752482646053","0.138078291268822","30.79457028",
"6/24/1979","66.5625","38.872501373291","526","35.956","23.628","0","4.29363729481299","0.140830913193786","29.9289906",
"6/25/1979","66.5625","38.872501373291","526","37.668","25.318","0","5.4276984207946","0.153396881389315","30.80890188",
"6/26/1979","66.5625","38.872501373291","526","32.518","20.452","0","3.61852844886058","0.220907336931879","30.93637896",
"6/27/1979","66.5625","38.872501373291","526","29.967","16.713","0","3.96922302187324","0.268689052462693","31.1403438",
"6/28/1979","66.5625","38.872501373291","526","29.251","18.032","0","6.04792402481797","0.250619849412267","31.54825008",
"6/29/1979","66.5625","38.872501373291","526","31.957","16.942","0","3.97594974913559","0.24102842819788","31.38687936",
"6/30/1979","66.5625","38.872501373291","526","32.724","15.941","0","3.24396635664632","0.192136118141021","32.02194564",
"7/1/1979","66.5625","38.872501373291","526","32.152","19.699","0","5.60467329846627","0.239766958650283","31.0709772",
"7/2/1979","66.5625","38.872501373291","526","33.503","19.601","0","4.91401787145641","0.202302535659542","31.45603176",
"7/3/1979","66.5625","38.872501373291","526","33.916","17.001","0","3.68510869606145","0.196706807490104","31.54262832",
"7/4/1979","66.5625","38.872501373291","526","33.236","16.178","0","4.02079924972907","0.206827911093576","31.3191576",
"7/5/1979","66.5625","38.872501373291","526","35.419","19.396","0","3.61816213283314","0.135012148801112","31.50128376",
"7/6/1979","66.5625","38.872501373291","526","36.713","18.538","0","2.94534458973891","0.160726255175611","31.105026",
"7/7/1979","66.5625","38.872501373291","526","38.115","19.429","0","3.55746332213036","0.179918293893047","30.74146344",
"7/8/1979","66.5625","38.872501373291","526","39.236","23.456","0","5.4658770439236","0.144740234044851","30.75339276",
"7/9/1979","66.5625","38.872501373291","526","39.154","24.877","0","7.33148306810525","0.122379570313465","31.4021106",
"7/10/1979","66.5625","38.872501373291","526","40.087","26.148","0","7.60042925271863","0.10951084941523","31.2310728",
"7/11/1979","66.5625","38.872501373291","526","37.478","25.313","0","7.10842666779796","0.140026887579527","31.1486526",
"7/12/1979","66.5625","38.872501373291","526","36.259","22.29","0","5.8550470783765","0.157853363225162","31.28777892",
"7/13/1979","66.5625","38.872501373291","526","35.601","21.278","0","5.21393633578643","0.190250519888258","31.04838504",
"7/14/1979","66.5625","38.872501373291","526","36.508","21.914","0","4.41028013023872","0.202536737592296","31.18122468",
"7/15/1979","66.5625","38.872501373291","526","38.462","19.29","0","2.99390786049421","0.143660205583876","31.57673724",
"7/16/1979","66.5625","38.872501373291","526","39.425","22.083","0","3.9245965006757","0.132330889692318","30.51562968",
"7/17/1979","66.5625","38.872501373291","526","39.79","23.129","0","5.66660863132202","0.161628330637754","29.890066392",
"7/18/1979","66.5625","38.872501373291","526","39.581","25.679","0","5.82776854458929","0.127069054025841","30.476135448",
"7/19/1979","66.5625","38.872501373291","526","40.124","25.526","0","5.84564107473868","0.137082659732375","30.19331034",
"7/20/1979","66.5625","38.872501373291","526","34.331","21.544","0","3.84005054126962","0.217463815344348","29.808169632",
"7/21/1979","66.5625","38.872501373291","526","33.739","19.611","0","4.84697366251036","0.255095618672678","29.735829648",
"7/22/1979","66.5625","38.872501373291","526","31.859","19.096","0","3.95147490847505","0.260785253566768","30.055777992",
"7/23/1979","66.5625","38.872501373291","526","33.362","17.692","0","4.13795634480666","0.230320014404091","29.844506808",
"7/24/1979","66.5625","38.872501373291","526","34.472","19.707","0","4.2041538506577","0.210094304802996","30.32634636",
"7/25/1979","66.5625","38.872501373291","526","36.266","19.467","0","3.39492025753257","0.144857507248607","30.43897326",
"7/26/1979","66.5625","38.872501373291","526","37.045","17.529","0","2.85087089364778","0.154623323515033","30.01488336",
"7/27/1979","66.5625","38.872501373291","526","37.034","20.947","0","3.11512217896225","0.148125084120083","29.538724608",
"7/28/1979","66.5625","38.872501373291","526","37.39","20.646","0","4.17560689705736","0.16925702007188","28.595076552",
"7/29/1979","66.5625","38.872501373291","526","37.313","23.208","0","5.08940854582976","0.165139635923353","28.89837576",
"7/30/1979","66.5625","38.872501373291","526","39.894","25.006","0","5.0801871757959","0.152090619391141","29.01369474",
"7/31/1979","66.5625","38.872501373291","526","40.748","25.672","0","4.36602556943085","0.0998966019601637","29.212258392",
"8/1/1979","66.5625","38.872501373291","526","40.307","24.51","0","3.66876246248616","0.118488054772258","28.880156232",
"8/2/1979","66.5625","38.872501373291","526","36.491","19.184","0","3.33912378536975","0.179067320386888","28.392130368",
"8/3/1979","66.5625","38.872501373291","526","34.336","20.417","0","4.56671578473679","0.23977445079476","26.93300166",
"8/4/1979","66.5625","38.872501373291","526","33.908","24.88","0.051498396","3.99128421574549","0.25330642931788","20.956776462",
"8/5/1979","66.5625","38.872501373291","526","33.156","22.139","0","1.51814198787953","0.348202741714321","22.65654915",
"8/6/1979","66.5625","38.872501373291","526","33.969","18.47","0","2.45141857510273","0.314596737620165","26.90797356",
"8/7/1979","66.5625","38.872501373291","526","34.082","20.361","0","2.83070902083784","0.281463772842168","27.492405408",
"8/8/1979","66.5625","38.872501373291","526","34.544","18.475","0","3.39664675241478","0.216574425684699","28.14322914",
"8/9/1979","66.5625","38.872501373291","526","34.026","19.651","0","3.73693154291661","0.27743921884711","27.64017882",
"8/10/1979","66.5625","38.872501373291","526","35.194","20.595","0","3.37869774996251","0.272992951715586","27.46546731",
"8/11/1979","66.5625","38.872501373291","526","35.969","19.978","0","3.07327118965543","0.236468133019354","27.22055049",
"8/12/1979","66.5625","38.872501373291","526","36.392","21.519","0","4.0795216198862","0.223422209043805","27.42159276",
"8/13/1979","66.5625","38.872501373291","526","35.817","22.198","0","4.25322340233054","0.229046437950195","27.29520225",
"8/14/1979","66.5625","38.872501373291","526","35.643","21.227","0","3.69073237763849","0.216544016202226","27.2903076",
"8/15/1979","66.5625","38.872501373291","526","35.548","21.536","0","3.99530296858792","0.214779947809135","27.01394892",
"8/16/1979","66.5625","38.872501373291","526","37.048","22.879","0","4.68836260165578","0.208626809055743","26.69748912",
"8/17/1979","66.5625","38.872501373291","526","37.045","25.389","0","4.58106609574992","0.184974085259951","26.56142172",
"8/18/1979","66.5625","38.872501373291","526","37.439","23.769","0","5.96224152674558","0.146278779839262","27.18315108",
"8/19/1979","66.5625","38.872501373291","526","34.946","22.155","0","7.02974312850292","0.138513273452386","26.85459456",
"8/20/1979","66.5625","38.872501373291","526","27.71","15.895","0","4.63172113646775","0.189124008681778","27.20839824",
"8/21/1979","66.5625","38.872501373291","526","28.76","12.813","0","3.41347631470098","0.209509780276098","26.88530724",
"8/22/1979","66.5625","38.872501373291","526","28.769","14.12","0","4.08800895669013","0.245790383206925","26.43181488",
"8/23/1979","66.5625","38.872501373291","526","29.435","14.544","0","3.58569748717774","0.235566751105128","26.38456128",
"8/24/1979","66.5625","38.872501373291","526","30.478","12.55","0","3.05987627041287","0.173638076044701","26.614629",
"8/25/1979","66.5625","38.872501373291","526","31.262","12.636","0","2.68015528179723","0.122431957367692","26.6991822",
"8/26/1979","66.5625","38.872501373291","526","32.175","12.263","0","2.55107317629795","0.127657117862677","25.92702432",
"8/27/1979","66.5625","38.872501373291","526","28.203","16.612","0","2.46545772239979","0.166168754947892","15.81463044",
"8/28/1979","66.5625","38.872501373291","526","29.753","13.673","0","2.89610069756316","0.175488033205451","25.56174276",
"8/29/1979","66.5625","38.872501373291","526","28.81","14.264","0","3.05878657592654","0.262920113046181","24.3822384",
"8/30/1979","66.5625","38.872501373291","526","29.102","17.494","0","3.26849166015093","0.297895820276634","24.277104",
"8/31/1979","66.5625","38.872501373291","526","30.518","12.19","0","2.55460546607796","0.243930520189923","24.92161704",
"9/1/1979","66.5625","38.872501373291","526","31.247","16.174","0","3.90323288426061","0.203954450203758","25.40350764",
"9/2/1979","66.5625","38.872501373291","526","31.095","16.333","0","3.91454520112097","0.213270276418691","24.26298912",
"9/3/1979","66.5625","38.872501373291","526","31.934","17.395","0","4.44105565150993","0.197795791655964","24.882579",
"9/4/1979","66.5625","38.872501373291","526","32.888","18.615","0","5.39235432689748","0.170777921730665","24.88218696",
"9/5/1979","66.5625","38.872501373291","526","33.283","19.691","0","5.18754836166621","0.147509748740257","24.65511084",
"9/6/1979","66.5625","38.872501373291","526","34.328","18.711","0","3.97235280708196","0.149792183018838","24.60368736",
"9/7/1979","66.5625","38.872501373291","526","33.68","19.794","0","4.36022609335362","0.15084746942843","23.98054932",
"9/8/1979","66.5625","38.872501373291","526","33.522","21.303","0","5.06656206194445","0.159875755235803","23.64609168",
"9/9/1979","66.5625","38.872501373291","526","31.865","15.484","0","3.06866552226072","0.197883710714065","23.91586776",
"9/10/1979","66.5625","38.872501373291","526","32.547","13.359","0","2.75168186239903","0.177587480994508","23.91902136",
"9/11/1979","66.5625","38.872501373291","526","34.283","18.344","0","3.9594273283173","0.101461934754309","23.67899676",
"9/12/1979","66.5625","38.872501373291","526","31.119","18.083","0","3.08609145283861","0.212355510826227","22.74074892",
"9/13/1979","66.5625","38.872501373291","526","28.553","15.936","0","2.45377299279134","0.394787975912802","22.14871848",
"9/14/1979","66.5625","38.872501373291","526","28.221","14.963","0","3.4142318590715","0.361721475130587","21.19950468",
"9/15/1979","66.5625","38.872501373291","526","24.568","13.895","0","3.30800123856322","0.408420578530671","22.06473894",
"9/16/1979","66.5625","38.872501373291","526","28.039","12.315","0","3.57235569629563","0.278136323321663","22.48661484",
"9/17/1979","66.5625","38.872501373291","526","28.434","10.661","0","2.8831990910295","0.220613150918701","22.54702266",
"9/18/1979","66.5625","38.872501373291","526","29.119","12.174","0","3.25632978472242","0.164819084801333","22.731754248",
"9/19/1979","66.5625","38.872501373291","526","29.345","9.50099999999998","0","2.68451532749069","0.155108079919356","22.498318152",
"9/20/1979","66.5625","38.872501373291","526","29.014","15.424","0","3.50306759723767","0.140944682504842","21.28426722",
"9/21/1979","66.5625","38.872501373291","526","26.695","11.42","0","2.32880237422677","0.230849755517587","17.83080558",
"9/22/1979","66.5625","38.872501373291","526","25.678","10.985","0","2.64229851516084","0.426709891663478","20.36126142",
"9/23/1979","66.5625","38.872501373291","526","24.513","9.512","0","2.94268293720594","0.433751563188521","20.827914192",
"9/24/1979","66.5625","38.872501373291","526","25.12","10.618","0","3.92249564983101","0.279136592315929","21.12013548",
"9/25/1979","66.5625","38.872501373291","526","25.397","10.527","0","3.22790565046036","0.226966223161167","20.86082514",
"9/26/1979","66.5625","38.872501373291","526","26.458","12.687","0","3.43865528786739","0.196045776311637","20.74921236",
"9/27/1979","66.5625","38.872501373291","526","27.039","9.68700000000001","0","2.96227688370222","0.197216608750865","20.58559254",
"9/28/1979","66.5625","38.872501373291","526","26.55","12.581","0","3.23191124270695","0.238916837024941","20.28819096",
"9/29/1979","66.5625","38.872501373291","526","25.817","10.794","0","2.75557621987397","0.279084376992435","20.02702716",
"9/30/1979","66.5625","38.872501373291","526","26.873","9.24599999999998","0","2.78083522337499","0.311259496798807","19.96982046",
"10/1/1979","66.5625","38.872501373291","526","27.091","11.787","0","3.04633539000927","0.293291578868548","19.49765886",
"10/2/1979","66.5625","38.872501373291","526","27.28","10.082","0","2.4564318508432","0.27450677080294","18.96738822",
"10/3/1979","66.5625","38.872501373291","526","27.476","11.38","0","2.34832332062242","0.239641552225754","19.05614946",
"10/4/1979","66.5625","38.872501373291","526","28.155","11.603","0","2.58026340337691","0.26366316824341","18.943033248",
"10/5/1979","66.5625","38.872501373291","526","29.327","14.566","0","3.03325800133209","0.194099795596082","18.83182248",
"10/6/1979","66.5625","38.872501373291","526","28.447","13.33","0","2.67478875828875","0.251593052736236","18.24451722",
"10/7/1979","66.5625","38.872501373291","526","28.926","14.593","0","2.47807829865601","0.355793380169063","17.6660982",
"10/8/1979","66.5625","38.872501373291","526","26.857","10.68","0","2.34700622348639","0.438282840240601","17.9577",
"10/9/1979","66.5625","38.872501373291","526","17.405","8.47699999999998","0.0514984248","3.01317452065661","0.401980351487702","16.98907464",
"10/10/1979","66.5625","38.872501373291","526","19.656","4.16800000000001","0","2.58096903737731","0.277099167628696","18.49741974",
"10/11/1979","66.5625","38.872501373291","526","21.145","7.38999999999999","0","3.07409947419817","0.311179688531012","17.3079018",
"10/12/1979","66.5625","38.872501373291","526","21.858","6.46899999999999","0","2.54608600774115","0.35596885949226","17.43485922",
"10/13/1979","66.5625","38.872501373291","526","22.626","8.42099999999999","0","2.43549763411398","0.380658570709856","16.91033184",
"10/14/1979","66.5625","38.872501373291","526","25.242","10.314","0","2.78662635469151","0.396804344635177","16.2571509",
"10/15/1979","66.5625","38.872501373291","526","24.783","10.159","0","2.62601665079124","0.382373910118273","16.73825814",
"10/16/1979","66.5625","38.872501373291","526","25.724","10.32","0","2.66100694579203","0.341981450410328","16.60213188",
"10/17/1979","66.5625","38.872501373291","526","25.462","9.185","0","2.56652010746141","0.291871576595788","16.590652452",
"10/18/1979","66.5625","38.872501373291","526","25.974","11.261","0","2.80134012052305","0.255663756288526","16.13789658",
"10/19/1979","66.5625","38.872501373291","526","24.693","12.574","0","2.84490033474688","0.347414557995326","15.834541536",
"10/20/1979","66.5625","38.872501373291","526","23.309","13.707","1.1844634896","2.88884511503941","0.459020036417034","15.14480886",
"10/21/1979","66.5625","38.872501373291","526","24.243","11.864","0","2.80415067586975","0.472239980245039","15.01419906",
"10/22/1979","66.5625","38.872501373291","526","24.977","12.223","0","2.78098934240273","0.469247030095836","15.229344348",
"10/23/1979","66.5625","38.872501373291","526","27.151","13.993","0","2.76863183900419","0.382916763847884","15.125795424",
"10/24/1979","66.5625","38.872501373291","526","29.214","14.395","0","2.5728701594461","0.325952832721563","14.6695518",
"10/25/1979","66.5625","38.872501373291","526","30.438","18.21","0","4.50578801821771","0.197879798952212","15.02307918",
"10/26/1979","66.5625","38.872501373291","526","28.13","14.245","0","2.62739409827898","0.241486661777782","14.80432248",
"10/27/1979","66.5625","38.872501373291","526","27.599","16.349","1.54838592","4.27386762768634","0.365674029832025","13.214025612",
"10/28/1979","66.5625","38.872501373291","526","20.96","12.516","1.733779728","1.4525701987872","0.700387295165084","10.59075288",
"10/29/1979","66.5625","38.872501373291","526","22.396","12.389","2.901074508","2.42741915181204","0.668486207150064","12.473835192",
"10/30/1979","66.5625","38.872501373291","526","18.486","10.879","2.901074004","2.11421127181456","0.764217292386238","10.453217328",
"10/31/1979","66.5625","38.872501373291","526","17.712","7.19999999999999","0","2.22273206663825","0.695852954775694","12.75434964",
"11/1/1979","66.5625","38.872501373291","526","19.662","7.23399999999998","0","2.08841537197135","0.621438295520337","13.86933966",
"11/2/1979","66.5625","38.872501373291","526","24.167","11.935","0","2.74240564993496","0.423640862678125","13.763589048",
"11/3/1979","66.5625","38.872501373291","526","25.992","15.76","0","5.07628711532651","0.217262844208344","13.785470352",
"11/4/1979","66.5625","38.872501373291","526","22.984","11.615","0","3.2627557126526","0.312412552923156","12.650794164",
"11/5/1979","66.5625","38.872501373291","526","11.532","5.21499999999998","11.700446652","2.45658839595796","0.762764411997169","1.491524856",
"11/6/1979","66.5625","38.872501373291","526","6.67899999999997","3.983","2.0925522288","2.77290838847857","0.787935455116654","5.3399232",
"11/7/1979","66.5625","38.872501373291","526","8.82999999999998","0.345000000000027","0.0308990376","2.40955839081449","0.736187128062378","13.2324696",
"11/8/1979","66.5625","38.872501373291","526","10.427","-0.148000000000025","0","1.65704255125527","0.734462447323821","13.079194632",
"11/9/1979","66.5625","38.872501373291","526","15.315","2.70699999999999","0","2.2679819905086","0.550814590342615","13.328774748",
"11/10/1979","66.5625","38.872501373291","526","14.609","1.65499999999997","0","1.59109886804921","0.467466631624617","13.397682132",
"11/11/1979","66.5625","38.872501373291","526","5.75","1.60599999999999","1.8273356784","1.90272558227967","0.856613132149067","2.198193552",
"11/12/1979","66.5625","38.872501373291","526","9.38600000000002","2.221","4.4237118384","2.63368590459847","0.807793059570442","9.97863138",
"11/13/1979","66.5625","38.872501373291","526","7.99000000000001","-0.0430000000000064","0","1.920843109728","0.771098462038855","12.33326142",
"11/14/1979","66.5625","38.872501373291","526","9.29199999999997","-0.257000000000005","0","2.2838911178675","0.755196827007285","12.42337572",
"11/15/1979","66.5625","38.872501373291","526","11.216","0.0129999999999768","0","1.77942852969123","0.711127723339739","12.28123638",
"11/16/1979","66.5625","38.872501373291","526","12.502","0.343000000000018","0","1.8433934709239","0.709971413481006","12.238596",
"11/17/1979","66.5625","38.872501373291","526","13.067","1.57299999999998","0","1.84315003784173","0.678541885307475","12.03502374",
"11/18/1979","66.5625","38.872501373291","526","12.777","0.913000000000011","0","1.64430054512118","0.658177318430582","12.017304432",
"11/19/1979","66.5625","38.872501373291","526","11.249","0.297000000000025","0","3.54063584233209","0.471055349512027","12.075582636",
"11/20/1979","66.5625","38.872501373291","526","9.32100000000003","-0.180000000000007","0","2.3722689427877","0.565927268814928","11.1045933",
"11/21/1979","66.5625","38.872501373291","526","7.68299999999999","-1.81200000000001","0","1.96454125742376","0.508305351289116","11.867347332",
"11/22/1979","66.5625","38.872501373291","526","7.58800000000002","-1.56599999999997","0","2.54473910464394","0.532057380955471","11.698367058",
"11/23/1979","66.5625","38.872501373291","526","9.101","-0.800999999999988","0","2.09032598888412","0.626059066708371","11.47094964",
"11/24/1979","66.5625","38.872501373291","526","9.48099999999999","-1.17500000000001","0","1.94492422954593","0.630776566973975","11.767892652",
"11/25/1979","66.5625","38.872501373291","526","12.669","0.408999999999992","0","2.57093418468318","0.355675581520299","11.5273125",
"11/26/1979","66.5625","38.872501373291","526","14.306","1.767","0","2.27402188072372","0.303590556266004","11.30040378",
"11/27/1979","66.5625","38.872501373291","526","15.027","2.24700000000001","0","1.57455145406505","0.403995563496927","11.26822482",
"11/28/1979","66.5625","38.872501373291","526","15.911","4.18599999999998","0","2.70899790254583","0.358640522599871","11.1616839",
"11/29/1979","66.5625","38.872501373291","526","20.829","9.661","0","6.88171439357655","0.230596983839221","10.87431156",
"11/30/1979","66.5625","38.872501373291","526","20.75","13.443","0","6.31299865297754","0.20426594273411","8.91461214",
"12/1/1979","66.5625","38.872501373291","526","18.657","13.494","1.2754439784","5.68810652604041","0.409245036713014","4.89966075",
"12/2/1979","66.5625","38.872501373291","526","15.978","6.87900000000002","5.690575944","5.07154956748457","0.644775079786044","6.94631025",
"12/3/1979","66.5625","38.872501373291","526","10.177","3.35000000000002","0.2763749304","2.31117327217319","0.792924953974253","8.67200625",
"12/4/1979","66.5625","38.872501373291","526","8.69600000000003","0.767999999999972","0.0377654904","1.48957660609971","0.869142254665457","9.82017873",
"12/5/1979","66.5625","38.872501373291","526","8.697","1.262","0.5733488664","1.76874210552687","0.878490369567063","9.80150715",
"12/6/1979","66.5625","38.872501373291","526","12.644","3.5","0","4.2458270356374","0.626670776840569","10.534221",
"12/7/1979","66.5625","38.872501373291","526","13.46","7.40899999999999","0","5.31475631325081","0.524719190915285","6.17062626",
"12/8/1979","66.5625","38.872501373291","526","17.279","10.556","0.4137036984","5.78649674724111","0.454161260159697","9.03758013",
"12/9/1979","66.5625","38.872501373291","526","12.711","7.06400000000002","9.0122246784","3.43949820140816","0.770437751325468","1.56200643",
"12/10/1979","66.5625","38.872501373291","526","12.318","5.43400000000003","0.8205411168","1.80477009275947","0.846064957448376","7.98547788",
"12/11/1979","66.5625","38.872501373291","526","11.468","3.173","0","2.61709927708264","0.772596839004176","9.77861592",
"12/12/1979","66.5625","38.872501373291","526","13.674","3.327","0","1.7542297819563","0.743690260529883","9.93093687",
"12/13/1979","66.5625","38.872501373291","526","7.39800000000002","3.565","0.0068664528","5.12030307384177","0.860328994528242","9.30245922",
"12/14/1979","66.5625","38.872501373291","526","4.51900000000001","2.10300000000001","6.4484614296","2.8724217637807","0.954161538724933","3.25558215",
"12/15/1979","66.5625","38.872501373291","526","6.70699999999999","1.702","0","5.65035449692042","0.866870045443544","9.9328491",
"12/16/1979","66.5625","38.872501373291","526","10.924","3.44400000000002","0","4.82468011037215","0.785825032875223","9.83863188",
"12/17/1979","66.5625","38.872501373291","526","6.11500000000001","2.61000000000001","6.32400678","4.04356941230238","0.927963616030223","2.45277936",
"12/18/1979","66.5625","38.872501373291","526","2.41000000000003","1.18099999999998","5.92918704","3.21045514888151","0.983411549833696","2.4888951",
"12/19/1979","66.5625","38.872501373291","526","4.30399999999997","1.29000000000002","1.5398031888","2.28516189985158","0.962423659470518","4.37130306",
"12/20/1979","66.5625","38.872501373291","526","6.94999999999999","2.96899999999999","2.831553288","4.39178799273046","0.872054542392022","9.86866839",
"12/21/1979","66.5625","38.872501373291","526","4.80900000000003","-0.468000000000018","4.777337952","3.15175162308179","0.896388231306393","3.83962599",
"12/22/1979","66.5625","38.872501373291","526","-0.505999999999972","-11.232","7.13424384","2.82901380013364","0.940028438841001","4.36500198",
"12/23/1979","66.5625","38.872501373291","526","-1.161","-13.661","0.1244544696","2.41031883599563","0.87658669297281","10.219493358",
"12/24/1979","66.5625","38.872501373291","526","2.46800000000002","-4.40899999999999","0","4.51633801248638","0.792000251189184","10.50097275",
"12/25/1979","66.5625","38.872501373291","526","3.04399999999998","-4.17099999999999","0","3.10848327513454","0.692588066296434","9.32624793",
"12/26/1979","66.5625","38.872501373291","526","3.04399999999998","-5.49099999999999","0","2.31298076243587","0.775384907809062","10.04715045",
"12/27/1979","66.5625","38.872501373291","526","2.78199999999998","-3.79899999999998","0.8342747424","2.54014109813575","0.899396689809117","5.63895495",
"12/28/1979","66.5625","38.872501373291","526","3.45699999999999","2.03899999999999","7.1290917792","2.16457615561005","0.986482898953652","2.23610256",
"12/29/1979","66.5625","38.872501373291","526","2.387","-5.423","7.906720644","1.75976758107972","0.990332045243203","1.8930933",
"12/30/1979","66.5625","38.872501373291","526","3.774","-4.27999999999997","0.327873528","1.62646109003973","0.965416432701146","9.311734368",
"12/31/1979","66.5625","38.872501373291","526","4.49799999999999","-4.01299999999998","0","2.19084863807878","0.868473380385025","9.048938256",
"1/1/1980","66.5625","38.872501373291","526","4.23399999999998","-4.47500000000002","0","1.76038317799365","0.805764831990081","10.0875942",
"1/2/1980","66.5625","38.872501373291","526","4.67700000000002","-4.24099999999999","0","2.19321145798523","0.838067549240297","10.23699618",
"1/3/1980","66.5625","38.872501373291","526","7.85000000000002","0.00499999999999545","0","3.45262854132019","0.628749815406722","10.193960988",
"1/4/1980","66.5625","38.872501373291","526","7.178","-0.913000000000011","0.0377654904","1.65612290709491","0.703468670040655","8.29912734",
"1/5/1980","66.5625","38.872501373291","526","7.95999999999998","1.87099999999998","2.523422304","3.24925301887003","0.767508710521847","7.15455288",
"1/6/1980","66.5625","38.872501373291","526","11.748","3.868","0","6.64281420561622","0.539180732642015","9.646485588",
"1/7/1980","66.5625","38.872501373291","526","14.326","6.42599999999999","0.3725053344","5.91525549501505","0.493770646527852","10.19840805",
"1/8/1980","66.5625","38.872501373291","526","6.08199999999999","-2.51499999999999","6.059647944","3.63918543130507","0.798295482189759","10.316084472",
"1/9/1980","66.5625","38.872501373291","526","3.56599999999997","-2.899","0","2.26918346525112","0.775400260040748","10.107391752",
"1/10/1980","66.5625","38.872501373291","526","3.00099999999998","-3.30599999999998","0","1.45286567004051","0.747240282039757","9.770289588",
"1/11/1980","66.5625","38.872501373291","526","5.73700000000002","-3.14100000000002","0","2.05688110341695","0.616021707503673","11.004357096",
"1/12/1980","66.5625","38.872501373291","526","8.428","-1.23000000000002","0","4.01709438536829","0.361944245755733","10.943434872",
"1/13/1980","66.5625","38.872501373291","526","9.851","2.565","0.2849579928","4.76727611985095","0.498735507201351","7.41127446",
"1/14/1980","66.5625","38.872501373291","526","6.84800000000001","2.73399999999998","6.578065008","2.95165550338346","0.818421771126584","3.709519488",
"1/15/1980","66.5625","38.872501373291","526","1.79199999999997","-3.37099999999998","7.0346862288","3.43851052850468","0.867886074999241","5.910923412",
"1/16/1980","66.5625","38.872501373291","526","1.38","-3.87099999999998","0","2.07253471443161","0.686561577772372","11.175015564",
"1/17/1980","66.5625","38.872501373291","526","4.33499999999998","-5.13099999999997","0.0137329056","1.82588349657029","0.71974494955379","10.087311852",
"1/18/1980","66.5625","38.872501373291","526","4.63","-2.14299999999997","1.088332956","2.43912691092979","0.750771878682654","5.608460916",
"1/19/1980","66.5625","38.872501373291","526","4.91800000000001","-1.14999999999998","0.0137328984","4.10679911642449","0.851967047305934","11.59582392",
"1/20/1980","66.5625","38.872501373291","526","5.58199999999999","-1.15699999999998","2.801514744","2.90828514644857","0.935189452110706","10.319514228",
"1/21/1980","66.5625","38.872501373291","526","5.71199999999999","1.96800000000002","3.301047108","3.81939988448833","0.935370103708678","11.123330112",
"1/22/1980","66.5625","38.872501373291","526","5.38","1.74099999999999","5.7472262928","2.94416549400763","0.95210261705715","8.743160736",
"1/23/1980","66.5625","38.872501373291","526","2.37400000000002","-4.42099999999999","5.330084796","3.03500082150515","0.969137329937907","3.540206304",
"1/24/1980","66.5625","38.872501373291","526","0.454999999999984","-5.5","1.479721248","2.3322152353595","0.913599869381919","8.65799838",
"1/25/1980","66.5625","38.872501373291","526","-3.19799999999998","-10.991","4.978181268","2.61474638493008","0.917737193888812","7.581147588",
"1/26/1980","66.5625","38.872501373291","526","-0.764999999999986","-10.825","0","2.19602784434541","0.834458489944957","12.312506808",
"1/27/1980","66.5625","38.872501373291","526","-0.54000000000002","-9.245","2.6916464664","1.93922639626633","0.890851889029081","6.518477988",
"1/28/1980","66.5625","38.872501373291","526","0.392999999999972","-9.411","0.181960956","3.89883021548997","0.861966796138324","12.93924582",
"1/29/1980","66.5625","38.872501373291","526","4.74099999999999","-3.00200000000001","0","7.39971909593442","0.798176185499898","12.54926448",
"1/30/1980","66.5625","38.872501373291","526","4.49200000000002","-2.56700000000001","0.041198724","4.00207150870366","0.891848856816741","12.774883968",
"1/31/1980","66.5625","38.872501373291","526","0.781999999999982","-4.36099999999999","4.90264488","2.29519373902381","0.970956029215758","7.650675",
"2/1/1980","66.5625","38.872501373291","526","-5.31099999999998","-11.52","7.23037896","2.41900654969007","0.935254099366957","7.020957528",
"2/2/1980","66.5625","38.872501373291","526","-7.10700000000003","-22.785","0.669479652","2.26603882934243","0.882363679019023","12.374942076",
"2/3/1980","66.5625","38.872501373291","526","-8.96300000000002","-23.666","0.5330086128","1.86527356489663","0.854367611324133","11.301017904",
"2/4/1980","66.5625","38.872501373291","526","-7.45299999999997","-22.168","0.2557754568","1.99485796013638","0.847486434621323","12.733596828",
"2/5/1980","66.5625","38.872501373291","526","-0.473000000000013","-15.568","0","1.90172592556895","0.761575363426548","13.7182518",
"2/6/1980","66.5625","38.872501373291","526","0.685999999999979","-11.732","0","2.22921693750836","0.888323364799399","14.2727076",
"2/7/1980","66.5625","38.872501373291","526","2.01900000000001","-9.54199999999997","0","1.82460927685307","0.868320194452308","14.21021376",
"2/8/1980","66.5625","38.872501373291","526","1.46300000000002","-11.707","0.0034332264","1.27872775510568","0.956651563980493","13.79508696",
"2/9/1980","66.5625","38.872501373291","526","2.618","-10.408","0.0102996792","1.32192513218128","0.937813016481921","13.9771692",
"2/10/1980","66.5625","38.872501373291","526","4.64800000000002","-3.95299999999997","0.0308990376","2.24876042954307","0.841974836384964","13.22966196",
"2/11/1980","66.5625","38.872501373291","526","9.68000000000001","0.990999999999985","0.327015","2.97362637942459","0.844360474051883","14.13370854",
"2/12/1980","66.5625","38.872501373291","526","8.798","5.33100000000002","8.96072256","4.61357439455108","0.92580252169937","2.644872444",
"2/13/1980","66.5625","38.872501373291","526","4.63299999999998","-0.194000000000017","8.23803606","2.57044006765527","0.9518615229277","6.09632028",
"2/14/1980","66.5625","38.872501373291","526","5.274","-2.74200000000002","0.0738143856","1.43908894823302","0.88953515477714","12.316109148",
"2/15/1980","66.5625","38.872501373291","526","10.157","0.930999999999983","0","2.64347702278497","0.726323492904341","14.98837464",
"2/16/1980","66.5625","38.872501373291","526","11.565","3.46300000000002","0.497817972","2.64722770292537","0.727761127632108","13.544605008",
"2/17/1980","66.5625","38.872501373291","526","5.84100000000001","2.67099999999999","9.8499274344","2.30513421515929","0.88636086815253","4.5758835",
"2/18/1980","66.5625","38.872501373291","526","10.747","2.779","0.0549316296","2.70449624275731","0.861504626917643","13.635447912",
"2/19/1980","66.5625","38.872501373291","526","10.01","4.30099999999999","12.32871678","4.60945632249294","0.849902324924395","3.432823164",
"2/20/1980","66.5625","38.872501373291","526","8.21199999999999","1.14299999999997","1.2170793816","3.87861786566678","0.812113630986755","14.80173552",
"2/21/1980","66.5625","38.872501373291","526","4.00799999999998","-0.552999999999997","6.6364247304","2.7870212008974","0.950958062480167","4.777428348",
"2/22/1980","66.5625","38.872501373291","526","4.23399999999998","-5.416","0.6866449056","1.73502924541281","0.90609400812579","15.93889272",
"2/23/1980","66.5625","38.872501373291","526","7.18000000000001","-4.68000000000001","0","2.26160023751971","0.853642044909279","16.82516484",
"2/24/1980","66.5625","38.872501373291","526","1.19299999999998","-6.108","4.008291516","2.19468050180509","0.91682911946467","6.89523894",
"2/25/1980","66.5625","38.872501373291","526","4.83999999999998","-3.49900000000002","3.0143756664","2.57137442783298","0.910236416304834","9.85860162",
"2/26/1980","66.5625","38.872501373291","526","2.12700000000001","-0.605000000000018","12.30296688","1.76776700924153","0.987999580220789","4.47389964",
"2/27/1980","66.5625","38.872501373291","526","-0.425999999999988","-8.54599999999999","2.149200612","2.22861882569073","0.949728788033777","9.95574204",
"2/28/1980","66.5625","38.872501373291","526","-0.779999999999973","-9.976","1.383589872","1.81580580058304","0.952901465438013","12.115404",
"2/29/1980","66.5625","38.872501373291","526","0.428999999999974","-11.384","0.0892639008","1.52616607605789","0.946533576231955","14.970034368",
"3/1/1980","66.5625","38.872501373291","526","6.476","-9.14600000000002","0.0343322784","1.57333395507837","0.90690063026762","16.76655468",
"3/2/1980","66.5625","38.872501373291","526","6.96300000000002","2.327","0.037765512","4.23129740475758","0.904980964149238","13.98807756",
"3/3/1980","66.5625","38.872501373291","526","5.02999999999997","3.19","10.862727156","5.14635182824697","0.980214622006165","2.883206268",
"3/4/1980","66.5625","38.872501373291","526","3.94","-1.64400000000001","4.5301425624","3.16551614804189","0.969472134889859","4.913436852",
"3/5/1980","66.5625","38.872501373291","526","0.689000000000021","-5.52499999999998","0","2.46063629750477","0.897627944546285","18.0736884",
"3/6/1980","66.5625","38.872501373291","526","7.06799999999998","-4.52100000000002","0","2.66720533282767","0.810759934799743","19.31163336",
"3/7/1980","66.5625","38.872501373291","526","7.99799999999999","-1.863","0","2.80933110668012","0.795650238703641","19.4124942",
"3/8/1980","66.5625","38.872501373291","526","3.30500000000001","-3.50999999999999","2.9594416464","2.95455116924126","0.919989130929053","8.61102648",
"3/9/1980","66.5625","38.872501373291","526","3.964","-4.73599999999999","0.3278735424","1.78909013719208","0.862687539933663","18.78249564",
"3/10/1980","66.5625","38.872501373291","526","1.90499999999997","-6.57499999999999","0.7141109256","1.73469513856738","0.904700973480889","13.06383912",
"3/11/1980","66.5625","38.872501373291","526","4.56999999999999","-6.62299999999999","0.02746584","1.77683032502218","0.850176688546213","16.90509384",
"3/12/1980","66.5625","38.872501373291","526","9.16699999999997","-0.892999999999972","0.121021344","1.79469949281999","0.755495517240151","19.0117692",
"3/13/1980","66.5625","38.872501373291","526","13.487","0.339999999999975","0","2.36378509419851","0.815106201182623","19.69003656",
"3/14/1980","66.5625","38.872501373291","526","11.393","6.11900000000003","9.075741156","3.47909723327789","0.909125530356828","4.76172756",
"3/15/1980","66.5625","38.872501373291","526","8.14400000000001","0.363","7.374569004","2.70165461065155","0.902192542782624","13.730734872",
"3/16/1980","66.5625","38.872501373291","526","7.64999999999998","1.10599999999999","2.4830810496","1.99770166371669","0.873218668664565","6.42701376",
"3/17/1980","66.5625","38.872501373291","526","3.95100000000002","-1.13299999999998","6.8544392904","2.99603081042189","0.925053443317132","8.385420582",
"3/18/1980","66.5625","38.872501373291","526","10.913","-1.40800000000002","0","2.8913974815941","0.811047947658626","20.20393206",
"3/19/1980","66.5625","38.872501373291","526","21.228","5.82900000000001","0","7.15817217358141","0.503381107703197","20.01341025",
"3/20/1980","66.5625","38.872501373291","526","13.737","5.09500000000003","19.538495352","3.27136145538202","0.820673975018912","5.786661618",
"3/21/1980","66.5625","38.872501373291","526","13.694","4.33199999999999","0","2.7943968846107","0.783426376363176","21.05589267",
"3/22/1980","66.5625","38.872501373291","526","16.689","5.18000000000001","0","3.01258070342724","0.599713354142474","21.505390848",
"3/23/1980","66.5625","38.872501373291","526","17","5.30200000000002","0","2.18235528964068","0.707062782371242","20.527534152",
"3/24/1980","66.5625","38.872501373291","526","15.905","2.46499999999998","0","2.0213201740282","0.620164327792163","22.205360448",
"3/25/1980","66.5625","38.872501373291","526","16.991","4.08800000000002","0","2.2380788125634","0.526872821706681","21.70361718",
"3/26/1980","66.5625","38.872501373291","526","19.536","7.072","0","2.34931299869119","0.515270139954669","22.2563799",
"3/27/1980","66.5625","38.872501373291","526","13.265","10.237","1.8058774824","2.60188038002648","0.585264922960641","6.872573592",
"3/28/1980","66.5625","38.872501373291","526","10.267","4.16300000000001","3.270151224","2.62712690821288","0.845063715954789","9.41017671",
"3/29/1980","66.5625","38.872501373291","526","15.849","3.09800000000001","0","2.47101579991887","0.725774324117493","22.306218408",
"3/30/1980","66.5625","38.872501373291","526","20.825","8.36700000000002","0","2.98230528255405","0.535684764795389","23.15700126",
"3/31/1980","66.5625","38.872501373291","526","24.924","11.54","1.19819628","4.69732534991365","0.462032373575525","21.329940672",
"4/1/1980","66.5625","38.872501373291","526","15.801","8.55200000000002","13.5269199072","1.724230955149","0.835203136099249","5.02599168",
"4/2/1980","66.5625","38.872501373291","526","14.043","5.38900000000001","0.75187656","1.98596953349295","0.80687947970936","22.080034152",
"4/3/1980","66.5625","38.872501373291","526","20.772","7.51799999999997","0","3.21308747328815","0.581598492612253","22.2188094",
"4/4/1980","66.5625","38.872501373291","526","25.645","11.907","0","7.32908347577749","0.350569732873904","20.410031592",
"4/5/1980","66.5625","38.872501373291","526","19.846","13.441","1.67884812","7.25141710753255","0.562947331085402","17.59359168",
"4/6/1980","66.5625","38.872501373291","526","19.366","8.83100000000002","1.2737275848","2.06383551262338","0.685532409308084","22.832046792",
"4/7/1980","66.5625","38.872501373291","526","23.163","8.23899999999998","0","2.84253288065729","0.541605882918543","24.09508584",
"4/8/1980","66.5625","38.872501373291","526","23.683","10.451","0","3.11896436135579","0.563210102713392","23.5060326",
"4/9/1980","66.5625","38.872501373291","526","26.039","11.524","0","2.80024443862491","0.476275183454301","24.38077968",
"4/10/1980","66.5625","38.872501373291","526","24.372","10.182","0","3.26298716784041","0.459769021241584","24.7613634",
"4/11/1980","66.5625","38.872501373291","526","23.076","9.13200000000001","0","2.49950759422513","0.594693722705053","23.99045256",
"4/12/1980","66.5625","38.872501373291","526","23.688","11.905","0","3.28579499796853","0.525826682381241","24.08191956",
"4/13/1980","66.5625","38.872501373291","526","24.587","14.046","0","2.39405383127253","0.548959443331903","24.47977716",
"4/14/1980","66.5625","38.872501373291","526","26.855","12.881","0","2.65529690571724","0.458849733397016","25.41655908",
"4/15/1980","66.5625","38.872501373291","526","28.339","16.546","0","3.50378456851981","0.413891946248825","24.75106344",
"4/16/1980","66.5625","38.872501373291","526","30.942","17.72","0","5.41498713281471","0.31510039359921","23.74587684",
"4/17/1980","66.5625","38.872501373291","526","25.967","11.732","2.235030192","4.51420021348858","0.515736000702713","23.21268444",
"4/18/1980","66.5625","38.872501373291","526","12.996","7.97199999999998","3.2272334496","2.90876023296419","0.832987631614114","10.40608116",
"4/19/1980","66.5625","38.872501373291","526","21.003","6.411","0.3639218976","2.2209857941084","0.719361206999924","25.39023624",
"4/20/1980","66.5625","38.872501373291","526","20.653","8.37099999999998","1.805877432","1.79410674494122","0.706310123807367","23.6761884",
"4/21/1980","66.5625","38.872501373291","526","19.735","6.303","0","2.02500980232844","0.589050525570466","26.6931072",
"4/22/1980","66.5625","38.872501373291","526","22.258","10.33","0","2.93468979683386","0.42047962830666","26.37005328",
"4/23/1980","66.5625","38.872501373291","526","24.724","9.66500000000002","0","2.40664244602538","0.31921095337273","26.51860476",
"4/24/1980","66.5625","38.872501373291","526","28.474","13.659","0","2.87830579168312","0.306285795035717","26.82613683",
"4/25/1980","66.5625","38.872501373291","526","25.486","17.206","1.6170489","2.97401248577817","0.523437242719176","21.40081677",
"4/26/1980","66.5625","38.872501373291","526","27.227","14.658","20.5925136264","3.1082372660297","0.542599300754215","23.51508831",
"4/27/1980","66.5625","38.872501373291","526","28.11","15.582","4.8236832","4.01958988376129","0.543466281100336","26.66143098",
"4/28/1980","66.5625","38.872501373291","526","24.517","13.754","0.37765494","3.41166664419954","0.568895123632406","26.80446762",
"4/29/1980","66.5625","38.872501373291","526","26.541","14.201","0.6214140864","3.43421872491007","0.533409179267069","18.976217328",
"4/30/1980","66.5625","38.872501373291","526","26.643","15.014","0","2.37456899577185","0.457394494890188","25.68751452",
"5/1/1980","66.5625","38.872501373291","526","26.982","16.001","0.151062156","3.12064160533736","0.54303023945007","22.96029663",
"5/2/1980","66.5625","38.872501373291","526","30.484","16.697","0","2.19184083864511","0.391021869423449","25.161068448",
"5/3/1980","66.5625","38.872501373291","526","26.972","16.089","0","2.62623122130388","0.403834216579263","27.514577808",
"5/4/1980","66.5625","38.872501373291","526","29.857","15.689","0","2.40568160563504","0.357686555732378","27.579827232",
"5/5/1980","66.5625","38.872501373291","526","29.631","13.27","0","3.10671170003757","0.375123809866244","28.269284832",
"5/6/1980","66.5625","38.872501373291","526","31.526","15.026","0","3.0262069490702","0.459625645955659","27.891505008",
"5/7/1980","66.5625","38.872501373291","526","28.291","15.051","0","3.07704189240313","0.515182435393435","27.578759328",
"5/8/1980","66.5625","38.872501373291","526","23.537","11.387","0.1785279456","1.80463478035347","0.606076275757485","26.526098448",
"5/9/1980","66.5625","38.872501373291","526","24.465","10.028","0","3.24302389520522","0.462970330215526","28.854847008",
"5/10/1980","66.5625","38.872501373291","526","26.953","14.328","0.23345928","2.76435461145655","0.471783203625842","24.462453528",
"5/11/1980","66.5625","38.872501373291","526","20.565","8.53399999999999","11.43264582","2.74446582494023","0.78532776923686","16.61946282",
"5/12/1980","66.5625","38.872501373291","526","19.309","4.87900000000002","0","2.0708818770161","0.616187317212649","29.421957888",
"5/13/1980","66.5625","38.872501373291","526","23.293","7.91399999999999","0","2.36741094563587","0.52396669440772","29.474097408",
"5/14/1980","66.5625","38.872501373291","526","25.538","9.71699999999998","0","2.33479729873081","0.46306954822882","29.712325968",
"5/15/1980","66.5625","38.872501373291","526","25.281","11.823","0","2.76349239061052","0.366746237788854","30.277303488",
"5/16/1980","66.5625","38.872501373291","526","21.52","7.90300000000002","0","2.33056291506732","0.441697595745506","29.854971",
"5/17/1980","66.5625","38.872501373291","526","22.063","10.207","0","2.43255844495842","0.395413030988794","29.57506596",
"5/18/1980","66.5625","38.872501373291","526","24.069","9.05900000000003","0","2.81688040740768","0.45012658335746","29.56589172",
"5/19/1980","66.5625","38.872501373291","526","26.073","12.785","0","2.8966405803744","0.445636045896783","27.36489492",
"5/20/1980","66.5625","38.872501373291","526","28.115","15.105","0","2.76892857809114","0.358164323862604","29.4596964",
"5/21/1980","66.5625","38.872501373291","526","28.536","15.859","0","3.19400912822143","0.253063784081342","30.32338428",
"5/22/1980","66.5625","38.872501373291","526","28.902","16.64","0","3.68082542030053","0.3291266227937","27.25942608",
"5/23/1980","66.5625","38.872501373291","526","26.697","17.345","0","3.61962777100117","0.40556889428483","19.41492096",
"5/24/1980","66.5625","38.872501373291","526","31.691","18.516","0","2.74002882310653","0.282032971561485","29.02567644",
"5/25/1980","66.5625","38.872501373291","526","32.868","18.511","0","2.43205907262127","0.214924903001599","30.08547756",
"5/26/1980","66.5625","38.872501373291","526","31.557","18.458","0","3.71943331244371","0.22029874263168","30.05757288",
"5/27/1980","66.5625","38.872501373291","526","29.839","16.572","0","4.72631426300606","0.32318110382319","31.36420368",
"5/28/1980","66.5625","38.872501373291","526","31.803","16.827","0","3.82714570921916","0.252199823022374","31.21102368",
"5/29/1980","66.5625","38.872501373291","526","31.798","15.323","0","2.41418012476802","0.224549938533931","30.91578264",
"5/30/1980","66.5625","38.872501373291","526","32.124","16.487","0","2.80182086122365","0.212964814193464","30.43732572",
"5/31/1980","66.5625","38.872501373291","526","27.583","14.557","0","3.00071169086118","0.34039785270193","30.138129",
"6/1/1980","66.5625","38.872501373291","526","24.406","13.888","0.27980838","3.64209856750451","0.50446417126168","20.21821812",
"6/2/1980","66.5625","38.872501373291","526","26.799","12.56","0","4.48586903671063","0.273456498471602","31.26311604",
"6/3/1980","66.5625","38.872501373291","526","29.639","14.695","0","3.30911973959578","0.229825557183963","31.07839284",
"6/4/1980","66.5625","38.872501373291","526","31.599","15.019","0","3.21602587920056","0.199987510163262","31.48646292",
"6/5/1980","66.5625","38.872501373291","526","33.534","18.656","0","4.61146762751642","0.185158360130434","31.3384608",
"6/6/1980","66.5625","38.872501373291","526","35.104","20.375","0","4.6051846552548","0.158492710985675","31.78752156",
"6/7/1980","66.5625","38.872501373291","526","36.367","21.217","0","4.54525525334168","0.157246446677141","31.31900352",
"6/8/1980","66.5625","38.872501373291","526","37.274","18.057","0","2.6462427777695","0.118628353999107","31.63516308",
"6/9/1980","66.5625","38.872501373291","526","37.031","20.959","0","4.10845299697979","0.113824000955743","30.72250692",
"6/10/1980","66.5625","38.872501373291","526","37.513","24.912","0","5.13329011100592","0.141524155894324","30.86684604",
"6/11/1980","66.5625","38.872501373291","526","35.667","22.024","0","4.08429283015283","0.159651465067019","30.38456916",
"6/12/1980","66.5625","38.872501373291","526","27.121","15.458","0","4.04789921618171","0.276088295040075","30.83889276",
"6/13/1980","66.5625","38.872501373291","526","27.197","12.918","0","2.56985025645339","0.353145914696851","30.73004892",
"6/14/1980","66.5625","38.872501373291","526","30.822","13.939","0","2.31552554113629","0.278436141743226","30.71656656",
"6/15/1980","66.5625","38.872501373291","526","31.688","15.472","0","2.74189972602267","0.196695020128378","31.32445356",
"6/16/1980","66.5625","38.872501373291","526","33.696","17.214","0","3.39835811304832","0.168770333314336","30.40470648",
"6/17/1980","66.5625","38.872501373291","526","36.126","21.365","0","3.29968675374666","0.159486959936221","30.8772936",
"6/18/1980","66.5625","38.872501373291","526","37.606","22.519","0","2.7446879823895","0.166602734905724","30.0213504",
"6/19/1980","66.5625","38.872501373291","526","36.203","20.037","0","3.41570459172714","0.239614254891088","29.5253946",
"6/20/1980","66.5625","38.872501373291","526","34.066","18.369","0","2.68810729562106","0.376787080867643","29.07078732",
"6/21/1980","66.5625","38.872501373291","526","36.531","19.56","0","2.81557604267545","0.318576009068018","30.41550108",
"6/22/1980","66.5625","38.872501373291","526","37.766","22.391","0","3.36129990595163","0.252738193880194","30.88186956",
"6/23/1980","66.5625","38.872501373291","526","36.703","20.07","0","4.22940719198012","0.23739204110217","30.9926232",
"6/24/1980","66.5625","38.872501373291","526","30.772","18.755","0","4.25678023686133","0.294362723463344","29.9270844",
"6/25/1980","66.5625","38.872501373291","526","30.403","16.007","0","4.51177889165226","0.273686325991498","31.0457826",
"6/26/1980","66.5625","38.872501373291","526","31.48","16.418","0","4.44699547417859","0.278794013450739","31.16707092",
"6/27/1980","66.5625","38.872501373291","526","32.425","18.276","0","4.15236230200279","0.265659012422017","31.03851816",
"6/28/1980","66.5625","38.872501373291","526","32.929","17.731","0","4.08617902911111","0.245807677418271","31.24030968",
"6/29/1980","66.5625","38.872501373291","526","34.538","17.269","0","3.36456391317859","0.201813457898462","31.37563404",
"6/30/1980","66.5625","38.872501373291","526","34.839","17.536","0","3.05640722386439","0.194552621171903","31.19881212",
"7/1/1980","66.5625","38.872501373291","526","36.421","19.026","0","3.53361465599995","0.125957512457921","32.00094828",
"7/2/1980","66.5625","38.872501373291","526","38.141","19.585","0","3.04205523513423","0.0893340787808895","32.26327452",
"7/3/1980","66.5625","38.872501373291","526","38.434","18.411","0","3.1308521948849","0.105066311688508","31.69992924",
"7/4/1980","66.5625","38.872501373291","526","36.959","18.07","0","2.36724266967373","0.145077030768932","31.61347452",
"7/5/1980","66.5625","38.872501373291","526","36.379","19.956","0","4.65337915414375","0.13052212956923","31.2446232",
"7/6/1980","66.5625","38.872501373291","526","38.538","22.509","0","4.98258361866489","0.114883587547686","31.13419932",
"7/7/1980","66.5625","38.872501373291","526","38.162","23.401","0","5.72569883421004","0.116900901364737","31.41056376",
"7/8/1980","66.5625","38.872501373291","526","37.626","23.589","0","6.07013680526512","0.143883972222556","30.98358144",
"7/9/1980","66.5625","38.872501373291","526","38.629","24.394","0","5.80734868377249","0.167732572748408","30.72605616",
"7/10/1980","66.5625","38.872501373291","526","39.351","25.729","0","5.38915798727842","0.149881040824583","30.686679",
"7/11/1980","66.5625","38.872501373291","526","36.01","25.405","0","8.08703002922259","0.157488260910025","30.3592482",
"7/12/1980","66.5625","38.872501373291","526","36.257","21.944","0","4.69458239360052","0.19613878730717","30.55286088",
"7/13/1980","66.5625","38.872501373291","526","36.745","21.732","0","3.37374560130775","0.203505243085111","30.26975004",
"7/14/1980","66.5625","38.872501373291","526","38.06","23.371","0","4.20775441473992","0.192266337449285","29.916233208",
"7/15/1980","66.5625","38.872501373291","526","38.716","24.495","0","5.22198697759961","0.166660437597949","28.755563688",
"7/16/1980","66.5625","38.872501373291","526","40.122","26.483","0","4.03344495780062","0.179560467872793","29.373525288",
"7/17/1980","66.5625","38.872501373291","526","39.226","23.315","0","4.18720781850406","0.178279697279208","30.13593426",
"7/18/1980","66.5625","38.872501373291","526","32.269","19.106","0","4.86319297595753","0.213037869809588","29.587330512",
"7/19/1980","66.5625","38.872501373291","526","32.232","16.016","0","3.73136028897606","0.233704097230492","30.231844272",
"7/20/1980","66.5625","38.872501373291","526","33.69","16.112","0","2.98207781944799","0.201762222031373","30.41166726",
"7/21/1980","66.5625","38.872501373291","526","35.443","17.05","0","2.87486095030977","0.162277657808306","30.4031313",
"7/22/1980","66.5625","38.872501373291","526","35.672","16.911","0","2.65818170448651","0.180584789611392","29.932480152",
"7/23/1980","66.5625","38.872501373291","526","36.35","18.426","0","3.44912506309665","0.180874721070579","29.69482374",
"7/24/1980","66.5625","38.872501373291","526","37.631","21.815","0","3.67873736726537","0.177871890258125","29.650727952",
"7/25/1980","66.5625","38.872501373291","526","38.095","22.409","0","3.73582041838077","0.156265558743406","30.085368768",
"7/26/1980","66.5625","38.872501373291","526","37.121","18.826","0","3.05915117032702","0.187069319596688","29.813401728",
"7/27/1980","66.5625","38.872501373291","526","37.819","20.957","0","4.08073500464128","0.162273527856308","29.719573992",
"7/28/1980","66.5625","38.872501373291","526","36.826","22.16","0","5.09828811321376","0.184892189003895","29.34377064",
"7/29/1980","66.5625","38.872501373291","526","36.859","21.077","0","4.11053431761938","0.181282111575535","29.12365296",
"7/30/1980","66.5625","38.872501373291","526","36.572","20.756","0","4.44027854273915","0.194198594767698","28.8811647",
"7/31/1980","66.5625","38.872501373291","526","37.47","22.414","0","5.20825004612878","0.146784198590515","29.384655408",
"8/1/1980","66.5625","38.872501373291","526","38.315","21.559","0","4.92470763231557","0.136151502216963","28.8227295",
"8/2/1980","66.5625","38.872501373291","526","34.789","20.088","0","4.29286248522349","0.239876269368498","28.3288527",
"8/3/1980","66.5625","38.872501373291","526","33.932","19.983","0","4.22873633840945","0.207977917188215","28.93088718",
"8/4/1980","66.5625","38.872501373291","526","34.321","16.513","0","3.65707678930699","0.191959280070651","28.45175616",
"8/5/1980","66.5625","38.872501373291","526","34.925","19.951","0","4.65280523387713","0.155061674277778","28.6377723",
"8/6/1980","66.5625","38.872501373291","526","34.612","21.652","0","4.68753276427892","0.189304217486622","28.001812032",
"8/7/1980","66.5625","38.872501373291","526","33.355","18.756","0","3.58878857796941","0.168789324123937","28.04743476",
"8/8/1980","66.5625","38.872501373291","526","30.917","17.64","0.0068664528","2.60909838244509","0.21966163967859","24.54407874",
"8/9/1980","66.5625","38.872501373291","526","32.61","16.47","0","2.68595612067814","0.320005364006603","26.77420854",
"8/10/1980","66.5625","38.872501373291","526","31.054","18.065","0","2.26202557828874","0.315803299924967","22.27561875",
"8/11/1980","66.5625","38.872501373291","526","33.551","17.486","0","3.30957482793202","0.228202569068657","26.29305126",
"8/12/1980","66.5625","38.872501373291","526","32.526","16.46","0","2.94479081891391","0.29389966481232","26.69725908",
"8/13/1980","66.5625","38.872501373291","526","32.497","15.171","0","2.8231636010552","0.313266924116868","27.20638629",
"8/14/1980","66.5625","38.872501373291","526","33.23","15.672","0","2.46717784533035","0.288503484639974","27.15220836",
"8/15/1980","66.5625","38.872501373291","526","33.131","14.688","0","2.41382165136403","0.286799772563979","26.31695796",
"8/16/1980","66.5625","38.872501373291","526","31.985","17.247","0","3.17417412752775","0.335793701795933","23.40218916",
"8/17/1980","66.5625","38.872501373291","526","33.217","20.267","0","4.06688771789418","0.296283607876191","24.89708988",
"8/18/1980","66.5625","38.872501373291","526","34.071","20.052","0","2.86126662477774","0.246806519253243","26.1326304",
"8/19/1980","66.5625","38.872501373291","526","35.481","17.71","0","2.59721138457065","0.220857198438232","26.61204384",
"8/20/1980","66.5625","38.872501373291","526","36.845","19.609","0","3.39272420472245","0.142261212583419","26.65974672",
"8/21/1980","66.5625","38.872501373291","526","37.057","17.586","0","2.70786302937097","0.156191531362375","26.68455144",
"8/22/1980","66.5625","38.872501373291","526","34.423","21.48","0","4.46898896548782","0.173030541711021","25.90098516",
"8/23/1980","66.5625","38.872501373291","526","33.269","18.623","0","3.76989617304735","0.24237842410752","26.15248692",
"8/24/1980","66.5625","38.872501373291","526","33.565","15.948","0","3.27466815451085","0.215502253095169","26.16845508",
"8/25/1980","66.5625","38.872501373291","526","33.583","16.507","0","3.83993508137965","0.225501705254205","25.8162714",
"8/26/1980","66.5625","38.872501373291","526","35.138","19.124","0","3.57097143148053","0.200336391237377","25.48293048",
"8/27/1980","66.5625","38.872501373291","526","34.582","18.632","0","3.30621320493493","0.167651963329678","25.6201308",
"8/28/1980","66.5625","38.872501373291","526","34.418","14.413","0","3.38523037931031","0.176032146923227","25.31631924",
"8/29/1980","66.5625","38.872501373291","526","34.995","19.908","0","4.69826087514475","0.145540907454195","25.10122284",
"8/30/1980","66.5625","38.872501373291","526","30.217","16.323","0","4.46491618206717","0.226266553568594","24.50986164",
"8/31/1980","66.5625","38.872501373291","526","28.575","15.219","0","3.45084358531712","0.260898989378081","24.77424168",
"9/1/1980","66.5625","38.872501373291","526","28.422","13.17","0","2.9143414238625","0.30561541313398","24.63215976",
"9/2/1980","66.5625","38.872501373291","526","29.578","11.57","0","2.39856465333161","0.288159345158193","24.98140728",
"9/3/1980","66.5625","38.872501373291","526","30.013","12.773","0","2.31328899294789","0.256045037844959","24.50059056",
"9/4/1980","66.5625","38.872501373291","526","30.28","12.781","0","2.44854015445353","0.246662936284511","24.07589676",
"9/5/1980","66.5625","38.872501373291","526","30.782","12.181","0","2.37214748100052","0.236785986456743","24.52534344",
"9/6/1980","66.5625","38.872501373291","526","31.581","14.677","0","3.37600166255412","0.134438065518144","24.47234244",
"9/7/1980","66.5625","38.872501373291","526","33.17","14.425","0","3.02377025641979","0.149844700276015","24.1455366",
"9/8/1980","66.5625","38.872501373291","526","31.978","13.469","0","2.58798279850814","0.216708653458421","23.54405796",
"9/9/1980","66.5625","38.872501373291","526","28.674","13.081","0","3.60581384644877","0.244002199551937","23.26972644",
"9/10/1980","66.5625","38.872501373291","526","23.931","11.632","0","2.35611927982706","0.296927741877254","18.99748548",
"9/11/1980","66.5625","38.872501373291","526","25.76","6.64600000000002","0","3.29452478489493","0.298688275495974","23.569029",
"9/12/1980","66.5625","38.872501373291","526","26.71","11.201","0","3.27832390785623","0.22932811671927","23.71162212",
"9/13/1980","66.5625","38.872501373291","526","27.508","10.566","0","3.06304331377442","0.16695192574487","23.52572244",
"9/14/1980","66.5625","38.872501373291","526","27.75","12.813","0","3.10219579082259","0.141400413755318","23.30465616",
"9/15/1980","66.5625","38.872501373291","526","27.833","9.44499999999999","0","2.6090977071961","0.175246569393953","22.93717608",
"9/16/1980","66.5625","38.872501373291","526","29.987","10.17","0","2.57120150443237","0.193220350131367","22.67308512",
"9/17/1980","66.5625","38.872501373291","526","31.412","14.631","0","3.15092465568233","0.151734952248048","22.42225728",
"9/18/1980","66.5625","38.872501373291","526","31.764","15.964","0","3.211373749277","0.133068334135366","22.373096832",
"9/19/1980","66.5625","38.872501373291","526","31.216","17.165","0","3.23332459778493","0.146811146546426","22.17054384",
"9/20/1980","66.5625","38.872501373291","526","31.446","15.546","0","3.40683162596064","0.132560261314954","21.89508786",
"9/21/1980","66.5625","38.872501373291","526","32.378","16.606","0","3.5072338806499","0.111499510609319","21.62935764",
"9/22/1980","66.5625","38.872501373291","526","34.919","17.834","0","3.47974889287446","0.124644155787957","20.363119992",
"9/23/1980","66.5625","38.872501373291","526","21.182","14.221","0.64201338","3.45603077136476","0.397840156064188","9.3384558",
"9/24/1980","66.5625","38.872501373291","526","26.344","11.311","0.092697156","1.97044495662263","0.514041177152337","18.351624312",
"9/25/1980","66.5625","38.872501373291","526","28.422","14.565","0","3.07379627802167","0.405284363876051","20.14700742",
"9/26/1980","66.5625","38.872501373291","526","25.315","11.134","0","3.17882698196301","0.385177543713546","20.05520238",
"9/27/1980","66.5625","38.872501373291","526","23.655","8.31799999999998","0","2.54996118617615","0.357391836066102","19.97741142",
"9/28/1980","66.5625","38.872501373291","526","26.035","9.37299999999999","0","3.07399799718878","0.296610489388518","19.4472522",
"9/29/1980","66.5625","38.872501373291","526","27.066","14.194","0","3.29393523732599","0.257167668816811","19.416932352",
"9/30/1980","66.5625","38.872501373291","526","28.672","12.988","0","2.29628255570595","0.272725249629647","19.20785346",
"10/1/1980","66.5625","38.872501373291","526","28.232","14.578","0","2.73908996549833","0.313916445095036","19.05395778",
"10/2/1980","66.5625","38.872501373291","526","29.497","14.35","0","2.81487670833477","0.248171479382721","18.64080486",
"10/3/1980","66.5625","38.872501373291","526","29.748","11.195","0","2.65459866776488","0.269283048850324","18.80273682",
"10/4/1980","66.5625","38.872501373291","526","31.1","16.784","0","2.79869935274865","0.210703212742597","18.669988728",
"10/5/1980","66.5625","38.872501373291","526","30.678","20.164","0","3.55193599424461","0.219187938021885","7.5187692",
"10/6/1980","66.5625","38.872501373291","526","25.145","14.089","0","3.16217536569749","0.318668629230766","17.64573642",
"10/7/1980","66.5625","38.872501373291","526","19.771","7.90100000000001","0","2.56769936519543","0.314915762910633","18.2907036",
"10/8/1980","66.5625","38.872501373291","526","21.03","7.13600000000002","0","2.63235746568499","0.275281086698318","18.29542338",
"10/9/1980","66.5625","38.872501373291","526","20.613","6.77499999999998","0.56991564","3.2142710633396","0.32506706263989","16.44833754",
"10/10/1980","66.5625","38.872501373291","526","13.993","5.97199999999998","0.492667812","4.13174143249374","0.440863969536945","13.715549892",
"10/11/1980","66.5625","38.872501373291","526","9.41000000000003","4.49099999999999","1.23939504","2.31599463054302","0.550369824533637","6.17230944",
"10/12/1980","66.5625","38.872501373291","526","17.634","3.23399999999998","0.024032592","2.48115366002717","0.495039561049837","16.607417472",
"10/13/1980","66.5625","38.872501373291","526","20.175","7.27300000000002","0.453185964","2.24950090993747","0.516054463064418","12.508707312",
"10/14/1980","66.5625","38.872501373291","526","19.128","8.81799999999998","0.326156688","2.54975935343348","0.685843974761444","14.161842828",
"10/15/1980","66.5625","38.872501373291","526","16.54","10.222","1.54838592","1.92364906122639","0.691523592388115","11.59261488",
"10/16/1980","66.5625","38.872501373291","526","15.357","9.12900000000002","4.0340394432","2.5957322660032","0.69404861465171","8.970129828",
"10/17/1980","66.5625","38.872501373291","526","19.146","6.54500000000002","0","2.03925529173971","0.539431943433301","15.87121866",
"10/18/1980","66.5625","38.872501373291","526","19.817","7.99400000000003","0","2.75736962187482","0.435289753685823","16.0040826",
"10/19/1980","66.5625","38.872501373291","526","22.628","9.64600000000002","0","2.4668847829388","0.439402080656875","15.90047064",
"10/20/1980","66.5625","38.872501373291","526","23.023","10.903","0.1476286128","2.46119452030739","0.527739807980904","15.24706578",
"10/21/1980","66.5625","38.872501373291","526","17.867","9.48399999999998","3.604892112","2.26618442202822","0.789052134282849","6.775083",
"10/22/1980","66.5625","38.872501373291","526","11.025","6.73700000000002","6.38580204","2.04618302143347","0.817760696987536","3.36476556",
"10/23/1980","66.5625","38.872501373291","526","12.851","4.83199999999999","0","2.8535896290561","0.675033761295357","15.1941978",
"10/24/1980","66.5625","38.872501373291","526","18.062","6.41199999999998","0","2.94381958893068","0.48497706265114","15.25325346",
"10/25/1980","66.5625","38.872501373291","526","20.949","5.714","0","2.49242914388249","0.376497138723037","15.32272248",
"10/26/1980","66.5625","38.872501373291","526","20.611","8.27699999999999","0","2.6313803820171","0.328024516945223","15.15177972",
"10/27/1980","66.5625","38.872501373291","526","20.123","6.02100000000002","0","1.68329760205276","0.372135722581081","14.75234946",
"10/28/1980","66.5625","38.872501373291","526","16.182","7.46800000000002","0.0205993728","1.76458278806984","0.371794540526714","5.59327392",
"10/29/1980","66.5625","38.872501373291","526","18.683","8.79199999999997","0.065231352","2.17597184229743","0.456516858509456","11.81036466",
"10/30/1980","66.5625","38.872501373291","526","17.592","5.98700000000002","0","2.09672593927304","0.591843936004778","13.979810988",
"10/31/1980","66.5625","38.872501373291","526","18.624","6.221","0","1.98482844460128","0.631608763621679","13.520421",
"11/1/1980","66.5625","38.872501373291","526","19.722","9.45999999999998","0","2.31304756679483","0.600073353747717","13.03430454",
"11/2/1980","66.5625","38.872501373291","526","20.96","10.889","0","3.11861110181797","0.526785517485248","12.224417652",
"11/3/1980","66.5625","38.872501373291","526","13.806","6.29000000000002","0.0377654904","1.47716172767878","0.753719754319997","12.485643732",
"11/4/1980","66.5625","38.872501373291","526","11.71","2.98099999999999","0","1.6828256448516","0.683412897379938","12.258398052",
"11/5/1980","66.5625","38.872501373291","526","12.302","2.666","0.0617980824","2.09550506943262","0.648462014098669","12.92951142",
"11/6/1980","66.5625","38.872501373291","526","13.926","1.52699999999999","0.058364892","1.89595608861674","0.68520188398619","12.452963472",
"11/7/1980","66.5625","38.872501373291","526","19.83","8.39299999999997","0","4.62752708685898","0.333004593008307","13.369214736",
"11/8/1980","66.5625","38.872501373291","526","16.823","6.79700000000003","0","2.50991724524218","0.492258444590641","12.437211888",
"11/9/1980","66.5625","38.872501373291","526","22.912","10.844","0","4.94507540984606","0.264930221175983","12.987507132",
"11/10/1980","66.5625","38.872501373291","526","25.611","15.213","0","6.13662218937152","0.210153057703989","12.5782893",
"11/11/1980","66.5625","38.872501373291","526","18.438","12.082","1.587868416","3.20328908716189","0.528673308939854","5.048999568",
"11/12/1980","66.5625","38.872501373291","526","23.363","13.486","0","4.81300563318209","0.441442662054514","12.014774388",
"11/13/1980","66.5625","38.872501373291","526","20.981","9.81200000000001","0","2.57319426923894","0.481306278373144","11.993285088",
"11/14/1980","66.5625","38.872501373291","526","20.626","8.10399999999999","0","1.95387351082421","0.469850588206417","12.001782852",
"11/15/1980","66.5625","38.872501373291","526","18.904","7.90699999999998","0","1.93654446533331","0.575961998659188","11.355073632",
"11/16/1980","66.5625","38.872501373291","526","17.769","10.459","0.0034332264","4.29623198262378","0.481280174562263","10.924482132",
"11/17/1980","66.5625","38.872501373291","526","21.122","11.539","0.0034332264","3.83650982031863","0.457399202668622","8.45426358",
"11/18/1980","66.5625","38.872501373291","526","15.957","9.334","0.4377365352","2.95741470237228","0.564144726970043","9.446005692",
"11/19/1980","66.5625","38.872501373291","526","12.143","5.91199999999998","3.6048876624","2.42719337237907","0.762932846360672","10.127808432",
"11/20/1980","66.5625","38.872501373291","526","14.499","3.47199999999998","0","1.68276460533311","0.712838483594686","11.0930049",
"11/21/1980","66.5625","38.872501373291","526","15.969","9.346","0.416278296","3.37312379330263","0.616122910464107","6.8642442",
"11/22/1980","66.5625","38.872501373291","526","18.673","10.206","0.0068664528","4.17656697875852","0.598620790067526","10.9311786",
"11/23/1980","66.5625","38.872501373291","526","20.842","12.949","0","5.24480512768245","0.448784276947412","11.10015792",
"11/24/1980","66.5625","38.872501373291","526","14.043","5.868","4.2640704","3.74492658897284","0.690384745746334","9.76196763",
"11/25/1980","66.5625","38.872501373291","526","10.594","5.25","6.9136602264","2.39621121803496","0.795726454329571","5.2570692",
"11/26/1980","66.5625","38.872501373291","526","7.07100000000003","3.01299999999998","3.9567946176","3.27103694202947","0.822999108011331","6.96397545",
"11/27/1980","66.5625","38.872501373291","526","11.159","2.834","0","3.70754643154475","0.624347007143759","11.0620719",
"11/28/1980","66.5625","38.872501373291","526","14.772","3.399","0","2.28204420535153","0.569879347188947","10.93888242",
"11/29/1980","66.5625","38.872501373291","526","15.236","4.39100000000002","0","2.65973103603791","0.562596524895558","10.36237653",
"11/30/1980","66.5625","38.872501373291","526","15.183","6.22000000000003","0","2.09126076121418","0.541221340757628","10.10323485",
"12/1/1980","66.5625","38.872501373291","526","15.337","8.91500000000002","2.485659024","2.67714344977663","0.590211698609498","9.18326547",
"12/2/1980","66.5625","38.872501373291","526","10.627","6.30900000000003","2.6195538096","3.31608876086342","0.782687047730255","4.38069222",
"12/3/1980","66.5625","38.872501373291","526","12.364","2.72199999999998","0","1.84653185484718","0.781307742856526","10.50232338",
"12/4/1980","66.5625","38.872501373291","526","15.255","3.83600000000001","0","2.23338852934425","0.599000853812234","10.50760665",
"12/5/1980","66.5625","38.872501373291","526","16.659","7.29000000000002","0","4.20259594261605","0.377853218537672","10.49580162",
"12/6/1980","66.5625","38.872501373291","526","19.152","9.54300000000001","0","4.7455871556231","0.26683971876373","10.51509402",
"12/7/1980","66.5625","38.872501373291","526","20.213","11.418","0","4.1397672588888","0.266103368816814","10.0519326",
"12/8/1980","66.5625","38.872501373291","526","19.902","12.413","0","3.04524508690803","0.370772849994018","9.88881021",
"12/9/1980","66.5625","38.872501373291","526","14.101","7.60399999999999","0.0600814584","2.01043270767679","0.539090189466251","9.46485045",
"12/10/1980","66.5625","38.872501373291","526","14.585","5.089","0","1.78861408490998","0.501533595241222","6.8965866",
"12/11/1980","66.5625","38.872501373291","526","14.691","9.99200000000002","0.398254176","3.61062935198415","0.487483969610039","5.69222028",
"12/12/1980","66.5625","38.872501373291","526","14.921","11.144","4.54044366","6.37431476029118","0.591807113846445","3.33264447",
"12/13/1980","66.5625","38.872501373291","526","12.573","2.88299999999998","28.44600192","4.93095112674698","0.826485269294994","0.98398116",
"12/14/1980","66.5625","38.872501373291","526","7.90300000000002","0.771000000000015","0.0514984248","2.09906501553525","0.751762591456011","9.94747203",
"12/15/1980","66.5625","38.872501373291","526","10.126","1.03800000000001","0","1.72375823295994","0.633527691262064","9.89549613",
"12/16/1980","66.5625","38.872501373291","526","9.06599999999997","1.791","0","2.15803862243272","0.661908227330332","9.94494105",
"12/17/1980","66.5625","38.872501373291","526","8.44400000000002","0.244000000000028","0","1.79768641712583","0.721050333104855","10.00018278",
"12/18/1980","66.5625","38.872501373291","526","7.197","-1.45299999999997","0","1.36029797420402","0.621714220513282","9.97126947",
"12/19/1980","66.5625","38.872501373291","526","9.541","-0.495999999999981","0","2.28260566357093","0.467841304293272","10.33701237",
"12/20/1980","66.5625","38.872501373291","526","4.13900000000001","-2.26600000000002","0","1.71880284658247","0.636924221239438","5.12730225",
"12/21/1980","66.5625","38.872501373291","526","4.31599999999997","-3.20100000000002","0","1.80723225689715","0.698183622054315","10.105315632",
"12/22/1980","66.5625","38.872501373291","526","8.43700000000001","-2.07299999999998","0","1.6125237933587","0.511587134234692","10.35348876",
"12/23/1980","66.5625","38.872501373291","526","9.34100000000001","0.607000000000028","0","2.45964124102881","0.553202197683809","9.83261223",
"12/24/1980","66.5625","38.872501373291","526","10.011","2.33600000000001","0","2.77516915467104","0.683274313714776","9.60305463",
"12/25/1980","66.5625","38.872501373291","526","9.45100000000002","0.00599999999997181","0","2.03700989267954","0.817440135655753","10.00057167",
"12/26/1980","66.5625","38.872501373291","526","11.395","2.685","0.6900786864","4.43491483905485","0.63081008995956","9.435935322",
"12/27/1980","66.5625","38.872501373291","526","4.993","-1.12700000000001","17.29659672","3.01460521194586","0.928869351414646","2.51853858",
"12/28/1980","66.5625","38.872501373291","526","4.541","-2.54300000000001","0.3845214864","1.42672550988517","0.882628398174534","7.72700913",
"12/29/1980","66.5625","38.872501373291","526","8.48000000000002","-0.951000000000022","0.0617982264","3.54903577272981","0.678262677510477","10.114480944",
"12/30/1980","66.5625","38.872501373291","526","7.084","2.33999999999998","0.6643298664","3.22565461472183","0.904281117617126","9.534322548",
"12/31/1980","66.5625","38.872501373291","526","3.58100000000002","1.14100000000002","3.6392189544","2.47663224588359","0.963336606120576","2.8196478",
"1/1/1981","66.5625","38.872501373291","526","4.291","2.44","4.7962154304","2.71359645215659","0.99377208062993","5.4966951",
"1/2/1981","66.5625","38.872501373291","526","6.267","1.67099999999999","10.84556844","2.21041112736906","0.93594301355999","2.89096947",
"1/3/1981","66.5625","38.872501373291","526","2.86500000000001","0.661000000000001","1.4625548424","4.70133533898104","0.912342517739423","10.289245428",
"1/4/1981","66.5625","38.872501373291","526","2.84300000000002","1.12799999999999","6.27937776","3.33702810775247","0.972451104455667","3.8042442",
"1/5/1981","66.5625","38.872501373291","526","4.42399999999998","-0.769999999999982","0.0308990376","3.65879986458678","0.890954893873853","10.4862924",
"1/6/1981","66.5625","38.872501373291","526","9.54399999999998","1.38","0.00686646","4.10351988537067","0.658457667076422","9.714087972",
"1/7/1981","66.5625","38.872501373291","526","7.41300000000001","1.13","0","4.02258508330915","0.736601520716547","10.80348552",
"1/8/1981","66.5625","38.872501373291","526","8.99700000000001","0.15100000000001","0","2.89070475470733","0.668036590708541","10.752133248",
"1/9/1981","66.5625","38.872501373291","526","6.149","0.27600000000001","0.0789642504","3.31979480186766","0.681903790752639","9.020021976",
"1/10/1981","66.5625","38.872501373291","526","8.923","0.165999999999997","0","3.04787357598682","0.63353127172155","10.706622372",
"1/11/1981","66.5625","38.872501373291","526","12.584","3.82600000000002","0","7.17338216773067","0.351463912078333","11.267549388",
"1/12/1981","66.5625","38.872501373291","526","13.705","7.42599999999999","0.27465786","6.74167933846914","0.397422841857667","6.39134856",
"1/13/1981","66.5625","38.872501373291","526","11.42","3.25299999999999","5.002216056","4.82679153845251","0.738938666234294","3.88777806",
"1/14/1981","66.5625","38.872501373291","526","2.93099999999998","-3.78399999999999","6.7205511","3.70476441837413","0.919187678468838","4.51417932",
"1/15/1981","66.5625","38.872501373291","526","2.99799999999999","-6.59399999999999","0","1.80288241546637","0.848592728702755","10.998897948",
"1/16/1981","66.5625","38.872501373291","526","7.392","-4.28899999999999","0","2.92468664180877","0.786564259528149","10.597615668",
"1/17/1981","66.5625","38.872501373291","526","9.31799999999998","2.78300000000002","0.0102996864","5.8048547230541","0.700993235501768","8.14719438",
"1/18/1981","66.5625","38.872501373291","526","11.616","6.12400000000002","0.197410572","5.88048167334583","0.727182645600939","11.067240348",
"1/19/1981","66.5625","38.872501373291","526","14.583","6.11500000000001","0","4.89455963701915","0.648846760963881","11.237791716",
"1/20/1981","66.5625","38.872501373291","526","9.22699999999998","4.48500000000001","5.3352328824","4.82901785308701","0.816801325800499","7.349061636",
"1/21/1981","66.5625","38.872501373291","526","8.03500000000003","-1.654","0.082397484","1.79593589894802","0.893405088321166","10.84320252",
"1/22/1981","66.5625","38.872501373291","526","7.67399999999998","-1.95699999999999","0","1.92728350600714","0.870302181614286","11.449405908",
"1/23/1981","66.5625","38.872501373291","526","2.09199999999998","-4.78199999999998","0.308990448","2.08574689696338","0.909624511934426","7.620407928",
"1/24/1981","66.5625","38.872501373291","526","1.50299999999999","-8.05599999999998","0.0583649064","1.82230887012684","0.801535533609754","11.185538688",
"1/25/1981","66.5625","38.872501373291","526","5.77600000000001","-4.62099999999998","0","4.35188365718599","0.706757724504516","12.61524348",
"1/26/1981","66.5625","38.872501373291","526","4.24000000000001","-2.41699999999997","2.7980803656","3.42501342278283","0.818432966044846","2.881351116",
"1/27/1981","66.5625","38.872501373291","526","8.053","-1.99200000000002","0.8411423976","1.99721628043115","0.897805572698852","11.430222408",
"1/28/1981","66.5625","38.872501373291","526","5.512","-3.72699999999998","1.9191744","1.8053354399227","0.924977862984271","12.110620104",
"1/29/1981","66.5625","38.872501373291","526","3.43200000000002","-4.79700000000003","0.0034332264","2.30159660595806","0.816274183618615","12.456962208",
"1/30/1981","66.5625","38.872501373291","526","2.08100000000002","-6.84800000000001","0.8205416856","1.69494566774313","0.869994967573245","10.544964372",
"1/31/1981","66.5625","38.872501373291","526","3.86599999999999","-4.26499999999999","0.1338958584","2.2667502404587","0.751485959507421","12.60393642",
"2/1/1981","66.5625","38.872501373291","526","6.32799999999997","-0.853000000000009","4.0203084528","7.58968674992834","0.653572696862562","8.120533356",
"2/2/1981","66.5625","38.872501373291","526","4.23599999999999","1.868","16.92924624","4.2079179989085","0.904926716141327","1.593337392",
"2/3/1981","66.5625","38.872501373291","526","4.63999999999999","1.79300000000001","3.5053261992","4.838003305735","0.899459172187198","7.381685808",
"2/4/1981","66.5625","38.872501373291","526","1.54399999999998","-5.10700000000003","10.1760876","4.28767913948572","0.878953580804234","13.88401794",
"2/5/1981","66.5625","38.872501373291","526","6.137","-2.70699999999999","0","3.87676913444765","0.850122858732727","13.874121",
"2/6/1981","66.5625","38.872501373291","526","7.988","0.629999999999995","0","4.05480026168408","0.813966041641336","14.19857172",
"2/7/1981","66.5625","38.872501373291","526","12.354","1.75","0.0137329056","4.08463404395487","0.603693975547845","13.38890598",
"2/8/1981","66.5625","38.872501373291","526","9.95600000000002","1.92099999999999","0","3.06573606804735","0.799237318934215","14.2508223",
"2/9/1981","66.5625","38.872501373291","526","10.995","3.286","0.02059938","7.10063195211791","0.700165200907018","14.3336817",
"2/10/1981","66.5625","38.872501373291","526","9.01299999999998","4.81999999999999","13.0737312","4.75961401160846","0.812076008486022","4.310263908",
"2/11/1981","66.5625","38.872501373291","526","10.623","5.23500000000001","3.4744270392","3.83121219177966","0.880146540517008","6.421108248",
"2/12/1981","66.5625","38.872501373291","526","5.61500000000001","-0.834000000000003","2.0753863128","3.42656304368469","0.822709408559121","8.71610562",
"2/13/1981","66.5625","38.872501373291","526","3.26100000000002","-2.077","0","2.8883767290303","0.671800410218692","14.99540292",
"2/14/1981","66.5625","38.872501373291","526","6.27999999999997","-2.76900000000001","0","2.80445129888067","0.707150359591557","14.89297446",
"2/15/1981","66.5625","38.872501373291","526","8.85300000000001","-0.911000000000001","0","2.32676647444202","0.679109936145384","14.450116032",
"2/16/1981","66.5625","38.872501373291","526","11.729","1.05099999999999","0","3.48562667836476","0.566639879592865","15.3617625",
"2/17/1981","66.5625","38.872501373291","526","10.917","4.76999999999998","1.88655732","3.3634537276971","0.699641494481245","12.9677607",
"2/18/1981","66.5625","38.872501373291","526","7.37599999999998","2.84699999999998","7.2887425776","1.25432847268005","0.89858333302332","2.741852448",
"2/19/1981","66.5625","38.872501373291","526","9.541","1.18900000000002","1.8384928704","1.4006698813392","0.908756269922938","10.028587572",
"2/20/1981","66.5625","38.872501373291","526","14.222","5.42200000000003","4.8511532304","2.89480832328577","0.766429765392371","15.116964768",
"2/21/1981","66.5625","38.872501373291","526","13.242","6.12299999999999","0.8617403088","1.88670541084889","0.820535627724312","9.28586052",
"2/22/1981","66.5625","38.872501373291","526","13.148","5.53100000000001","12.0883919328","2.15207540104727","0.870731014075106","9.851058324",
"2/23/1981","66.5625","38.872501373291","526","5.25","-0.694000000000017","19.1385261","3.54928665084434","0.894167458117297","8.153604612",
"2/24/1981","66.5625","38.872501373291","526","1.84899999999999","-1.524","8.91437184","2.28638149346344","0.876039301525642","11.81593332",
"2/25/1981","66.5625","38.872501373291","526","8.005","-2.584","0.422286732","2.31407083580398","0.83972120580828","16.74163098",
"2/26/1981","66.5625","38.872501373291","526","5.44600000000003","-0.737000000000023","6.62613012","2.08481630627616","0.97394125478627","6.322781592",
"2/27/1981","66.5625","38.872501373291","526","5.27600000000001","-2.97399999999999","6.68964492","1.9008988157509","0.970059193448456","5.64147954",
"2/28/1981","66.5625","38.872501373291","526","0.319999999999993","-7.50400000000002","1.0231020216","2.23996538441736","0.955158794872373","12.5664174",
"3/1/1981","66.5625","38.872501373291","526","4.12","-7.39999999999998","0.0068664528","2.00386870986837","0.878843379489646","16.026470352",
"3/2/1981","66.5625","38.872501373291","526","10.247","0.557000000000016","0","4.35415161925158","0.842414408856437","16.667608968",
"3/3/1981","66.5625","38.872501373291","526","11.127","4.46600000000001","0.0102996792","4.80530561370897","0.898516118152241","15.21196308",
"3/4/1981","66.5625","38.872501373291","526","11.732","4.685","18.9908951256","5.0457225629597","0.887405061405169","2.05042464",
"3/5/1981","66.5625","38.872501373291","526","7.12900000000002","1.79199999999997","0.0171661392","2.74573574130442","0.835732706493217","13.68269352",
"3/6/1981","66.5625","38.872501373291","526","11.596","-0.161999999999978","0","1.83134645866399","0.715022371911224","18.36815904",
"3/7/1981","66.5625","38.872501373291","526","16.244","4.62099999999998","0","3.48928960215493","0.562782542658908","19.16595144",
"3/8/1981","66.5625","38.872501373291","526","13.798","4.37299999999999","0.180244836","2.67006509917345","0.563201860214067","16.34596848",
"3/9/1981","66.5625","38.872501373291","526","10.16","3.84199999999998","1.07631684","2.24347839683874","0.820942873534591","15.37385202",
"3/10/1981","66.5625","38.872501373291","526","11.897","3.35000000000002","3.1190871744","2.98861789488699","0.80091947068983","16.34439168",
"3/11/1981","66.5625","38.872501373291","526","14.698","3.11599999999999","0","3.267594012575","0.783356945716248","18.53409528",
"3/12/1981","66.5625","38.872501373291","526","16.472","5.63299999999998","0","8.21942262441296","0.55530324115119","19.69660728",
"3/13/1981","66.5625","38.872501373291","526","20.65","8.779","0.187111332","7.65006749876341","0.466729598292833","17.04577644",
"3/14/1981","66.5625","38.872501373291","526","19.555","11.974","3.9945609","6.34638919891541","0.552714326387817","18.13252824",
"3/15/1981","66.5625","38.872501373291","526","16.193","11.068","10.51340148","4.94323265536102","0.710246318433966","13.17234618",
"3/16/1981","66.5625","38.872501373291","526","16.138","8.79300000000001","6.13174788","3.94685202925454","0.72153870938683","17.65405728",
"3/17/1981","66.5625","38.872501373291","526","11.911","5.053","7.642364004","4.08415664574798","0.860112382469285","2.87893566",
"3/18/1981","66.5625","38.872501373291","526","9.24599999999998","3.12700000000001","8.79936084","3.00440370001195","0.803856364176817","20.40637473",
"3/19/1981","66.5625","38.872501373291","526","11.923","2.44499999999999","0.024032592","2.14131360540557","0.794864886873098","16.3720107",
"3/20/1981","66.5625","38.872501373291","526","9.10300000000001","3.053","1.1363975712","2.27091659647371","0.795909375480297","17.25969204",
"3/21/1981","66.5625","38.872501373291","526","14.531","2.65899999999999","0","2.3981146056366","0.659998358458231","21.39688548",
"3/22/1981","66.5625","38.872501373291","526","21.584","7.59800000000001","0","3.02511992183317","0.509077225856535","21.552465168",
"3/23/1981","66.5625","38.872501373291","526","21.095","10.075","0","2.55812290551976","0.505258790632154","20.282180832",
"3/24/1981","66.5625","38.872501373291","526","16.694","8.084","1.903723452","2.24107383341584","0.810471398411692","19.245437208",
"3/25/1981","66.5625","38.872501373291","526","18.129","5.80000000000001","0","2.43927494116524","0.737395148204809","21.439911528",
"3/26/1981","66.5625","38.872501373291","526","19.257","9.16899999999998","6.4338642","2.18278172059857","0.743643645633789","19.56673404",
"3/27/1981","66.5625","38.872501373291","526","20.536","9.11399999999998","0","3.89107321614951","0.637822000856696","20.428313112",
"3/28/1981","66.5625","38.872501373291","526","25.715","11.079","2.511405864","5.40474175084082","0.606698533356735","19.02363894",
"3/29/1981","66.5625","38.872501373291","526","14.474","7.19799999999998","19.91958714","6.01200615669519","0.821036947584386","20.76462972",
"3/30/1981","66.5625","38.872501373291","526","13.155","4.35399999999999","0.0823975056","3.25910456373911","0.730915612424234","20.1942522",
"3/31/1981","66.5625","38.872501373291","526","15.926","1.77100000000002","0","1.73290128636354","0.723709168169245","22.690971648",
"4/1/1981","66.5625","38.872501373291","526","19.71","4.495","0","2.37474329439578","0.655720522681061","23.042533608",
"4/2/1981","66.5625","38.872501373291","526","15.456","4.93900000000002","11.5356501","4.22766594955827","0.75277291482012","11.3041665",
"4/3/1981","66.5625","38.872501373291","526","4.38299999999998","-1.26900000000001","14.55516288","3.90102619434595","0.890072094160126","11.0683134",
"4/4/1981","66.5625","38.872501373291","526","10.784","-1.94799999999998","0","1.7632061950617","0.777676399845999","24.290773848",
"4/5/1981","66.5625","38.872501373291","526","14.523","0.137999999999977","0","2.6936194375371","0.701748117893697","24.16162716",
"4/6/1981","66.5625","38.872501373291","526","21.794","6.44400000000002","0","4.62089676065973","0.602485120837369","22.812234408",
"4/7/1981","66.5625","38.872501373291","526","14.056","5.52100000000002","5.201340336","3.86077093612735","0.796265495924594","16.26317172",
"4/8/1981","66.5625","38.872501373291","526","20.317","3.53699999999998","0","2.27171438140826","0.63356463635036","24.38560836",
"4/9/1981","66.5625","38.872501373291","526","26.81","12.263","0.2334599064","5.22523198743493","0.461369068484539","22.75605072",
"4/10/1981","66.5625","38.872501373291","526","15.045","5.93400000000003","0","3.11632715183701","0.711297753595719","23.93235468",
"4/11/1981","66.5625","38.872501373291","526","17.203","4.63299999999998","0","2.97417558923969","0.608501952397538","24.39410544",
"4/12/1981","66.5625","38.872501373291","526","13.628","3.87400000000002","2.379225348","4.25333387277743","0.90021496929101","14.69053692",
"4/13/1981","66.5625","38.872501373291","526","8.048","2.90600000000001","14.94483966","2.95581204625789","0.990113221820099","7.21884006",
"4/14/1981","66.5625","38.872501373291","526","4.81400000000002","0.951999999999998","0.1510620552","1.79273065010227","0.978430734255182","16.6928076",
"4/15/1981","66.5625","38.872501373291","526","9.613","-1.01799999999997","0.123596172","2.77706842071798","0.937100868594503","21.3257196",
"4/16/1981","66.5625","38.872501373291","526","16.132","4.17000000000002","0.0343323","3.58334422208635","0.884625651321703","24.21894348",
"4/17/1981","66.5625","38.872501373291","526","23.355","5.94499999999999","0","6.14899256414994","0.681873101562027","25.51162932",
"4/18/1981","66.5625","38.872501373291","526","27.571","6.702","0.80337636","4.48812545120196","0.743862986547522","21.599154",
"4/19/1981","66.5625","38.872501373291","526","10.045","3.678","18.790061184","1.96347967337444","0.995038892644481","4.763133072",
"4/20/1981","66.5625","38.872501373291","526","11.896","4.72399999999999","1.194762888","2.03943764025496","0.981310427005106","16.285898592",
"4/21/1981","66.5625","38.872501373291","526","18.608","2.87799999999999","0","2.31637951181973","0.706667521019436","25.59667176",
"4/22/1981","66.5625","38.872501373291","526","23.014","9.60399999999999","0","3.26723929624731","0.613404029544387","25.54728768",
"4/23/1981","66.5625","38.872501373291","526","24.909","8.601","0","2.48127406112813","0.557613472616813","26.2297116",
"4/24/1981","66.5625","38.872501373291","526","26.284","12.504","0","3.35946334219366","0.555069389827802","25.47427257",
"4/25/1981","66.5625","38.872501373291","526","27.718","14.137","0.0686645424","3.4388861298851","0.631700217462237","20.08305738",
"4/26/1981","66.5625","38.872501373291","526","29.338","15.196","0","1.99825006561285","0.483071423782719","26.24488794",
"4/27/1981","66.5625","38.872501373291","526","28.353","17.432","6.1420435704","3.17008838514731","0.605618170088279","20.98394496",
"4/28/1981","66.5625","38.872501373291","526","21.577","15.779","25.55694666","3.10640589673373","0.80237524372207","15.78633399",
"4/29/1981","66.5625","38.872501373291","526","26.92","15.412","2.30884308","3.58270049939443","0.596167371546876","25.992388512",
"4/30/1981","66.5625","38.872501373291","526","26.144","16.083","4.930113492","4.52713177692932","0.629199156118996","25.24291551",
"5/1/1981","66.5625","38.872501373291","526","29.979","19.655","0.02059938","6.1788153848701","0.462271799983213","21.094818768",
"5/2/1981","66.5625","38.872501373291","526","28.037","17.095","0.46691928","2.8740836245342","0.493491863806621","25.575350688",
"5/3/1981","66.5625","38.872501373291","526","28.018","17.03","2.3466119184","3.29937744870175","0.612032719183821","26.497853928",
"5/4/1981","66.5625","38.872501373291","526","20.642","11.527","22.68848664","3.40725005847923","0.860845257105635","3.3851241",
"5/5/1981","66.5625","38.872501373291","526","23.145","9.18900000000002","0","2.70266245658083","0.651904840385375","28.306122768",
"5/6/1981","66.5625","38.872501373291","526","27.58","14.779","0","3.11582752281665","0.487970850935807","26.76307176",
"5/7/1981","66.5625","38.872501373291","526","28.112","16.888","0.01373292","3.65515645038151","0.432587811976023","24.89450958",
"5/8/1981","66.5625","38.872501373291","526","21.389","14.28","18.5256973728","1.62968860982768","0.783279835352855","20.771163918",
"5/9/1981","66.5625","38.872501373291","526","24.221","11.512","0","2.12316721382323","0.644600225271827","28.47470922",
"5/10/1981","66.5625","38.872501373291","526","25.221","11.806","0","2.98485623997119","0.553039137370923","28.6803567",
"5/11/1981","66.5625","38.872501373291","526","24.065","14.011","0.8857728","2.9211863629509","0.633145602290775","19.142220672",
"5/12/1981","66.5625","38.872501373291","526","26.692","15.991","0","3.49989584054521","0.568793432970076","24.087996072",
"5/13/1981","66.5625","38.872501373291","526","24.245","16.23","14.0848149816","4.05560948450113","0.667754244276358","9.61126812",
"5/14/1981","66.5625","38.872501373291","526","18.693","13.424","23.920978176","4.21126004730356","0.804390125890134","7.875731448",
"5/15/1981","66.5625","38.872501373291","526","25.927","12.719","0","3.25643881015882","0.521861923541595","29.21518566",
"5/16/1981","66.5625","38.872501373291","526","31","15.126","0","2.14831149056884","0.386722850037259","29.31834384",
"5/17/1981","66.5625","38.872501373291","526","26.104","16.897","0.0034332264","4.45757947254057","0.525312723314934","28.41417972",
"5/18/1981","66.5625","38.872501373291","526","20.169","12.642","1.1054990448","3.23554531541374","0.718705598669635","17.26565904",
"5/19/1981","66.5625","38.872501373291","526","20.162","9.96300000000002","0","3.71553310037142","0.592931917086567","29.54086524",
"5/20/1981","66.5625","38.872501373291","526","23.063","10.004","0","2.81777454931076","0.526114594346365","29.61124524",
"5/21/1981","66.5625","38.872501373291","526","25.046","11.515","0","2.46617362293049","0.44612478730564","30.07389384",
"5/22/1981","66.5625","38.872501373291","526","25.09","10.501","0","3.15562273432551","0.497122901443278","29.23648992",
"5/23/1981","66.5625","38.872501373291","526","28.135","12.534","0","2.61167107314728","0.481546785097735","28.9470402",
"5/24/1981","66.5625","38.872501373291","526","29.264","16.856","0","3.36609006178063","0.402834345980229","29.6138772",
"5/25/1981","66.5625","38.872501373291","526","27.311","15.212","0","3.29852773352918","0.347871122337561","26.62954164",
"5/26/1981","66.5625","38.872501373291","526","28.718","15.285","0","3.77279588123974","0.293678961931099","30.3672402",
"5/27/1981","66.5625","38.872501373291","526","28.612","15.568","0","3.80930401998996","0.329226419547054","29.7995598",
"5/28/1981","66.5625","38.872501373291","526","31.951","14.548","0","2.83179980811207","0.266854002683476","30.28775508",
"5/29/1981","66.5625","38.872501373291","526","32.574","15.901","0","4.86837567125664","0.295594931988911","24.41199456",
"5/30/1981","66.5625","38.872501373291","526","22.682","12.443","0.0034332264","2.77393498836896","0.528748018890495","28.93105656",
"5/31/1981","66.5625","38.872501373291","526","19.807","11.92","6.42528162","2.88789076275492","0.641798178849245","24.32446632",
"6/1/1981","66.5625","38.872501373291","526","20.257","8.03899999999999","0","2.32997869262826","0.443873803998025","30.81617964",
"6/2/1981","66.5625","38.872501373291","526","23.198","8.952","0","2.58268870709472","0.309357924113277","30.82697244",
"6/3/1981","66.5625","38.872501373291","526","25.646","10.77","0","3.20271836952341","0.323314164687952","30.66097104",
"6/4/1981","66.5625","38.872501373291","526","29.228","15.096","0","2.86361601379252","0.291216638660051","30.58501572",
"6/5/1981","66.5625","38.872501373291","526","33.724","18.737","0.0343323","3.18751601033564","0.211900491039131","26.62031664",
"6/6/1981","66.5625","38.872501373291","526","28.768","17.233","0.0240325992","3.30792278830956","0.393962009748491","29.5471206",
"6/7/1981","66.5625","38.872501373291","526","24.212","13.319","0","1.39309345182543","0.454244688694855","30.363183",
"6/8/1981","66.5625","38.872501373291","526","25.043","11.535","0","2.81738825040503","0.284212161818203","31.214169",
"6/9/1981","66.5625","38.872501373291","526","25.747","12.52","0","3.30402358112937","0.330290311452233","30.93518952",
"6/10/1981","66.5625","38.872501373291","526","25.671","10.529","0","2.49961235876382","0.337188593752148","30.8938482",
"6/11/1981","66.5625","38.872501373291","526","26.448","12.45","0","2.80806065848","0.36392141336773","30.38349816",
"6/12/1981","66.5625","38.872501373291","526","28.215","13.502","0","2.31434393522564","0.294911811951893","28.9836036",
"6/13/1981","66.5625","38.872501373291","526","27.756","15.83","0","3.09531119670124","0.286105732575462","28.82367792",
"6/14/1981","66.5625","38.872501373291","526","26.928","14.395","0","2.59123586988533","0.26084603071336","31.13852652",
"6/15/1981","66.5625","38.872501373291","526","30.11","15.542","0","3.7456503783049","0.216542259836954","31.669209",
"6/16/1981","66.5625","38.872501373291","526","33.867","18.536","0","3.55510878318761","0.191639567119257","31.06237932",
"6/17/1981","66.5625","38.872501373291","526","36.008","23.655","0","4.26795271440709","0.161165327583585","30.4839576",
"6/18/1981","66.5625","38.872501373291","526","34.682","22.905","0","5.40304664638547","0.212995168978012","29.5701156",
"6/19/1981","66.5625","38.872501373291","526","35.141","21.754","0","4.48117997139293","0.19760542647214","30.89577348",
"6/20/1981","66.5625","38.872501373291","526","34.05","21.417","0","4.01677770183588","0.197099497545053","30.81775068",
"6/21/1981","66.5625","38.872501373291","526","34.686","20.612","0","3.26265486594008","0.193150622842559","30.78776268",
"6/22/1981","66.5625","38.872501373291","526","34.97","18.567","0","2.70107954629395","0.225774757249021","27.24693984",
"6/23/1981","66.5625","38.872501373291","526","34.176","21.273","0","2.93974441816615","0.222600210780135","29.52320688",
"6/24/1981","66.5625","38.872501373291","526","34.624","22.403","0","3.81993108811236","0.204264194568231","30.13363476",
"6/25/1981","66.5625","38.872501373291","526","34.087","21.097","0","3.94713857572272","0.272006698560221","29.85715836",
"6/26/1981","66.5625","38.872501373291","526","32.411","19.615","0","3.64799536388184","0.312470979106083","30.31172064",
"6/27/1981","66.5625","38.872501373291","526","33.236","20.504","0","3.32122875114595","0.307237029831496","30.05774856",
"6/28/1981","66.5625","38.872501373291","526","32.642","18.974","0","3.28710007145072","0.318884343680191","27.39184236",
"6/29/1981","66.5625","38.872501373291","526","33.842","20.398","0","4.13003265584714","0.293209533954521","30.44823696",
"6/30/1981","66.5625","38.872501373291","526","31.881","17.284","0","3.7281929135724","0.285206833768951","30.54481632",
"7/1/1981","66.5625","38.872501373291","526","32.623","17.199","0","3.34204352606485","0.306261050584345","30.8467134",
"7/2/1981","66.5625","38.872501373291","526","34.018","18.011","0","3.28768820785456","0.296682632341678","30.5002674",
"7/3/1981","66.5625","38.872501373291","526","33.952","19.865","0","4.1341151880358","0.249678187744357","30.68707752",
"7/4/1981","66.5625","38.872501373291","526","34.62","20.7","0","4.31771586071945","0.254551586033296","30.52569312",
"7/5/1981","66.5625","38.872501373291","526","36.809","21.189","0","3.96779493519345","0.198026281394995","30.49278552",
"7/6/1981","66.5625","38.872501373291","526","37.155","21.728","0","3.86789213719156","0.15425284975329","28.77878988",
"7/7/1981","66.5625","38.872501373291","526","37.007","24.011","3.08646864","5.40872919733027","0.239159348388615","24.9648192",
"7/8/1981","66.5625","38.872501373291","526","30.746","19.312","0","2.48443477118551","0.396515933605989","28.32756156",
"7/9/1981","66.5625","38.872501373291","526","33.392","19.9","0","3.06670205103389","0.354916393849971","28.45169712",
"7/10/1981","66.5625","38.872501373291","526","35.165","20.588","0","2.86666504595136","0.36086665108488","29.17164456",
"7/11/1981","66.5625","38.872501373291","526","37.786","23.775","0","4.4452918383603","0.273663891028575","30.0143754",
"7/12/1981","66.5625","38.872501373291","526","39.245","24.461","0","5.66093498867791","0.170499047568105","30.40396776",
"7/13/1981","66.5625","38.872501373291","526","41.096","25.94","0","6.78141692545015","0.115366128686054","30.48581412",
"7/14/1981","66.5625","38.872501373291","526","38.854","27.889","0","7.37926362113455","0.168321762803267","29.76845184",
"7/15/1981","66.5625","38.872501373291","526","35.38","24.623","0","6.24819221514505","0.206961084300378","30.384222408",
"7/16/1981","66.5625","38.872501373291","526","35.095","20.313","0","4.34141720529073","0.231301389711104","30.424270608",
"7/17/1981","66.5625","38.872501373291","526","33.405","19.703","0","4.25431228083951","0.238440777864883","30.03210126",
"7/18/1981","66.5625","38.872501373291","526","32.867","19.338","0","5.1194668428937","0.225583501663997","30.225153672",
"7/19/1981","66.5625","38.872501373291","526","34.245","18.029","0","3.46779945332598","0.202557299785088","29.906440632",
"7/20/1981","66.5625","38.872501373291","526","35.052","17.969","0","2.9617218107978","0.215788828251531","29.35136214",
"7/21/1981","66.5625","38.872501373291","526","35.395","17.952","0","3.46529381014988","0.321011880970832","28.980170712",
"7/22/1981","66.5625","38.872501373291","526","30.457","17.635","0","2.78387914563511","0.433540098865562","23.08511826",
"7/23/1981","66.5625","38.872501373291","526","28.316","19.501","0.295257456","2.18469821255649","0.422533116178423","22.78484874",
"7/24/1981","66.5625","38.872501373291","526","26.01","19.97","0","3.39426102553354","0.420614799599699","14.245141392",
"7/25/1981","66.5625","38.872501373291","526","28.988","20.272","0","2.42523177253773","0.405445168303157","20.797428672",
"7/26/1981","66.5625","38.872501373291","526","32.477","18.227","0","2.99988125654012","0.412931296584982","27.9758889",
"7/27/1981","66.5625","38.872501373291","526","33.987","17.442","0","3.73177271861867","0.29297491676073","29.41437186",
"7/28/1981","66.5625","38.872501373291","526","32.734","17.488","0","3.65149826411087","0.193253141485674","29.27767248",
"7/29/1981","66.5625","38.872501373291","526","30.568","15.586","0","3.05314390717624","0.248962065493763","29.08570014",
"7/30/1981","66.5625","38.872501373291","526","31.024","15.761","0","3.33695852181154","0.29703578600262","28.73368044",
"7/31/1981","66.5625","38.872501373291","526","31.724","15.445","0","3.4324697462365","0.269107621850256","28.875990168",
"8/1/1981","66.5625","38.872501373291","526","29.662","14.577","0","2.68123637784342","0.301148248432355","28.962278568",
"8/2/1981","66.5625","38.872501373291","526","31.268","15.25","0","3.55460323929491","0.285549574562132","28.907609328",
"8/3/1981","66.5625","38.872501373291","526","31.387","13.972","0","3.37635755919637","0.260555030219162","29.105324208",
"8/4/1981","66.5625","38.872501373291","526","32.616","16.66","0","3.21927716581388","0.268108989352574","28.756465632",
"8/5/1981","66.5625","38.872501373291","526","32.897","16.008","0","3.68278357581037","0.304935428012406","28.301400432",
"8/6/1981","66.5625","38.872501373291","526","34.753","20.571","0","3.38252681885852","0.287882771432395","27.892012968",
"8/7/1981","66.5625","38.872501373291","526","35.465","20.778","0","2.67854787925536","0.306390729403489","27.481552128",
"8/8/1981","66.5625","38.872501373291","526","36.163","19.051","0","2.84830789317591","0.281789065201192","27.47986695",
"8/9/1981","66.5625","38.872501373291","526","35.959","20.412","0","4.27641113986037","0.173337913967729","28.10121102",
"8/10/1981","66.5625","38.872501373291","526","35.428","19.992","0","4.41651228350072","0.211722830661967","27.38401866",
"8/11/1981","66.5625","38.872501373291","526","32.245","20.147","0","4.63062010278553","0.258234945977296","27.6404634",
"8/12/1981","66.5625","38.872501373291","526","33.001","16.349","0","3.79997864596867","0.266510127780391","27.62049798",
"8/13/1981","66.5625","38.872501373291","526","33.362","17.114","0","3.17413247020946","0.287489022051022","27.16931331",
"8/14/1981","66.5625","38.872501373291","526","33.952","16.292","0","2.83683409934649","0.284033504426958","26.94538521",
"8/15/1981","66.5625","38.872501373291","526","33.997","19.287","0","3.46062702984023","0.255806415490963","26.5525902",
"8/16/1981","66.5625","38.872501373291","526","34.859","21.16","0","3.72437023322881","0.180016333290463","26.78276016",
"8/17/1981","66.5625","38.872501373291","526","35.544","19.26","0","3.54185345105773","0.168148106156355","26.85825432",
"8/18/1981","66.5625","38.872501373291","526","31.497","16.114","0","2.96945340688937","0.28455000566187","24.1198254",
"8/19/1981","66.5625","38.872501373291","526","29.856","16.816","0","2.29849433730057","0.383591520412212","25.65225252",
"8/20/1981","66.5625","38.872501373291","526","28.814","13.298","0","2.32074101855656","0.302328217861982","26.78681412",
"8/21/1981","66.5625","38.872501373291","526","28.906","13.544","0","3.31987636159983","0.346233074437039","25.71851088",
"8/22/1981","66.5625","38.872501373291","526","29.103","13.362","0","2.12788264280039","0.439866014369162","24.29437104",
"8/23/1981","66.5625","38.872501373291","526","29.747","16.336","0","2.2894431212183","0.373118349625017","21.47720652",
"8/24/1981","66.5625","38.872501373291","526","31.407","14.226","0","2.66747969355488","0.369520416768832","25.64009712",
"8/25/1981","66.5625","38.872501373291","526","31.722","13.518","0","3.16694759935236","0.287543146171579","25.66924056",
"8/26/1981","66.5625","38.872501373291","526","31.413","14.568","0","3.05398161661125","0.271056495423765","25.50274056",
"8/27/1981","66.5625","38.872501373291","526","30.893","12.602","0","2.60074428002587","0.319515910870249","25.23419028",
"8/28/1981","66.5625","38.872501373291","526","30.722","14.562","0","2.5572754857269","0.289170643354806","24.80590332",
"8/29/1981","66.5625","38.872501373291","526","30.757","13.024","0","2.36123584804227","0.294782314071796","24.95565036",
"8/30/1981","66.5625","38.872501373291","526","31.596","17.877","0","3.65257002929731","0.235518447397694","24.74391888",
"8/31/1981","66.5625","38.872501373291","526","32.349","18.489","0","4.55038533731409","0.203888383714789","25.01747388",
"9/1/1981","66.5625","38.872501373291","526","31.585","18.965","0","4.59146852193901","0.216095411500768","25.3537902",
"9/2/1981","66.5625","38.872501373291","526","30.045","14.058","0","3.53649654937426","0.250686256787715","25.15235832",
"9/3/1981","66.5625","38.872501373291","526","28.901","11.735","0","3.23873348965753","0.247445847489739","25.04120832",
"9/4/1981","66.5625","38.872501373291","526","29.084","11.539","0","3.43294785322148","0.217981457008358","24.85006668",
"9/5/1981","66.5625","38.872501373291","526","28.671","13.818","0","3.25702446009868","0.221344410672811","24.76102284",
"9/6/1981","66.5625","38.872501373291","526","28.694","12.983","0","2.89537031170731","0.210772967390996","24.51071196",
"9/7/1981","66.5625","38.872501373291","526","29.088","10.732","0","2.52843399511982","0.223029421904083","24.2844768",
"9/8/1981","66.5625","38.872501373291","526","30.224","11.239","0","2.9074622517386","0.187373608710632","24.05694816",
"9/9/1981","66.5625","38.872501373291","526","29.401","11.501","0","3.3987229061459","0.215818975200846","23.58124092",
"9/10/1981","66.5625","38.872501373291","526","26.327","12.254","0","2.34153201764753","0.3113098607431","20.3981022",
"9/11/1981","66.5625","38.872501373291","526","28.144","11.16","0","2.58335900746066","0.364571207752978","23.22731484",
"9/12/1981","66.5625","38.872501373291","526","30.804","12.37","0","2.63563533170673","0.235410882080697","23.28743952",
"9/13/1981","66.5625","38.872501373291","526","31.43","14.643","0","2.8166720564045","0.174009405771228","23.1460308",
"9/14/1981","66.5625","38.872501373291","526","34.744","17.422","0","2.94000947284269","0.119920487508907","22.6317924",
"9/15/1981","66.5625","38.872501373291","526","35.125","17.079","0","3.3676639711954","0.0985591699345439","22.58106318",
"9/16/1981","66.5625","38.872501373291","526","34.009","18.357","0","3.09578366230327","0.21144384842237","22.0231692",
"9/17/1981","66.5625","38.872501373291","526","32.707","15.611","0","2.68631118807169","0.278674191234979","21.779776872",
"9/18/1981","66.5625","38.872501373291","526","34.785","16.735","0","2.79933326349384","0.16697120496762","20.46521808",
"9/19/1981","66.5625","38.872501373291","526","32.625","15.669","0","2.65358017840037","0.206770571028581","21.847328928",
"9/20/1981","66.5625","38.872501373291","526","34.181","17.063","0","3.33327354496798","0.202325487166387","21.23122626",
"9/21/1981","66.5625","38.872501373291","526","30.351","14.66","0","3.13568042570911","0.295359997623751","21.06449442",
"9/22/1981","66.5625","38.872501373291","526","26.035","12.9","0","3.18014723781936","0.373866617862287","20.161971",
"9/23/1981","66.5625","38.872501373291","526","14.978","10.962","2.61612072","3.2576365255","0.654624971237504","9.578137212",
"9/24/1981","66.5625","38.872501373291","526","18.472","4.52199999999999","0","2.32765256822463","0.517325466767396","20.601000432",
"9/25/1981","66.5625","38.872501373291","526","20.981","6.47800000000001","0","2.76348394374574","0.369289301141288","20.6559036",
"9/26/1981","66.5625","38.872501373291","526","24.159","8.62400000000002","0","3.00738654695783","0.25503977649766","20.886519528",
"9/27/1981","66.5625","38.872501373291","526","25.346","8.56","0","2.89854622378629","0.297700579689164","20.50818552",
"9/28/1981","66.5625","38.872501373291","526","25.936","11.537","0","3.41957784853379","0.242847121930138","20.455823808",
"9/29/1981","66.5625","38.872501373291","526","24.028","10.742","0","2.60821764016161","0.305875906427412","20.082258792",
"9/30/1981","66.5625","38.872501373291","526","22.693","10.374","0","3.05424845501627","0.320289355780179","19.7040393",
"10/1/1981","66.5625","38.872501373291","526","19.323","5.60500000000002","0","2.42857415901312","0.388452683057869","19.53270468",
"10/2/1981","66.5625","38.872501373291","526","19.183","5.28699999999998","0","2.79948927402176","0.449968486691461","19.16314434",
"10/3/1981","66.5625","38.872501373291","526","20.004","6.31999999999999","0","2.52033683319013","0.392016436190881","19.1341116",
"10/4/1981","66.5625","38.872501373291","526","20.709","5.94299999999998","0","2.50921116881125","0.33987523447186","19.06734078",
"10/5/1981","66.5625","38.872501373291","526","21.522","7.49799999999999","0","2.7005293080555","0.299574031100748","18.7615161",
"10/6/1981","66.5625","38.872501373291","526","18.944","6.59100000000001","0","3.14780286192626","0.394545911648123","18.52323156",
"10/7/1981","66.5625","38.872501373291","526","18.869","3.08600000000001","0","2.27651179966785","0.398512742505474","18.57347118",
"10/8/1981","66.5625","38.872501373291","526","20.803","5.98700000000002","0","2.58632060419783","0.325687162968424","18.23805288",
"10/9/1981","66.5625","38.872501373291","526","23.036","12.432","0","2.24591473232582","0.289337132050335","16.673285412",
"10/10/1981","66.5625","38.872501373291","526","20.411","9.483","0.102996828","2.33690043873701","0.424824864908879","16.35795216",
"10/11/1981","66.5625","38.872501373291","526","19.036","4.90899999999999","0","1.90790896762688","0.452100918560938","17.49369474",
"10/12/1981","66.5625","38.872501373291","526","20.734","8.52100000000002","0","2.52232100220955","0.413666394237528","16.9334388",
"10/13/1981","66.5625","38.872501373291","526","23.829","10.907","0","3.0705013139625","0.32275835010022","16.8543",
"10/14/1981","66.5625","38.872501373291","526","16.831","12.261","1.79557866","2.18945256642839","0.562446332020361","3.86403642",
"10/15/1981","66.5625","38.872501373291","526","19.286","8.39800000000002","0.490951512","2.55351796277196","0.668893324650905","13.522781592",
"10/16/1981","66.5625","38.872501373291","526","19.085","8.94099999999997","0","2.71103296059956","0.626539066380143","15.27417684",
"10/17/1981","66.5625","38.872501373291","526","22.284","10.482","0","3.08061994146053","0.464116310316721","16.431525",
"10/18/1981","66.5625","38.872501373291","526","20.186","10.635","0","2.21233087811476","0.432814738549856","9.494157348",
"10/19/1981","66.5625","38.872501373291","526","15.602","8.51900000000001","1.6050338712","2.48578348965437","0.516628982072055","13.46607936",
"10/20/1981","66.5625","38.872501373291","526","14.684","5.04399999999998","0.370788264","1.76527066630243","0.651665413663525","15.64002954",
"10/21/1981","66.5625","38.872501373291","526","18.029","5.91000000000003","0","2.78303663284729","0.448945707411024","15.89040252",
"10/22/1981","66.5625","38.872501373291","526","18.213","3.97199999999998","0","1.84181351577178","0.588974568264154","15.67242756",
"10/23/1981","66.5625","38.872501373291","526","16.51","4.39499999999998","0","1.95312519332017","0.619133335097593","15.19368696",
"10/24/1981","66.5625","38.872501373291","526","16.628","6.15800000000002","0","2.47478545952451","0.6537022474834","13.75396812",
"10/25/1981","66.5625","38.872501373291","526","17.298","5.42899999999997","0","2.05925785189091","0.622773271141185","14.6039616",
"10/26/1981","66.5625","38.872501373291","526","16.823","5.32600000000002","0","1.83726671284267","0.666167278026262","14.4467991",
"10/27/1981","66.5625","38.872501373291","526","17.553","7.44200000000001","0","2.32273610819969","0.617671796391619","14.3129808",
"10/28/1981","66.5625","38.872501373291","526","16.044","6.19400000000002","0","2.21734859450399","0.564420550278942","13.820625",
"10/29/1981","66.5625","38.872501373291","526","15.145","3.08499999999998","0","1.98809956455333","0.591943476811108","14.30713188",
"10/30/1981","66.5625","38.872501373291","526","15.41","2.63600000000002","0","2.01796136272703","0.489254468686953","14.438699568",
"10/31/1981","66.5625","38.872501373291","526","16.565","2.315","0","2.01506155467764","0.469272175271436","14.24986794",
"11/1/1981","66.5625","38.872501373291","526","16.991","6.493","0","2.58641553383231","0.486576996226021","14.138774568",
"11/2/1981","66.5625","38.872501373291","526","18.883","3.524","0","2.10283574060352","0.471614129199416","14.087139048",
"11/3/1981","66.5625","38.872501373291","526","18.479","4.12","0","2.08966967579472","0.312574325936336","14.0906259",
"11/4/1981","66.5625","38.872501373291","526","21.852","9.85300000000001","0","4.97867888527931","0.329374098183472","13.688654292",
"11/5/1981","66.5625","38.872501373291","526","24.741","13.354","0","3.79487684617547","0.173157614264615","13.360163868",
"11/6/1981","66.5625","38.872501373291","526","26.193","12.163","0","3.71715861339457","0.260301455636438","12.847439772",
"11/7/1981","66.5625","38.872501373291","526","14.568","6.75900000000001","0","1.810304342901","0.522988416396155","9.911867148",
"11/8/1981","66.5625","38.872501373291","526","13.681","4.76299999999998","0","2.0298848288237","0.603649340656204","11.726717472",
"11/9/1981","66.5625","38.872501373291","526","14.641","1.923","0","1.97027391005733","0.617823934883265","12.88698462",
"11/10/1981","66.5625","38.872501373291","526","14.525","1.54199999999997","0","1.75355682271943","0.588300140674431","13.024124532",
"11/11/1981","66.5625","38.872501373291","526","15.463","4.95600000000002","0","2.747400882868","0.534621610889811","12.751821288",
"11/12/1981","66.5625","38.872501373291","526","19.872","7.44900000000001","0","3.09994874098397","0.434140930275286","12.549320388",
"11/13/1981","66.5625","38.872501373291","526","22.793","12.671","0","6.46377678375904","0.211822192154563","12.2442795",
"11/14/1981","66.5625","38.872501373291","526","20.358","11.345","0.0240326064","5.1184210447117","0.316124196399671","9.140061528",
"11/15/1981","66.5625","38.872501373291","526","16.037","5.81200000000001","0.0343322856","3.07060226514801","0.537911836345101","11.338540632",
"11/16/1981","66.5625","38.872501373291","526","10.833","0.774999999999977","0","1.71590560041788","0.493805464308578","12.217440132",
"11/17/1981","66.5625","38.872501373291","526","12.066","-0.141999999999996","0","1.92450582243665","0.50369188563425","12.13807338",
"11/18/1981","66.5625","38.872501373291","526","16.74","4.12900000000002","0","3.36166761218508","0.405669866328761","11.878987788",
"11/19/1981","66.5625","38.872501373291","526","16.02","3.029","0","2.22330260962077","0.405838797812327","11.660288652",
"11/20/1981","66.5625","38.872501373291","526","16.329","3.221","0","1.78662995044587","0.477328411485467","11.523937572",
"11/21/1981","66.5625","38.872501373291","526","16.77","6.79000000000002","0.1922608512","1.98351353090054","0.603548490183097","10.920093768",
"11/22/1981","66.5625","38.872501373291","526","16.84","6.33199999999999","0.14076234","1.80844777670438","0.723077792576423","10.829023488",
"11/23/1981","66.5625","38.872501373291","526","12.355","2.58199999999999","13.6470827592","5.56326143557618","0.761547427404521","1.37891277",
"11/24/1981","66.5625","38.872501373291","526","8.72500000000002","1.00900000000001","0.7347111264","4.32976319493697","0.688178665023982","10.13062743",
"11/25/1981","66.5625","38.872501373291","526","8.83999999999998","4.618","3.3782956704","3.37616591169541","0.74926326462384","5.48201034",
"11/26/1981","66.5625","38.872501373291","526","9.81299999999999","3.20100000000002","0.0171661392","1.95853887900095","0.749806347224718","10.33728273",
"11/27/1981","66.5625","38.872501373291","526","11.268","0.39100000000002","0","1.68243686068543","0.578032251519571","11.27244618",
"11/28/1981","66.5625","38.872501373291","526","13.654","2.48599999999999","0","2.25016062338673","0.462346048927019","11.30995998",
"11/29/1981","66.5625","38.872501373291","526","14.315","5.52999999999997","0","4.46735608195679","0.358358054838776","10.37655153",
"11/30/1981","66.5625","38.872501373291","526","14.88","5.81799999999998","0","3.74577080678688","0.440847946583074","9.01782873",
"12/1/1981","66.5625","38.872501373291","526","9.87099999999998","4.35300000000001","0.92010474","2.20534046032581","0.741676064165508","4.67876187",
"12/2/1981","66.5625","38.872501373291","526","5.11500000000001","-1.11399999999998","0","1.4524744456431","0.77962278081519","10.29386286",
"12/3/1981","66.5625","38.872501373291","526","7.08199999999999","-1.98200000000003","0","1.33954316742464","0.772826570919799","10.67990292",
"12/4/1981","66.5625","38.872501373291","526","6.39699999999999","0.52600000000001","0.9166717656","2.53786503528648","0.715717642352094","3.04942806",
"12/5/1981","66.5625","38.872501373291","526","9.815","2.86900000000003","1.932906744","2.31665427374802","0.748891320095066","5.27777487",
"12/6/1981","66.5625","38.872501373291","526","8.745","4.541","4.483794348","3.54882572144593","0.79173640308343","6.28363017",
"12/7/1981","66.5625","38.872501373291","526","12.121","4.94900000000001","0","6.28911041842202","0.639341585621581","8.21306511",
"12/8/1981","66.5625","38.872501373291","526","7.61000000000001","3.06200000000001","8.8886259","3.26149020188626","0.839035819193882","2.06128179",
"12/9/1981","66.5625","38.872501373291","526","11.304","3.36599999999999","0.123596208","2.82902211432871","0.724153270788176","8.57148435",
"12/10/1981","66.5625","38.872501373291","526","11.324","5.00599999999997","0.0995636304","3.71958265160436","0.670189346059019","6.96554568",
"12/11/1981","66.5625","38.872501373291","526","12.366","4.13200000000001","0","4.39458764047072","0.621968487734416","9.56699712",
"12/12/1981","66.5625","38.872501373291","526","11.869","4.01400000000001","0","2.77359906780758","0.583524488934408","9.89679078",
"12/13/1981","66.5625","38.872501373291","526","10.326","1.09199999999998","0","1.49475092340134","0.789875503310751","9.22652217",
"12/14/1981","66.5625","38.872501373291","526","11.219","3.262","0.024032592","2.58694159268337","0.766342965524685","9.57532347",
"12/15/1981","66.5625","38.872501373291","526","12.846","4.05399999999997","0","5.17762091463564","0.499169312226247","9.60052338",
"12/16/1981","66.5625","38.872501373291","526","13.404","6.59899999999999","0","6.4303346144254","0.598235476119416","9.6576795",
"12/17/1981","66.5625","38.872501373291","526","15.934","7.91899999999998","0","5.71665135685732","0.53568626275066","9.85258449",
"12/18/1981","66.5625","38.872501373291","526","15.996","8.21100000000001","0","5.16381856020365","0.460049433646988","8.95437657",
"12/19/1981","66.5625","38.872501373291","526","17.266","10.341","0","5.82103610992062","0.387330681601753","7.2612549",
"12/20/1981","66.5625","38.872501373291","526","9.00099999999998","3.67200000000003","0.741576708","1.61147061352679","0.738356220621158","4.35329802",
"12/21/1981","66.5625","38.872501373291","526","8.34500000000003","4.45499999999998","6.840713124","2.22470477992562","0.794765562849152","3.67109856",
"12/22/1981","66.5625","38.872501373291","526","11.533","4.32400000000001","0","4.59970098856339","0.669217657844957","9.989219538",
"12/23/1981","66.5625","38.872501373291","526","14.412","5.649","0","3.45748907985194","0.54364573591264","9.70874802",
"12/24/1981","66.5625","38.872501373291","526","13.366","5.08699999999999","0","2.79497634385682","0.571107779488699","9.15182271",
"12/25/1981","66.5625","38.872501373291","526","6.31099999999998","1.77699999999999","0.04119876","1.20337553329636","0.818698044093219","5.9902857",
"12/26/1981","66.5625","38.872501373291","526","8.798","-1.89699999999999","0.0137329128","1.82235986993278","0.838616290255936","9.60789933",
"12/27/1981","66.5625","38.872501373291","526","3.125","-1.19600000000003","2.3414616144","2.35579060139583","0.85118040932243","3.72403224",
"12/28/1981","66.5625","38.872501373291","526","1.36500000000001","-1.74799999999999","1.174164336","1.47178565511223","0.877385580710851","5.230350702",
"12/29/1981","66.5625","38.872501373291","526","5.79199999999997","-1.18799999999999","0.6866453664","2.16871578983138","0.885915617859678","6.549133212",
"12/30/1981","66.5625","38.872501373291","526","2.61700000000002","-6.30700000000002","9.09290304","3.0070340982191","0.921034523510549","5.8132089",
"12/31/1981","66.5625","38.872501373291","526","2.363","-7.56700000000001","0","2.05556386503038","0.852852017191834","10.570836168",
"1/1/1982","66.5625","38.872501373291","526","3.29199999999997","-2.11900000000003","8.66203704","1.66925298493885","0.960953094846705","4.19917428",
"1/2/1982","66.5625","38.872501373291","526","3.36599999999999","-3.52800000000002","0.4772184048","1.6614611970342","0.935520485914942","7.195724964",
"1/3/1982","66.5625","38.872501373291","526","3.35599999999999","-4.06","1.4453886528","0.930956201782094","0.943327776853241","5.1392844",
"1/4/1982","66.5625","38.872501373291","526","5.44","-2.93200000000002","0","3.61651245460775","0.86904782293588","10.45293948",
"1/5/1982","66.5625","38.872501373291","526","7.43000000000001","3.28800000000001","0","4.90266711394637","0.784478901392531","9.54230868",
"1/6/1982","66.5625","38.872501373291","526","9.36200000000002","3.05500000000001","0","4.82163140116379","0.705737646992073","10.117856448",
"1/7/1982","66.5625","38.872501373291","526","12.834","7.19299999999998","0","3.56518763195301","0.518096353246977","6.22051812",
"1/8/1982","66.5625","38.872501373291","526","9.28300000000002","5.71600000000001","5.1635702664","2.95721839005174","0.770704337938969","4.26380688",
"1/9/1982","66.5625","38.872501373291","526","13.279","5.80000000000001","0","5.36303931348294","0.705016778863674","10.342855548",
"1/10/1982","66.5625","38.872501373291","526","10.857","4.28399999999999","1.829911824","4.08156121171078","0.660487867981771","3.845865744",
"1/11/1982","66.5625","38.872501373291","526","10.598","3.79700000000003","0.540733248","2.11053866822523","0.805529976210411","9.62420328",
"1/12/1982","66.5625","38.872501373291","526","8.40199999999999","1.459","4.63142448","4.75357243435986","0.854064522662555","9.73540935",
"1/13/1982","66.5625","38.872501373291","526","2.95299999999997","-2.39999999999998","0.70896222","1.83172951555281","0.922917248426583","10.6130241",
"1/14/1982","66.5625","38.872501373291","526","10.222","0.732000000000028","0.0858307032","4.83144676935903","0.782707976228324","9.800156268",
"1/15/1982","66.5625","38.872501373291","526","6.55399999999997","-1.02999999999997","0.0652313664","1.54043447184645","0.898932515102098","9.017938008",
"1/16/1982","66.5625","38.872501373291","526","6.73899999999998","0.531000000000006","1.45912194","1.85048352096492","0.892095705516358","9.527512032",
"1/17/1982","66.5625","38.872501373291","526","8.649","3.416","0.9613036728","2.48089217325193","0.827464727893747","10.23007896",
"1/18/1982","66.5625","38.872501373291","526","5.05500000000001","-7.20800000000003","15.126810228","3.33037779168666","0.922582610046572","3.15793476",
"1/19/1982","66.5625","38.872501373291","526","-0.559000000000026","-9.14999999999998","0.446319396","2.48500595356234","0.85491339619046","9.76905396",
"1/20/1982","66.5625","38.872501373291","526","-2.44499999999999","-10.432","0.243759276","1.66727526215586","0.881660890057289","9.386160228",
"1/21/1982","66.5625","38.872501373291","526","-4.779","-11.794","0.1544953464","1.64926688361003","0.868977086085696","11.44406052",
"1/22/1982","66.5625","38.872501373291","526","-5.52999999999997","-13.39","1.366424928","2.28806572762841","0.836785751113006","12.264361884",
"1/23/1982","66.5625","38.872501373291","526","-1.315","-10.446","0","2.9750188166444","0.775324095562774","12.42326232",
"1/24/1982","66.5625","38.872501373291","526","-0.0830000000000268","-13.877","0","2.37992099610234","0.77078662646033","12.574744812",
"1/25/1982","66.5625","38.872501373291","526","0.27800000000002","-6.79000000000002","0","3.00345853564074","0.793801899766212","11.990250612",
"1/26/1982","66.5625","38.872501373291","526","1.31299999999999","-4.81900000000002","0.803375316","3.16393741520592","0.859815080211722","8.5372866",
"1/27/1982","66.5625","38.872501373291","526","2.13799999999998","-0.0149999999999864","0.7999422264","2.88008575585787","0.907410200788124","11.5410366",
"1/28/1982","66.5625","38.872501373291","526","2.19200000000001","-0.156000000000006","1.79901126","3.64639243994306","0.928127475906031","10.208366172",
"1/29/1982","66.5625","38.872501373291","526","2.80200000000002","0.870000000000005","6.6707649504","4.85221993552732","0.938262028146589","4.312351548",
"1/30/1982","66.5625","38.872501373291","526","1.88600000000002","-4.77600000000001","9.85679442","5.25620976166961","0.95336678431186","7.085587284",
"1/31/1982","66.5625","38.872501373291","526","2.233","-5.17599999999999","0.0343322928","4.58646702877956","0.890422762231955","12.86937702",
"2/1/1982","66.5625","38.872501373291","526","3.36599999999999","1.73700000000002","4.6812066264","7.89678653356761","0.915928587862974","8.83648242",
"2/2/1982","66.5625","38.872501373291","526","3.125","1.28100000000001","14.56202844","4.9552998145888","0.996791069823651","6.962004288",
"2/3/1982","66.5625","38.872501373291","526","1.87200000000001","-0.661000000000001","0.1974105936","3.49538935051938","0.939168513086029","12.137962788",
"2/4/1982","66.5625","38.872501373291","526","2.68400000000003","-0.463000000000022","0","7.01581949237876","0.845477216949844","14.1390576",
"2/5/1982","66.5625","38.872501373291","526","3.11399999999998","1.26900000000001","0.2574920664","8.30292583626872","0.831597668690509","14.11132518",
"2/6/1982","66.5625","38.872501373291","526","2.28500000000003","-4.678","21.097179792","3.41718091807698","0.984741597028531","3.498860988",
"2/7/1982","66.5625","38.872501373291","526","-0.430000000000007","-11.821","0.48751884","3.13597626631044","0.864887076616508","14.57510778",
"2/8/1982","66.5625","38.872501373291","526","1.11200000000002","-6.17399999999998","0","4.53485422253766","0.814963698845358","14.7464415",
"2/9/1982","66.5625","38.872501373291","526","1.887","-2.92500000000001","0.9990689544","3.11764139278678","0.873754222599699","9.503489988",
"2/10/1982","66.5625","38.872501373291","526","0.627999999999986","-11.32","0.0377655048","1.30399187388577","0.941712785097147","12.52023192",
"2/11/1982","66.5625","38.872501373291","526","-0.983000000000004","-18.517","4.56962544","2.63971789636373","0.926222630684765","10.9556982",
"2/12/1982","66.5625","38.872501373291","526","-0.783999999999992","-19.148","0","2.69177450440989","0.858611398626748","14.44454532",
"2/13/1982","66.5625","38.872501373291","526","0.951000000000022","-6.75900000000001","0","3.27621255796353","0.831898857086251","14.63979366",
"2/14/1982","66.5625","38.872501373291","526","3.54500000000002","-2.45100000000002","0.1544949864","5.16230490328301","0.860193468942127","15.61506138",
"2/15/1982","66.5625","38.872501373291","526","2.49799999999999","-3.19799999999998","5.82103872","3.34839740719153","0.963286433435337","3.848459868",
"2/16/1982","66.5625","38.872501373291","526","1.053","-7.99400000000003","0.5149844136","1.40291815070943","0.960536885905606","14.71174416",
"2/17/1982","66.5625","38.872501373291","526","1.71699999999998","-11.666","0","2.6232971703893","0.910505607645483","16.11427122",
"2/18/1982","66.5625","38.872501373291","526","6.01799999999997","-1.70600000000002","0","2.65447027542429","0.753723793904905","15.7743513",
"2/19/1982","66.5625","38.872501373291","526","-0.560000000000002","-5.09800000000001","8.2208598264","3.13041360098716","0.945282879581488","6.11252118",
"2/20/1982","66.5625","38.872501373291","526","-2.62200000000001","-14.163","1.0471342464","3.05190975368717","0.903862241581586","14.12707734",
"2/21/1982","66.5625","38.872501373291","526","1.35500000000002","-8.505","0","5.14043583718751","0.831309714199988","17.1424143",
"2/22/1982","66.5625","38.872501373291","526","1.30799999999999","-2.02699999999999","2.223014688","3.99476353753918","0.883115899946864","10.868116212",
"2/23/1982","66.5625","38.872501373291","526","0.305000000000007","-5.72699999999998","4.858013916","2.70481776305205","0.964204771249679","10.53787896",
"2/24/1982","66.5625","38.872501373291","526","1.82900000000001","-3.58999999999998","0","2.73525054321525","0.900331080435479","16.09216722",
"2/25/1982","66.5625","38.872501373291","526","2.39600000000002","-8.166","0.0274658184","1.85724050050795","0.901833689997725","15.96673656",
"2/26/1982","66.5625","38.872501373291","526","2.05700000000002","-5.30099999999999","4.219437492","1.93477499541118","0.972681253127101","7.7934384",
"2/27/1982","66.5625","38.872501373291","526","1.26900000000001","-6.93099999999998","5.8957076376","1.43830982041576","0.969545991383609","6.36440436",
"2/28/1982","66.5625","38.872501373291","526","1.75200000000001","-5.20299999999997","0.5458832352","1.66231973712289","0.971303622891636","11.6810964",
"3/1/1982","66.5625","38.872501373291","526","1.81900000000002","-5.59800000000001","0","2.34028189871594","0.880799215423372","17.32168296",
"3/2/1982","66.5625","38.872501373291","526","2.73399999999998","-0.829999999999984","0","4.57689068193984","0.871372729551988","17.23381992",
"3/3/1982","66.5625","38.872501373291","526","3.52600000000001","1.70999999999998","1.0042188264","5.64589303822694","0.897628676993114","14.21139096",
"3/4/1982","66.5625","38.872501373291","526","2.27300000000002","0.166999999999973","11.83261644","3.43346397571104","0.994453314333016","5.99670216",
"3/5/1982","66.5625","38.872501373291","526","0.237000000000023","-13.909","2.41527636","1.73042913209372","0.982792393156828","10.45350252",
"3/6/1982","66.5625","38.872501373291","526","0.408000000000015","-15.005","0.2643584904","1.95622800712069","0.946517077280615","17.86381866",
"3/7/1982","66.5625","38.872501373291","526","1.39800000000002","-6.637","0","2.59464808470078","0.887010662892944","17.5685094",
"3/8/1982","66.5625","38.872501373291","526","1.459","-7.79000000000002","0.0137329056","1.7178785533038","0.882679668046588","17.00246664",
"3/9/1982","66.5625","38.872501373291","526","1.26900000000001","-12.391","0","1.565375376503","0.939704046400164","17.43338988",
"3/10/1982","66.5625","38.872501373291","526","2.493","-1.11099999999999","0.065231316","5.07833554095672","0.894983570342323","17.21897172",
"3/11/1982","66.5625","38.872501373291","526","3.53800000000001","2.03300000000002","0.9407043144","6.84411458505309","0.935629765718219","12.51894204",
"3/12/1982","66.5625","38.872501373291","526","8.48899999999998","3.33999999999998","1.0883335608","8.05209089046516","0.909871990630192","16.995321",
"3/13/1982","66.5625","38.872501373291","526","6.32299999999998","1.90499999999997","9.3263643144","2.7776821755867","0.981537119445992","11.18654928",
"3/14/1982","66.5625","38.872501373291","526","4.45499999999998","1.58499999999998","8.1504786816","2.82086381149728","0.985633294366601","12.77358444",
"3/15/1982","66.5625","38.872501373291","526","6.59899999999999","3.29700000000003","1.725197652","3.96031698165264","0.949493366859564","13.92350481",
"3/16/1982","66.5625","38.872501373291","526","4.72800000000001","1.07100000000003","1.8693927432","3.0619682919642","0.986375163747329","13.86461115",
"3/17/1982","66.5625","38.872501373291","526","5.12099999999998","-9.14499999999998","0","1.72671168063894","0.909117145065251","18.59630805",
"3/18/1982","66.5625","38.872501373291","526","5.35599999999999","-7.37299999999999","0.0755310168","3.48197247294352","0.848395591562468","18.25537329",
"3/19/1982","66.5625","38.872501373291","526","10.644","3.154","0.38108808","8.15256270523079","0.798516917400692","13.46512671",
"3/20/1982","66.5625","38.872501373291","526","9.548","2.85500000000002","23.177724552","2.9798868987324","0.967047789354246","6.004125954",
"3/21/1982","66.5625","38.872501373291","526","2.99200000000002","-3.91899999999998","0.6797791872","2.20422539206532","0.933702637381264","13.93228656",
"3/22/1982","66.5625","38.872501373291","526","4.68799999999999","-1.66500000000002","0.0205993584","2.5051165999192","0.902609938235545","18.721629",
"3/23/1982","66.5625","38.872501373291","526","6.65199999999999","-3.29599999999999","0.0137329056","3.24707751354638","0.888908336350958","18.77860962",
"3/24/1982","66.5625","38.872501373291","526","7.05900000000003","-1.99900000000002","0.085830696","4.3691883051257","0.848260914658599","18.2121732",
"3/25/1982","66.5625","38.872501373291","526","11.67","3.928","0.0068664528","8.17808335895497","0.788756835471905","18.855789048",
"3/26/1982","66.5625","38.872501373291","526","8.327","-2.24599999999998","12.095253792","2.26597830168389","0.927153145563367","6.29881866",
"3/27/1982","66.5625","38.872501373291","526","3.42000000000002","-7.53199999999998","2.125169568","1.10968057593573","0.97926378722006","15.535124712",
"3/28/1982","66.5625","38.872501373291","526","2.47800000000001","-0.797000000000025","11.6489413584","1.02786249308766","0.990632057486795","5.615218368",
"3/29/1982","66.5625","38.872501373291","526","6.11000000000001","-0.363","0.7690432104","1.4273560164099","0.967843314005239","16.605509112",
"3/30/1982","66.5625","38.872501373291","526","7.63499999999999","-5.13999999999999","0.8668898784","1.56810128932251","0.94183159514805","17.83046268",
"3/31/1982","66.5625","38.872501373291","526","9.67399999999998","-0.362000000000023","0.199127016","1.83126026399971","0.932847891644139","19.168814448",
"4/1/1982","66.5625","38.872501373291","526","11.067","2.94799999999998","0.072097776","5.56395500316512","0.833479266699255","16.183127952",
"4/2/1982","66.5625","38.872501373291","526","16.332","4.46600000000001","0","5.48360315985502","0.766016811619291","20.69634096",
"4/3/1982","66.5625","38.872501373291","526","8.21600000000001","2.916","2.7603121464","2.11018347151854","0.898392499573088","15.255956448",
"4/4/1982","66.5625","38.872501373291","526","4.69299999999998","-1.351","1.220512464","4.06875212618036","0.83907442207652","11.944691928",
"4/5/1982","66.5625","38.872501373291","526","9.471","-3.762","0","3.21006494769864","0.814171464185848","22.77888984",
"4/6/1982","66.5625","38.872501373291","526","11.312","1.63900000000001","0.0102996792","5.65398120506582","0.745561764901168","23.30516628",
"4/7/1982","66.5625","38.872501373291","526","15.159","5.12900000000002","0.0068664528","5.22480488077756","0.6823103834657","21.5043138",
"4/8/1982","66.5625","38.872501373291","526","19.913","1.93599999999998","0","3.18777222473495","0.668655148133731","23.60368332",
"4/9/1982","66.5625","38.872501373291","526","18.407","6.75700000000001","0","5.32899762715988","0.673074662139266","22.6586268",
"4/10/1982","66.5625","38.872501373291","526","17.399","7.755","0.1132965","2.27642776099366","0.758279836002792","19.65700872",
"4/11/1982","66.5625","38.872501373291","526","16.114","3.29000000000002","0.0137329056","2.55995899539194","0.822075332488543","19.901358",
"4/12/1982","66.5625","38.872501373291","526","19.293","5.072","0","2.61169143179624","0.763348330527104","24.26973444",
"4/13/1982","66.5625","38.872501373291","526","20.784","4.858","0","1.84574742551914","0.799659621748431","23.34594348",
"4/14/1982","66.5625","38.872501373291","526","21.068","6.69499999999999","0","2.33836392528611","0.77458750411514","21.18526812",
"4/15/1982","66.5625","38.872501373291","526","18.429","6.20400000000001","0","2.00816553213417","0.779082614256435","24.59896776",
"4/16/1982","66.5625","38.872501373291","526","17.611","5.86500000000001","0","1.95250951829788","0.764643249180881","22.57666524",
"4/17/1982","66.5625","38.872501373291","526","18.686","4.14800000000002","0","1.96875992027073","0.707997972136991","25.15932396",
"4/18/1982","66.5625","38.872501373291","526","21.206","8.55099999999999","0","2.89281767715531","0.6783035422162","23.68726236",
"4/19/1982","66.5625","38.872501373291","526","24.298","9.24599999999998","0","2.45096919093537","0.638736562056938","25.70040108",
"4/20/1982","66.5625","38.872501373291","526","25.262","10.279","0","2.27370715821648","0.599078281007716","25.6538754",
"4/21/1982","66.5625","38.872501373291","526","25.317","12.824","0","3.0444750939458","0.607504588907812","24.8567544",
"4/22/1982","66.5625","38.872501373291","526","25.666","10.823","0","3.38002878920569","0.570211090599629","25.86543012",
"4/23/1982","66.5625","38.872501373291","526","26.966","12.975","0","3.15478407761497","0.577432554015281","24.53957316",
"4/24/1982","66.5625","38.872501373291","526","22.248","13.509","0.0480651696","2.29879172149468","0.624433392489686","16.60426695",
"4/25/1982","66.5625","38.872501373291","526","24.668","11.513","0","2.46459926617419","0.547019328907465","26.28342198",
"4/26/1982","66.5625","38.872501373291","526","23.926","11.511","0.0532150128","2.317425496603","0.49892162792984","26.44396479",
"4/27/1982","66.5625","38.872501373291","526","24.128","13.042","0","2.75222919723639","0.499489611844862","26.59618206",
"4/28/1982","66.5625","38.872501373291","526","24.807","11.806","0","2.36546692599848","0.405628788342899","27.57296844",
"4/29/1982","66.5625","38.872501373291","526","25.975","13.118","0","3.33925563468665","0.372617995932087","27.275567832",
"4/30/1982","66.5625","38.872501373291","526","26.539","12.393","0","1.97542957572175","0.436878638808375","26.04544038",
"5/1/1982","66.5625","38.872501373291","526","27.647","13.982","0","2.89630686831342","0.38209542882731","26.853186312",
"5/2/1982","66.5625","38.872501373291","526","28.54","14.943","0","2.61363648725877","0.361301536533435","27.55923804",
"5/3/1982","66.5625","38.872501373291","526","29.361","14.681","0","2.59398440381224","0.334533815579248","27.7074018",
"5/4/1982","66.5625","38.872501373291","526","29.167","16.519","0","4.04082873215474","0.315624158727276","27.239908608",
"5/5/1982","66.5625","38.872501373291","526","28.675","15.048","0","3.01879528510637","0.405006267853564","26.66227032",
"5/6/1982","66.5625","38.872501373291","526","28.012","16.038","0","3.21798207245866","0.432369042555757","27.09646866",
"5/7/1982","66.5625","38.872501373291","526","28.694","14.083","0","2.6684437682644","0.392848769772952","27.786768912",
"5/8/1982","66.5625","38.872501373291","526","29.005","14.325","0","3.07844561028125","0.36380515418615","27.43138512",
"5/9/1982","66.5625","38.872501373291","526","25.348","13.217","0","3.66708867544018","0.373344060241901","27.52183638",
"5/10/1982","66.5625","38.872501373291","526","21.439","10.269","0","5.79056713354666","0.298142657530913","29.360077272",
"5/11/1982","66.5625","38.872501373291","526","23.054","9.89100000000002","0","3.73546924689698","0.304656318836965","28.742234832",
"5/12/1982","66.5625","38.872501373291","526","23.47","8.65800000000002","0","3.32332416411067","0.240698259314262","29.22322734",
"5/13/1982","66.5625","38.872501373291","526","24.593","11.074","0","4.45095562918089","0.261788507543479","29.04778278",
"5/14/1982","66.5625","38.872501373291","526","24.299","11.548","0","3.59271901069771","0.312436062994877","28.16173404",
"5/15/1982","66.5625","38.872501373291","526","27.234","13.845","0","3.23415552247193","0.300185412208671","29.13974568",
"5/16/1982","66.5625","38.872501373291","526","28.707","12.622","0","2.26576559461066","0.25889768331254","28.54991304",
"5/17/1982","66.5625","38.872501373291","526","29.494","16.304","0","3.08468827581146","0.225426283257164","27.3041388",
"5/18/1982","66.5625","38.872501373291","526","28.959","16.863","0","2.82151643509901","0.390665103607927","22.64911722",
"5/19/1982","66.5625","38.872501373291","526","31.563","17.631","0","3.40924882066315","0.261033924047389","28.973475",
"5/20/1982","66.5625","38.872501373291","526","32.428","18.846","0","3.05879231817179","0.225011550434503","28.88375472",
"5/21/1982","66.5625","38.872501373291","526","34.091","19.715","0","3.11303020577666","0.238195877439333","28.28784564",
"5/22/1982","66.5625","38.872501373291","526","28.836","20.133","0","2.69038210720156","0.390437397419873","21.31784496",
"5/23/1982","66.5625","38.872501373291","526","29.389","18.093","0","2.85299876518005","0.399624506994387","26.461465488",
"5/24/1982","66.5625","38.872501373291","526","30.136","16.778","0","2.38657891254799","0.378547459772133","28.43769744",
"5/25/1982","66.5625","38.872501373291","526","23.11","13.51","5.3077711032","2.65168906006765","0.602896932489478","22.0319442",
"5/26/1982","66.5625","38.872501373291","526","24.005","11.357","0","2.20357752537684","0.481110493959332","28.495683",
"5/27/1982","66.5625","38.872501373291","526","26.643","12.753","1.77841368","1.85265640980993","0.492047471420365","25.17069168",
"5/28/1982","66.5625","38.872501373291","526","24.038","11.198","1.4591219904","2.98279189279604","0.530355924320705","24.73424928",
"5/29/1982","66.5625","38.872501373291","526","22.707","8.35300000000001","0.60424776","3.73078233591056","0.481351136842633","30.314295",
"5/30/1982","66.5625","38.872501373291","526","24.191","8.58800000000002","0","3.51944993598713","0.275699490214529","30.13727976",
"5/31/1982","66.5625","38.872501373291","526","26.831","12.405","0","3.8196709522624","0.277735393539013","30.79463076",
"6/1/1982","66.5625","38.872501373291","526","28.852","13.67","0","2.99014811982656","0.2177191066714","30.7748232",
"6/2/1982","66.5625","38.872501373291","526","30.542","15.925","0","2.87294341658485","0.169369386721262","30.90735144",
"6/3/1982","66.5625","38.872501373291","526","28.541","15.881","0","2.94603399759165","0.27098537802416","29.0448",
"6/4/1982","66.5625","38.872501373291","526","29.277","14.083","0","2.40166031398584","0.369099763236845","28.89703656",
"6/5/1982","66.5625","38.872501373291","526","32.09","14.956","0","2.96480506067773","0.277180757528345","29.92207068",
"6/6/1982","66.5625","38.872501373291","526","34.734","19.742","0","4.46600574338459","0.194643550704206","29.93777712",
"6/7/1982","66.5625","38.872501373291","526","30.464","18.111","0","3.82764403965614","0.250870927698115","30.3198732",
"6/8/1982","66.5625","38.872501373291","526","32.885","14.92","0","3.23094210391626","0.200326281793508","31.06839204",
"6/9/1982","66.5625","38.872501373291","526","33.983","15.324","0","2.4907820138413","0.154835178891011","31.04803332",
"6/10/1982","66.5625","38.872501373291","526","34.994","19.082","0","3.65241422218695","0.132655166599689","30.84761016",
"6/11/1982","66.5625","38.872501373291","526","35.15","19.214","0","4.03415565212813","0.144626410073669","31.1429736",
"6/12/1982","66.5625","38.872501373291","526","34.101","17.734","0","2.82304405835058","0.183525800173943","30.9523158",
"6/13/1982","66.5625","38.872501373291","526","34.139","18.072","0.025749216","3.29322465116103","0.198586675967623","24.96492936",
"6/14/1982","66.5625","38.872501373291","526","29.859","14.418","0","3.29131051901295","0.243180744376464","30.48867972",
"6/15/1982","66.5625","38.872501373291","526","31.295","15.337","0","3.60387275066688","0.195440886940451","31.06597428",
"6/16/1982","66.5625","38.872501373291","526","32.802","14.764","0","3.25339751998199","0.187524182761085","30.93446016",
"6/17/1982","66.5625","38.872501373291","526","30.635","15.407","0","3.14888063309424","0.22438858136716","30.83809752",
"6/18/1982","66.5625","38.872501373291","526","30.164","15.313","0","2.78481733569876","0.261788587795795","30.215988",
"6/19/1982","66.5625","38.872501373291","526","31.331","15.502","0","2.63141311338797","0.310342155932198","30.2581602",
"6/20/1982","66.5625","38.872501373291","526","31.789","14.604","0","2.43705130210083","0.307328561251258","29.58783912",
"6/21/1982","66.5625","38.872501373291","526","33.229","15.901","0","3.61003369261234","0.158202588796819","30.83259384",
"6/22/1982","66.5625","38.872501373291","526","34.35","19.705","0","5.14530070335309","0.114174617634677","31.03345584",
"6/23/1982","66.5625","38.872501373291","526","35.168","20.478","0","5.33419732981901","0.128245661048289","30.66952356",
"6/24/1982","66.5625","38.872501373291","526","34.938","20.948","0","5.27118725821896","0.156180175644316","30.304971",
"6/25/1982","66.5625","38.872501373291","526","35.664","21.614","0","4.79011287504477","0.15877379926499","29.54891304",
"6/26/1982","66.5625","38.872501373291","526","29.466","20.2","0","3.03012881235022","0.271551856748933","18.63196848",
"6/27/1982","66.5625","38.872501373291","526","34.67","19.187","0","3.42682022688032","0.309243917457738","28.94477724",
"6/28/1982","66.5625","38.872501373291","526","34.49","21.046","0","2.89728843015077","0.264547557847043","28.33734024",
"6/29/1982","66.5625","38.872501373291","526","35.347","20.607","0","3.76359547914984","0.233995930660451","29.19848184",
"6/30/1982","66.5625","38.872501373291","526","20.768","15.504","11.9999916504","3.02993939533807","0.582748101785418","8.982001152",
"7/1/1982","66.5625","38.872501373291","526","24.816","14.148","1.654814232","2.41490575629788","0.493231438971375","25.91128296",
"7/2/1982","66.5625","38.872501373291","526","27.198","16.193","0.0343322712","2.85440116674503","0.405570447494044","26.603890632",
"7/3/1982","66.5625","38.872501373291","526","30.635","17.09","0","3.43891082543977","0.355341505931942","27.34189092",
"7/4/1982","66.5625","38.872501373291","526","32.526","19.699","0","2.80079613130785","0.305723313498289","27.90966564",
"7/5/1982","66.5625","38.872501373291","526","33.305","20.494","0","3.60348948734659","0.310991381230433","29.59948296",
"7/6/1982","66.5625","38.872501373291","526","32.555","20.738","0.80680896","2.31610759252417","0.348065993110773","28.1777688",
"7/7/1982","66.5625","38.872501373291","526","32.142","17.57","0","3.33377259034761","0.258730216621334","30.10342248",
"7/8/1982","66.5625","38.872501373291","526","33.064","15.422","0","2.823280952856","0.202036138502833","30.579129",
"7/9/1982","66.5625","38.872501373291","526","33.072","18.146","0","3.43731852091747","0.238973109815889","29.82774636",
"7/10/1982","66.5625","38.872501373291","526","34.683","19.784","0","4.21047953996426","0.199492519980637","30.07654092",
"7/11/1982","66.5625","38.872501373291","526","34.519","18.383","0","3.36795222322175","0.175455896111833","30.14127972",
"7/12/1982","66.5625","38.872501373291","526","32.049","15.713","0","2.79805499010553","0.220967133398043","29.59476084",
"7/13/1982","66.5625","38.872501373291","526","32.188","17.439","0","3.66989355637953","0.263209109822856","29.254392",
"7/14/1982","66.5625","38.872501373291","526","34.293","19.181","0","4.22337290571713","0.228353624120779","29.49778548",
"7/15/1982","66.5625","38.872501373291","526","35.785","20.247","0","3.85832499267135","0.162334621868494","29.6754732",
"7/16/1982","66.5625","38.872501373291","526","36.381","20.781","0","3.18465149352221","0.182624881099045","29.426576328",
"7/17/1982","66.5625","38.872501373291","526","36.373","19.999","0","3.43271232073054","0.225514149885266","29.3009625",
"7/18/1982","66.5625","38.872501373291","526","37.233","20.859","0","4.42694638726888","0.219744696748544","29.5418286",
"7/19/1982","66.5625","38.872501373291","526","36.699","23.094","0","5.70154898926492","0.186129083040373","29.683239192",
"7/20/1982","66.5625","38.872501373291","526","35.803","20.384","0","4.02909893763785","0.225160323948485","29.531251152",
"7/21/1982","66.5625","38.872501373291","526","37.332","20.516","0","3.36720455848775","0.185018075829588","29.38583682",
"7/22/1982","66.5625","38.872501373291","526","37.083","19.688","0","2.92381361846415","0.169914552629189","29.097502488",
"7/23/1982","66.5625","38.872501373291","526","36.762","19.029","0","2.69505325314262","0.168252654957797","29.25848754",
"7/24/1982","66.5625","38.872501373291","526","35.915","19.764","0","2.99740217172951","0.182482295389103","28.876333968",
"7/25/1982","66.5625","38.872501373291","526","35.254","19.571","0","2.84894351671558","0.249593669655813","28.510595928",
"7/26/1982","66.5625","38.872501373291","526","36.165","20.443","0","3.75610023156672","0.21467562745618","28.324408248",
"7/27/1982","66.5625","38.872501373291","526","35.046","23.474","0","4.82468646116793","0.218989453463539","26.06585634",
"7/28/1982","66.5625","38.872501373291","526","36.716","19.364","0","4.18981990977948","0.270995220779037","27.976954608",
"7/29/1982","66.5625","38.872501373291","526","36.529","22.347","0","4.01468487152667","0.240390538443512","25.72054704",
"7/30/1982","66.5625","38.872501373291","526","36.832","20.406","0","4.08351925625948","0.216448971849408","28.2960567",
"7/31/1982","66.5625","38.872501373291","526","38.39","23.234","0","5.25581021981468","0.160977799303592","27.951186672",
"8/1/1982","66.5625","38.872501373291","526","42.483","25.518","0","5.6949397200098","0.100246112046078","28.29116718",
"8/2/1982","66.5625","38.872501373291","526","42.453","27.784","0","5.84495024788256","0.116936025948636","27.89206632",
"8/3/1982","66.5625","38.872501373291","526","37.832","22.987","0","4.0230010025208","0.209492213950125","27.379856448",
"8/4/1982","66.5625","38.872501373291","526","38.417","21.313","0","3.23077592957963","0.242493374094344","27.4170933",
"8/5/1982","66.5625","38.872501373291","526","40.626","19.645","0","3.64169043434008","0.156984714638889","27.8387451",
"8/6/1982","66.5625","38.872501373291","526","39.533","24.298","0","4.51432204864964","0.151487141474604","26.96422734",
"8/7/1982","66.5625","38.872501373291","526","38.538","23.481","0","3.83477888931944","0.188050001140682","27.177131808",
"8/8/1982","66.5625","38.872501373291","526","39.237","23.08","0","4.3657648114467","0.162639613979766","27.451005912",
"8/9/1982","66.5625","38.872501373291","526","38.937","22.806","0","4.11423351431935","0.183418463789266","27.01524168",
"8/10/1982","66.5625","38.872501373291","526","33.235","19.608","0","4.07078544246317","0.300409744364135","26.21869497",
"8/11/1982","66.5625","38.872501373291","526","31.082","16.217","0","4.04761286425744","0.351706294571393","26.71919721",
"8/12/1982","66.5625","38.872501373291","526","30.361","17.139","0","4.21378481578908","0.235692054445853","27.53652033",
"8/13/1982","66.5625","38.872501373291","526","33.487","14.221","0","2.50242017367022","0.196006718215385","27.48987837",
"8/14/1982","66.5625","38.872501373291","526","33.089","14.501","0","2.99266627338701","0.168761462431386","26.94965679",
"8/15/1982","66.5625","38.872501373291","526","30.19","15.391","0","3.93410683790873","0.235433435104935","26.24681268",
"8/16/1982","66.5625","38.872501373291","526","28.682","12.042","0","3.43661862729673","0.247780840266977","26.72865648",
"8/17/1982","66.5625","38.872501373291","526","31.387","13.202","0","3.3662892608037","0.233923993508148","26.50409496",
"8/18/1982","66.5625","38.872501373291","526","33.292","17.61","0","2.97683548857593","0.208575899487772","26.13859164",
"8/19/1982","66.5625","38.872501373291","526","33.664","15.763","0","3.04870995323387","0.259125699822609","25.0558308",
"8/20/1982","66.5625","38.872501373291","526","31.965","19.535","0","5.75835098639882","0.228839618761738","25.67418732",
"8/21/1982","66.5625","38.872501373291","526","30.621","16.999","0","4.56916546735724","0.227427052140513","25.9336152",
"8/22/1982","66.5625","38.872501373291","526","29.583","12.348","0","3.42519000685042","0.28657240336674","25.20612072",
"8/23/1982","66.5625","38.872501373291","526","28.358","14.797","0","3.22227405948987","0.285500442879673","25.2564192",
"8/24/1982","66.5625","38.872501373291","526","25.71","9.94799999999998","0","2.6516060352311","0.368188160797732","23.92874928",
"8/25/1982","66.5625","38.872501373291","526","26.04","11.045","0","2.36192964357588","0.364599355431991","24.70128804",
"8/26/1982","66.5625","38.872501373291","526","28.032","11.593","0","3.08509748863077","0.275302535522929","24.75557172",
"8/27/1982","66.5625","38.872501373291","526","29.256","14.279","0","3.54111732594125","0.259362444479355","24.78515256",
"8/28/1982","66.5625","38.872501373291","526","31.488","13.536","0","3.80877125176386","0.209641720035566","25.17682536",
"8/29/1982","66.5625","38.872501373291","526","30.639","13.811","0","3.44683394541178","0.209960261004705","24.6460464",
"8/30/1982","66.5625","38.872501373291","526","30.786","12.906","0","2.98952112671357","0.223988051470304","24.39894384",
"8/31/1982","66.5625","38.872501373291","526","30.85","14.554","0","3.15996297144995","0.15248882187011","24.88084056",
"9/1/1982","66.5625","38.872501373291","526","31.915","11.328","0","2.66504627980623","0.20181582914195","24.72800652",
"9/2/1982","66.5625","38.872501373291","526","29.522","14.423","0","3.20919597267881","0.20610298803806","24.4848942",
"9/3/1982","66.5625","38.872501373291","526","29.379","10.61","0","2.29554524805656","0.234986168352265","24.06262284",
"9/4/1982","66.5625","38.872501373291","526","29.923","11.272","0","2.19357202165057","0.242021965939461","24.20437716",
"9/5/1982","66.5625","38.872501373291","526","30.631","11.755","0","2.50303644987051","0.227748647368553","23.80392936",
"9/6/1982","66.5625","38.872501373291","526","28.514","11.284","0","2.76914350125341","0.243250258456579","23.46969708",
"9/7/1982","66.5625","38.872501373291","526","28.993","11.912","0","2.8385958559213","0.234260113470983","23.19440688",
"9/8/1982","66.5625","38.872501373291","526","30.106","16.518","0","3.73931143927792","0.193230378953179","23.27540328",
"9/9/1982","66.5625","38.872501373291","526","30.603","12.123","0","3.31393855802788","0.192263511946954","23.10980256",
"9/10/1982","66.5625","38.872501373291","526","30.907","15.964","0","3.10326194200393","0.203509185472679","22.83452064",
"9/11/1982","66.5625","38.872501373291","526","31.125","13.371","0","2.37925083885307","0.223619883659186","22.65541884",
"9/12/1982","66.5625","38.872501373291","526","29.841","13.495","0","2.69908299203096","0.170054365614405","22.58864928",
"9/13/1982","66.5625","38.872501373291","526","29.357","14.548","0","2.97563542438167","0.26880594778169","20.50143732",
"9/14/1982","66.5625","38.872501373291","526","29.428","12.092","0","2.70528983012663","0.383576745340316","21.47338512",
"9/15/1982","66.5625","38.872501373291","526","27.774","11.159","0","2.58577433291868","0.375266234784591","21.21609186",
"9/16/1982","66.5625","38.872501373291","526","27.661","9.33600000000001","0","2.50544765473524","0.354743763971834","21.185546112",
"9/17/1982","66.5625","38.872501373291","526","18.048","9.33999999999998","0.7278439896","2.27828412798509","0.516171005013397","11.28847752",
"9/18/1982","66.5625","38.872501373291","526","25.647","8.32999999999998","0","3.1291857538754","0.387765605127448","21.272401728",
"9/19/1982","66.5625","38.872501373291","526","20.371","11.072","1.2445451064","3.23266665428222","0.516516605037692","6.916731336",
"9/20/1982","66.5625","38.872501373291","526","19.456","4.67700000000002","0","2.7985547315067","0.506380701206272","21.023438328",
"9/21/1982","66.5625","38.872501373291","526","19.141","3.00099999999998","0","2.14281752571132","0.436017201141148","21.14792334",
"9/22/1982","66.5625","38.872501373291","526","21.27","4.99900000000002","0","2.8068968522472","0.340984176489024","20.8249965",
"9/23/1982","66.5625","38.872501373291","526","22.399","5.49700000000001","0","2.72881286714056","0.283447394771667","20.772839952",
"9/24/1982","66.5625","38.872501373291","526","23.937","7.33999999999998","0","2.78797195507571","0.262519651806003","20.382634008",
"9/25/1982","66.5625","38.872501373291","526","24.677","7.19499999999999","0","2.19901808685169","0.301491100980749","20.356089552",
"9/26/1982","66.5625","38.872501373291","526","24.531","8.12099999999998","0","2.56160722521453","0.220044722081902","20.13857226",
"9/27/1982","66.5625","38.872501373291","526","24.335","8.87900000000002","0","2.63557623372116","0.271749772298595","19.84229712",
"9/28/1982","66.5625","38.872501373291","526","24.484","9.20800000000003","0","2.55316966227627","0.254765914742834","19.53539262",
"9/29/1982","66.5625","38.872501373291","526","24.292","9.38","0","2.36054844373506","0.281449594021126","19.11003588",
"9/30/1982","66.5625","38.872501373291","526","23.688","10.204","0","2.86643947921927","0.311013773344606","18.9150183",
"10/1/1982","66.5625","38.872501373291","526","25.244","9.35899999999998","0","2.74154581797359","0.317054903360302","18.695529648",
"10/2/1982","66.5625","38.872501373291","526","27.324","13.073","0","3.35244800868854","0.255811076282867","17.233705152",
"10/3/1982","66.5625","38.872501373291","526","28.73","17.781","1.534654404","4.12498490155503","0.372226551385701","17.653106952",
"10/4/1982","66.5625","38.872501373291","526","21.465","14.455","0.1304626968","2.18351725060219","0.54082627317607","16.47686718",
"10/5/1982","66.5625","38.872501373291","526","27.727","15.226","0","4.41784048130036","0.486895914093073","17.56338948",
"10/6/1982","66.5625","38.872501373291","526","23.86","11.149","3.05728848","5.80445643918848","0.529986836260636","14.135402844",
"10/7/1982","66.5625","38.872501373291","526","16.264","9.71100000000001","0","3.02845062262982","0.596626687026341","15.34696416",
"10/8/1982","66.5625","38.872501373291","526","15.365","7.52499999999998","1.6016003064","2.75743938712095","0.638425673928349","16.10128512",
"10/9/1982","66.5625","38.872501373291","526","19.704","7.11399999999998","0.0034332264","1.89895702264127","0.590774653946472","16.17204114",
"10/10/1982","66.5625","38.872501373291","526","25.804","11.359","0.0102996864","2.20771791141723","0.558695851606276","16.36407486",
"10/11/1982","66.5625","38.872501373291","526","18.406","12.342","1.966381668","2.40013562189998","0.731215704745612","10.05322752",
"10/12/1982","66.5625","38.872501373291","526","22.244","9.55000000000001","0","2.74470073600751","0.657807338785283","16.2598554",
"10/13/1982","66.5625","38.872501373291","526","22.952","9.17500000000001","0","2.07465704656602","0.589868651617056","16.3856835",
"10/14/1982","66.5625","38.872501373291","526","25.126","10.591","0","2.38294868814539","0.558903211458622","15.268663728",
"10/15/1982","66.5625","38.872501373291","526","26.114","13.913","0.12359628","2.37403461423276","0.544682313527377","14.632478964",
"10/16/1982","66.5625","38.872501373291","526","25.262","15.298","0.343323108","2.61897457748808","0.543002466205075","14.406858864",
"10/17/1982","66.5625","38.872501373291","526","23.516","15.163","5.18417388","2.55273113915673","0.615335056840736","14.383917252",
"10/18/1982","66.5625","38.872501373291","526","22.613","13.299","0.5475998664","3.09025613659826","0.613600176290883","14.52836772",
"10/19/1982","66.5625","38.872501373291","526","25.68","15.63","0","5.09651116402922","0.392125060051222","15.309393408",
"10/20/1982","66.5625","38.872501373291","526","24.943","13.468","0","2.55977730779747","0.352660988887993","15.0560991",
"10/21/1982","66.5625","38.872501373291","526","25.761","12.964","0","2.38417677257962","0.385465281989352","15.14638278",
"10/22/1982","66.5625","38.872501373291","526","19.454","8.86000000000001","0.0308990376","2.19553774741026","0.602403603634858","14.53493988",
"10/23/1982","66.5625","38.872501373291","526","17.749","8.51499999999999","0","1.90418623382228","0.682324853854843","12.46505706",
"10/24/1982","66.5625","38.872501373291","526","16.043","5.98500000000001","1.0505672784","2.77547835543977","0.666640769087501","12.1553982",
"10/25/1982","66.5625","38.872501373291","526","4.83300000000003","-3.47500000000002","0.3081322944","3.23901675056059","0.587871665763649","15.03371304",
"10/26/1982","66.5625","38.872501373291","526","2.67899999999997","-5.80799999999999","0.0411987312","1.88607000769127","0.626902322256772","14.90603022",
"10/27/1982","66.5625","38.872501373291","526","7.46800000000002","-4.54399999999998","0","2.36290660753578","0.55388378663975","14.845837428",
"10/28/1982","66.5625","38.872501373291","526","12.854","-2.19200000000001","0","2.20475715295404","0.476783714779058","14.52082734",
"10/29/1982","66.5625","38.872501373291","526","18.607","2.25200000000001","0","2.39487806112444","0.339833550166783","14.37767082",
"10/30/1982","66.5625","38.872501373291","526","16.82","4.86000000000001","0.0034332264","2.62142892641146","0.354908525433669","13.004266176",
"10/31/1982","66.5625","38.872501373291","526","14.411","4.226","0.279808272","1.7833048710882","0.512307002641438","13.115022768",
"11/1/1982","66.5625","38.872501373291","526","9.38799999999998","3.71699999999998","3.9447768384","1.87012403962432","0.759573288512346","6.53681232",
"11/2/1982","66.5625","38.872501373291","526","10.386","2.55000000000001","0","1.94158204301662","0.726386758921171","11.596496472",
"11/3/1982","66.5625","38.872501373291","526","8.67599999999999","3.50700000000001","1.32865956","1.77464744564786","0.70440455746041","7.87381344",
"11/4/1982","66.5625","38.872501373291","526","13.347","2.18200000000002","0","1.8491414681419","0.716681432260069","12.164627412",
"11/5/1982","66.5625","38.872501373291","526","14.59","6.238","0","3.03143733096815","0.73582784842036","12.76773732",
"11/6/1982","66.5625","38.872501373291","526","17.02","4.06299999999999","0","2.36047606096826","0.531980509919206","13.039316856",
"11/7/1982","66.5625","38.872501373291","526","20.297","9.221","0","2.91832730595536","0.35928953742586","11.198475",
"11/8/1982","66.5625","38.872501373291","526","16.189","9.92700000000002","2.4410241864","2.94894415061223","0.588103515340936","4.208787612",
"11/9/1982","66.5625","38.872501373291","526","19.528","10.609","0.0343322856","3.54984230185323","0.662496817457754","11.080293048",
"11/10/1982","66.5625","38.872501373291","526","10.875","4.60000000000002","11.635206408","3.02599932429982","0.860579347917951","4.22016156",
"11/11/1982","66.5625","38.872501373291","526","4.827","0.495000000000005","2.79121536","2.76624600011443","0.827334096426459","10.11858768",
"11/12/1982","66.5625","38.872501373291","526","8.06","-0.58499999999998","0","1.46941729590503","0.785193248198964","12.16136178",
"11/13/1982","66.5625","38.872501373291","526","7.339","1.73099999999999","1.2960436824","1.2909614851999","0.840754368098468","3.27869964",
"11/14/1982","66.5625","38.872501373291","526","4.35399999999999","-2.83999999999998","25.7903928","2.2795282394403","0.927706066536493","2.24150571",
"11/15/1982","66.5625","38.872501373291","526","0.661999999999978","-3.995","4.0683762144","1.7354697168049","0.940012496033346","9.245873448",
"11/16/1982","66.5625","38.872501373291","526","6.00799999999998","-3.779","0.078964272","2.00326623320318","0.823457875125446","11.784996612",
"11/17/1982","66.5625","38.872501373291","526","4.56299999999999","0.0679999999999836","0.3175734888","2.6650607985427","0.758408060878411","10.43909712",
"11/18/1982","66.5625","38.872501373291","526","4.15600000000001","-0.73599999999999","0.0617980608","2.24536408258698","0.850995327856778","9.394990812",
"11/19/1982","66.5625","38.872501373291","526","7.596","-2.00299999999999","0.0686643984","1.8026150088933","0.734098600331564","11.459418768",
"11/20/1982","66.5625","38.872501373291","526","4.88299999999998","-0.939999999999998","1.9809723024","2.0746536606507","0.791249137705155","11.58244092",
"11/21/1982","66.5625","38.872501373291","526","5.61500000000001","-1.44200000000001","0","2.7310294977451","0.762279777717196","11.45284002",
"11/22/1982","66.5625","38.872501373291","526","8.27100000000002","-0.00999999999999091","0","2.52257253133998","0.728064764458391","10.748076552",
"11/23/1982","66.5625","38.872501373291","526","6.15600000000001","-1.25","0","1.84627608175607","0.719394823470922","11.358508068",
"11/24/1982","66.5625","38.872501373291","526","4.65199999999999","-3.149","0","1.87036578780189","0.800325026251731","11.23739532",
"11/25/1982","66.5625","38.872501373291","526","4.81999999999999","-3.56400000000002","0","1.6089015895525","0.825550547512261","11.187674892",
"11/26/1982","66.5625","38.872501373291","526","6.41199999999998","-2.49099999999999","0","1.29239331570018","0.769250160897085","10.549293552",
"11/27/1982","66.5625","38.872501373291","526","7.96300000000002","-0.192999999999984","0.377654904","1.69255321304842","0.78351980673011","10.2634884",
"11/28/1982","66.5625","38.872501373291","526","5.60199999999998","-1.505","0.7192617408","1.17691422399346","0.877250063419735","6.32261097",
"11/29/1982","66.5625","38.872501373291","526","2.03399999999999","-0.516999999999996","4.986765216","1.22653168740738","0.953885036812188","3.65934789",
"11/30/1982","66.5625","38.872501373291","526","2.73000000000002","-4.39999999999998","1.5552524592","1.60996461273449","0.932360590189092","6.86542392",
"12/1/1982","66.5625","38.872501373291","526","-0.089999999999975","-5.28800000000001","4.619408616","2.58152156381614","0.938425145330811","5.20914249",
"12/2/1982","66.5625","38.872501373291","526","2.31400000000002","-4.89499999999998","0","2.72285899639404","0.861669352543428","10.27693242",
"12/3/1982","66.5625","38.872501373291","526","5.08600000000001","-2.613","0","4.14755160785611","0.78261838084941","10.75185315",
"12/4/1982","66.5625","38.872501373291","526","6.01100000000002","0.660000000000025","0","5.11995866473469","0.734380447401953","10.3865058",
"12/5/1982","66.5625","38.872501373291","526","4.07600000000002","0.440999999999974","0","4.19309669786355","0.807611235311898","9.36905733",
"12/6/1982","66.5625","38.872501373291","526","1.57999999999998","-5.58199999999999","4.0821074928","3.1158088464116","0.899257593692986","8.19236142",
"12/7/1982","66.5625","38.872501373291","526","-1.45999999999998","-13.815","1.09691604","2.17559523171524","0.863951153537608","10.60262172",
"12/8/1982","66.5625","38.872501373291","526","-0.089999999999975","-9.976","3.3285154824","2.29973167377036","0.871070157694468","6.22603152",
"12/9/1982","66.5625","38.872501373291","526","-2.03899999999999","-10.68","0.8428575384","4.01203584450829","0.861503221678856","8.12694033",
"12/10/1982","66.5625","38.872501373291","526","0.509000000000015","-11.599","0","2.64836047504957","0.795514191361126","10.33582797",
"12/11/1982","66.5625","38.872501373291","526","1.685","-9.61599999999999","0","2.30726246634297","0.777448255964761","10.54445769",
"12/12/1982","66.5625","38.872501373291","526","1.84899999999999","-8.57499999999999","0.0489235104","1.13022762168288","0.718227006749351","10.1275281",
"12/13/1982","66.5625","38.872501373291","526","2.48700000000002","-6.56900000000002","0.0274658256","1.35806896076465","0.793864641858471","10.00237941",
"12/14/1982","66.5625","38.872501373291","526","2.71300000000002","-4.346","0","2.55786456423768","0.817672502583607","10.1472165",
"12/15/1982","66.5625","38.872501373291","526","2.93599999999998","-5.197","0","2.07981725570166","0.786467184117038","9.98291268",
"12/16/1982","66.5625","38.872501373291","526","2.37299999999999","-3.618","0.3089908944","1.68849484424016","0.813325783108788","5.5915299",
"12/17/1982","66.5625","38.872501373291","526","3.18400000000003","1.53800000000001","2.404117548","3.01264040223968","0.912809074743566","4.83002199",
"12/18/1982","66.5625","38.872501373291","526","2.80599999999998","-7.346","0","2.5839642041551","0.873335927851482","9.7629174",
"12/19/1982","66.5625","38.872501373291","526","2.45800000000003","-5.58300000000003","0","1.98103762996574","0.852445320425877","9.90629901",
"12/20/1982","66.5625","38.872501373291","526","2.50200000000001","-4.42000000000002","0","1.95551662022361","0.816651085866788","10.08810198",
"12/21/1982","66.5625","38.872501373291","526","2.32100000000003","-3.14800000000002","0","2.1424904189254","0.778665473434469","10.03089726",
"12/22/1982","66.5625","38.872501373291","526","2.06400000000002","-6.67000000000002","0","1.38396814800408","0.733192386425226","9.95754564",
"12/23/1982","66.5625","38.872501373291","526","2.12299999999999","-6.53800000000001","0","2.29694424158121","0.717214214117338","10.1244375",
"12/24/1982","66.5625","38.872501373291","526","2.18599999999998","-9.20299999999997","0","1.88709777691403","0.73133160899041","10.1685969",
"12/25/1982","66.5625","38.872501373291","526","2.31799999999998","-9.46899999999999","0","1.37813422327242","0.692188028822749","9.9813393",
"12/26/1982","66.5625","38.872501373291","526","2.51100000000002","-4.839","0.094413816","1.70920386078301","0.757713971674014","9.60306246",
"12/27/1982","66.5625","38.872501373291","526","1.53100000000001","-3.14400000000001","5.8888431","0.878809293305706","0.984584648525501","5.47728336",
"12/28/1982","66.5625","38.872501373291","526","2.10300000000001","-1.32400000000001","0.1982690424","3.44933087551476","0.927222533052639","8.690905764",
"12/29/1982","66.5625","38.872501373291","526","1.66899999999998","-1.93099999999998","8.216571816","3.13620603832456","0.963892743218529","3.536662464",
"12/30/1982","66.5625","38.872501373291","526","2.19","-0.543000000000006","0.90551394","2.74648102642337","0.92269743163849","7.65668952",
"12/31/1982","66.5625","38.872501373291","526","1.21300000000002","-9.15699999999998","0.0205993584","1.64794162389495","0.892642269735206","10.12764402",
"1/1/1983","66.5625","38.872501373291","526","2.72300000000001","0.149000000000001","0","6.12503436389686","0.854762900460063","10.490845464",
"1/2/1983","66.5625","38.872501373291","526","4.58800000000002","1.18599999999998","0.0411987456","7.94953292893276","0.827274372384697","8.91489798",
"1/3/1983","66.5625","38.872501373291","526","4.59199999999998","-0.240999999999985","0.5355838224","3.43310139476799","0.905422953677454","3.602026098",
"1/4/1983","66.5625","38.872501373291","526","2.05900000000003","-9.65100000000001","0.786209256","1.76257319418037","0.975281507611767","6.142051962",
"1/5/1983","66.5625","38.872501373291","526","1.07299999999998","-9.74099999999999","0.0583648704","1.59242315797237","0.91500253971638","10.2616299",
"1/6/1983","66.5625","38.872501373291","526","1.36900000000003","-8.60599999999999","0.4634858664","1.47830798869649","0.964879080706118","5.97903705",
"1/7/1983","66.5625","38.872501373291","526","-0.295000000000016","-10.399","1.165580928","2.10204697113745","0.984560093809329","4.77140796",
"1/8/1983","66.5625","38.872501373291","526","-3.06799999999998","-19.164","0.2918239488","1.2182613979256","0.915067135498333","9.610086384",
"1/9/1983","66.5625","38.872501373291","526","-0.995000000000005","-13.348","0","2.831818364663","0.819561834643063","10.791786168",
"1/10/1983","66.5625","38.872501373291","526","1.40499999999997","-5.67200000000003","0.173377872","2.82333117582549","0.855095841367466","9.224383716",
"1/11/1983","66.5625","38.872501373291","526","-0.774999999999977","-3.62599999999998","6.34460508","4.68060387111989","0.933282050431802","7.40188404",
"1/12/1983","66.5625","38.872501373291","526","0.680000000000007","-8.36000000000001","0.1373289408","2.75876020592542","0.887026290640924","10.728225108",
"1/13/1983","66.5625","38.872501373291","526","1.46600000000001","-2.65199999999999","1.606747716","3.40532407353356","0.881168043778121","8.675774028",
"1/14/1983","66.5625","38.872501373291","526","-1.37599999999998","-10.647","5.30777052","2.09950237000691","0.96289239623168","6.915035088",
"1/15/1983","66.5625","38.872501373291","526","0.293999999999983","-14.346","0","3.79692814738575","0.816854352525361","11.3928759",
"1/16/1983","66.5625","38.872501373291","526","2.12200000000001","-1.79599999999999","1.433371932","3.49231144845237","0.878306077015233","7.743259728",
"1/17/1983","66.5625","38.872501373291","526","2.935","-0.271999999999991","0","6.79580884075724","0.885033593648585","10.997153532",
"1/18/1983","66.5625","38.872501373291","526","3.589","2.58600000000001","0","7.28413255126683","0.82438471728251","11.549753784",
"1/19/1983","66.5625","38.872501373291","526","3.42000000000002","2.03699999999998","0","5.86965547189544","0.78847406996837","11.467689984",
"1/20/1983","66.5625","38.872501373291","526","5.50599999999997","3.05700000000002","0","5.68001747133827","0.814664221762925","9.879746868",
"1/21/1983","66.5625","38.872501373291","526","6.88499999999999","4.226","0.276374808","3.65737871414632","0.91801200968339","7.263728316",
"1/22/1983","66.5625","38.872501373291","526","5.71699999999998","2.41199999999998","2.1783828816","4.8360398436974","0.958347711570756","4.20654024",
"1/23/1983","66.5625","38.872501373291","526","7.86599999999999","3.01999999999998","0","7.39221187828398","0.837123831272991","11.62709496",
"1/24/1983","66.5625","38.872501373291","526","8.31900000000002","3.68400000000003","0","6.67593839303337","0.749532681037016","9.9076527",
"1/25/1983","66.5625","38.872501373291","526","7.75200000000001","2.12200000000001","3.24440244","6.39157883322975","0.861993712112523","3.430743948",
"1/26/1983","66.5625","38.872501373291","526","1.11599999999999","-2.75599999999997","5.3524049688","2.08447342254791","0.947010332757293","3.77314038",
"1/27/1983","66.5625","38.872501373291","526","-2.589","-12.584","13.7277666","2.82714677932448","0.948272376313483","5.597777952",
"1/28/1983","66.5625","38.872501373291","526","-3.08100000000002","-20.351","0.116729784","1.69343748539351","0.866049934778262","12.458870388",
"1/29/1983","66.5625","38.872501373291","526","0.336999999999989","-11.87","0","2.75247684728","0.781954764123164","12.823710228",
"1/30/1983","66.5625","38.872501373291","526","1.68299999999999","-4.18000000000001","0","4.83314963385256","0.783237525826331","12.971755548",
"1/31/1983","66.5625","38.872501373291","526","1.82900000000001","-6.49099999999999","0","2.88402727508968","0.838550747633318","12.728812212",
"2/1/1983","66.5625","38.872501373291","526","2.12200000000001","-8.15899999999999","0","2.41291090566821","0.822892518194873","13.08308022",
"2/2/1983","66.5625","38.872501373291","526","1.87900000000002","-1.839","0","3.46718963959165","0.807342404567122","13.36156812",
"2/3/1983","66.5625","38.872501373291","526","2.47500000000002","-7.95499999999998","0","3.37949943008916","0.794199556961229","13.44886596",
"2/4/1983","66.5625","38.872501373291","526","2.56400000000002","-1.06400000000002","0","3.71693817576507","0.806167289170206","13.54168692",
"2/5/1983","66.5625","38.872501373291","526","3.25700000000001","-5.79700000000003","0","2.4215301792525","0.774562091908976","13.915127052",
"2/6/1983","66.5625","38.872501373291","526","2.66899999999998","-7.368","0.0274658184","2.05213751682944","0.83889156597655","13.28051646",
"2/7/1983","66.5625","38.872501373291","526","2.916","-6.78500000000003","0.0308990664","2.05585955980779","0.931609790235752","12.814088868",
"2/8/1983","66.5625","38.872501373291","526","8.72699999999998","-3.702","0","2.13512123385243","0.863085973493865","13.626841428",
"2/9/1983","66.5625","38.872501373291","526","2.98500000000001","0.935000000000002","3.78685026","2.45925664933698","0.906632026557876","3.060332388",
"2/10/1983","66.5625","38.872501373291","526","3.58600000000001","-9.00099999999998","0.0617981184","1.60506006863082","0.97779995383928","11.544411564",
"2/11/1983","66.5625","38.872501373291","526","4.30000000000001","-9.26100000000002","0","1.73556446676431","0.9246208270135","14.48285634",
"2/12/1983","66.5625","38.872501373291","526","5.37299999999999","-7.488","0","2.0189629472499","0.880738363714613","14.99309784",
"2/13/1983","66.5625","38.872501373291","526","4.142","-6.01100000000002","0","1.9202999651852","0.895347176684751","14.99709546",
"2/14/1983","66.5625","38.872501373291","526","5.916","-6.80200000000002","0","1.25560877322707","0.865168841219343","14.36236866",
"2/15/1983","66.5625","38.872501373291","526","3.428","-2.19299999999998","0","1.69967256906586","0.788703950361748","14.2847469",
"2/16/1983","66.5625","38.872501373291","526","4.14299999999997","1.68200000000002","0.2677918392","3.62049362749206","0.894837058235141","13.09230036",
"2/17/1983","66.5625","38.872501373291","526","5.10399999999999","2.76799999999997","1.16558046","3.25989151758365","0.893490146589586","13.58049276",
"2/18/1983","66.5625","38.872501373291","526","7.19099999999997","2.86599999999999","0.1931189184","5.01473757951495","0.859317229296319","14.73136614",
"2/19/1983","66.5625","38.872501373291","526","6.44900000000001","2.88600000000002","1.0780338384","5.31458277163034","0.907369234031423","13.76510814",
"2/20/1983","66.5625","38.872501373291","526","6.214","2.88799999999998","4.5267088464","4.82048459831784","0.939995097762748","8.49712716",
"2/21/1983","66.5625","38.872501373291","526","5.73899999999998","2.58499999999998","1.3870244304","6.16253910550484","0.924463845717133","13.16453058",
"2/22/1983","66.5625","38.872501373291","526","7.55200000000002","3.30900000000003","2.4702101496","6.71080650344292","0.912816821647563","8.098090848",
"2/23/1983","66.5625","38.872501373291","526","4.64800000000002","-11.828","8.09298144","2.91247568066474","0.95840116753049","9.89759205",
"2/24/1983","66.5625","38.872501373291","526","1.04199999999997","-8.988","0","3.25795112793658","0.827999963702447","17.429619312",
"2/25/1983","66.5625","38.872501373291","526","2.01100000000002","-4.01400000000001","0","5.00322229019611","0.817899076335358","17.55231192",
"2/26/1983","66.5625","38.872501373291","526","2.06400000000002","-2.61399999999998","0","3.42029981883567","0.848146763802347","16.042278672",
"2/27/1983","66.5625","38.872501373291","526","3.30500000000001","0.422000000000025","0.6763458384","6.30905135540858","0.908511542684926","16.640666352",
"2/28/1983","66.5625","38.872501373291","526","3.13600000000002","-1.37400000000002","15.68384244","3.16213894243132","0.981196686856204","6.447659328",
"3/1/1983","66.5625","38.872501373291","526","0.742000000000019","-11.341","0.0308990376","2.68683690319385","0.934634415099255","17.18797788",
"3/2/1983","66.5625","38.872501373291","526","1.79700000000003","-7.48099999999999","0.0102996792","3.50373894467329","0.915480878181591","17.40779784",
"3/3/1983","66.5625","38.872501373291","526","1.65100000000001","-12.913","0.211143564","1.14626895413227","0.963511352053155","17.3666862",
"3/4/1983","66.5625","38.872501373291","526","2.92599999999999","-1.303","0","4.72006509385247","0.869100201228504","18.01491084",
"3/5/1983","66.5625","38.872501373291","526","4.98000000000002","1.33199999999999","0","7.86130694495291","0.869118789410211","18.13021992",
"3/6/1983","66.5625","38.872501373291","526","7.03500000000003","3.60700000000003","0.3055570056","8.29123877913356","0.900731777420383","11.0099286",
"3/7/1983","66.5625","38.872501373291","526","5.14699999999999","-9.95100000000002","6.25533876","2.06572028756532","0.967266333356182","5.1254415",
"3/8/1983","66.5625","38.872501373291","526","1.279","-15.138","0","1.55977648039297","0.939175003403354","18.3326022",
"3/9/1983","66.5625","38.872501373291","526","3.065","0.34699999999998","0.0137329056","6.31061750263591","0.88597077454002","18.57723552",
"3/10/1983","66.5625","38.872501373291","526","3.36700000000002","-0.572000000000003","2.40325902","5.56767223167854","0.943769509799641","12.77235108",
"3/11/1983","66.5625","38.872501373291","526","2.71800000000002","-2.44499999999999","0","5.69248905637733","0.862933027726156","20.3850036",
"3/12/1983","66.5625","38.872501373291","526","3.197","0.824999999999989","0.0171661392","7.12919163442769","0.858855419899609","19.0550772",
"3/13/1983","66.5625","38.872501373291","526","3.44799999999998","1.91899999999998","0.0137329056","6.65305748414835","0.845369095842367","19.1174598",
"3/14/1983","66.5625","38.872501373291","526","2.64400000000001","-8.89699999999999","1.3870239408","1.94911199062558","0.885837880154184","9.0016848",
"3/15/1983","66.5625","38.872501373291","526","2.21499999999998","-12.676","0","1.51940288135641","0.941501585616716","18.16172064",
"3/16/1983","66.5625","38.872501373291","526","2.06999999999999","-5.29700000000003","0.1304626752","2.71437544710696","0.918281054771979","15.13845009",
"3/17/1983","66.5625","38.872501373291","526","2.178","-4.20499999999998","4.648589928","2.35251568232876","0.979622884670148","9.8646192",
"3/18/1983","66.5625","38.872501373291","526","0.538000000000011","-9.118","0.1939773672","1.92268220557911","0.977291049236705","15.50897001",
"3/19/1983","66.5625","38.872501373291","526","0.810000000000002","-14.001","0.017166132","1.7157600310998","0.965483002042749","18.16154469",
"3/20/1983","66.5625","38.872501373291","526","0.98399999999998","-13.861","0","2.26513401741256","0.902604284294175","21.50679006",
"3/21/1983","66.5625","38.872501373291","526","1.404","-4.91500000000002","0","3.12179824852101","0.854725458825411","22.101186672",
"3/22/1983","66.5625","38.872501373291","526","2.62200000000001","-1.91500000000002","0.0686645712","5.16785868228764","0.857804323036799","20.697416712",
"3/23/1983","66.5625","38.872501373291","526","3.50900000000001","1.48000000000002","0.0137329056","5.73054032866058","0.902008493811095","19.21939038",
"3/24/1983","66.5625","38.872501373291","526","3.32900000000001","-0.579000000000008","1.8642446928","2.18234330563385","0.961836344278313","8.265602232",
"3/25/1983","66.5625","38.872501373291","526","2.029","1.15100000000001","14.39552376","1.97502563879708","0.992152943728684","8.11186794",
"3/26/1983","66.5625","38.872501373291","526","1.738","-0.708000000000027","1.8642429","3.21925100101709","0.964811651506891","14.8566375",
"3/27/1983","66.5625","38.872501373291","526","1.80799999999999","-0.370000000000005","0.16822818","3.99673927727531","0.916303264220835","17.55629892",
"3/28/1983","66.5625","38.872501373291","526","2.11599999999999","1.03399999999999","2.8427121504","4.98827574147004","0.96619306821462","18.90354708",
"3/29/1983","66.5625","38.872501373291","526","1.839","-1.815","4.480360848","2.20017341123103","0.958964206014612","9.48622518",
"3/30/1983","66.5625","38.872501373291","526","2.26100000000002","-6.20400000000001","1.0093684896","1.25758898127845","0.957209480985351","16.070911488",
"3/31/1983","66.5625","38.872501373291","526","3.01299999999998","-0.490999999999985","0.7621763688","1.98967554116256","0.944255610861166","18.5460165",
"4/1/1983","66.5625","38.872501373291","526","3.79300000000001","-6.28399999999999","0.1613617344","3.65611952246803","0.938276953646914","18.77754492",
"4/2/1983","66.5625","38.872501373291","526","3.95499999999998","2.93700000000001","0.0343322928","3.21174826128731","0.919940836356756","19.82076084",
"4/3/1983","66.5625","38.872501373291","526","4.04399999999998","2.95499999999998","0.2300262984","5.01559402979389","0.978806171319979","18.082068768",
"4/4/1983","66.5625","38.872501373291","526","3.839","2.96600000000001","0.2746581336","5.65971290192542","0.964790204846789","13.891447872",
"4/5/1983","66.5625","38.872501373291","526","4.21499999999998","3.31799999999998","0.2300261976","5.19183462351005","0.99587712908455","12.986099712",
"4/6/1983","66.5625","38.872501373291","526","4.45299999999997","3.16000000000003","0.0240325992","3.023869405274","0.957405433314929","21.44436156",
"4/7/1983","66.5625","38.872501373291","526","4.12700000000001","2.70299999999997","0.76904334","3.47604078431854","0.997671528792485","14.49073278",
"4/8/1983","66.5625","38.872501373291","526","3.54599999999999","2.20499999999998","0.082397448","4.32234775176338","0.969657703965182","19.50080724",
"4/9/1983","66.5625","38.872501373291","526","3.22300000000001","2.01499999999999","0.295257564","4.91115538903703","0.925567919272642","15.059979",
"4/10/1983","66.5625","38.872501373291","526","3.38900000000001","2.19499999999999","0.185394276","4.78430202625702","0.924337272557323","20.4384384",
"4/11/1983","66.5625","38.872501373291","526","9.01900000000001","3.14400000000001","0.52871688","2.83370711042231","0.889623094952347","21.940146",
"4/12/1983","66.5625","38.872501373291","526","12.204","4.32100000000003","1.52092008","1.7662913393953","0.863598966494416","18.170379072",
"4/13/1983","66.5625","38.872501373291","526","15.437","3.87900000000002","0","1.68104754353074","0.663627642750903","23.46648984",
"4/14/1983","66.5625","38.872501373291","526","14.885","5.30500000000001","0","2.51824248749573","0.670804387617559","24.47516124",
"4/15/1983","66.5625","38.872501373291","526","14.825","3.87700000000001","0","2.60583301186095","0.688714928735479","22.08436704",
"4/16/1983","66.5625","38.872501373291","526","15.446","4.733","0.5750661024","2.76664150633673","0.753305895153357","13.8974112",
"4/17/1983","66.5625","38.872501373291","526","17.693","8.101","0.326156544","2.62257040344099","0.693011192725219","22.7851866",
"4/18/1983","66.5625","38.872501373291","526","20.444","9.24000000000001","0","2.27042414054339","0.626907828013081","24.6783456",
"4/19/1983","66.5625","38.872501373291","526","22.311","7.726","0","2.13013573599205","0.550879092231677","25.7336982",
"4/20/1983","66.5625","38.872501373291","526","23.527","8.916","0","2.43752244108281","0.441033067744364","25.89570216",
"4/21/1983","66.5625","38.872501373291","526","20.941","11.246","0","2.43617686749853","0.451496345668043","26.61823512",
"4/22/1983","66.5625","38.872501373291","526","21.817","6.548","0","2.2795652538078","0.288590380582577","26.6279688",
"4/23/1983","66.5625","38.872501373291","526","24.562","8.85000000000002","0","2.44806293919584","0.399174813186379","25.79197248",
"4/24/1983","66.5625","38.872501373291","526","25.739","14.784","0.140762376","2.78877488717659","0.550027810678425","24.26028444",
"4/25/1983","66.5625","38.872501373291","526","26.087","12.978","0","2.58833927738613","0.596808234221656","25.50133458",
"4/26/1983","66.5625","38.872501373291","526","19.328","10.988","6.842421252","3.87307164587991","0.773157675743656","9.478858356",
"4/27/1983","66.5625","38.872501373291","526","17.607","7.96100000000001","1.24626204","1.94761400979088","0.742554137545161","25.00711578",
"4/28/1983","66.5625","38.872501373291","526","20.642","7.25","0","2.41007889066117","0.621425754840809","21.77550162",
"4/29/1983","66.5625","38.872501373291","526","13.549","8.10599999999999","14.608383948","3.37913209350374","0.889080249076091","3.90363894",
"4/30/1983","66.5625","38.872501373291","526","15.89","6.71800000000002","2.029038624","1.93469323533756","0.749131549711548","25.8271812",
"5/1/1983","66.5625","38.872501373291","526","19.518","6.04000000000002","0","2.45890456720626","0.56887709670933","26.884690488",
"5/2/1983","66.5625","38.872501373291","526","23.358","9.64800000000002","0","2.81309272720732","0.516241081962106","27.11542842",
"5/3/1983","66.5625","38.872501373291","526","24.428","12.958","0","3.22750253753276","0.458333345655912","21.901498992",
"5/4/1983","66.5625","38.872501373291","526","17.762","13.76","19.9298952","3.93865338655484","0.789323960887898","10.99906452",
"5/5/1983","66.5625","38.872501373291","526","26.947","14.325","0.1029968064","5.42822565695471","0.563822422318383","26.39024568",
"5/6/1983","66.5625","38.872501373291","526","28.939","16.547","0","3.60487067169646","0.422401779599935","27.24164982",
"5/7/1983","66.5625","38.872501373291","526","24.063","15.619","0.1785278376","3.9461454551862","0.591998876621486","17.83597806",
"5/8/1983","66.5625","38.872501373291","526","24.214","12.358","0","2.26119531111213","0.673647558853613","26.397446472",
"5/9/1983","66.5625","38.872501373291","526","28.315","13.644","0","2.15354164307902","0.524920948835678","26.051782248",
"5/10/1983","66.5625","38.872501373291","526","25.195","14.915","0","2.41555160582955","0.485675847172216","28.067562432",
"5/11/1983","66.5625","38.872501373291","526","24.329","14.092","0.7810596","2.95728107035314","0.530559252417613","26.98525944",
"5/12/1983","66.5625","38.872501373291","526","26.942","14.196","0","2.56333682058879","0.517881475081539","27.23760072",
"5/13/1983","66.5625","38.872501373291","526","25.894","15.371","0","2.40449409307068","0.563407390722301","27.135564552",
"5/14/1983","66.5625","38.872501373291","526","28.578","16.087","0","3.09545755889142","0.453717365995273","28.041636888",
"5/15/1983","66.5625","38.872501373291","526","27.981","18.366","0","3.20311672132277","0.473219189491938","26.587916712",
"5/16/1983","66.5625","38.872501373291","526","28.358","15.243","0","2.38899403511518","0.503267172822125","28.12292046",
"5/17/1983","66.5625","38.872501373291","526","27.823","14.426","0","2.02476655228684","0.490304815942458","26.762624352",
"5/18/1983","66.5625","38.872501373291","526","28.109","14.78","0.034332264","3.61355168589872","0.440202506592003","27.83672136",
"5/19/1983","66.5625","38.872501373291","526","24.609","12.111","0","3.98842785162232","0.47342313023469","30.11272092",
"5/20/1983","66.5625","38.872501373291","526","26.252","13.224","0","2.69094261098742","0.398637499404846","29.52404892",
"5/21/1983","66.5625","38.872501373291","526","26.074","10.544","0","3.20182620168092","0.345523887482331","29.71569348",
"5/22/1983","66.5625","38.872501373291","526","24.327","10.841","0","4.75292190466084","0.298864452704221","31.0897296",
"5/23/1983","66.5625","38.872501373291","526","28.007","12.406","0","3.38221523863535","0.316624333685829","30.57688404",
"5/24/1983","66.5625","38.872501373291","526","28.891","13.16","0","3.02949380608343","0.23816953612124","30.59587296",
"5/25/1983","66.5625","38.872501373291","526","30.136","14.992","0","2.54877704976733","0.258455839888409","30.00943332",
"5/26/1983","66.5625","38.872501373291","526","31.809","16.84","0","2.07879250227144","0.244733364269635","29.21461776",
"5/27/1983","66.5625","38.872501373291","526","30.396","17.145","0","2.02047226292082","0.243749783554973","27.32050728",
"5/28/1983","66.5625","38.872501373291","526","29.168","15.043","0","2.26531519547846","0.215470409245003","30.29974236",
"5/29/1983","66.5625","38.872501373291","526","29.999","14.893","0","2.31944725718849","0.199314900970338","29.8197666",
"5/30/1983","66.5625","38.872501373291","526","26.453","16.078","9.12895272","3.19109707724434","0.564209045047528","21.978957492",
"5/31/1983","66.5625","38.872501373291","526","19.231","10.982","13.379288904","2.28223863866496","0.591996600556069","20.31384402",
"6/1/1983","66.5625","38.872501373291","526","21.844","7.02100000000002","0","3.03798804589686","0.260090903522486","31.42115388",
"6/2/1983","66.5625","38.872501373291","526","24.515","10.165","0","3.23191719354478","0.321985776465381","30.6675018",
"6/3/1983","66.5625","38.872501373291","526","27.143","13.314","0","2.98396790475064","0.266083823917073","31.0148316",
"6/4/1983","66.5625","38.872501373291","526","29.088","11.999","0","2.78435623715873","0.190970262624863","31.29090804",
"6/5/1983","66.5625","38.872501373291","526","30.162","15.344","0","2.26528578742459","0.209253810091764","30.669075",
"6/6/1983","66.5625","38.872501373291","526","29.462","15.827","0","2.18674666002273","0.250283465487833","29.91402792",
"6/7/1983","66.5625","38.872501373291","526","29.904","17.448","0","2.19409849041092","0.271741259572464","29.54795904",
"6/8/1983","66.5625","38.872501373291","526","30.411","18.365","0","2.74401508411889","0.288044982038982","26.8454232",
"6/9/1983","66.5625","38.872501373291","526","29.483","18.312","0","3.49281185780836","0.24555008942987","29.95334856",
"6/10/1983","66.5625","38.872501373291","526","29.544","15.53","0","2.63715200054386","0.27448138482658","30.2748192",
"6/11/1983","66.5625","38.872501373291","526","32.051","18.234","0","3.63701029987211","0.242096698490538","30.72768912",
"6/12/1983","66.5625","38.872501373291","526","33.898","19.922","0","5.08831928834686","0.203899358485005","30.81587544",
"6/13/1983","66.5625","38.872501373291","526","35.306","21.003","0","3.19242628992808","0.205411533850207","30.10465764",
"6/14/1983","66.5625","38.872501373291","526","35.127","23.309","0","3.92798965215641","0.21269519578273","27.01479384",
"6/15/1983","66.5625","38.872501373291","526","31.422","17.872","0","3.5080945891758","0.253281578008951","30.68775432",
"6/16/1983","66.5625","38.872501373291","526","29.686","16.175","0","2.66239309313197","0.249703704236413","31.0274784",
"6/17/1983","66.5625","38.872501373291","526","30.382","16.144","0","2.74470510000482","0.278414901365085","30.35294964",
"6/18/1983","66.5625","38.872501373291","526","32.668","19.297","0","2.22181643993286","0.235047080237582","30.2536116",
"6/19/1983","66.5625","38.872501373291","526","33.066","18.753","0","2.70966287792997","0.208921610581192","30.6226692",
"6/20/1983","66.5625","38.872501373291","526","35.237","20.407","0","3.1610029442452","0.185407490635209","30.12923736",
"6/21/1983","66.5625","38.872501373291","526","35.4","21.32","0","2.83147799224941","0.173440439480986","31.04021988",
"6/22/1983","66.5625","38.872501373291","526","36.16","20.147","0","3.1303185887729","0.145843726037893","31.03101936",
"6/23/1983","66.5625","38.872501373291","526","37.576","22.541","0","3.71629250808002","0.161200247743191","30.8981178",
"6/24/1983","66.5625","38.872501373291","526","37.986","25.478","0","4.62596712938823","0.120496353358169","30.32481924",
"6/25/1983","66.5625","38.872501373291","526","38.306","25.787","0","4.30995646696866","0.164985527713694","30.33146592",
"6/26/1983","66.5625","38.872501373291","526","36.249","23.447","0","4.20781264138692","0.239263934635709","30.46887504",
"6/27/1983","66.5625","38.872501373291","526","36.267","22.762","0","4.249913254569","0.194452073311093","30.73387716",
"6/28/1983","66.5625","38.872501373291","526","35.675","21.364","0","3.88773673719076","0.225236773195063","30.22199964",
"6/29/1983","66.5625","38.872501373291","526","36.222","17.344","0","3.26483981962048","0.285338755523045","30.34450944",
"6/30/1983","66.5625","38.872501373291","526","37.492","20.798","0","3.39367197171096","0.240824916424138","29.916954",
"7/1/1983","66.5625","38.872501373291","526","35.097","19.224","0","4.12686004289654","0.233051796917846","30.38743044",
"7/2/1983","66.5625","38.872501373291","526","32.474","19.802","0","4.28608358752482","0.227502997910242","30.8143116",
"7/3/1983","66.5625","38.872501373291","526","32.823","19.194","0","4.74761326776899","0.249438776014869","30.45711492",
"7/4/1983","66.5625","38.872501373291","526","32.811","19.04","0","4.32295718020886","0.213532401720545","30.80086416",
"7/5/1983","66.5625","38.872501373291","526","32.722","19.182","0","4.33010585415442","0.216947144583506","30.16440648",
"7/6/1983","66.5625","38.872501373291","526","33.889","19.359","0","3.68082349229506","0.204402192712535","30.09707208",
"7/7/1983","66.5625","38.872501373291","526","34.13","19.376","0","3.01198628565221","0.199056668703884","30.0256326",
"7/8/1983","66.5625","38.872501373291","526","35.212","21.083","0","3.62665285198738","0.181034863930779","29.45345364",
"7/9/1983","66.5625","38.872501373291","526","35.157","21.063","0","3.96030492313142","0.174238991026346","30.38321232",
"7/10/1983","66.5625","38.872501373291","526","36.027","22.038","0","4.22708850450646","0.178198333604516","30.23189352",
"7/11/1983","66.5625","38.872501373291","526","34.753","20.309","0","3.64342985952075","0.182489722047953","30.1865058",
"7/12/1983","66.5625","38.872501373291","526","35.521","20.23","0","3.87003706213876","0.143745718409876","30.9085866",
"7/13/1983","66.5625","38.872501373291","526","36.734","20.219","0","3.24428765313228","0.116283294773504","30.77036496",
"7/14/1983","66.5625","38.872501373291","526","37.121","20.377","0","3.396994147151","0.126952483228909","30.43108224",
"7/15/1983","66.5625","38.872501373291","526","36.478","23.443","0","5.36775362182625","0.163691783873408","29.96932572",
"7/16/1983","66.5625","38.872501373291","526","36.967","23.702","0","6.20567597361951","0.194648433517274","29.72013534",
"7/17/1983","66.5625","38.872501373291","526","37.158","24.35","0","6.21609556650114","0.176107275717156","29.83128264",
"7/18/1983","66.5625","38.872501373291","526","35.301","22.315","0","3.91735458509953","0.197518409487908","29.475220752",
"7/19/1983","66.5625","38.872501373291","526","34.546","19.951","0","2.99579558540008","0.254615089828009","29.56814946",
"7/20/1983","66.5625","38.872501373291","526","35.437","17.541","0","2.97623713470131","0.200740222279403","29.65521996",
"7/21/1983","66.5625","38.872501373291","526","39.273","21.61","0","4.08233074829388","0.186325743731318","29.315310768",
"7/22/1983","66.5625","38.872501373291","526","40.951","25.95","0","5.44565983609063","0.150301347513844","29.10054888",
"7/23/1983","66.5625","38.872501373291","526","41.521","27.753","0","6.0545522477774","0.165510787574563","29.22535692",
"7/24/1983","66.5625","38.872501373291","526","38.891","26.264","0","6.45363747600766","0.155823928959585","29.38944762",
"7/25/1983","66.5625","38.872501373291","526","37.217","24.237","0","5.94694986103504","0.16125998124638","29.320478568",
"7/26/1983","66.5625","38.872501373291","526","36.644","22.331","0","4.12968345169188","0.227565954948033","28.85209308",
"7/27/1983","66.5625","38.872501373291","526","37.986","21.923","0","2.99522857956328","0.186836890827457","29.049127128",
"7/28/1983","66.5625","38.872501373291","526","41.997","22.876","0","4.50854451996924","0.136474776923463","28.92988458",
"7/29/1983","66.5625","38.872501373291","526","43.535","28.575","0","4.09606010940838","0.105659121630219","29.022127992",
"7/30/1983","66.5625","38.872501373291","526","43.705","27.342","0","3.67788727111235","0.121780315703375","28.832798088",
"7/31/1983","66.5625","38.872501373291","526","42.339","29.072","0","6.84476584527354","0.171526326128009","28.026395568",
"8/1/1983","66.5625","38.872501373291","526","37.401","26.097","0","6.26738730161624","0.198974357298053","28.513014912",
"8/2/1983","66.5625","38.872501373291","526","38.195","24.781","0","4.7202611629786","0.222237239859929","28.394660952",
"8/3/1983","66.5625","38.872501373291","526","38.005","24.222","0","4.02893828306457","0.218782452485998","28.35399816",
"8/4/1983","66.5625","38.872501373291","526","39.484","25.548","0","3.79304892818559","0.16754463810452","26.1064683",
"8/5/1983","66.5625","38.872501373291","526","39.737","24.205","0","3.75709104736068","0.182976698385902","27.734397912",
"8/6/1983","66.5625","38.872501373291","526","35.871","21.96","0","4.22120419933839","0.296080308528511","27.324389952",
"8/7/1983","66.5625","38.872501373291","526","32.388","18.484","0","2.33695683642187","0.335744516649881","23.55164892",
"8/8/1983","66.5625","38.872501373291","526","30.306","16.075","0","3.2855707500926","0.263381862243636","28.272823488",
"8/9/1983","66.5625","38.872501373291","526","33.139","16.591","0","3.24830251569715","0.271865904775501","27.92244384",
"8/10/1983","66.5625","38.872501373291","526","34.19","18.777","0","3.91374389143484","0.28066458452986","27.51417909",
"8/11/1983","66.5625","38.872501373291","526","34.81","19.219","0","4.15175788795494","0.226119211241159","27.81450369",
"8/12/1983","66.5625","38.872501373291","526","35.764","19.274","0","3.26724910664743","0.239938128325546","27.3834567",
"8/13/1983","66.5625","38.872501373291","526","36.647","18.035","0","3.23521921006173","0.182739259563426","27.66633678",
"8/14/1983","66.5625","38.872501373291","526","36.308","18.757","0","3.6398296386091","0.14569182374201","27.9617094",
"8/15/1983","66.5625","38.872501373291","526","37.583","22.124","0","4.74604219925943","0.169501223680686","27.25441884",
"8/16/1983","66.5625","38.872501373291","526","35.867","21.516","0","5.5561374538543","0.136153339479539","27.59067972",
"8/17/1983","66.5625","38.872501373291","526","36.794","21.693","0","4.53937625225198","0.136700457432952","27.2882844",
"8/18/1983","66.5625","38.872501373291","526","37.078","21.726","0","3.73080013138031","0.138364743539702","26.87709636",
"8/19/1983","66.5625","38.872501373291","526","36.546","18.449","0","3.14708563053419","0.194390462146737","26.10692496",
"8/20/1983","66.5625","38.872501373291","526","34.824","17.047","0","2.69426415283049","0.237035336367953","26.09116704",
"8/21/1983","66.5625","38.872501373291","526","35.06","16.264","0","2.28507817423992","0.264836288414634","25.85424276",
"8/22/1983","66.5625","38.872501373291","526","35.522","16.962","0","2.37270819478059","0.280843949931005","25.62435432",
"8/23/1983","66.5625","38.872501373291","526","36.549","17.477","0","3.37775117420971","0.248864202716899","25.81987464",
"8/24/1983","66.5625","38.872501373291","526","35.587","21.3","0","5.06481429104483","0.195875088574347","25.3653246",
"8/25/1983","66.5625","38.872501373291","526","35.156","21.426","0","5.4289791464387","0.183200492087752","25.17890652",
"8/26/1983","66.5625","38.872501373291","526","33.684","17.629","0","3.05082008725278","0.211408549286618","22.65907392",
"8/27/1983","66.5625","38.872501373291","526","31.714","14.996","0","2.82770079305185","0.265560473658388","24.28835184",
"8/28/1983","66.5625","38.872501373291","526","32.457","13.686","0","2.58756108115363","0.324767914485849","24.54964416",
"8/29/1983","66.5625","38.872501373291","526","36.113","16.728","0","3.08052726730321","0.211516144506236","24.76090908",
"8/30/1983","66.5625","38.872501373291","526","38.556","21.677","0","4.47459782226825","0.136903711558503","24.78638916",
"8/31/1983","66.5625","38.872501373291","526","37.69","23.365","0","4.79924310759326","0.143235399309085","24.49586628",
"9/1/1983","66.5625","38.872501373291","526","25.077","22.401","0","3.78723991213657","0.290812364027085","0",
"10/1/1983","66.5625","38.872501373291","526","24.127","6.64800000000002","0","2.95937105808149","0.411066239708207","18.87227028",
"10/2/1983","66.5625","38.872501373291","526","24.706","10.708","0","2.41736238810971","0.445698357034217","19.010817072",
"10/3/1983","66.5625","38.872501373291","526","26.32","12.304","0","3.70976114899956","0.274509422297259","19.21989168",
"10/4/1983","66.5625","38.872501373291","526","29.414","10.977","0","2.55880380417808","0.168969519916309","18.91743624",
"10/5/1983","66.5625","38.872501373291","526","31.327","15.469","0","5.06951705141172","0.177551324883379","18.35117388",
"10/6/1983","66.5625","38.872501373291","526","22.049","8.87900000000002","0","2.8536775359782","0.374588155719939","17.959052448",
"10/7/1983","66.5625","38.872501373291","526","18.926","8.79000000000002","0","3.1589541755895","0.386495319742178","16.5197187",
"10/8/1983","66.5625","38.872501373291","526","18.262","9.15600000000001","0","2.27074093513651","0.373189007447014","10.62922599",
"10/9/1983","66.5625","38.872501373291","526","20.971","4.72800000000001","0","2.62080683562263","0.318482182973286","18.44263098",
"10/10/1983","66.5625","38.872501373291","526","22.816","8.80200000000002","0","3.17082004180561","0.196955006071735","18.09770076",
"10/11/1983","66.5625","38.872501373291","526","24.859","12.462","0","3.42657792428327","0.222351999110047","17.8461009",
"10/12/1983","66.5625","38.872501373291","526","22.26","6.714","0","3.48916667501449","0.390816120801152","17.16851646",
"10/13/1983","66.5625","38.872501373291","526","14.139","0.386000000000024","0","2.49118361059284","0.416418555981918","17.47462752",
"10/14/1983","66.5625","38.872501373291","526","19.221","5.38","0","3.28591975634809","0.262695021007182","17.41050288",
"10/15/1983","66.5625","38.872501373291","526","22.629","7.92099999999999","0","3.23775766472274","0.205614544486385","17.40943188",
"10/16/1983","66.5625","38.872501373291","526","14.061","2.66000000000003","0","2.35738757287954","0.38562383002635","14.509798668",
"10/17/1983","66.5625","38.872501373291","526","15.457","0.37299999999999","0","2.46756985406472","0.354421647104954","16.67020068",
"10/18/1983","66.5625","38.872501373291","526","16.881","1.65800000000002","0","2.29126476946859","0.348191257751183","16.66063152",
"10/19/1983","66.5625","38.872501373291","526","14.814","1.35399999999998","0.0789642504","2.18771000999074","0.465185656149333","15.6034692",
"10/20/1983","66.5625","38.872501373291","526","14.36","0.432999999999993","0.0308990376","2.0013035279591","0.497499703616539","16.27976322",
"10/21/1983","66.5625","38.872501373291","526","16.976","2.68799999999999","0","3.17223677327048","0.307366546506669","16.3423737",
"10/22/1983","66.5625","38.872501373291","526","18.536","4.93900000000002","0","2.87852152538334","0.24083612889537","16.15021758",
"10/23/1983","66.5625","38.872501373291","526","19.501","5.29899999999998","0","2.59582403525033","0.326987517496551","15.44563026",
"10/24/1983","66.5625","38.872501373291","526","18.382","4.118","0","2.5517895340237","0.382161417248604","15.38251524",
"10/25/1983","66.5625","38.872501373291","526","19.363","6.673","0","2.81168439492013","0.31517755023109","15.11218386",
"10/26/1983","66.5625","38.872501373291","526","17.214","3.851","0","2.75711795246006","0.390350084092253","14.7229884",
"10/27/1983","66.5625","38.872501373291","526","22.09","8.17099999999999","0","2.62405583399024","0.323864303738718","14.69925198",
"10/28/1983","66.5625","38.872501373291","526","23.832","8.70600000000002","0","2.57660388062224","0.316948075012969","14.34285108",
"10/29/1983","66.5625","38.872501373291","526","18.33","6.93000000000001","0","2.7980685823404","0.440422496527688","14.30499132",
"10/30/1983","66.5625","38.872501373291","526","20.311","6.726","0","2.37046852721241","0.446365612540862","14.12151066",
"10/31/1983","66.5625","38.872501373291","526","23.332","9.50400000000002","0","2.74424083921022","0.291749913438699","14.216172192",
"11/1/1983","66.5625","38.872501373291","526","27.084","13.202","0","5.03220319196936","0.169010459013069","14.127248808",
"11/2/1983","66.5625","38.872501373291","526","16.828","5.899","0.024032592","1.74280283779793","0.507118409934162","10.085851692",
"11/3/1983","66.5625","38.872501373291","526","11.269","6.72899999999999","9.1941819264","2.95437362524776","0.755688087468247","3.235162428",
"11/4/1983","66.5625","38.872501373291","526","15.29","6.05599999999998","1.1432663424","4.4358558923087","0.614141305058069","12.069557748",
"11/5/1983","66.5625","38.872501373291","526","4.60399999999999","-2.39699999999999","7.79685876","3.28039562824983","0.747668926799215","7.162645788",
"11/6/1983","66.5625","38.872501373291","526","11.105","-2.13600000000002","0","4.0406940070257","0.605692222732641","13.584259728",
"11/7/1983","66.5625","38.872501373291","526","13.326","0.738","0","2.31790574550938","0.632191513105854","13.443526332",
"11/8/1983","66.5625","38.872501373291","526","13.597","4.56999999999999","0","2.83412384705033","0.534520536795794","12.595163148",
"11/9/1983","66.5625","38.872501373291","526","12.521","4.68599999999998","0.062656416","2.20915576473286","0.661171206811943","11.987046648",
"11/10/1983","66.5625","38.872501373291","526","12.408","2.77699999999999","0","2.22129654102219","0.665687531691869","12.86279892",
"11/11/1983","66.5625","38.872501373291","526","17.033","5.65800000000002","0","3.81309393256886","0.522363550608125","12.8116701",
"11/12/1983","66.5625","38.872501373291","526","17.911","6.52300000000002","0","5.41512624387293","0.444825585052341","10.932072768",
"11/13/1983","66.5625","38.872501373291","526","22.381","10.905","0.0343322856","4.88212188081515","0.467668334977512","12.204733716",
"11/14/1983","66.5625","38.872501373291","526","22.316","12.967","0","3.37742593571488","0.499533440838712","11.794890852",
"11/15/1983","66.5625","38.872501373291","526","19.177","8.49700000000001","0","2.2235328932041","0.627408041017263","11.620692468",
"11/16/1983","66.5625","38.872501373291","526","15.075","7.94","5.34553488","2.57960143967662","0.844450402992737","4.3386138",
"11/17/1983","66.5625","38.872501373291","526","15.926","6.64600000000002","0.348472764","3.96221246908684","0.689711741252833","11.760975288",
"11/18/1983","66.5625","38.872501373291","526","18.331","10.012","0","5.5126988639297","0.475459327361907","9.895665168",
"11/19/1983","66.5625","38.872501373291","526","19.436","11.501","0","5.73124806618072","0.366331978409737","10.08084528",
"11/20/1983","66.5625","38.872501373291","526","18.531","9.76499999999999","0","2.50069974445221","0.418312819802021","10.13816106",
"11/21/1983","66.5625","38.872501373291","526","17.777","8.18400000000003","0","2.98220373689913","0.570198518505783","11.119379382",
"11/22/1983","66.5625","38.872501373291","526","20.545","9.88099999999997","0","3.67188654565254","0.498104167806929","11.231715348",
"11/23/1983","66.5625","38.872501373291","526","19.821","12.301","0","4.00993832618855","0.383274009337696","9.253069812",
"11/24/1983","66.5625","38.872501373291","526","19.16","8.43700000000001","0","2.11156242196659","0.509132843270839","10.9020303",
"11/25/1983","66.5625","38.872501373291","526","17.621","9.20600000000002","0","2.90479267153444","0.584160401270197","10.72968948",
"11/26/1983","66.5625","38.872501373291","526","9.577","-1.83199999999999","4.880333916","3.34809171002665","0.852438085334025","3.6216549",
"11/27/1983","66.5625","38.872501373291","526","5.89600000000002","-2.62400000000002","0","1.87312267202503","0.836918852637525","10.994962302",
"11/28/1983","66.5625","38.872501373291","526","14.081","3.53199999999998","0","3.86839777394866","0.603079694446291","10.772158698",
"11/29/1983","66.5625","38.872501373291","526","16.859","7.58300000000003","0","2.84836086708165","0.608245944699","10.5325335",
"11/30/1983","66.5625","38.872501373291","526","17.669","10.065","0","3.66347433115433","0.53195549917507","9.32770926",
"12/1/1983","66.5625","38.872501373291","526","16.671","10.551","2.0582196624","3.74583466481257","0.614166328327213","8.43041691",
"12/2/1983","66.5625","38.872501373291","526","15.203","6.339","0.209426868","2.11978474119495","0.679892349069326","10.21944195",
"12/3/1983","66.5625","38.872501373291","526","13.415","6.03899999999999","0.988769808","3.18957913488826","0.717317360801905","7.270596",
"12/4/1983","66.5625","38.872501373291","526","5.14600000000002","0.432999999999993","1.4419555632","2.25033906399365","0.835637176238556","6.49119105",
"12/5/1983","66.5625","38.872501373291","526","8.243","-0.350000000000023","0","1.56574477045457","0.762845660377154","10.30072635",
"12/6/1983","66.5625","38.872501373291","526","10.331","1.50599999999997","0","1.57118168311752","0.752739553951359","9.83525373",
"12/7/1983","66.5625","38.872501373291","526","11.851","2.32400000000001","0","2.2754498763614","0.632122650215441","10.2375513",
"12/8/1983","66.5625","38.872501373291","526","13.932","3.27300000000002","0","2.31995680693903","0.444311394651075","9.87429708",
"12/9/1983","66.5625","38.872501373291","526","16.689","7.202","0","4.5861941021054","0.476396684994","9.93796848",
"12/10/1983","66.5625","38.872501373291","526","12.526","5.815","18.838120932","4.01091964659481","0.726924949909322","1.25887482",
"12/11/1983","66.5625","38.872501373291","526","15.483","5.56700000000001","0","3.84837313500977","0.585315853923446","9.79593849",
"12/12/1983","66.5625","38.872501373291","526","16.569","9.52999999999997","0.31414032","4.09659455073736","0.602221289864379","6.95615166",
"12/13/1983","66.5625","38.872501373291","526","11.515","7.00200000000001","21.42849096","3.70702304102598","0.802763176774615","0.82057536",
"12/14/1983","66.5625","38.872501373291","526","10.985","4.09699999999998","0","3.37929241164332","0.674013852016433","9.78271785",
"12/15/1983","66.5625","38.872501373291","526","7.60199999999998","-2.601","6.308551476","3.34719395434026","0.815328337170943","5.04275715",
"12/16/1983","66.5625","38.872501373291","526","0.0830000000000268","-5.78199999999998","1.314926208","1.64170084691586","0.890613911201901","7.58255202",
"12/17/1983","66.5625","38.872501373291","526","1.19600000000003","-4.97199999999998","1.18789632","1.8223833073964","0.811778924608117","10.23029631",
"12/18/1983","66.5625","38.872501373291","526","-1.05799999999999","-7.45800000000003","0","2.21495873618604","0.68199194512978","10.33076313",
"12/19/1983","66.5625","38.872501373291","526","0.336999999999989","-8.678","0","1.52388961408251","0.740162701652421","10.32469578",
"12/20/1983","66.5625","38.872501373291","526","0.230000000000018","-8.53100000000001","0","1.30218918317478","0.738343023299692","10.26326502",
"12/21/1983","66.5625","38.872501373291","526","-0.0670000000000073","-10.88","0","1.36093606065445","0.804717780485678","10.235535048",
"12/22/1983","66.5625","38.872501373291","526","-0.432999999999993","-10.327","0","1.32103435059291","0.766122384699631","10.27344123",
"12/23/1983","66.5625","38.872501373291","526","0.644000000000005","-9.21300000000002","0","1.50955193265404","0.773687258781632","10.223151552",
"12/24/1983","66.5625","38.872501373291","526","-0.0369999999999777","-9.608","0","1.29212371386981","0.850186620561023","9.8764326",
"12/25/1983","66.5625","38.872501373291","526","0.478000000000009","-8.983","0","1.64768658358867","0.793855931016147","10.21449483",
"12/26/1983","66.5625","38.872501373291","526","3.53800000000001","-7.35399999999999","0","2.47547428419031","0.708390079845977","10.3464576",
"12/27/1983","66.5625","38.872501373291","526","7.66800000000001","-1.20699999999999","0","3.32938369505159","0.609228020860829","9.78778152",
"12/28/1983","66.5625","38.872501373291","526","3.63400000000001","-0.588000000000022","0.274658076","2.67851984410142","0.759804241978097","5.27310045",
"12/29/1983","66.5625","38.872501373291","526","6.37","0.204999999999984","1.253128356","4.85693109816017","0.764134232134518","8.73568341",
"12/30/1983","66.5625","38.872501373291","526","7.68799999999999","2.95600000000002","0.0720978192","7.21389724577751","0.714129154372309","9.222523812",
"12/31/1983","66.5625","38.872501373291","526","4.89800000000002","-5.94999999999999","11.2026169224","3.43780772433791","0.880771985800339","1.707806088",
"1/1/1984","66.5625","38.872501373291","526","1.00799999999998","-9.04599999999999","0","4.58817186060821","0.802259102774679","10.458901512",
"1/2/1984","66.5625","38.872501373291","526","4.83699999999999","-0.225999999999999","0","5.45767259932623","0.767674312052319","8.188085268",
"1/3/1984","66.5625","38.872501373291","526","3.14600000000002","-0.971000000000004","0.8617397904","2.34386410430639","0.867142084203934","8.433841698",
"1/4/1984","66.5625","38.872501373291","526","3.55599999999998","-9.63200000000001","8.754729624","4.09496499874852","0.938020123575961","4.6546866",
"1/5/1984","66.5625","38.872501373291","526","0.658000000000015","-9.37","0","2.93524875163976","0.800299514675858","10.666184724",
"1/6/1984","66.5625","38.872501373291","526","1.85399999999998","-5.98399999999998","0","2.90410333247977","0.764465377855184","10.89866574",
"1/7/1984","66.5625","38.872501373291","526","4.11700000000002","-3.85000000000002","0","3.0487778979741","0.720896779295877","10.883251152",
"1/8/1984","66.5625","38.872501373291","526","5.44299999999998","-1.589","0","5.1867630329327","0.711962760534523","10.487755008",
"1/9/1984","66.5625","38.872501373291","526","5.39999999999998","2.66699999999997","4.4237133504","5.62608870591177","0.763550852443893","2.121750558",
"1/10/1984","66.5625","38.872501373291","526","5.16899999999998","1.70100000000002","8.878327092","2.5334309100281","0.906100956276185","2.54638215",
"1/11/1984","66.5625","38.872501373291","526","1.755","-3.73000000000002","4.78935072","1.48860411886866","0.961601020713573","5.417383428",
"1/12/1984","66.5625","38.872501373291","526","2.19499999999999","-3.88400000000001","0","2.31446802480079","0.923163241672785","9.015240132",
"1/13/1984","66.5625","38.872501373291","526","3.553","-3.44999999999999","0","3.24807061617359","0.854616890214346","11.081252592",
"1/14/1984","66.5625","38.872501373291","526","3.32400000000001","-5.53300000000002","0","1.8995570840969","0.810627310929287","10.87729038",
"1/15/1984","66.5625","38.872501373291","526","1.993","-7.58499999999998","0","2.41493059823915","0.838185946552657","10.593903132",
"1/16/1984","66.5625","38.872501373291","526","0.995999999999981","-4.52499999999998","0.6402969576","2.09507905956471","0.946615957339729","5.05918026",
"1/17/1984","66.5625","38.872501373291","526","1.553","-6.82600000000002","0","2.73929257281728","0.864019578211753","11.26817064",
"1/18/1984","66.5625","38.872501373291","526","-0.173000000000002","-14.307","0","1.59335437017367","0.879036144214371","11.628621144",
"1/19/1984","66.5625","38.872501373291","526","-0.52600000000001","-12.614","0","1.98395619207304","0.903612405459882","11.6168022",
"1/20/1984","66.5625","38.872501373291","526","-0.663000000000011","-15.294","0.2368929024","1.66245288787629","0.92038622642701","10.815464412",
"1/21/1984","66.5625","38.872501373291","526","-2.63400000000001","-15.899","0.4652029872","1.68963186846865","0.951974490335198","8.52260688",
"1/22/1984","66.5625","38.872501373291","526","-0.767999999999972","-15.043","0.1527786072","1.36166464708055","0.943323842387808","10.281095532",
"1/23/1984","66.5625","38.872501373291","526","-0.692999999999984","-16.839","0.0343322784","1.40439842303479","0.930111833802744","11.7731232",
"1/24/1984","66.5625","38.872501373291","526","0.0409999999999968","-12.561","0","2.29478930407048","0.858540368117186","12.290513472",
"1/25/1984","66.5625","38.872501373291","526","0.0520000000000209","-14.817","0.0308990592","1.35273059817718","0.891131877377937","11.751240888",
"1/26/1984","66.5625","38.872501373291","526","0.372000000000014","-10.983","0.0823974264","1.94439096398029","0.942579381730156","11.22086574",
"1/27/1984","66.5625","38.872501373291","526","-1.255","-7.32499999999999","0.4549028472","2.51175219910277","0.949989741863689","10.81130508",
"1/28/1984","66.5625","38.872501373291","526","-0.120999999999981","-15.424","0","1.78591372219376","0.907370146086506","12.66277734",
"1/29/1984","66.5625","38.872501373291","526","1.036","-7.13499999999999","0","2.60738670071866","0.794988463235539","12.9725433",
"1/30/1984","66.5625","38.872501373291","526","1.64100000000002","-4.75599999999997","0.5596159392","2.10028376764402","0.770698271985431","8.449709472",
"1/31/1984","66.5625","38.872501373291","526","-0.288999999999987","-6.40100000000001","3.59287128","1.66966285005068","0.951932676946272","8.047463652",
"2/1/1984","66.5625","38.872501373291","526","-2.28500000000003","-14.05","6.31542456","2.12909655919313","0.920340822848135","9.38503152",
"2/2/1984","66.5625","38.872501373291","526","-1.18799999999999","-15.369","0.1167297624","2.19738388388874","0.858807722030671","13.14281196",
"2/3/1984","66.5625","38.872501373291","526","-3.79599999999999","-18.281","0.367355304","1.48198015593325","0.916073566500367","12.716828568",
"2/4/1984","66.5625","38.872501373291","526","-2.05099999999999","-15.385","0","2.91714585974205","0.815453965905625","13.969625832",
"2/5/1984","66.5625","38.872501373291","526","0.021000000000015","-8.49700000000001","0.140762196","3.01316251994006","0.826367500851603","12.851382528",
"2/6/1984","66.5625","38.872501373291","526","-5.118","-24.199","4.425430176","1.95443789551443","0.9163927149856","7.928718372",
"2/7/1984","66.5625","38.872501373291","526","-4.73599999999999","-24.507","0","2.31373554402795","0.830060803942586","14.52532428",
"2/8/1984","66.5625","38.872501373291","526","1.73700000000002","-9.45999999999998","4.2709350384","5.92363273506562","0.861970317242978","7.159052952",
"2/9/1984","66.5625","38.872501373291","526","1.82299999999998","-4.24099999999999","5.790139956","1.96112875218627","0.976726096021551","4.06524762",
"2/10/1984","66.5625","38.872501373291","526","0.37700000000001","-7.72199999999998","0.3433229064","1.36531534204729","0.953230213278966","13.065183468",
"2/11/1984","66.5625","38.872501373291","526","-1.33999999999997","-18.98","6.1695089064","1.50763841612637","0.939589138983877","8.629427592",
"2/12/1984","66.5625","38.872501373291","526","1.06900000000002","-6.93099999999998","0","3.31561736747504","0.87224810618394","15.04299258",
"2/13/1984","66.5625","38.872501373291","526","2.28699999999998","-2.42099999999999","0.439453116","1.56248855537755","0.952758521551407","10.93325688",
"2/14/1984","66.5625","38.872501373291","526","2.52699999999999","-0.975000000000023","6.17980716","2.426930803992","0.993107729986393","4.88429874",
"2/15/1984","66.5625","38.872501373291","526","-0.182000000000016","-12.201","4.339600164","3.36267710893544","0.941051849919359","8.086104",
"2/16/1984","66.5625","38.872501373291","526","-5.96899999999999","-20.408","0.9853363944","1.93357177622923","0.898376054088653","14.43802338",
"2/17/1984","66.5625","38.872501373291","526","-6.82799999999997","-24.251","0.0892639224","1.36894581340236","0.852222181832473","15.30269316",
"2/18/1984","66.5625","38.872501373291","526","-7.53699999999998","-22.775","0.8583066432","2.12020567627825","0.875942436044882","13.357971",
"2/19/1984","66.5625","38.872501373291","526","-8.03800000000001","-25.639","0.1647949536","2.28211555378301","0.842034476759942","16.2408375",
"2/20/1984","66.5625","38.872501373291","526","-7.06799999999998","-24.701","0.274658364","2.54512605059598","0.835503385909797","15.4993527",
"2/21/1984","66.5625","38.872501373291","526","-6.577","-26.781","0.1029968424","2.28066613181405","0.829918689789046","16.00509816",
"2/22/1984","66.5625","38.872501373291","526","-3.91300000000001","-24.824","0","1.55509946125628","0.825927823514279","17.06827734",
"2/23/1984","66.5625","38.872501373291","526","-2.65899999999999","-22.296","0","2.0537961284688","0.843335212474389","17.31054492",
"2/24/1984","66.5625","38.872501373291","526","-0.954999999999984","-19.146","0","1.91386201367157","0.85504397271507","17.68431852",
"2/25/1984","66.5625","38.872501373291","526","-0.454999999999984","-18.59","0.2025604944","1.74519317411243","0.923460246660787","14.21352918",
"2/26/1984","66.5625","38.872501373291","526","-0.833000000000027","-11.679","0.3398894208","2.30031851516321","0.930780316442121","14.68636398",
"2/27/1984","66.5625","38.872501373291","526","0.404999999999973","-13.246","0.06179814","2.08952110693745","0.87182308546824","17.10629964",
"2/28/1984","66.5625","38.872501373291","526","0.605000000000018","-8.26299999999998","0.0514984392","2.03921757599944","0.935671042656436","15.74358678",
"2/29/1984","66.5625","38.872501373291","526","1.83800000000002","-3.82900000000001","0.0686645568","3.29455774486186","0.869467915486617","16.56927954",
"3/1/1984","66.5625","38.872501373291","526","3.01499999999999","1.47199999999998","2.0290383864","3.90652719992969","0.907535052674593","11.04036156",
"3/2/1984","66.5625","38.872501373291","526","3.41399999999999","2.72000000000003","0.9098051184","3.557063733752","0.942728484741595","15.413285232",
"3/3/1984","66.5625","38.872501373291","526","3.77300000000002","0.348000000000013","10.68420978","4.55492553154894","0.941440446953227","6.186374172",
"3/4/1984","66.5625","38.872501373291","526","0.565999999999974","-13.088","2.022171624","1.14774746812795","0.97777732299341","16.74708804",
"3/5/1984","66.5625","38.872501373291","526","0.341000000000008","-15.937","0.0137329056","1.37210616964848","0.956114582758188","17.99673228",
"3/6/1984","66.5625","38.872501373291","526","1.476","-8.27499999999998","0.1132965576","1.52778379287847","0.937374253390636","15.74167428",
"3/7/1984","66.5625","38.872501373291","526","3.09199999999998","-0.504999999999995","3.6684084384","1.71551119347746","0.973837975524918","9.11992392",
"3/8/1984","66.5625","38.872501373291","526","3.38999999999999","2.00400000000002","8.929824732","2.42294399364979","0.975221419268835","4.5783558",
"3/9/1984","66.5625","38.872501373291","526","4.02800000000002","-0.40300000000002","30.60372996","3.14544226212938","0.97774386254032","1.415869092",
"3/10/1984","66.5625","38.872501373291","526","0.615000000000009","-5.30200000000002","0.841140576","1.93714238270284","0.981108565632614","10.60734456",
"3/11/1984","66.5625","38.872501373291","526","1.483","-5.33199999999999","1.596450924","2.62116768967521","0.961480342553113","10.21488948",
"3/12/1984","66.5625","38.872501373291","526","4.77199999999999","-2.40899999999999","0.0446319864","4.18532792364553","0.862363452941307","17.12581704",
"3/13/1984","66.5625","38.872501373291","526","7.46699999999998","3.68400000000003","0.933837804","4.18855893510213","0.83436114612904","14.304716532",
"3/14/1984","66.5625","38.872501373291","526","6.48500000000001","2.63099999999997","1.51748658","2.93850232683391","0.970242667049668","9.95315004",
"3/15/1984","66.5625","38.872501373291","526","6.79199999999997","3.096","3.6495198864","4.4516596666014","0.972763246616273","7.46611551",
"3/16/1984","66.5625","38.872501373291","526","6.16500000000002","2.70499999999998","4.3361671608","4.93409991999871","0.976128037400923","9.185234058",
"3/17/1984","66.5625","38.872501373291","526","6.64100000000002","-0.322999999999979","28.44429228","4.36172402688959","0.97109261562021","3.97951785",
"3/18/1984","66.5625","38.872501373291","526","1.84800000000001","-2.30399999999997","0.0137329056","4.52938360744146","0.899666551433607","20.22401178",
"3/19/1984","66.5625","38.872501373291","526","5.36900000000003","1.35700000000003","0","7.68560064536101","0.863813933303396","20.67412851",
"3/20/1984","66.5625","38.872501373291","526","6.762","3.57799999999997","0.2231599752","5.90504202479959","0.934513986477077","15.88966803",
"3/21/1984","66.5625","38.872501373291","526","7.12200000000001","1.661","1.1741639904","2.77626232831994","0.966541301132165","14.13652572",
"3/22/1984","66.5625","38.872501373291","526","9.32999999999998","3.91000000000003","0.0205993728","3.5628396114371","0.980181311169169","17.65659276",
"3/23/1984","66.5625","38.872501373291","526","11.585","4.15899999999999","0.078964236","4.70502775084791","0.884129011926439","14.41108638",
"3/24/1984","66.5625","38.872501373291","526","14.575","6.11200000000002","0.5252838048","5.33921680275467","0.868095271347111","14.00781978",
"3/25/1984","66.5625","38.872501373291","526","13.179","4.58300000000003","3.632357232","6.15285481619843","0.887841893996838","15.652010538",
"3/26/1984","66.5625","38.872501373291","526","17.545","6.45100000000002","1.2702927528","6.98543001409419","0.784920360701159","15.8240781",
"3/27/1984","66.5625","38.872501373291","526","13.803","6.15300000000002","22.01041512","4.73020018489573","0.928005979171272","3.438168966",
"3/28/1984","66.5625","38.872501373291","526","9.78800000000001","2.74599999999998","10.7734638672","1.57860938819432","0.965838627629541","11.669966352",
"3/29/1984","66.5625","38.872501373291","526","11.321","0.817000000000007","0.0274658184","1.50427671169715","0.921060249656271","15.2455482",
"3/30/1984","66.5625","38.872501373291","526","14.107","0.490000000000009","0","2.14842824129171","0.862285169114361","20.17473768",
"3/31/1984","66.5625","38.872501373291","526","12.27","5.899","1.9363403664","2.20284081564739","0.896771152182407","14.57567406",
"4/1/1984","66.5625","38.872501373291","526","14.168","3.99099999999999","0.0343322856","1.91967542703857","0.866723759900545","17.11372248",
"4/2/1984","66.5625","38.872501373291","526","15.168","2.94799999999998","0","1.9565105764492","0.637239467234509","23.610433248",
"4/3/1984","66.5625","38.872501373291","526","13.878","4.48099999999999","1.39560678","2.59244127975722","0.7671341608533","17.35554528",
"4/4/1984","66.5625","38.872501373291","526","13.152","4.88","0.109863252","2.76680149996224","0.77736869208459","22.496512248",
"4/5/1984","66.5625","38.872501373291","526","10.772","3.47000000000003","0","1.80648555695899","0.775493908258777","17.33388732",
"4/6/1984","66.5625","38.872501373291","526","14.316","0.98399999999998","0","2.50764683820348","0.638926848240726","24.35889888",
"4/7/1984","66.5625","38.872501373291","526","15.45","3.58699999999999","0.044631972","2.48534063015124","0.642021027062889","23.98584384",
"4/8/1984","66.5625","38.872501373291","526","15.43","6.30799999999999","0.3913880544","3.3574605528888","0.652943397574857","15.62973732",
"4/9/1984","66.5625","38.872501373291","526","20.834","8.80799999999999","1.4385210984","5.21736375734575","0.61380330758678","24.12619416",
"4/10/1984","66.5625","38.872501373291","526","24.466","13.812","0.679779108","9.62108236681972","0.496390105521157","22.52255328",
"4/11/1984","66.5625","38.872501373291","526","21.389","12.066","0.185394384","2.98430518703505","0.621619211402295","21.99707964",
"4/12/1984","66.5625","38.872501373291","526","25.921","12.227","4.318999452","4.35525077283063","0.634300498973374","22.78000656",
"4/13/1984","66.5625","38.872501373291","526","13.509","5.47399999999999","1.215362952","2.41895366053127","0.823214496062088","18.952823232",
"4/14/1984","66.5625","38.872501373291","526","17.179","2.40899999999999","0","2.0658210286407","0.669941193539475","25.34287608",
"4/15/1984","66.5625","38.872501373291","526","19.194","3.71899999999999","0","2.23503375939712","0.59551400095335","25.88387976",
"4/16/1984","66.5625","38.872501373291","526","22.257","4.97199999999998","0","2.22815140655369","0.583620552878503","26.0419446",
"4/17/1984","66.5625","38.872501373291","526","23.403","6.89699999999999","0","1.59676183004953","0.554996898707628","26.264871",
"4/18/1984","66.5625","38.872501373291","526","23.789","10.539","0.05493168","3.49172874356929","0.496022218393682","22.51850652",
"4/19/1984","66.5625","38.872501373291","526","14.334","6.92399999999998","2.6641841688","2.68991098664974","0.854837471572753","6.36328296",
"4/20/1984","66.5625","38.872501373291","526","13.805","6.90600000000001","0.487518552","3.31218377201034","0.734864758241413","12.7629036",
"4/21/1984","66.5625","38.872501373291","526","22.078","9.13900000000001","0","4.31022317479167","0.572333862582492","26.3774826",
"4/22/1984","66.5625","38.872501373291","526","26.111","12.725","0","3.84611834600684","0.363580832112861","22.30127316",
"4/23/1984","66.5625","38.872501373291","526","28.317","15.326","0","3.75214739429297","0.361743419079586","25.87747572",
"4/24/1984","66.5625","38.872501373291","526","26.526","14.519","0","2.62673735633183","0.466417022516821","21.4986906",
"4/25/1984","66.5625","38.872501373291","526","30.433","17.33","0","4.26294195245957","0.41884028878292","24.79909869",
"4/26/1984","66.5625","38.872501373291","526","25.314","14.578","3.7765488384","3.44314729315272","0.59133712588535","24.42971979",
"4/27/1984","66.5625","38.872501373291","526","15.138","7.24400000000003","10.70136954","2.41036687248791","0.837823411000667","13.53672405",
"4/28/1984","66.5625","38.872501373291","526","20.069","4.072","0","2.23924212748023","0.599000439085954","27.901021608",
"4/29/1984","66.5625","38.872501373291","526","21.436","7.048","0","2.57150533357406","0.483903741361711","27.8972442",
"4/30/1984","66.5625","38.872501373291","526","24.88","10.557","0.0137329056","2.45037394862893","0.370615650291182","25.07248134",
"5/1/1984","66.5625","38.872501373291","526","26.699","14.863","0","5.39461020419804","0.387752492808607","27.42496434",
"5/2/1984","66.5625","38.872501373291","526","29.389","11.428","1.62048618","5.47064259652845","0.374021031847174","20.54171844",
"5/3/1984","66.5625","38.872501373291","526","17.914","6.16199999999998","0.472069116","3.74932717479089","0.527281932998288","28.218033072",
"5/4/1984","66.5625","38.872501373291","526","21.895","6.755","0","2.77390578509599","0.446833802748715","28.030103352",
"5/5/1984","66.5625","38.872501373291","526","25.603","9.31700000000001","0","2.82705184904023","0.522224672026533","26.932556448",
"5/6/1984","66.5625","38.872501373291","526","24.944","13.781","0.11672964","2.94908412522226","0.517710829303526","21.75255702",
"5/7/1984","66.5625","38.872501373291","526","20.338","11.556","1.09176624","2.60651767838434","0.617636797018662","21.687641568",
"5/8/1984","66.5625","38.872501373291","526","19.244","9.12","0.3364563168","2.25053016752405","0.622332083017323","28.20420522",
"5/9/1984","66.5625","38.872501373291","526","23.589","8.96699999999998","0","2.9670152844331","0.51681449309081","27.737772192",
"5/10/1984","66.5625","38.872501373291","526","24.781","9.63600000000002","0","2.81711087138915","0.468050505528201","28.645597512",
"5/11/1984","66.5625","38.872501373291","526","24.033","9.05200000000002","0","2.44668815598416","0.418248476941921","27.59163876",
"5/12/1984","66.5625","38.872501373291","526","21.699","8.51600000000002","0","2.79166335963438","0.404568200149622","29.092557312",
"5/13/1984","66.5625","38.872501373291","526","21.317","9.512","0","3.26986340880614","0.404441597999686","29.265470712",
"5/14/1984","66.5625","38.872501373291","526","22.859","10.097","0","2.6414062058511","0.375217033445254","29.230993872",
"5/15/1984","66.5625","38.872501373291","526","22.506","12.043","0","2.99304058324033","0.411001622273525","28.596489192",
"5/16/1984","66.5625","38.872501373291","526","22.99","12.982","0","3.9319902500392","0.363545240668239","28.234469088",
"5/17/1984","66.5625","38.872501373291","526","25.43","13.906","0","3.111551211572","0.305191093439724","29.13485544",
"5/18/1984","66.5625","38.872501373291","526","26.237","12.843","0","3.50028454687459","0.320540755926603","28.42036488",
"5/19/1984","66.5625","38.872501373291","526","24.43","13.678","0","3.57721510019826","0.387415276026399","22.78709496",
"5/20/1984","66.5625","38.872501373291","526","25.971","13.555","0","2.79437244879971","0.374319361336099","28.89185832",
"5/21/1984","66.5625","38.872501373291","526","27.562","14.693","0","2.43926884850079","0.355628926387426","29.47623228",
"5/22/1984","66.5625","38.872501373291","526","30.138","17.689","0","3.62372631830474","0.268358372153662","28.34425908",
"5/23/1984","66.5625","38.872501373291","526","25.033","16.309","0.439453224","2.66016021885107","0.452673713814809","25.611187608",
"5/24/1984","66.5625","38.872501373291","526","28.628","13.339","0","2.53390475901971","0.33353336423012","29.81829528",
"5/25/1984","66.5625","38.872501373291","526","28.767","15.706","0","2.81120279788641","0.286779599712219","29.36266992",
"5/26/1984","66.5625","38.872501373291","526","31.59","16.485","0","3.74002029059217","0.210604838352895","30.17925684",
"5/27/1984","66.5625","38.872501373291","526","27.796","19.484","2.2865291064","3.74080415544902","0.315277722060779","16.6011192",
"5/28/1984","66.5625","38.872501373291","526","32.43","17.736","0","3.29541837846584","0.279953260767155","28.84634424",
"5/29/1984","66.5625","38.872501373291","526","35.467","22.032","0","4.51646547019574","0.235306009053933","29.62991448",
"5/30/1984","66.5625","38.872501373291","526","39.228","25.179","0","5.40987277253361","0.172579176498889","30.21671124",
"5/31/1984","66.5625","38.872501373291","526","37.848","23.07","0","3.09580981990849","0.228378512960332","29.77429824",
"6/1/1984","66.5625","38.872501373291","526","31.945","20.622","0","3.64940750876533","0.313896450455304","29.11533696",
"6/2/1984","66.5625","38.872501373291","526","29.219","17.923","0","3.52996013717594","0.354642344071493","27.756677808",
"6/3/1984","66.5625","38.872501373291","526","30.968","15.316","0","2.49521686819082","0.359942562426511","30.05385876",
"6/4/1984","66.5625","38.872501373291","526","31.382","15.352","0","2.96499809190862","0.293952807387566","30.59330868",
"6/5/1984","66.5625","38.872501373291","526","30.128","16.821","0","3.92219478258256","0.260459614908088","30.82234968",
"6/6/1984","66.5625","38.872501373291","526","30.986","13.472","0","2.74287476098444","0.249010970167828","31.73083704",
"6/7/1984","66.5625","38.872501373291","526","32.535","16.075","0","3.15720322825942","0.171606220528254","31.09845384",
"6/8/1984","66.5625","38.872501373291","526","32.965","16.495","0","2.34771525744475","0.19381068178406","26.91337644",
"6/9/1984","66.5625","38.872501373291","526","33.403","16.919","0","2.09632676128559","0.262807991570616","29.66169528",
"6/10/1984","66.5625","38.872501373291","526","33.619","17.619","0","2.47703125342269","0.23484655776212","30.92791896",
"6/11/1984","66.5625","38.872501373291","526","33.385","15.686","0","3.09244447121418","0.199395970871346","31.20577344",
"6/12/1984","66.5625","38.872501373291","526","34.241","19.487","0","5.49765342313302","0.160282325608095","31.35780684",
"6/13/1984","66.5625","38.872501373291","526","35.924","19.489","0","4.65467507584291","0.166650212834109","31.05518652",
"6/14/1984","66.5625","38.872501373291","526","32.899","20.217","0","4.49616080067365","0.286923385898491","30.91128768",
"6/15/1984","66.5625","38.872501373291","526","34.671","19.058","0","2.68685716810769","0.210153576712205","31.60884816",
"6/16/1984","66.5625","38.872501373291","526","26.72","14.996","0","3.33386317201136","0.262299041014151","31.089825",
"6/17/1984","66.5625","38.872501373291","526","28.217","12.583","0","4.17133240916736","0.274465564843348","31.84451712",
"6/18/1984","66.5625","38.872501373291","526","30.096","12.498","0","3.50946195313532","0.165858138023268","32.230584",
"6/19/1984","66.5625","38.872501373291","526","31.01","15.858","0","4.20752139980828","0.215479790748616","31.12927416",
"6/20/1984","66.5625","38.872501373291","526","31.869","16.898","0","4.10092154150988","0.28069768957352","31.03559748",
"6/21/1984","66.5625","38.872501373291","526","32.954","18.634","0","4.06409899775399","0.196043527168458","31.5529632",
"6/22/1984","66.5625","38.872501373291","526","35.883","20.005","0","4.34074157056033","0.168494936246138","31.6472562",
"6/23/1984","66.5625","38.872501373291","526","37.034","23.05","0","3.74661076302987","0.127303486401529","31.46938524",
"6/24/1984","66.5625","38.872501373291","526","37.557","22.66","0","3.23963827763474","0.123279629490208","31.31579988",
"6/25/1984","66.5625","38.872501373291","526","38.681","22.394","0","3.97014393207911","0.132325040143714","31.21561224",
"6/26/1984","66.5625","38.872501373291","526","36.413","22.435","0","4.40253877286389","0.183059258716003","30.87269388",
"6/27/1984","66.5625","38.872501373291","526","35.28","23.064","0","4.84009396883481","0.242116790975765","30.59943624",
"6/28/1984","66.5625","38.872501373291","526","33.115","22.055","0","5.14300525136774","0.220601198604385","27.80578656",
"6/29/1984","66.5625","38.872501373291","526","31.914","22.33","0","5.77570194553381","0.258961530955678","23.68681344",
"6/30/1984","66.5625","38.872501373291","526","33.723","19.974","0","5.45127197979602","0.21016796444457","30.65680944",
"7/1/1984","66.5625","38.872501373291","526","35.317","20.354","0","4.15884909548441","0.201392020298844","29.26546416",
"7/2/1984","66.5625","38.872501373291","526","35.932","21.931","0","4.50607167183643","0.173066292752139","30.8062188",
"7/3/1984","66.5625","38.872501373291","526","33.811","21.477","0","5.33679176362325","0.240154180459282","29.65274712",
"7/4/1984","66.5625","38.872501373291","526","36.384","21.096","0","4.64097714401961","0.210068987313795","30.4723152",
"7/5/1984","66.5625","38.872501373291","526","37.405","22.497","0","4.58392858245593","0.159042033834974","30.6158652",
"7/6/1984","66.5625","38.872501373291","526","36.773","22.913","0","4.77582654109057","0.166052277428086","30.70945836",
"7/7/1984","66.5625","38.872501373291","526","35.44","23.338","0","5.9803802922269","0.217067120273287","30.73213296",
"7/8/1984","66.5625","38.872501373291","526","36.749","22.069","0","5.05507088366259","0.170842321231019","30.51545544",
"7/9/1984","66.5625","38.872501373291","526","37.605","21.846","0","4.53984276169929","0.157536203243627","30.93157908",
"7/10/1984","66.5625","38.872501373291","526","37.452","22.853","0","4.20516377335485","0.131315901362514","30.8831004",
"7/11/1984","66.5625","38.872501373291","526","38.189","23.88","0","5.26870625821856","0.165898624899531","30.54819672",
"7/12/1984","66.5625","38.872501373291","526","38.565","24.021","0","4.19731909108794","0.141737747731895","30.81474144",
"7/13/1984","66.5625","38.872501373291","526","38.884","21.695","0","3.13593053889986","0.170535115378246","30.36999204",
"7/14/1984","66.5625","38.872501373291","526","39.396","23.309","0","4.19329552298946","0.135629775721576","30.183534",
"7/15/1984","66.5625","38.872501373291","526","37.087","24.821","0","5.90035684133435","0.169033382358034","30.01195692",
"7/16/1984","66.5625","38.872501373291","526","36.828","22.635","0","4.17371697580302","0.197940337370849","29.86408692",
"7/17/1984","66.5625","38.872501373291","526","37.75","23.843","0","3.57358374729131","0.1924763829693","29.62462572",
"7/18/1984","66.5625","38.872501373291","526","38.795","23.317","0","3.06661462925656","0.175417128294256","29.41621794",
"7/19/1984","66.5625","38.872501373291","526","37.872","20.779","0","3.26443830580385","0.160655105801879","29.501105688",
"7/20/1984","66.5625","38.872501373291","526","36.693","23.515","0","3.62663937744826","0.171366042726557","29.471853528",
"7/21/1984","66.5625","38.872501373291","526","36.579","23.545","0","5.30052020466232","0.198070067477548","29.355412392",
"7/22/1984","66.5625","38.872501373291","526","36.395","22.739","0","4.83413878334094","0.194394153306699","29.70208764",
"7/23/1984","66.5625","38.872501373291","526","36.709","24.234","0","6.80978983512918","0.172778519936195","29.767110408",
"7/24/1984","66.5625","38.872501373291","526","37.101","23.9","0","6.26792371751592","0.194926142798328","28.900296792",
"7/25/1984","66.5625","38.872501373291","526","36.685","25.593","0","7.50320102305317","0.176028179025459","28.7708625",
"7/26/1984","66.5625","38.872501373291","526","36.353","24.691","0","6.31444628193325","0.164326661160219","29.31862356",
"7/27/1984","66.5625","38.872501373291","526","37.03","20.682","0","3.48156447974502","0.207332370296953","29.08535634",
"7/28/1984","66.5625","38.872501373291","526","37.333","21.661","0","3.44405874717652","0.210493897111303","29.249096832",
"7/29/1984","66.5625","38.872501373291","526","37.272","19.85","0","3.81094815968254","0.198611847710569","28.8538965",
"7/30/1984","66.5625","38.872501373291","526","36.847","23.081","0","5.31118961829188","0.173500763515555","28.909526472",
"7/31/1984","66.5625","38.872501373291","526","35.938","21.877","0","5.11687312300106","0.148470878418756","29.284821",
"8/1/1984","66.5625","38.872501373291","526","38.041","22.931","0","4.21878873063764","0.140195256311743","29.405814408",
"8/2/1984","66.5625","38.872501373291","526","39.11","23.838","0","3.66440396055716","0.105423280830762","29.566912608",
"8/3/1984","66.5625","38.872501373291","526","39.734","21.369","0","2.90549272206036","0.0906556159258076","29.6455509",
"8/4/1984","66.5625","38.872501373291","526","39.353","19.84","0","4.040422473701","0.135966084653208","28.4439879",
"8/5/1984","66.5625","38.872501373291","526","37.296","24.14","0","6.03686248867122","0.180769949967753","28.2735576",
"8/6/1984","66.5625","38.872501373291","526","36.608","21.706","0","4.31407897515919","0.196592050658028","28.2647808",
"8/7/1984","66.5625","38.872501373291","526","37.379","23.169","0","3.93765336234025","0.174259929499767","28.13793966",
"8/8/1984","66.5625","38.872501373291","526","38.22","22.139","0","3.1860728031072","0.155094251357922","27.98662743",
"8/9/1984","66.5625","38.872501373291","526","39.134","19.724","0","3.00579970001712","0.14936059317863","27.79976403",
"8/10/1984","66.5625","38.872501373291","526","36.533","20.035","0","2.28442705557809","0.17567005870265","23.19383475",
"8/11/1984","66.5625","38.872501373291","526","38.278","22.482","0","4.21010737514092","0.161377778197369","26.76959946",
"8/12/1984","66.5625","38.872501373291","526","34.567","18.567","0","3.48637854860408","0.256671479351408","26.1003312",
"8/13/1984","66.5625","38.872501373291","526","33.752","20.439","0","4.2669159469958","0.265807211105496","26.81808705",
"8/14/1984","66.5625","38.872501373291","526","36.317","18.788","0","3.53100332113397","0.22086061557002","26.96202468",
"8/15/1984","66.5625","38.872501373291","526","35.986","19.647","0","3.21737209782382","0.189873317798983","27.3858264",
"8/16/1984","66.5625","38.872501373291","526","37.684","20.661","0","3.45935661145052","0.183768859544609","26.85364092",
"8/17/1984","66.5625","38.872501373291","526","38.449","21.932","0","4.1317598690022","0.19077928449925","26.45876016",
"8/18/1984","66.5625","38.872501373291","526","39.51","22.576","0","5.12890574342686","0.142753028451141","26.677404",
"8/19/1984","66.5625","38.872501373291","526","39.33","26.066","0","7.13354890302225","0.105877236080847","26.83243224",
"8/20/1984","66.5625","38.872501373291","526","38.686","26.089","0","7.87348676857421","0.111613728908833","26.66790252",
"8/21/1984","66.5625","38.872501373291","526","38.155","23.856","0","5.75819282071834","0.171449233532483","25.94739852",
"8/22/1984","66.5625","38.872501373291","526","36.577","22.434","0","4.20968722279758","0.172539042510963","25.05560616",
"8/23/1984","66.5625","38.872501373291","526","37.702","23.464","0","5.62786062409712","0.128756638417686","26.1667134",
"8/24/1984","66.5625","38.872501373291","526","36.073","22.134","0","6.27223302098017","0.132426619225647","25.85300364",
"8/25/1984","66.5625","38.872501373291","526","36.716","21.016","0","3.92993234847016","0.153077217748356","25.55691012",
"8/26/1984","66.5625","38.872501373291","526","34.963","20.655","0","3.49057348809808","0.179458607161389","25.25647176",
"8/27/1984","66.5625","38.872501373291","526","36.131","17.411","0","3.2347895673776","0.203381951420776","25.27335396",
"8/28/1984","66.5625","38.872501373291","526","38.351","19.097","0","4.56206419947494","0.128155765860439","25.29506268",
"8/29/1984","66.5625","38.872501373291","526","37.041","22.286","0","5.63547253095193","0.109466800514763","25.55346924",
"8/30/1984","66.5625","38.872501373291","526","37.718","23.109","0","5.40943322259131","0.114210745005109","24.98855652",
"8/31/1984","66.5625","38.872501373291","526","32.533","20.778","0","4.94776037890823","0.21334186135523","24.4456326",
"9/1/1984","66.5625","38.872501373291","526","32.003","15.846","0","3.46896709643683","0.245258536941812","24.63800148",
"9/2/1984","66.5625","38.872501373291","526","31.6","17.299","0","3.23623315721318","0.195999975435165","25.05487464",
"9/3/1984","66.5625","38.872501373291","526","31.253","15.375","0","3.42060051246442","0.174398307694558","24.81024204",
"9/4/1984","66.5625","38.872501373291","526","29.69","12.581","0","3.14596087053083","0.171819464998542","25.05020328",
"9/5/1984","66.5625","38.872501373291","526","29.617","13.666","0","3.35460790071019","0.191499664733157","23.8965804",
"9/6/1984","66.5625","38.872501373291","526","24.295","10.966","0","2.81994939446492","0.388532762042515","23.70155544",
"9/7/1984","66.5625","38.872501373291","526","26.148","11.127","0","2.66205854795411","0.356956017402146","23.53702248",
"9/8/1984","66.5625","38.872501373291","526","27.108","12.194","0","2.80379321538238","0.291824160662151","23.67461376",
"9/9/1984","66.5625","38.872501373291","526","29.575","14.136","0","3.24328669444097","0.263930229025113","23.1793272",
"9/10/1984","66.5625","38.872501373291","526","31.45","14.89","0","3.6280586177899","0.246189607757934","21.27335508",
"9/11/1984","66.5625","38.872501373291","526","25.689","15.966","0","2.9275150115585","0.31304524203708","11.87752356",
"9/12/1984","66.5625","38.872501373291","526","30.645","13.106","0","2.60528679794144","0.333729309881321","23.036175",
"9/13/1984","66.5625","38.872501373291","526","29.819","11.669","0","2.3368519121376","0.311708682293465","22.58673768",
"9/14/1984","66.5625","38.872501373291","526","28.616","15.312","0","3.0091520552306","0.299091568655122","22.230505152",
"9/15/1984","66.5625","38.872501373291","526","30.246","12.952","0","2.5701645106889","0.312446870283813","22.222401192",
"9/16/1984","66.5625","38.872501373291","526","29.907","14.724","0","3.12266438109787","0.240351657185444","22.385755368",
"9/17/1984","66.5625","38.872501373291","526","30.219","12.02","0","2.37657232763351","0.214382304130158","22.18213188",
"9/18/1984","66.5625","38.872501373291","526","22.475","8.56400000000002","0","3.10949508179685","0.268974133396785","16.84619748",
"9/19/1984","66.5625","38.872501373291","526","20.014","4.17500000000001","0","2.69604675502191","0.323729915076502","21.948696648",
"9/20/1984","66.5625","38.872501373291","526","23.805","8.27100000000002","0","3.24904539490935","0.241221331343424","21.89531682",
"9/21/1984","66.5625","38.872501373291","526","24.914","7.74099999999999","0","2.35204538490725","0.239346433704383","21.613444848",
"9/22/1984","66.5625","38.872501373291","526","23.829","7.36099999999999","0","2.64962249280281","0.207250134472742","20.681717472",
"9/23/1984","66.5625","38.872501373291","526","23.933","7.52999999999997","0","2.79491770572406","0.212930523190186","21.00015594",
"9/24/1984","66.5625","38.872501373291","526","25.682","7.14699999999999","0","2.8693658725895","0.239297465944396","20.955091608",
"9/25/1984","66.5625","38.872501373291","526","25.653","12.234","0","2.79825169223435","0.192373443624915","20.739320568",
"9/26/1984","66.5625","38.872501373291","526","25.002","11.4","0","2.97719421107378","0.21614793544253","20.342928888",
"9/27/1984","66.5625","38.872501373291","526","24.205","7.69299999999998","0","2.97452745291915","0.292706025522522","20.18008818",
"9/28/1984","66.5625","38.872501373291","526","25.64","12.424","0","3.51324885272731","0.204668242430187","19.93708656",
"9/29/1984","66.5625","38.872501373291","526","26.086","14.347","0","3.69706839183171","0.200213099300455","19.86912936",
"9/30/1984","66.5625","38.872501373291","526","25.312","10.517","0","3.28536368834324","0.224612163669021","20.10622392",
"10/1/1984","66.5625","38.872501373291","526","24.118","11.21","0","3.15568784175544","0.229547347684971","19.4538906",
"10/2/1984","66.5625","38.872501373291","526","23.616","11.487","0","3.00447851792653","0.306624151121306","19.1130795",
"10/3/1984","66.5625","38.872501373291","526","23.438","10.748","0","3.08649813428137","0.330897127232002","19.01632374",
"10/4/1984","66.5625","38.872501373291","526","24.028","7.19999999999999","0","2.42898591159337","0.270645219405921","19.3206987",
"10/5/1984","66.5625","38.872501373291","526","23.669","7.49799999999999","0","2.72996071540877","0.226809072209484","18.75240198",
"10/6/1984","66.5625","38.872501373291","526","23.968","12.259","0","2.79787420674514","0.235076969702912","16.19706978",
"10/7/1984","66.5625","38.872501373291","526","24.685","12.995","6.662177712","4.0298658113935","0.383198447813529","14.490280188",
"10/8/1984","66.5625","38.872501373291","526","14.4","4.97500000000002","19.902424896","3.35054007180404","0.823792543303478","8.72105886",
"10/9/1984","66.5625","38.872501373291","526","12.691","2.69999999999999","0.0137329056","2.18124149150816","0.671675710868567","17.16772788",
"10/10/1984","66.5625","38.872501373291","526","19.945","5.45600000000002","0","2.26702167211354","0.414500244368411","17.7162759",
"10/11/1984","66.5625","38.872501373291","526","19.615","5.93000000000001","0","2.36687478934466","0.429883431040581","17.26599492",
"10/12/1984","66.5625","38.872501373291","526","16.272","2.43299999999999","0","1.78580863363877","0.587542646988229","17.2604808",
"10/13/1984","66.5625","38.872501373291","526","14.97","3.55399999999997","0","2.45485012346804","0.62791282848451","17.20287936",
"10/14/1984","66.5625","38.872501373291","526","17.625","6.07100000000003","0","2.71711247587299","0.660024330950175","16.864935552",
"10/15/1984","66.5625","38.872501373291","526","19.902","7.92599999999999","0","3.32278171807301","0.570787753325701","16.796193228",
"10/16/1984","66.5625","38.872501373291","526","20.944","9.33300000000003","0","3.10013412463494","0.497448451388326","16.58306628",
"10/17/1984","66.5625","38.872501373291","526","24.72","10.796","0","3.7767186134515","0.319569025004524","16.52259438",
"10/18/1984","66.5625","38.872501373291","526","27.863","16.195","0","6.07754339467167","0.319702715684522","13.75565274",
"10/19/1984","66.5625","38.872501373291","526","29.131","19.068","0","5.69586565049739","0.278603666003921","15.677432028",
"10/20/1984","66.5625","38.872501373291","526","26.454","15.428","0","3.46297416244013","0.30698842792621","14.54574276",
"10/21/1984","66.5625","38.872501373291","526","15.035","3.78100000000001","11.170012932","3.20374411617097","0.800623889669061","1.977806412",
"10/22/1984","66.5625","38.872501373291","526","10.47","1.339","0","2.75329294902347","0.546418826164053","15.7393746",
"10/23/1984","66.5625","38.872501373291","526","14.179","1.56400000000002","0","2.48120377393344","0.470431739757275","15.667870752",
"10/24/1984","66.5625","38.872501373291","526","15.694","4.50799999999998","0","2.49656323593828","0.51385340089065","15.450865092",
"10/25/1984","66.5625","38.872501373291","526","15.465","3.82600000000002","0","2.3330186318382","0.551039188148702","15.035455692",
"10/26/1984","66.5625","38.872501373291","526","13.866","2.90199999999999","0","2.31911085189291","0.595502112238395","14.831999388",
"10/27/1984","66.5625","38.872501373291","526","14.485","2.31799999999998","0","2.58196855220171","0.633129138582663","14.59620468",
"10/28/1984","66.5625","38.872501373291","526","13.795","2.04399999999998","0","2.07259010205943","0.628986251075473","14.34869856",
"10/29/1984","66.5625","38.872501373291","526","12.568","1.85300000000001","0","2.17542788203291","0.641420384484013","12.046497552",
"10/30/1984","66.5625","38.872501373291","526","15.7","4.41800000000001","0","3.01082041168264","0.490603850026377","14.4411138",
"10/31/1984","66.5625","38.872501373291","526","19.695","8.85000000000002","0","3.08087696798299","0.28978745609149","14.164144308",
"11/1/1984","66.5625","38.872501373291","526","16.834","9.03100000000001","0.0034332264","3.34075037589954","0.362698319306079","13.6569915",
"11/2/1984","66.5625","38.872501373291","526","18.634","8.06700000000001","0.319290156","1.81171425607797","0.445715656246741","13.3836201",
"11/3/1984","66.5625","38.872501373291","526","17.555","7.16199999999998","0","2.611692638082","0.417817378719097","9.9494991",
"11/4/1984","66.5625","38.872501373291","526","14.87","3.464","0","2.17114977962492","0.473710821644629","14.04871902",
"11/5/1984","66.5625","38.872501373291","526","19.381","6.35899999999998","0","2.58608099303274","0.30032172677441","13.126050432",
"11/6/1984","66.5625","38.872501373291","526","19.058","5.87599999999998","0","1.73348441942474","0.344551707418759","11.851546968",
"11/7/1984","66.5625","38.872501373291","526","17.36","6.84899999999999","0","2.18826813414456","0.459846031924653","12.949477632",
"11/8/1984","66.5625","38.872501373291","526","13.585","4.173","0","1.63777265076242","0.581012359904379","11.976191712",
"11/9/1984","66.5625","38.872501373291","526","14.03","3.16899999999998","0","2.0753416942342","0.607658794771281","12.6959022",
"11/10/1984","66.5625","38.872501373291","526","15.18","6.09500000000003","0","2.3617141590538","0.547472035036104","10.9203165",
"11/11/1984","66.5625","38.872501373291","526","16.209","4.09899999999999","0.0549316224","1.31476045408548","0.603767533895118","12.4607817",
"11/12/1984","66.5625","38.872501373291","526","20.376","8.851","0.010299672","5.17903882696051","0.406930519140442","12.416623632",
"11/13/1984","66.5625","38.872501373291","526","18.758","12.48","2.425575636","6.0914622977691","0.526869115314477","11.57608368",
"11/14/1984","66.5625","38.872501373291","526","15.496","7.54000000000002","3.622054896","5.03909774796652","0.6121841567284","6.395568732",
"11/15/1984","66.5625","38.872501373291","526","11.336","5.34199999999998","0.6282805752","2.45567514736458","0.688594879639595","7.890805152",
"11/16/1984","66.5625","38.872501373291","526","7.00900000000001","1.41000000000003","20.0431908","2.18163846644033","0.905901970248867","2.18205108",
"11/17/1984","66.5625","38.872501373291","526","7.78100000000001","-1.904","0.7003784304","1.39469014244033","0.809653001872205","11.32019748",
"11/18/1984","66.5625","38.872501373291","526","13.008","5.14299999999997","2.90537136","1.90044807890007","0.794989324967896","10.53759852",
"11/19/1984","66.5625","38.872501373291","526","13.258","7.44400000000002","14.740560936","4.28436231554761","0.817177633859104","7.96021812",
"11/20/1984","66.5625","38.872501373291","526","7.84300000000002","2.95699999999999","0.1647948456","1.88202347487897","0.85600857089425","7.8554799",
"11/21/1984","66.5625","38.872501373291","526","8.29000000000002","0.649999999999977","0","1.92733316290229","0.794055342064745","11.260181232",
"11/22/1984","66.5625","38.872501373291","526","6.548","-0.427000000000021","0.1407623328","1.32240601195153","0.833941225428903","9.164194632",
"11/23/1984","66.5625","38.872501373291","526","7.72000000000003","1.97899999999998","7.1823148704","1.74897072244515","0.880521901201269","7.28572527",
"11/24/1984","66.5625","38.872501373291","526","9.86500000000001","3.81299999999999","0","4.53937700602867","0.771469532717118","10.95998058",
"11/25/1984","66.5625","38.872501373291","526","12.705","5.87400000000002","0","6.42303726112577","0.703315462731326","10.47617145",
"11/26/1984","66.5625","38.872501373291","526","14.219","8.42500000000001","1.54838232","7.4479086888387","0.550162181040727","5.09749137",
"11/27/1984","66.5625","38.872501373291","526","9.02100000000002","2.392","4.9249647648","2.78569302125028","0.870843591724904","10.66966632",
"11/28/1984","66.5625","38.872501373291","526","11.002","3.27699999999999","0","3.31456733367272","0.722696358450658","11.0429442",
"11/29/1984","66.5625","38.872501373291","526","14.635","6.02100000000002","0","8.24283758011142","0.564055925054295","10.55767563",
"11/30/1984","66.5625","38.872501373291","526","12.807","-3.73899999999998","6.8441385744","4.14776928097013","0.821317736220466","1.72310625",
"12/1/1984","66.5625","38.872501373291","526","-0.673999999999978","-6.72300000000001","3.0255336792","2.29322706986608","0.902448235003034","8.71683777",
"12/2/1984","66.5625","38.872501373291","526","-2.21899999999999","-10.373","4.037475852","1.94312057362186","0.916843270190615","9.71583543",
"12/3/1984","66.5625","38.872501373291","526","2.01600000000002","-10.133","0","1.68560429811941","0.903278966371976","9.43892127",
"12/4/1984","66.5625","38.872501373291","526","2.37900000000002","-2.404","2.3328780264","1.70004316587216","0.895893726851787","9.60541623",
"12/5/1984","66.5625","38.872501373291","526","-0.142999999999972","-5.20499999999998","1.57928526","1.57500987805499","0.932709198115604","6.4544607",
"12/6/1984","66.5625","38.872501373291","526","0.519999999999982","-5.54700000000003","0.1167296472","1.40969577918398","0.925663480833207","8.84857158",
"12/7/1984","66.5625","38.872501373291","526","4.435","-5.30200000000002","2.2556340792","1.54542855826575","0.908595563448334","7.54531983",
"12/8/1984","66.5625","38.872501373291","526","2.15499999999997","-3.351","6.99262668","3.15401721912798","0.954022865496748","8.97350418",
"12/9/1984","66.5625","38.872501373291","526","0.776999999999987","-13.142","0.6935120928","2.0020746316039","0.922509182456156","10.42278912",
"12/10/1984","66.5625","38.872501373291","526","0.913999999999987","-11.707","0","2.02514050960683","0.877642137387196","10.39943988",
"12/11/1984","66.5625","38.872501373291","526","1.678","-10.517","0","1.8528822896196","0.902552332628144","10.37587446",
"12/12/1984","66.5625","38.872501373291","526","0.762","-13.063","0.119304648","2.00821039999296","0.877536697228544","5.50541214",
"12/13/1984","66.5625","38.872501373291","526","2.01100000000002","-4.19499999999999","0","3.84315440289562","0.828022546879993","10.57050243",
"12/14/1984","66.5625","38.872501373291","526","3.142","0.170999999999992","0","3.91647792735123","0.809723618818299","10.1968848",
"12/15/1984","66.5625","38.872501373291","526","4.40300000000002","0.211000000000013","15.149111976","3.59537143598799","0.928687154263082","7.64555355",
"12/16/1984","66.5625","38.872501373291","526","-0.274000000000001","-10.862","3.61861992","2.11312996752834","0.879711845051273","10.84145355",
"12/17/1984","66.5625","38.872501373291","526","0.170000000000016","-16.531","0","2.03064820085236","0.683504442416416","10.81440306",
"12/18/1984","66.5625","38.872501373291","526","0.197999999999979","-16.38","0","1.68611068429793","0.678782417525434","10.872447498",
"12/19/1984","66.5625","38.872501373291","526","-3.70699999999999","-17.672","0","1.53132044022732","0.744758225069225","10.658026368",
"12/20/1984","66.5625","38.872501373291","526","-4.13999999999999","-17.311","0","1.45475490547447","0.765575113668339","10.540743138",
"12/21/1984","66.5625","38.872501373291","526","-5.495","-17.54","0","1.63902397512252","0.842672012395398","10.311418062",
"12/22/1984","66.5625","38.872501373291","526","-4.17700000000002","-16.422","0","1.62325225347017","0.87042365824886","10.265234688",
"12/23/1984","66.5625","38.872501373291","526","-2.74200000000002","-15.136","0","1.46070787605154","0.860417335449059","10.30814757",
"12/24/1984","66.5625","38.872501373291","526","-3.13600000000002","-16.279","0.0514983816","2.00029089775167","0.884031645188999","9.7665183",
"12/25/1984","66.5625","38.872501373291","526","-2.649","-18.608","0.0205993584","1.35309377068084","0.877383681337463","10.3070799",
"12/26/1984","66.5625","38.872501373291","526","-3.86200000000002","-18.371","0","1.73570595230266","0.856513026871678","10.360010268",
"12/27/1984","66.5625","38.872501373291","526","-0.461999999999989","-19.509","0","1.75066689102137","0.801543877567185","10.506486132",
"12/28/1984","66.5625","38.872501373291","526","0.355999999999995","-9.83199999999999","0.0137329056","2.19867323912216","0.851877732849055","9.319956228",
"12/29/1984","66.5625","38.872501373291","526","-1.43299999999999","-11.78","7.6114708848","2.44482504363104","0.932783563048982","3.15658206",
"12/30/1984","66.5625","38.872501373291","526","-6.61500000000001","-24.045","0.142478928","1.32581594272556","0.8250969299889","10.750893048",
"12/31/1984","66.5625","38.872501373291","526","-3.29399999999998","-20.343","0","1.50312079503779","0.826131086315422","10.573308288",
"1/1/1985","66.5625","38.872501373291","526","-0.538999999999987","-7.35000000000002","0.288390708","3.7087550095051","0.877311086673776","10.147669596",
"1/2/1985","66.5625","38.872501373291","526","2.00999999999999","-2.53300000000002","0.0446319432","6.72360418754916","0.83692351253339","10.471949352",
"1/3/1985","66.5625","38.872501373291","526","2.42200000000003","1.26999999999998","8.0131542768","5.16908005892389","0.936006410407939","3.469159368",
"1/4/1985","66.5625","38.872501373291","526","1.08999999999997","-11.837","0.666046224","1.93949757235957","0.969961584007185","10.187603388",
"1/5/1985","66.5625","38.872501373291","526","0.353000000000009","-10.804","0.844574364","1.16087101865266","0.962069723933819","9.661272084",
"1/6/1985","66.5625","38.872501373291","526","0.87299999999999","-6.70800000000003","0.0240325704","2.31130034321773","0.894055027802824","9.978697152",
"1/7/1985","66.5625","38.872501373291","526","0.980999999999995","-10.067","0.4463195472","2.13874124429504","0.961317243696627","6.317608248",
"1/8/1985","66.5625","38.872501373291","526","1.10899999999998","-15.714","0","1.70761311466567","0.775759109290598","10.905977988",
"1/9/1985","66.5625","38.872501373291","526","1.589","-9.05900000000003","0","2.59591548157278","0.818038434744481","10.725583068",
"1/10/1985","66.5625","38.872501373291","526","2.38400000000001","-6.88499999999999","1.4007574224","3.45363203076928","0.862611720021902","8.039587788",
"1/11/1985","66.5625","38.872501373291","526","2.81599999999997","2.02699999999999","4.0100094","5.58453406263159","0.971290143985259","4.035763332",
"1/12/1985","66.5625","38.872501373291","526","3.04199999999997","2.56700000000001","8.6225559264","5.62186772136231","0.996842553130252","8.842104432",
"1/13/1985","66.5625","38.872501373291","526","3.34399999999999","1.62","7.759091556","3.91603395281805","0.976243082123665","7.626603744",
"1/14/1985","66.5625","38.872501373291","526","2.44299999999998","0.0570000000000164","17.4957328368","2.94329953654953","0.98481199665294","3.59139492",
"1/15/1985","66.5625","38.872501373291","526","2.34800000000001","-6.11099999999999","1.0677333456","2.93899150964776","0.956018612926458","10.273161348",
"1/16/1985","66.5625","38.872501373291","526","2.10000000000002","0.137","14.05907136","2.84897082113105","0.988593460473477","5.53021956",
"1/17/1985","66.5625","38.872501373291","526","0.677999999999997","-17.951","5.881117788","1.42591222697739","0.942721096299039","6.181983468",
"1/18/1985","66.5625","38.872501373291","526","-4.01900000000001","-19.617","0.0068664528","1.85407085785483","0.888685047087909","11.383765812",
"1/19/1985","66.5625","38.872501373291","526","2.44900000000001","-9.86000000000001","0.506400912","3.95944227455013","0.914518787383541","5.618648088",
"1/20/1985","66.5625","38.872501373291","526","1.18099999999998","-10.438","9.4362226128","3.23442045643313","0.964934870945713","4.523739264",
"1/21/1985","66.5625","38.872501373291","526","2.98599999999999","-2.471","0","6.5827705818461","0.827226196810957","12.296530512",
"1/22/1985","66.5625","38.872501373291","526","3.25700000000001","1.49200000000002","0","6.32547934561574","0.837993020397786","10.937868048",
"1/23/1985","66.5625","38.872501373291","526","2.90800000000002","1.14699999999999","11.0240928","1.74290261374507","0.98428159316603","3.884174604",
"1/24/1985","66.5625","38.872501373291","526","1.96699999999998","-7.04599999999999","7.175448792","1.38584508141374","0.981255754741658","4.7476683",
"1/25/1985","66.5625","38.872501373291","526","-0.343000000000018","-7.06200000000001","6.888773412","2.17143722871014","0.94788957616823","8.357010048",
"1/26/1985","66.5625","38.872501373291","526","4.529","-6.40499999999997","0","3.05049633883531","0.870041625073878","12.451896612",
"1/27/1985","66.5625","38.872501373291","526","7.68000000000001","0.803999999999974","0","3.01060879418673","0.773395238470636","12.530023128",
"1/28/1985","66.5625","38.872501373291","526","3.52199999999999","-1.70299999999997","0.078964236","2.04707853863742","0.817549181694992","7.044751764",
"1/29/1985","66.5625","38.872501373291","526","5.822","-2.65199999999999","0","1.54825088311013","0.81819431105116","12.83394168",
"1/30/1985","66.5625","38.872501373291","526","10.669","1.44600000000003","0","3.32456027065929","0.693973966418819","13.167959112",
"1/31/1985","66.5625","38.872501373291","526","2.67399999999998","-4.755","0.0034332264","1.87444157802676","0.779566137538821","13.110294492",
"2/1/1985","66.5625","38.872501373291","526","4.65199999999999","2.23099999999999","1.290893976","4.41639712935764","0.952940112717604","9.33271992",
"2/2/1985","66.5625","38.872501373291","526","7.76799999999997","3.255","11.0532798","6.81189424190535","0.912330422707193","3.096226332",
"2/3/1985","66.5625","38.872501373291","526","6.601","2.459","0.99048582","4.00402283027172","0.942289762024504","9.631347372",
"2/4/1985","66.5625","38.872501373291","526","5.07799999999997","2.38799999999998","4.2932479464","3.24094505410199","0.961092288963717","10.012108608",
"2/5/1985","66.5625","38.872501373291","526","6.38099999999997","2.118","0","8.67102681915674","0.789397852731492","13.73804802",
"2/6/1985","66.5625","38.872501373291","526","7.79899999999998","3.404","0","9.6177121103792","0.70257168787585","13.94257194",
"2/7/1985","66.5625","38.872501373291","526","5.70800000000003","-7.90300000000002","9.4705588152","3.46837706139525","0.891292258050286","6.053962032",
"2/8/1985","66.5625","38.872501373291","526","0.937999999999988","-6.26100000000002","1.7131808232","3.76392782805317","0.866496854827934","11.80085184",
"2/9/1985","66.5625","38.872501373291","526","2.95100000000002","-2.88099999999997","0","7.73721398776792","0.813475608276613","15.01756776",
"2/10/1985","66.5625","38.872501373291","526","2.863","-2.51299999999998","3.893282424","4.17271618924623","0.863309568070904","4.90280598",
"2/11/1985","66.5625","38.872501373291","526","2.447","-3.02499999999998","0.0034332264","6.05046940264466","0.871840312567131","14.88138804",
"2/12/1985","66.5625","38.872501373291","526","2.52699999999999","-3.97300000000001","0.0034332264","3.95987458615903","0.86034213732862","13.99325544",
"2/13/1985","66.5625","38.872501373291","526","3.34199999999998","-7.14600000000002","0","2.71084224734646","0.788595171874878","15.3257067",
"2/14/1985","66.5625","38.872501373291","526","3.20999999999998","1.95600000000002","0.0102996792","4.43796371493143","0.799640552994615","14.54039802",
"2/15/1985","66.5625","38.872501373291","526","3.39699999999999","2.07499999999999","0.0240326064","6.27658223698856","0.872946358529606","14.1285366",
"2/16/1985","66.5625","38.872501373291","526","3.56299999999999","3.11599999999999","0","7.59770922781917","0.902223778762569","16.1749098",
"2/17/1985","66.5625","38.872501373291","526","4.10199999999998","2.48599999999999","3.968812836","5.26001274186119","0.892831984309319","12.62542284",
"2/18/1985","66.5625","38.872501373291","526","1.74900000000002","-5.78399999999999","5.431369824","1.62205302465785","0.978552923124554","10.39438494",
"2/19/1985","66.5625","38.872501373291","526","1.65100000000001","-9.11700000000002","0.199127448","2.51911268569221","0.92906493470976","12.468707928",
"2/20/1985","66.5625","38.872501373291","526","2.64499999999998","-7.495","0.0137329056","5.55697921360061","0.875380919884749","15.29116956",
"2/21/1985","66.5625","38.872501373291","526","3.96699999999998","2.601","0","8.61634912842133","0.880292469550775","16.78792752",
"2/22/1985","66.5625","38.872501373291","526","5.678","2.48599999999999","0.0137329056","6.71120632936117","0.910316136285142","13.71695274",
"2/23/1985","66.5625","38.872501373291","526","2.33499999999998","-7.06599999999997","0.508117392","1.9660535601328","0.978787601124914","15.3371835",
"2/24/1985","66.5625","38.872501373291","526","0.843000000000018","-13.76","5.4236448432","2.93433566491846","0.954471810121925","9.89409816",
"2/25/1985","66.5625","38.872501373291","526","2.887","-7.572","0.0205993656","4.12228321758693","0.873540670460204","16.63728858",
"2/26/1985","66.5625","38.872501373291","526","4.12","2.95999999999998","0","7.44905039073001","0.902766509815982","16.73921556",
"2/27/1985","66.5625","38.872501373291","526","4.447","-6.88299999999998","1.399040064","4.7437348150592","0.962424212120398","9.244970208",
"2/28/1985","66.5625","38.872501373291","526","1.15100000000001","-8.01100000000002","0","2.97113271561309","0.878700313926479","18.029420712",
"3/1/1985","66.5625","38.872501373291","526","1.64600000000002","-9.42399999999998","0","2.14643177543464","0.884666957009652","17.108608248",
"3/2/1985","66.5625","38.872501373291","526","1.92500000000001","-10.205","0.154495296","1.90315744711986","0.967173733213577","15.9602634",
"3/3/1985","66.5625","38.872501373291","526","1.59399999999999","-1.00299999999999","1.194763068","2.53525518655047","0.9928217647309","10.1757897",
"3/4/1985","66.5625","38.872501373291","526","0.612000000000023","-17.647","13.0943358","3.47581834876761","0.956366285401888","7.28858988",
"3/5/1985","66.5625","38.872501373291","526","-0.64100000000002","-21.474","0","2.33283781034204","0.828367200299419","19.35393984",
"3/6/1985","66.5625","38.872501373291","526","-0.524000000000001","-21.399","0","2.05296900666968","0.833716223419319","19.62011556",
"3/7/1985","66.5625","38.872501373291","526","1.37400000000002","-9.38900000000001","0","2.90477172086083","0.825708614157158","19.79656776",
"3/8/1985","66.5625","38.872501373291","526","1.62799999999999","-3.666","2.24189676","2.40332254860567","0.900077479944251","15.811988328",
"3/9/1985","66.5625","38.872501373291","526","0.119000000000028","-15.348","1.960373232","2.54536261543523","0.955496590542407","16.12907028",
"3/10/1985","66.5625","38.872501373291","526","-0.442000000000007","-14.939","0.4394530368","2.92291897574063","0.90129234587458","15.6726",
"3/11/1985","66.5625","38.872501373291","526","-1.07400000000001","-14.324","0.5784989976","2.22663780827586","0.859472973303415","19.87531776",
"3/12/1985","66.5625","38.872501373291","526","0.569999999999993","-16.628","0","2.51083418951319","0.803355144687182","20.78792352",
"3/13/1985","66.5625","38.872501373291","526","2.04000000000002","-5.66699999999997","0","3.23536093006588","0.839242789301222","20.69194896",
"3/14/1985","66.5625","38.872501373291","526","2.267","-11.209","0","1.5272215249717","0.873286675766793","18.83525616",
"3/15/1985","66.5625","38.872501373291","526","1.75200000000001","-6.15199999999999","0.113296536","2.30551626802904","0.925855374344668","19.73317203",
"3/16/1985","66.5625","38.872501373291","526","4.07799999999997","-6.82900000000001","0","2.52503518666477","0.88286226550662","20.65253202",
"3/17/1985","66.5625","38.872501373291","526","4.79000000000002","-7.81999999999999","0","2.28621175774691","0.868861757160556","21.37877001",
"3/18/1985","66.5625","38.872501373291","526","5.983","0.755999999999972","0.06179814","5.18772498432159","0.856563963426332","15.28571106",
"3/19/1985","66.5625","38.872501373291","526","6.54700000000003","0.855999999999995","0.02746584","4.7402377023524","0.771086233657845","18.8969607",
"3/20/1985","66.5625","38.872501373291","526","11.446","4.31999999999999","0.0068664528","7.63127640710407","0.757969059123646","17.12947824",
"3/21/1985","66.5625","38.872501373291","526","12.246","5.79300000000001","0.0514984392","5.52656303014244","0.896486889064189","10.88218755",
"3/22/1985","66.5625","38.872501373291","526","9.56","4.07900000000001","0.0446319864","4.18065030229845","0.891865979927252","16.554319848",
"3/23/1985","66.5625","38.872501373291","526","9.61599999999999","4.55599999999998","1.60674804","3.73270803545234","0.911249661257794","11.98018314",
"3/24/1985","66.5625","38.872501373291","526","12.097","3.75999999999999","0.075531024","7.16926075994622","0.821226793551033","15.616011888",
"3/25/1985","66.5625","38.872501373291","526","13.446","4.59300000000002","11.707307604","4.86774003202385","0.893984457542317","9.792618408",
"3/26/1985","66.5625","38.872501373291","526","5.49799999999999","1.39400000000001","11.285019288","1.40357611396622","0.953008598102232","14.05478916",
"3/27/1985","66.5625","38.872501373291","526","11.445","-2.32999999999998","0","1.4923172431197","0.935151523791663","19.898212248",
"3/28/1985","66.5625","38.872501373291","526","9.01999999999998","1.24900000000002","3.395463084","2.70756425406785","0.953918137478289","16.50633498",
"3/29/1985","66.5625","38.872501373291","526","9.52999999999997","1.54500000000002","0.1064301264","1.55120485371269","0.946688460536127","18.06980346",
"3/30/1985","66.5625","38.872501373291","526","11.757","-2.46499999999998","0","2.37046344075961","0.8817930244316","20.663885088",
"3/31/1985","66.5625","38.872501373291","526","15.306","3.72699999999998","0","2.4405181145833","0.795986726925593","23.568127848",
"4/1/1985","66.5625","38.872501373291","526","17.314","5.87400000000002","0","2.02553292339534","0.847684537658843","18.126453888",
"4/2/1985","66.5625","38.872501373291","526","11.525","4.279","5.78499048","1.7987901769747","0.938496876159235","12.955052232",
"4/3/1985","66.5625","38.872501373291","526","12.87","5.291","0.1407623544","5.05463111337815","0.883602700440647","15.084106488",
"4/4/1985","66.5625","38.872501373291","526","15.99","6.399","0.3055574592","5.10032903165561","0.803837964885401","12.231616392",
"4/5/1985","66.5625","38.872501373291","526","12.928","5.822","15.52847202","1.92427182185254","0.926992250746984","16.328142432",
"4/6/1985","66.5625","38.872501373291","526","14.514","4.53399999999999","0.0034332264","2.66638013715578","0.902858153348769","17.20856196",
"4/7/1985","66.5625","38.872501373291","526","10.173","5.33100000000002","20.664604404","2.94624767764469","0.954458390402464","5.96778354",
"4/8/1985","66.5625","38.872501373291","526","13.388","3.81400000000002","0","2.36443939080777","0.807257550908443","22.62274164",
"4/9/1985","66.5625","38.872501373291","526","12.9","1.50700000000001","0.0102996864","3.0408530600377","0.852773543727774","18.96648768",
"4/10/1985","66.5625","38.872501373291","526","11.793","3.96600000000001","0.017166132","4.04259879805926","0.876793474192931","12.86111268",
"4/11/1985","66.5625","38.872501373291","526","16.668","5.43099999999998","0","2.94758981444258","0.753158133232293","23.81461704",
"4/12/1985","66.5625","38.872501373291","526","15.547","4.21600000000001","0","2.38592108356327","0.815966002010614","23.55856128",
"4/13/1985","66.5625","38.872501373291","526","15.427","3.346","0","3.30184428552058","0.787963274592063","24.13749528",
"4/14/1985","66.5625","38.872501373291","526","15.995","6.72300000000001","0.32615694","3.66036558862827","0.794640452872256","19.43735706",
"4/15/1985","66.5625","38.872501373291","526","21.087","7.87599999999998","0","4.41646849082689","0.676448031607601","24.68929932",
"4/16/1985","66.5625","38.872501373291","526","17.039","8.68099999999998","0.947570328","4.35722667944135","0.707929629029626","15.96397752",
"4/17/1985","66.5625","38.872501373291","526","9.01100000000002","2.69600000000003","0.2677918824","2.70909843814903","0.77858706695117","25.39743876",
"4/18/1985","66.5625","38.872501373291","526","12.59","1.22399999999999","0","1.9310065618182","0.792212689229311","24.01418664",
"4/19/1985","66.5625","38.872501373291","526","18.648","2.04300000000001","0","2.27414794233622","0.71237094260585","26.79997644",
"4/20/1985","66.5625","38.872501373291","526","22.968","7.75599999999997","0","2.86807878517176","0.645388260897163","26.15558256",
"4/21/1985","66.5625","38.872501373291","526","24.172","10.544","0","3.76074951912433","0.657264835121406","26.35475148",
"4/22/1985","66.5625","38.872501373291","526","24.197","7.02800000000002","0","2.93916560103709","0.545645434062939","26.88479676",
"4/23/1985","66.5625","38.872501373291","526","24.699","10.153","0","4.15566686531306","0.548171878801279","26.79074856",
"4/24/1985","66.5625","38.872501373291","526","25.693","12.326","0","3.5522201766816","0.66939289072551","24.06032721",
"4/25/1985","66.5625","38.872501373291","526","27.914","13.004","0","3.05508800100966","0.549574703279036","27.20593026",
"4/26/1985","66.5625","38.872501373291","526","25.316","13.94","0","3.23440384436626","0.560450685032372","23.4813429",
"4/27/1985","66.5625","38.872501373291","526","24.933","13.716","0","3.38191650363315","0.657516872152298","24.6223107",
"4/28/1985","66.5625","38.872501373291","526","23.781","14.254","2.01530448","4.66821690274972","0.709561184669736","19.963747728",
"4/29/1985","66.5625","38.872501373291","526","26.06","12.581","0","2.91379992506367","0.523797339863473","27.41062392",
"4/30/1985","66.5625","38.872501373291","526","18.594","12.798","2.0702349","3.3677401287909","0.722410074394818","14.11521021",
"5/1/1985","66.5625","38.872501373291","526","16.348","9.09800000000001","7.80887664","2.5879496097622","0.829236018597776","16.878209832",
"5/2/1985","66.5625","38.872501373291","526","19.496","11.349","3.527639136","3.156420127464","0.759007435018388","24.56674182",
"5/3/1985","66.5625","38.872501373291","526","22.947","10.367","0","2.06528633162708","0.623029478392487","27.54495396",
"5/4/1985","66.5625","38.872501373291","526","23.851","12.509","0.0171661392","2.84010090265182","0.588337375674544","27.264657312",
"5/5/1985","66.5625","38.872501373291","526","25.167","14.1","0","2.84125043305903","0.495396811129291","27.055411128",
"5/6/1985","66.5625","38.872501373291","526","25.029","14.306","0.1888277256","2.66533093736771","0.557829036192316","27.430531488",
"5/7/1985","66.5625","38.872501373291","526","24.515","12.812","0","3.50176154878982","0.575904891007901","25.6398741",
"5/8/1985","66.5625","38.872501373291","526","21.023","9.89299999999997","0","2.6299966865176","0.486391837966445","28.497715272",
"5/9/1985","66.5625","38.872501373291","526","22.124","8.85899999999998","0","2.03163799352496","0.439347509532834","28.539612288",
"5/10/1985","66.5625","38.872501373291","526","22.053","9.86500000000001","0","2.34982853275997","0.417903138582807","28.405911672",
"5/11/1985","66.5625","38.872501373291","526","23.754","11.684","0","3.33912210051334","0.402601984949872","28.855572192",
"5/12/1985","66.5625","38.872501373291","526","21.681","8.95699999999999","0","2.07123276538326","0.311703005149514","29.380724568",
"5/13/1985","66.5625","38.872501373291","526","19.642","6.221","0","3.67739907875585","0.284099555757839","30.182355792",
"5/14/1985","66.5625","38.872501373291","526","22.675","9.53100000000001","0","3.41286964913471","0.374764121667862","29.67659604",
"5/15/1985","66.5625","38.872501373291","526","25.084","9.90199999999999","0","2.15078199631638","0.350327538094659","29.750851008",
"5/16/1985","66.5625","38.872501373291","526","26.88","10.963","0","1.650296487547","0.30475271311639","29.78291394",
"5/17/1985","66.5625","38.872501373291","526","29.05","12.93","0","2.32368500680452","0.25668729260557","29.83584348",
"5/18/1985","66.5625","38.872501373291","526","31.11","14.24","0","2.79399860145696","0.240804191601851","29.86986888",
"5/19/1985","66.5625","38.872501373291","526","32.231","19.012","0","2.99635321592331","0.275385558129877","25.3811862",
"5/20/1985","66.5625","38.872501373291","526","30.618","16.915","0","2.50116805448709","0.23536401330104","29.42702136",
"5/21/1985","66.5625","38.872501373291","526","31.637","18.153","0","2.90682467636374","0.261575832731004","29.5417044",
"5/22/1985","66.5625","38.872501373291","526","31.108","17.829","0","3.0466838877175","0.304818613893025","29.30619384",
"5/23/1985","66.5625","38.872501373291","526","26.701","15","0.719260812","3.74246897090496","0.394156487381289","21.4120134",
"5/24/1985","66.5625","38.872501373291","526","22.713","12.055","0","4.08613538773663","0.54535587504716","29.77706916",
"5/25/1985","66.5625","38.872501373291","526","26.026","13.501","0","4.20828051390533","0.412065933400657","30.35992212",
"5/26/1985","66.5625","38.872501373291","526","27.63","12.69","0","2.80148156963505","0.321020731167142","30.71706552",
"5/27/1985","66.5625","38.872501373291","526","30.104","14.84","0","2.97911993555075","0.246501016741762","31.17517056",
"5/28/1985","66.5625","38.872501373291","526","31.631","16.93","0","3.69975519099891","0.28307428885268","30.6489438",
"5/29/1985","66.5625","38.872501373291","526","31.782","17.701","0","2.84860470908971","0.239606140181013","29.43822204",
"5/30/1985","66.5625","38.872501373291","526","30.781","18.547","0","3.39026582388806","0.280718300738077","30.31048548",
"5/31/1985","66.5625","38.872501373291","526","32.016","18.17","0","4.05826744776087","0.209274825089547","31.14054396",
"6/1/1985","66.5625","38.872501373291","526","31.939","17.804","0","4.62048893512792","0.208610003630286","30.61621188",
"6/2/1985","66.5625","38.872501373291","526","30.773","16.617","0","4.97530283475345","0.17552543233161","32.31232704",
"6/3/1985","66.5625","38.872501373291","526","33.476","17.125","0","3.54792704580514","0.156844430899093","31.564701",
"6/4/1985","66.5625","38.872501373291","526","34.991","16.21","0","3.00926551758941","0.128376922830123","31.53358188",
"6/5/1985","66.5625","38.872501373291","526","33.99","18.964","0","3.0524216719196","0.155682396586629","23.967611208",
"6/6/1985","66.5625","38.872501373291","526","29.63","15.241","0","3.74749122867076","0.255686854572452","30.71030868",
"6/7/1985","66.5625","38.872501373291","526","30.834","18.374","0","4.10151101729872","0.270759775173184","30.52282716",
"6/8/1985","66.5625","38.872501373291","526","34.385","16.787","0","2.90394591981892","0.216241839503373","30.72078828",
"6/9/1985","66.5625","38.872501373291","526","30.984","19.667","0","4.4161329561747","0.233018999874864","15.21095292",
"6/10/1985","66.5625","38.872501373291","526","29.511","15.064","0","3.71969756596761","0.321200393632811","31.09652244",
"6/11/1985","66.5625","38.872501373291","526","30.324","16.366","0","4.07655485217611","0.246608674514267","30.97035432",
"6/12/1985","66.5625","38.872501373291","526","32.62","17.128","0","3.17092526493501","0.25635010838771","30.7837224",
"6/13/1985","66.5625","38.872501373291","526","34.049","18.442","0","2.64165826593045","0.211325051891426","28.3838598",
"6/14/1985","66.5625","38.872501373291","526","34.492","20.2","0","3.35634000132736","0.202550007313933","30.76223076",
"6/15/1985","66.5625","38.872501373291","526","35.305","20.802","0","4.42235317586571","0.13732613951752","30.61704348",
"6/16/1985","66.5625","38.872501373291","526","34.239","21.711","0","5.42983598337223","0.180049335379154","30.96158004",
"6/17/1985","66.5625","38.872501373291","526","33.977","21.603","0","5.72909078725185","0.201273041201541","30.91258656",
"6/18/1985","66.5625","38.872501373291","526","33.505","20.957","0","5.25741184952804","0.191324420232905","27.74851452",
"6/19/1985","66.5625","38.872501373291","526","34.124","21.165","0","4.22562916304969","0.209540953920249","30.59825868",
"6/20/1985","66.5625","38.872501373291","526","35.19","21.295","0","2.98204098162703","0.2486868807103","29.4756768",
"6/21/1985","66.5625","38.872501373291","526","35.389","22.262","0","2.81151130432857","0.214906235700117","29.22981156",
"6/22/1985","66.5625","38.872501373291","526","36.783","22.513","0","4.50287526436029","0.188073762205394","30.99155364",
"6/23/1985","66.5625","38.872501373291","526","36.809","23.402","0","4.44975292362578","0.12865753006983","31.32033804",
"6/24/1985","66.5625","38.872501373291","526","36.035","22.342","0","4.64785435063942","0.125153819215912","31.77067104",
"6/25/1985","66.5625","38.872501373291","526","36.151","22.442","0","4.65460696519969","0.128896023738349","31.52595024",
"6/26/1985","66.5625","38.872501373291","526","37.151","23.397","0","5.0526030510569","0.139841236777705","31.4792946",
"6/27/1985","66.5625","38.872501373291","526","36.461","23.705","0","5.93238507380948","0.139449684782803","31.60255284",
"6/28/1985","66.5625","38.872501373291","526","36.688","22.313","0","5.12087400365681","0.146486265569074","31.35036024",
"6/29/1985","66.5625","38.872501373291","526","35.696","20.356","0","3.64613755190407","0.159846382781112","31.28411268",
"6/30/1985","66.5625","38.872501373291","526","35.876","21.548","0","3.63193414589061","0.187892647367338","29.98035144",
"7/1/1985","66.5625","38.872501373291","526","35.611","21.412","0","4.18141936911147","0.164071383508973","30.730221",
"7/2/1985","66.5625","38.872501373291","526","34.839","21.702","0","5.69970239214256","0.185946410596922","30.23381844",
"7/3/1985","66.5625","38.872501373291","526","37.024","23.201","0","5.40519955414482","0.154642353443269","31.24108872",
"7/4/1985","66.5625","38.872501373291","526","38.022","23.87","0","6.45289850980886","0.143475146519684","31.1516514",
"7/5/1985","66.5625","38.872501373291","526","37.889","23.783","0","5.30120854659173","0.137935778992215","30.99959496",
"7/6/1985","66.5625","38.872501373291","526","37.918","22.6","0","4.1585408885179","0.14671060256769","31.40965008",
"7/7/1985","66.5625","38.872501373291","526","36.095","21.677","0","4.38262072299235","0.201571914488147","31.11425928",
"7/8/1985","66.5625","38.872501373291","526","36.14","20.798","0","3.53890938519332","0.19938424560078","30.84806736",
"7/9/1985","66.5625","38.872501373291","526","39.068","22.612","0","6.66629116503278","0.152380844582399","30.78866268",
"7/10/1985","66.5625","38.872501373291","526","38.817","25.347","0","6.85008958734702","0.139168404213446","30.75047172",
"7/11/1985","66.5625","38.872501373291","526","36.699","24.74","0","6.88294419081452","0.162799419508218","30.54442104",
"7/12/1985","66.5625","38.872501373291","526","35.878","23.617","0","6.08115953481346","0.190670412801419","30.343734",
"7/13/1985","66.5625","38.872501373291","526","34.796","20.96","0","4.61156573642896","0.214837092719125","31.10968656",
"7/14/1985","66.5625","38.872501373291","526","35.913","21.158","0","4.43636021440634","0.192065271979516","30.50612208",
"7/15/1985","66.5625","38.872501373291","526","37.58","22.998","0","5.81643431197136","0.176163983559363","29.995197912",
"7/16/1985","66.5625","38.872501373291","526","36.157","23.257","0","5.07286964584015","0.208450896448908","29.678456592",
"7/17/1985","66.5625","38.872501373291","526","33.917","20.21","0","4.54673708894227","0.249043832781893","29.3454549",
"7/18/1985","66.5625","38.872501373291","526","30.058","16.685","0","4.01825459109365","0.240190221679344","30.7262835",
"7/19/1985","66.5625","38.872501373291","526","33.448","18.037","0","3.65831396128605","0.205083894837222","30.65209506",
"7/20/1985","66.5625","38.872501373291","526","35.625","17.004","0","2.9660270487956","0.13622184775773","30.89953386",
"7/21/1985","66.5625","38.872501373291","526","37.877","18.873","0","4.35963701039869","0.131689145777018","29.672555832",
"7/22/1985","66.5625","38.872501373291","526","38.641","23.221","0","4.03112082698422","0.165889374391215","29.451149208",
"7/23/1985","66.5625","38.872501373291","526","35.933","18.543","0","3.31936018986638","0.248332648867098","29.37954654",
"7/24/1985","66.5625","38.872501373291","526","36.367","20.388","0","4.67586031553582","0.191060019709868","29.536931592",
"7/25/1985","66.5625","38.872501373291","526","36.775","21.656","0","3.92433104234763","0.155555192106083","29.550312792",
"7/26/1985","66.5625","38.872501373291","526","37.376","20.406","0","3.22044606270081","0.197357608454306","29.165110128",
"7/27/1985","66.5625","38.872501373291","526","38.131","22.708","0","3.5723720122038","0.174639847139822","29.047662432",
"7/28/1985","66.5625","38.872501373291","526","40.504","23.299","0","3.51688189974615","0.118762666735586","29.469598992",
"7/29/1985","66.5625","38.872501373291","526","35.976","22.216","0","4.80116251223564","0.171236712352915","28.58513274",
"7/30/1985","66.5625","38.872501373291","526","32.503","18.867","0","3.82690067757042","0.307073581740275","28.32513678",
"7/31/1985","66.5625","38.872501373291","526","33.403","17.045","0","3.04721719281793","0.313384848912167","28.051427448",
"8/1/1985","66.5625","38.872501373291","526","31.843","16.801","0","4.61690893842987","0.259393739034141","29.0184174",
"8/2/1985","66.5625","38.872501373291","526","31.907","15.924","0","4.19462061411739","0.307897444243568","28.34308242",
"8/3/1985","66.5625","38.872501373291","526","33.986","19.708","0","4.46273905019146","0.245502683975628","28.765232712",
"8/4/1985","66.5625","38.872501373291","526","34.737","16.622","0","3.06579221526075","0.170020127027689","28.650764592",
"8/5/1985","66.5625","38.872501373291","526","34.847","21.205","0","3.77651853894361","0.182492084551815","28.08815184",
"8/6/1985","66.5625","38.872501373291","526","34.668","21.286","0","5.28603404550713","0.198643988745059","28.608249312",
"8/7/1985","66.5625","38.872501373291","526","34.552","19.433","0","4.67425514135066","0.194538848254525","28.213250688",
"8/8/1985","66.5625","38.872501373291","526","34.209","19.599","0","3.64906275976338","0.188116400465017","28.26247482",
"8/9/1985","66.5625","38.872501373291","526","33.283","17.713","0","3.11663872193867","0.214672670631189","27.91496358",
"8/10/1985","66.5625","38.872501373291","526","33.466","15.816","0","3.21327393659399","0.267092610447016","27.44702334",
"8/11/1985","66.5625","38.872501373291","526","31.453","15.979","0","3.29482125233864","0.33057576251688","27.17549964",
"8/12/1985","66.5625","38.872501373291","526","31.94","17.558","0","4.53706056343873","0.285057428386262","27.58072554",
"8/13/1985","66.5625","38.872501373291","526","33.104","17.754","0","4.28346780076999","0.26804742975916","26.77775499",
"8/14/1985","66.5625","38.872501373291","526","32.515","19.645","0","6.20851005069493","0.246360246404319","27.12031857",
"8/15/1985","66.5625","38.872501373291","526","32.487","16.85","0","3.72110285017179","0.190894674185153","27.710262",
"8/16/1985","66.5625","38.872501373291","526","33.223","15.77","0","3.20188057442029","0.182148635649076","27.28941084",
"8/17/1985","66.5625","38.872501373291","526","32.873","17.014","0","3.27575602855723","0.216137726284845","26.97418728",
"8/18/1985","66.5625","38.872501373291","526","32.777","13.67","0","3.32595987127974","0.205453797297584","26.71891128",
"8/19/1985","66.5625","38.872501373291","526","30.605","17.637","0","2.42403027157167","0.266836752345237","23.7446478",
"8/20/1985","66.5625","38.872501373291","526","31.651","13.783","0","3.30743933398048","0.262503929567905","26.408196",
"8/21/1985","66.5625","38.872501373291","526","32.082","13.931","0","2.74209113712349","0.236958151130405","26.70575832",
"8/22/1985","66.5625","38.872501373291","526","33.528","13.523","0","3.16389107674259","0.195266248625384","26.35503408",
"8/23/1985","66.5625","38.872501373291","526","33.251","13.627","0","2.80390345511904","0.213539127009932","26.44189596",
"8/24/1985","66.5625","38.872501373291","526","32.599","12.691","0","2.74938225320459","0.214400488963737","26.24517684",
"8/25/1985","66.5625","38.872501373291","526","30.617","12.537","0","3.13835179783689","0.208553391108766","25.70619672",
"8/26/1985","66.5625","38.872501373291","526","29.92","17.33","0","4.12275015765612","0.223652262843757","24.87319272",
"8/27/1985","66.5625","38.872501373291","526","25.5","12.901","0","3.79097996308032","0.40554710570957","24.7433058",
"8/28/1985","66.5625","38.872501373291","526","27.222","9.62299999999999","0","2.82462877081749","0.434804426992237","24.60065364",
"8/29/1985","66.5625","38.872501373291","526","27.776","15.314","0","2.89752119445963","0.327490148782702","24.48011592",
"8/30/1985","66.5625","38.872501373291","526","26.078","12.203","0","2.74056965622331","0.409848986564532","24.39443988",
"8/31/1985","66.5625","38.872501373291","526","26.962","13.003","0","3.86065611809603","0.397163219927067","24.50874384",
"9/1/1985","66.5625","38.872501373291","526","29.665","13.107","0","2.72406289963812","0.329199607504173","24.76918116",
"9/2/1985","66.5625","38.872501373291","526","32.46","14.793","0","2.91108517215809","0.308176376125114","24.54216264",
"9/3/1985","66.5625","38.872501373291","526","32.958","14.821","0","2.68947609824675","0.229230062278516","24.95368116",
"9/4/1985","66.5625","38.872501373291","526","30.941","14.591","0","3.46572656034127","0.174785005597522","24.40473984",
"9/5/1985","66.5625","38.872501373291","526","28.11","13.628","0","3.33932174465007","0.25723288253549","24.17783076",
"9/6/1985","66.5625","38.872501373291","526","28.481","14.217","0","3.07717453352576","0.205098711081309","24.52454532",
"9/7/1985","66.5625","38.872501373291","526","28.878","14.006","0","2.94059311660421","0.172834816061029","24.40035072",
"9/8/1985","66.5625","38.872501373291","526","29.218","10.346","0","2.61549374064166","0.216083794879901","24.11651664",
"9/9/1985","66.5625","38.872501373291","526","30.098","13.809","0","3.23505132482787","0.195575677526156","24.0424272",
"9/10/1985","66.5625","38.872501373291","526","31.22","13.31","0","3.32484923886254","0.139462019876439","24.08089968",
"9/11/1985","66.5625","38.872501373291","526","30.606","11.155","0","2.51272965154426","0.181731561486312","23.70892464",
"9/12/1985","66.5625","38.872501373291","526","30.353","13.022","0","2.92553073624986","0.157000100108882","23.4358902",
"9/13/1985","66.5625","38.872501373291","526","30.643","10.51","0","2.17967385356291","0.20484657630633","23.15637576",
"9/14/1985","66.5625","38.872501373291","526","31.05","12.898","0","2.38098798883194","0.204048186157399","23.07964788",
"9/15/1985","66.5625","38.872501373291","526","30.735","10.715","0","2.24516081804964","0.192603679058462","23.2430058",
"9/16/1985","66.5625","38.872501373291","526","30.727","9.73399999999998","0","2.42548625628138","0.191383741110316","23.1852294",
"9/17/1985","66.5625","38.872501373291","526","31.104","11.814","0","3.92568775049407","0.13368653095669","22.32258912",
"9/18/1985","66.5625","38.872501373291","526","25.33","10.251","0","2.653348405039","0.308633596068069","21.696639552",
"9/19/1985","66.5625","38.872501373291","526","26.475","12.349","0","2.69344185829609","0.328409107133302","21.768192648",
"9/20/1985","66.5625","38.872501373291","526","28.195","9.86900000000003","0","2.84394248673274","0.266348991552375","21.712613472",
"9/21/1985","66.5625","38.872501373291","526","28.898","12.181","0","2.20014257675932","0.251968101051849","21.34299978",
"9/22/1985","66.5625","38.872501373291","526","27.033","11.686","0","3.30956551762922","0.316364065446474","20.8667286",
"9/23/1985","66.5625","38.872501373291","526","26.57","10.896","0","3.03151604950251","0.32681755086684","20.974665168",
"9/24/1985","66.5625","38.872501373291","526","28.24","11.096","0","2.79112322325834","0.272256241943669","20.859076512",
"9/25/1985","66.5625","38.872501373291","526","28.059","10.411","0","2.56413296986062","0.290549281595094","20.584692",
"9/26/1985","66.5625","38.872501373291","526","28.375","10.892","0","2.53553305687703","0.259150447234061","20.53558332",
"9/27/1985","66.5625","38.872501373291","526","28.447","14.635","0","3.53491249576642","0.219860114961418","20.07590274",
"9/28/1985","66.5625","38.872501373291","526","29.419","14.596","0","3.39226269344924","0.196352213822932","19.82300868",
"9/29/1985","66.5625","38.872501373291","526","29.899","12.512","0","2.55996429779753","0.212825277349322","19.726651512",
"9/30/1985","66.5625","38.872501373291","526","31.047","13.895","0","2.67192519835313","0.200979268259731","19.833242688",
"10/1/1985","66.5625","38.872501373291","526","31.365","15.531","0","3.42132528969834","0.145168580831761","19.73761938",
"10/2/1985","66.5625","38.872501373291","526","26.044","12.2","0","3.96248175355429","0.271568026575393","19.0894536",
"10/3/1985","66.5625","38.872501373291","526","21.143","7.30500000000001","0","2.80593290337264","0.481925200739785","18.550299168",
"10/4/1985","66.5625","38.872501373291","526","21.584","8.63600000000002","0","2.71438925089742","0.443582201782374","17.98199766",
"10/5/1985","66.5625","38.872501373291","526","19.706","9.54399999999998","0","2.10088533106638","0.412594705039704","16.678181808",
"10/6/1985","66.5625","38.872501373291","526","19.486","4.57100000000003","0","2.2296378952831","0.419850256980473","18.43986906",
"10/7/1985","66.5625","38.872501373291","526","20.274","5.26400000000001","0","2.84276977333603","0.489917278468996","18.064857672",
"10/8/1985","66.5625","38.872501373291","526","21.498","6.19099999999997","0","2.6726717253082","0.440185797001652","18.00427482",
"10/9/1985","66.5625","38.872501373291","526","20.671","9.84699999999998","0","3.44105123903994","0.445866967330182","17.62407576",
"10/10/1985","66.5625","38.872501373291","526","22.162","10.182","0","3.66869234749532","0.414283438443532","17.5311567",
"10/11/1985","66.5625","38.872501373291","526","24.67","10.855","0.0394821864","4.68370398882571","0.434033960866542","14.84437194",
"10/12/1985","66.5625","38.872501373291","526","12.788","5.904","7.256133756","2.68129860690388","0.696312342423974","10.202004",
"10/13/1985","66.5625","38.872501373291","526","15.07","1.98399999999998","0","1.93959635079313","0.591417737034717","17.03199114",
"10/14/1985","66.5625","38.872501373291","526","11.918","4.07499999999999","0.2883914208","1.63909348741329","0.556946350154193","4.23517878",
"10/15/1985","66.5625","38.872501373291","526","16.157","0.586999999999989","0","1.92981065109469","0.508784935986384","16.74866088",
"10/16/1985","66.5625","38.872501373291","526","16.895","3.745","0","2.81454933533844","0.388501858682953","16.6784598",
"10/17/1985","66.5625","38.872501373291","526","19.169","6.541","0","2.94408745783612","0.318616545141698","16.94204514",
"10/18/1985","66.5625","38.872501373291","526","22.248","7.19799999999998","0","2.75660767384585","0.305497302190229","16.55701902",
"10/19/1985","66.5625","38.872501373291","526","25.524","13.448","0","3.95250452020776","0.172827621668405","16.30366884",
"10/20/1985","66.5625","38.872501373291","526","24.281","8.07499999999999","0","2.26186029016468","0.241000733231874","15.92285418",
"10/21/1985","66.5625","38.872501373291","526","28.206","12.991","0","4.09148236830078","0.18863343944982","15.89822064",
"10/22/1985","66.5625","38.872501373291","526","14.166","6.64499999999998","0.036048888","2.1319567175005","0.586755744867795","10.72530216",
"10/23/1985","66.5625","38.872501373291","526","11.805","3.63799999999998","0.892639872","2.32212709328852","0.658115935672948","10.94029128",
"10/24/1985","66.5625","38.872501373291","526","14.943","1.76400000000001","0","1.89643882050142","0.640749651397397","15.10019442",
"10/25/1985","66.5625","38.872501373291","526","17.314","6.24400000000003","0","3.1111688252628","0.515496135487001","14.85416286",
"10/26/1985","66.5625","38.872501373291","526","19.186","8.81799999999998","0","3.20915226202087","0.418907315506606","14.657567508",
"10/27/1985","66.5625","38.872501373291","526","21.441","10.306","0","2.88557085724055","0.343607421120139","14.13967356",
"10/28/1985","66.5625","38.872501373291","526","24.696","11.859","0","4.68996776011383","0.265506095848242","13.966704972",
"10/29/1985","66.5625","38.872501373291","526","16.288","9.07999999999998","1.32350904","2.35720404400228","0.609898448717745","13.567776912",
"10/30/1985","66.5625","38.872501373291","526","19.027","8.91199999999998","0","2.72808028296161","0.557777163442799","13.419336888",
"10/31/1985","66.5625","38.872501373291","526","11.438","1.35000000000002","1.0351179864","2.51488851451584","0.566614215118208","10.70482464",
"11/1/1985","66.5625","38.872501373291","526","13.202","-0.168000000000006","0","2.12784354773109","0.406404902154799","14.27962518",
"11/2/1985","66.5625","38.872501373291","526","19.479","6.27499999999998","0","2.53971604986329","0.239501118871694","14.453268732",
"11/3/1985","66.5625","38.872501373291","526","18.173","8.10500000000002","0","2.90026541113969","0.177449342299686","11.95987572",
"11/4/1985","66.5625","38.872501373291","526","18.934","6.54899999999998","0","2.02514623204675","0.275419570649682","13.364376732",
"11/5/1985","66.5625","38.872501373291","526","17.373","4.54599999999999","0","2.08075984345838","0.414175815953437","13.731860808",
"11/6/1985","66.5625","38.872501373291","526","16.536","4.03300000000002","0","2.02255501774852","0.427600686944647","13.552254",
"11/7/1985","66.5625","38.872501373291","526","16.699","3.416","0","1.78219852447997","0.428925946953261","13.33377792",
"11/8/1985","66.5625","38.872501373291","526","16.671","3.10199999999998","0","1.81586939105723","0.37612649864193","13.000559688",
"11/9/1985","66.5625","38.872501373291","526","15.691","4.34199999999998","0","1.80248546074619","0.371287292322787","12.7428156",
"11/10/1985","66.5625","38.872501373291","526","15.264","3.16000000000003","0","2.69033622290721","0.345039326404377","13.07677392",
"11/11/1985","66.5625","38.872501373291","526","17.761","9.10300000000001","0.0274658328","3.64577348004148","0.352838481616748","8.332259328",
"11/12/1985","66.5625","38.872501373291","526","15.745","6.52999999999997","0.02746584","1.59751730360637","0.547630235385959","11.08946358",
"11/13/1985","66.5625","38.872501373291","526","18.377","4.06200000000001","0","2.14858640140238","0.526596642248327","12.253333032",
"11/14/1985","66.5625","38.872501373291","526","17.973","5.149","0","1.836823375365","0.512784648442088","11.848839012",
"11/15/1985","66.5625","38.872501373291","526","15.137","5.18400000000003","0.425719908","1.91547525328463","0.599969480312449","6.373914498",
"11/16/1985","66.5625","38.872501373291","526","13.561","7.12599999999998","1.129531932","1.92653752757641","0.621628328218075","4.720384728",
"11/17/1985","66.5625","38.872501373291","526","15.066","4.21699999999998","0","1.70092771617499","0.6936025444117","10.241098272",
"11/18/1985","66.5625","38.872501373291","526","13.384","3.63900000000001","0","1.6264969671621","0.629451166964063","11.399283468",
"11/19/1985","66.5625","38.872501373291","526","5.37299999999999","0.267999999999972","0.336456252","2.40513127763239","0.749852095426667","5.56255674",
"11/20/1985","66.5625","38.872501373291","526","6.26100000000002","-3.13600000000002","0","1.58741719596207","0.648326995575116","11.59284114",
"11/21/1985","66.5625","38.872501373291","526","6.57100000000003","-5.53300000000002","0","1.45457533296415","0.739358409410048","11.7749277",
"11/22/1985","66.5625","38.872501373291","526","7.73099999999999","-5.29000000000002","0","1.75901420921252","0.629100176419405","11.726946648",
"11/23/1985","66.5625","38.872501373291","526","9.97399999999999","1.03300000000002","0.0034332264","2.62314131707207","0.618803317553235","10.94208912",
"11/24/1985","66.5625","38.872501373291","526","4.029","-2.39299999999997","0.322723584","1.77905749814599","0.750312757961495","10.4303781",
"11/25/1985","66.5625","38.872501373291","526","6.25299999999999","-4.029","0","2.25031696438765","0.640038202625452","11.633004648",
"11/26/1985","66.5625","38.872501373291","526","8.68900000000002","-5.11599999999999","0","2.34184532384714","0.498963482108029","11.551161456",
"11/27/1985","66.5625","38.872501373291","526","12.471","1.923","0","2.96887917639126","0.343270894439619","11.39119155",
"11/28/1985","66.5625","38.872501373291","526","11.8","0.238","0","2.60085431332411","0.431994489866868","11.31029946",
"11/29/1985","66.5625","38.872501373291","526","13.104","0.0419999999999732","0","2.03103878027021","0.462550834481265","11.15043993",
"11/30/1985","66.5625","38.872501373291","526","15.125","4.25700000000001","0","3.56341563542797","0.352379611960666","10.9376478",
"12/1/1985","66.5625","38.872501373291","526","17.904","8.40699999999998","0","5.12888214152935","0.377767980249685","10.41907365",
"12/2/1985","66.5625","38.872501373291","526","19.749","10.916","0","4.29442030146097","0.368010955571725","9.67044483",
"12/3/1985","66.5625","38.872501373291","526","20.99","11.949","0","3.65412720610635","0.287938601799924","9.77046003",
"12/4/1985","66.5625","38.872501373291","526","16.163","9.39400000000001","2.180099484","4.70269495559401","0.419990611984241","2.91442149",
"12/5/1985","66.5625","38.872501373291","526","9.346","3.25","7.0964808264","2.66325536068996","0.704727778272314","4.5018549",
"12/6/1985","66.5625","38.872501373291","526","3.29700000000003","-4.791","29.1378024","2.74901311936293","0.903361137501766","1.58636277",
"12/7/1985","66.5625","38.872501373291","526","2.26799999999997","-5.44499999999999","3.718190556","2.26627484029287","0.689676334852602","9.99657999",
"12/8/1985","66.5625","38.872501373291","526","1.54599999999999","-5.15199999999999","0.05493168","1.48325087484259","0.754902420030106","9.49746951",
"12/9/1985","66.5625","38.872501373291","526","0.625999999999976","-6.745","0","1.99197154512988","0.785328439012642","10.523025",
"12/10/1985","66.5625","38.872501373291","526","2.63099999999997","-7.65800000000002","0","1.77474063211836","0.768361759517927","10.339596",
"12/11/1985","66.5625","38.872501373291","526","5.40800000000002","-4.46699999999998","0","1.86187082163292","0.649839020061582","10.18777734",
"12/12/1985","66.5625","38.872501373291","526","9.07999999999998","-0.384000000000015","0","2.99414021259867","0.523061202361576","10.21488786",
"12/13/1985","66.5625","38.872501373291","526","6.46800000000002","-1.05700000000002","0.2162934864","2.92162359952525","0.680051198301111","9.1771911",
"12/14/1985","66.5625","38.872501373291","526","1.51299999999998","-3.02999999999997","3.44352798","1.95894280012845","0.907584144091417","3.2555781",
"12/15/1985","66.5625","38.872501373291","526","1.27999999999997","-4.84899999999999","0.113296464","1.78468952996878","0.876964667294496","8.12058705",
"12/16/1985","66.5625","38.872501373291","526","5.25599999999997","-4.661","0","2.09758717004809","0.756816655111729","10.1837286",
"12/17/1985","66.5625","38.872501373291","526","8.92899999999997","1.12799999999999","0.0068664528","4.08218966040025","0.628826547025595","8.72657037",
"12/18/1985","66.5625","38.872501373291","526","10.454","4.63200000000001","2.68478424","6.61477458672164","0.685190433368527","7.56405477",
"12/19/1985","66.5625","38.872501373291","526","13.909","8.54000000000002","0.533866932","9.24798950750488","0.584516843557721","4.83114753",
"12/20/1985","66.5625","38.872501373291","526","16.244","9.66500000000002","1.356124932","4.46626975505193","0.665052993383422","6.73261785",
"12/21/1985","66.5625","38.872501373291","526","9.74900000000002","4.99000000000001","6.5471621976","1.92974183665748","0.870790832846711","2.91335805",
"12/22/1985","66.5625","38.872501373291","526","11.499","2.27499999999998","0","1.78957108158546","0.719849465433361","9.85151025",
"12/23/1985","66.5625","38.872501373291","526","9.79199999999997","1.12299999999999","0.0068664528","1.05555523863759","0.764904230369829","8.64872154",
"12/24/1985","66.5625","38.872501373291","526","5.61500000000001","1.61500000000001","1.3698578016","0.979457731458477","0.89095248118721","4.04723745",
"12/25/1985","66.5625","38.872501373291","526","3.02999999999997","-0.658999999999992","5.084608536","1.87339131365808","0.953010900515949","3.04132275",
"12/26/1985","66.5625","38.872501373291","526","1.88","-5.63099999999997","1.12609836","1.634637237252","0.911459309170435","9.4236165",
"12/27/1985","66.5625","38.872501373291","526","4.38200000000001","-4.495","0","2.37470672924907","0.787993369888836","10.222815618",
"12/28/1985","66.5625","38.872501373291","526","3.89600000000002","-1.06799999999998","0.4343037048","2.55341306145682","0.72460475656533","5.7233268",
"12/29/1985","66.5625","38.872501373291","526","5.50900000000001","-2.35899999999998","0.2265928992","2.44809264502655","0.81579741302155","9.64231803",
"12/30/1985","66.5625","38.872501373291","526","7.517","0.336000000000013","0.0789642648","2.74160453463623","0.83800171204463","9.739576944",
"12/31/1985","66.5625","38.872501373291","526","3.05900000000003","-2.40699999999998","1.86424254","1.20704901101043","0.954336264967618","4.781300868",
"1/1/1986","66.5625","38.872501373291","526","5.14699999999999","-4.661","0","1.72603027261943","0.827066820875752","9.968065884",
"1/2/1986","66.5625","38.872501373291","526","6.94799999999998","-1.29300000000001","0","3.15058391534119","0.677389284735347","10.469250612",
"1/3/1986","66.5625","38.872501373291","526","8.113","-0.230999999999995","0","4.97995538989982","0.596470620958043","10.49039982",
"1/4/1986","66.5625","38.872501373291","526","10.729","2.91199999999998","0","5.00936619705797","0.589439035234675","10.232778852",
"1/5/1986","66.5625","38.872501373291","526","8.80099999999999","2.815","0.082397448","2.80955859605086","0.651585004464797","8.12052882",
"1/6/1986","66.5625","38.872501373291","526","8.495","0.00499999999999545","0","1.64541873164516","0.820255581302578","10.22850198",
"1/7/1986","66.5625","38.872501373291","526","12.561","3.34699999999998","0","4.0824881366317","0.487578675165056","10.6464429",
"1/8/1986","66.5625","38.872501373291","526","11.156","1.26900000000001","0","2.60177464588899","0.381940645492137","10.723327668",
"1/9/1986","66.5625","38.872501373291","526","10.67","1.25700000000001","0","2.07968370654578","0.377178012809698","10.467452592",
"1/10/1986","66.5625","38.872501373291","526","12.021","4.22699999999998","0","3.47609260045","0.411234014797192","10.3892706",
"1/11/1986","66.5625","38.872501373291","526","8.44299999999998","1.31999999999999","0.0102996792","3.07629020328364","0.547849590858867","8.248162716",
"1/12/1986","66.5625","38.872501373291","526","12.212","4.096","0","6.30971906299176","0.407736823806054","9.044717796",
"1/13/1986","66.5625","38.872501373291","526","13.73","6.43299999999999","0.1338958152","5.0593865814951","0.43126389302041","8.437499388",
"1/14/1986","66.5625","38.872501373291","526","11.102","5.05399999999997","0.12702942","3.88996719601469","0.544472148648957","10.202565888",
"1/15/1986","66.5625","38.872501373291","526","14.135","7.18599999999998","0.096130404","6.6278822394954","0.487397057037441","10.281316968",
"1/16/1986","66.5625","38.872501373291","526","8.74799999999999","5.267","7.189180848","3.41123913471217","0.773917174441682","1.57685589",
"1/17/1986","66.5625","38.872501373291","526","9.48099999999999","2.74900000000002","0.480652236","2.43200243961528","0.806035958164569","10.5002397",
"1/18/1986","66.5625","38.872501373291","526","10.707","2.49400000000003","0","3.900413691789","0.655421976738835","11.43230544",
"1/19/1986","66.5625","38.872501373291","526","11.712","3.51999999999998","0","4.37814475286782","0.542542220942403","11.230530048",
"1/20/1986","66.5625","38.872501373291","526","10.975","5.07100000000003","1.5689849832","5.43858624681125","0.596962783438111","7.119111888",
"1/21/1986","66.5625","38.872501373291","526","12.405","5.54700000000003","5.6167626384","3.85655047222435","0.704253949049723","7.491657456",
"1/22/1986","66.5625","38.872501373291","526","4.38200000000001","-2.05799999999999","4.9816135008","3.35718867800364","0.850909757741286","5.217975288",
"1/23/1986","66.5625","38.872501373291","526","7.02300000000002","-2.096","0.0343322856","2.82714152859368","0.640801574940301","11.449354536",
"1/24/1986","66.5625","38.872501373291","526","0.654999999999973","-5.178","10.31684724","2.37274130843911","0.911913207914713","3.158324892",
"1/25/1986","66.5625","38.872501373291","526","1.93599999999998","-8.036","0.082397448","2.11889850932029","0.815598923652004","11.98068732",
"1/26/1986","66.5625","38.872501373291","526","3.95100000000002","-4.37299999999999","0","2.79841297947368","0.669378165614121","12.628573956",
"1/27/1986","66.5625","38.872501373291","526","3.88799999999998","-6.63600000000002","0","1.90003602174028","0.724200727349879","10.846242324",
"1/28/1986","66.5625","38.872501373291","526","-1.13799999999998","-5.35899999999998","1.4659881264","3.29478224587214","0.897016825704663","6.6526335",
"1/29/1986","66.5625","38.872501373291","526","-0.350999999999999","-11.697","0.3536226","1.41539610544651","0.878525447854135","12.359924028",
"1/30/1986","66.5625","38.872501373291","526","4.12799999999999","-5.68099999999998","0","4.43894476834694","0.731768351266995","13.01332554",
"1/31/1986","66.5625","38.872501373291","526","4.38900000000001","-4.03399999999999","0.0034332264","2.80691552377259","0.682748193065748","13.262004072",
"2/1/1986","66.5625","38.872501373291","526","4.28300000000002","-1.649","0.7141111128","2.13976821068409","0.872396675298298","10.251001548",
"2/2/1986","66.5625","38.872501373291","526","5.10399999999999","-3.13999999999999","0.58364856","1.37135942975922","0.786094268980535","7.242418476",
"2/3/1986","66.5625","38.872501373291","526","1.661","-3.07799999999997","5.9635116","2.35508544605261","0.919533580428153","6.572079828",
"2/4/1986","66.5625","38.872501373291","526","7.036","-2.67599999999999","0","3.48999229050666","0.819435778498338","13.542856308",
"2/5/1986","66.5625","38.872501373291","526","9.01900000000001","1.80500000000001","0.0068664528","3.56588000961729","0.772215982212723","13.415742",
"2/6/1986","66.5625","38.872501373291","526","10.166","0.439000000000021","0.05493168","3.6974772850227","0.77123462914262","13.77292788",
"2/7/1986","66.5625","38.872501373291","526","15.064","4.33199999999999","0","4.18983113297653","0.451656849926633","13.35138498",
"2/8/1986","66.5625","38.872501373291","526","6.45100000000002","3.15699999999998","4.8460012128","2.07699027892744","0.845570931225795","5.000344524",
"2/9/1986","66.5625","38.872501373291","526","6.65699999999998","1.11500000000001","1.0505671632","1.14915662444125","0.90376920413006","10.364680872",
"2/10/1986","66.5625","38.872501373291","526","10.223","0.682000000000016","0","2.44536015939039","0.805501147304451","14.4505107",
"2/11/1986","66.5625","38.872501373291","526","10.745","0.184000000000026","0.0549316584","1.69239298694461","0.768100904161575","11.9832768",
"2/12/1986","66.5625","38.872501373291","526","3.46899999999999","-3.26400000000001","10.99662822","3.24780103189429","0.922384001995336","6.06824946",
"2/13/1986","66.5625","38.872501373291","526","0.665999999999997","-5.91399999999999","0.9698866128","1.924477402305","0.920428329324953","11.76266466",
"2/14/1986","66.5625","38.872501373291","526","2.31200000000001","-7.95600000000002","0.4222871064","1.68425819729582","0.883432691408282","12.13189236",
"2/15/1986","66.5625","38.872501373291","526","6.738","-2.786","0.353622204","3.77890319591082","0.828588445567382","15.10756848",
"2/16/1986","66.5625","38.872501373291","526","8.048","-1.53699999999998","0.1270293912","1.65555864279334","0.902188134952061","14.24357316",
"2/17/1986","66.5625","38.872501373291","526","2.048","-3.39699999999999","3.422927844","2.37535433461145","0.937245551513327","5.598224388",
"2/18/1986","66.5625","38.872501373291","526","3.71100000000001","-3.96199999999999","0.0274658256","2.36266733833967","0.8830055003591","14.44753674",
"2/19/1986","66.5625","38.872501373291","526","5.02600000000001","-3.428","0","2.71556268207432","0.866712863996306","15.5600388",
"2/20/1986","66.5625","38.872501373291","526","6.25099999999998","-7.83300000000003","0","2.23425652143921","0.818750825776948","16.40772828",
"2/21/1986","66.5625","38.872501373291","526","8.48599999999999","-3.935","0","2.68720383010505","0.736252854640843","16.53260778",
"2/22/1986","66.5625","38.872501373291","526","9.04700000000003","-0.0409999999999968","0","2.45298801837992","0.726114379415818","16.28172666",
"2/23/1986","66.5625","38.872501373291","526","8.63400000000001","-3.20800000000003","0","1.54248466415299","0.752552347542179","16.4460348",
"2/24/1986","66.5625","38.872501373291","526","10.385","-2.161","0","2.58344348289951","0.753730737971825","15.99552882",
"2/25/1986","66.5625","38.872501373291","526","12.374","2.209","0","3.81952931598665","0.658576553779837","16.89851646",
"2/26/1986","66.5625","38.872501373291","526","13.857","4.48099999999999","0","5.46728206744265","0.621952218912223","17.4827259",
"2/27/1986","66.5625","38.872501373291","526","14.813","2.84300000000002","0.329589828","3.13355973900848","0.600707660691366","12.65625216",
"2/28/1986","66.5625","38.872501373291","526","16.058","1.81200000000001","0","1.56634943392555","0.648640952087082","17.388166032",
"3/1/1986","66.5625","38.872501373291","526","14.458","4.15100000000001","0","2.04768056372322","0.752006331362986","16.61062086",
"3/2/1986","66.5625","38.872501373291","526","12.397","4.31599999999997","0","2.52223919208471","0.782990199155708","17.5365018",
"3/3/1986","66.5625","38.872501373291","526","4.315","-3.68599999999998","10.6593151104","2.17912461538399","0.931754945239201","9.89814528",
"3/4/1986","66.5625","38.872501373291","526","8.899","-4.36599999999999","0","1.55927215763617","0.874075529471773","16.08800796",
"3/5/1986","66.5625","38.872501373291","526","8.37299999999999","2.315","0.315857592","2.15446597163749","0.877886135106248","12.87765234",
"3/6/1986","66.5625","38.872501373291","526","12.594","-0.785000000000025","0","1.97905963222685","0.699204211137967","18.80781084",
"3/7/1986","66.5625","38.872501373291","526","16.702","3.964","0","3.20092220401843","0.486535983319519","18.99427716",
"3/8/1986","66.5625","38.872501373291","526","18.112","4.476","0","2.51836748455934","0.420170040509496","18.77175288",
"3/9/1986","66.5625","38.872501373291","526","19.571","8.608","0","2.54682636665832","0.39626764440161","18.76899024",
"3/10/1986","66.5625","38.872501373291","526","10.867","5.745","8.8096589496","2.54273814066341","0.740561414875764","6.21140544",
"3/11/1986","66.5625","38.872501373291","526","9.70600000000002","3.10399999999999","3.2461153488","2.56538559068004","0.878884035923428","11.79045648",
"3/12/1986","66.5625","38.872501373291","526","3.226","-4.75900000000001","7.856943552","2.92756073702353","0.883672519334107","8.5764942",
"3/13/1986","66.5625","38.872501373291","526","4.41899999999998","-7.18099999999998","0.1424789136","1.79949336810534","0.79791979398814","18.22230252",
"3/14/1986","66.5625","38.872501373291","526","4.60199999999998","-8.11700000000002","0","1.70105017664703","0.79497850898241","20.01864276",
"3/15/1986","66.5625","38.872501373291","526","1.48399999999998","-5.47000000000003","0.6076815192","2.15328796751662","0.84169124172791","17.34687882",
"3/16/1986","66.5625","38.872501373291","526","0.25","-11.749","0","1.76135102289309","0.817997149389586","21.00684708",
"3/17/1986","66.5625","38.872501373291","526","-0.310000000000002","-11.733","0.2111437296","2.16029114195255","0.8116796727704","18.99320706",
"3/18/1986","66.5625","38.872501373291","526","3.11099999999999","-14.807","0","2.1393762236518","0.824266736001186","21.37770054",
"3/19/1986","66.5625","38.872501373291","526","5.827","-5.48399999999998","0","2.22281576301806","0.800760193786325","21.59831142",
"3/20/1986","66.5625","38.872501373291","526","7.21699999999998","-3.28100000000001","0","1.98980097618049","0.803426230819721","19.30680072",
"3/21/1986","66.5625","38.872501373291","526","8.66500000000002","0.410000000000025","0.0343322784","2.27195466294695","0.703394684584429","21.23938062",
"3/22/1986","66.5625","38.872501373291","526","8.06400000000002","-0.375","0.1029967848","2.60761137884655","0.648076520728442","14.54236668",
"3/23/1986","66.5625","38.872501373291","526","6.02800000000002","-0.173999999999978","1.4067644544","1.88870923311783","0.686867055462983","20.19825756",
"3/24/1986","66.5625","38.872501373291","526","8.125","-1.56999999999999","0.0411987384","2.30369233815439","0.721358709527781","21.625090488",
"3/25/1986","66.5625","38.872501373291","526","5.69400000000002","-0.0450000000000159","1.253128428","2.15667139055943","0.797539675449125","16.842265128",
"3/26/1986","66.5625","38.872501373291","526","8.25599999999997","-3.94999999999999","0.0068664528","1.84943532556941","0.695634746555778","21.56242248",
"3/27/1986","66.5625","38.872501373291","526","6.81","-2.58699999999999","0","2.82247268350806","0.764530312413006","15.1098795",
"3/28/1986","66.5625","38.872501373291","526","5.863","-2.46600000000001","0","2.69924127979055","0.727161269881361","22.228089408",
"3/29/1986","66.5625","38.872501373291","526","6.185","-0.0720000000000027","8.0483452128","3.57588515629488","0.864831090788625","16.106117832",
"3/30/1986","66.5625","38.872501373291","526","2.536","-2.95800000000003","4.783341564","2.6788921881889","0.863478871299625","17.347157208",
"3/31/1986","66.5625","38.872501373291","526","7.24099999999999","-7.618","0","3.17736391111955","0.761011749546162","23.212353312",
"4/1/1986","66.5625","38.872501373291","526","9.49099999999999","-3.447","0","2.57387258671939","0.711071752481057","23.87047806",
"4/2/1986","66.5625","38.872501373291","526","12.305","-0.377999999999986","0","2.37135970101427","0.722178428266428","23.26517046",
"4/3/1986","66.5625","38.872501373291","526","16.09","1.63200000000001","0","2.93655471849923","0.640666891275609","24.140140272",
"4/4/1986","66.5625","38.872501373291","526","18.633","6.46300000000002","0.28495764","4.22897055571439","0.663566251670768","17.077778712",
"4/5/1986","66.5625","38.872501373291","526","16.365","6.19600000000003","0","3.12594227229761","0.664825529706131","22.37985576",
"4/6/1986","66.5625","38.872501373291","526","19.823","8.315","0","3.30438470609689","0.515080251979769","20.13513282",
"4/7/1986","66.5625","38.872501373291","526","19.622","7.41500000000002","0.449752824","2.08181580915961","0.653025117792954","22.68843696",
"4/8/1986","66.5625","38.872501373291","526","20.879","4.39699999999999","0","1.58074696256812","0.582586731043188","24.47701524",
"4/9/1986","66.5625","38.872501373291","526","19.398","10.887","0","3.29826946381358","0.525708723122236","19.69549344",
"4/10/1986","66.5625","38.872501373291","526","21.364","9.09100000000001","0","2.77372007994935","0.536397787926","24.59266416",
"4/11/1986","66.5625","38.872501373291","526","23.8","8.79300000000001","0","2.35689298852636","0.529090490566089","23.98752432",
"4/12/1986","66.5625","38.872501373291","526","18.792","12.893","8.126445744","4.133777777638","0.7220044945369","9.807916752",
"4/13/1986","66.5625","38.872501373291","526","21.002","12.013","6.09741504","2.89850977962736","0.735759667999002","22.43042064",
"4/14/1986","66.5625","38.872501373291","526","19.084","11.646","2.094268716","2.22834016141273","0.727885864525553","18.21898692",
"4/15/1986","66.5625","38.872501373291","526","20.537","11.444","2.952575568","2.59311079946679","0.643566506647176","19.55109276",
"4/16/1986","66.5625","38.872501373291","526","23.849","12.734","1.19133036","3.6540156220142","0.521452571177062","25.041204",
"4/17/1986","66.5625","38.872501373291","526","25.208","12.468","0","3.22544851176674","0.442383687446397","24.9005322",
"4/18/1986","66.5625","38.872501373291","526","25.361","10.414","0","2.32881303924615","0.480166992481027","25.28184852",
"4/19/1986","66.5625","38.872501373291","526","20.863","8.762","0","2.53479345714521","0.660517800793428","24.02961048",
"4/20/1986","66.5625","38.872501373291","526","23.884","9.74799999999999","0","2.13622350189866","0.604798952475712","25.23910248",
"4/21/1986","66.5625","38.872501373291","526","19.366","7.858","4.86831978","3.59101674814475","0.764644408782248","12.71058696",
"4/22/1986","66.5625","38.872501373291","526","13.126","4.66000000000003","0.2128601736","3.21159214257185","0.723875377357321","19.976956848",
"4/23/1986","66.5625","38.872501373291","526","15.603","0.730000000000018","0","2.33879017177369","0.642621335018513","23.867325",
"4/24/1986","66.5625","38.872501373291","526","17.691","3.327","0.0308990376","1.67843796202805","0.651168324229259","22.38614496",
"4/25/1986","66.5625","38.872501373291","526","15.458","7.666","0.2609252784","2.43349925582403","0.616948935967059","16.6246857",
"4/26/1986","66.5625","38.872501373291","526","17.621","7.22500000000002","0","2.58184244988246","0.565553568891522","26.23049793",
"4/27/1986","66.5625","38.872501373291","526","18.707","2.80900000000003","0","2.34336269394242","0.549315168826218","27.49145526",
"4/28/1986","66.5625","38.872501373291","526","19.812","6.36700000000002","0","3.13217921386676","0.414014457478057","27.74413296",
"4/29/1986","66.5625","38.872501373291","526","20.044","7.61200000000002","0","4.17167170768329","0.383846133486393","27.978360192",
"4/30/1986","66.5625","38.872501373291","526","20.657","6.97899999999999","0","2.70862318031572","0.359105735875296","28.295266392",
"5/1/1986","66.5625","38.872501373291","526","24.618","10.775","0","2.77024899863397","0.316814260216881","27.63669042",
"5/2/1986","66.5625","38.872501373291","526","24.621","10.17","0","2.79268020084364","0.253158670364287","28.25292276",
"5/3/1986","66.5625","38.872501373291","526","29.626","16.753","0","6.17852053806125","0.28314602382791","27.647766648",
"5/4/1986","66.5625","38.872501373291","526","31.659","20.847","0","6.02923375252609","0.249449542476269","15.26833782",
"5/5/1986","66.5625","38.872501373291","526","34.956","21.725","0","4.25697141986772","0.219576624107489","25.34456808",
"5/6/1986","66.5625","38.872501373291","526","29.94","20.404","0.302124312","3.016843366273","0.35733215815942","25.060895208",
"5/7/1986","66.5625","38.872501373291","526","28.082","14.024","0","3.18095050644809","0.357266805154691","28.4779143",
"5/8/1986","66.5625","38.872501373291","526","28.806","14.582","0","3.08563857094036","0.333043534548719","28.631924712",
"5/9/1986","66.5625","38.872501373291","526","29.071","13.82","0","2.84136095850384","0.317870561312143","28.612347408",
"5/10/1986","66.5625","38.872501373291","526","30.259","15.933","0","4.03418129878845","0.243128614839643","29.02257774",
"5/11/1986","66.5625","38.872501373291","526","30.699","17.524","0","3.52267181246653","0.233965994862802","24.827063688",
"5/12/1986","66.5625","38.872501373291","526","25.75","12.41","0","2.80793105381727","0.398042857278444","28.231591392",
"5/13/1986","66.5625","38.872501373291","526","27.873","13.168","0","2.61930008473427","0.35373659540413","28.776542112",
"5/14/1986","66.5625","38.872501373291","526","32.094","16.587","0.195693984","3.65973984157152","0.309916159107056","28.53619236",
"5/15/1986","66.5625","38.872501373291","526","28.227","14.388","0.49095144","2.46602288851561","0.408207296314884","27.93988764",
"5/16/1986","66.5625","38.872501373291","526","28.006","15.207","0","2.28845398678011","0.379095305322513","27.625158792",
"5/17/1986","66.5625","38.872501373291","526","20.546","9.42200000000003","0.3879548424","2.6366464485903","0.472826336994505","26.73630126",
"5/18/1986","66.5625","38.872501373291","526","18.325","4.32799999999997","0","2.46315160376294","0.375491065613272","30.21975612",
"5/19/1986","66.5625","38.872501373291","526","20.436","6.77600000000001","0","2.85310527538466","0.25580421574901","30.04590348",
"5/20/1986","66.5625","38.872501373291","526","23.172","9.83100000000002","0","4.25288725372145","0.257102538325976","30.55853664",
"5/21/1986","66.5625","38.872501373291","526","24.473","10.277","0","2.67681571579588","0.283685315946079","29.023542",
"5/22/1986","66.5625","38.872501373291","526","27.107","12.432","0","2.64876620264986","0.249225608031822","30.1972554",
"5/23/1986","66.5625","38.872501373291","526","30.115","15.73","0","2.32059498210569","0.207776934021301","27.874053",
"5/24/1986","66.5625","38.872501373291","526","31.285","15.387","0","2.47605096138555","0.239628911543351","28.49935284",
"5/25/1986","66.5625","38.872501373291","526","28.033","16.049","0.247192128","2.31258420303943","0.292581416052225","29.7078174",
"5/26/1986","66.5625","38.872501373291","526","28.762","15.263","0","2.4570851783514","0.290282979764433","29.92004352",
"5/27/1986","66.5625","38.872501373291","526","30.652","17.366","0","2.53911712062796","0.251647220372928","30.22059456",
"5/28/1986","66.5625","38.872501373291","526","30.582","17.603","0","3.43880328352684","0.227396928230934","28.03916592",
"5/29/1986","66.5625","38.872501373291","526","27.254","17.006","0","3.15795466768039","0.292080069640133","29.553354",
"5/30/1986","66.5625","38.872501373291","526","18.233","16.232","0","2.28799639011392","0.379105932799224","0",
"6/1/1986","66.5625","38.872501373291","526","26.819","15.941","0","2.32705318611922","0.347844620321003","28.2265884",
"6/2/1986","66.5625","38.872501373291","526","27.655","14.685","0","3.16400271637504","0.394751307008152","29.88719604",
"6/3/1986","66.5625","38.872501373291","526","28.786","16.409","0","5.25208549464173","0.301310833102057","30.46774896",
"6/4/1986","66.5625","38.872501373291","526","27.555","14.953","0","2.90630310128974","0.310555497645791","30.53935692",
"6/5/1986","66.5625","38.872501373291","526","29.568","16.854","0","3.4815785918582","0.26143929330082","29.85216372",
"6/6/1986","66.5625","38.872501373291","526","29.599","17.395","0","2.84665085151281","0.249325406472211","29.89860984",
"6/7/1986","66.5625","38.872501373291","526","31.102","18.037","0","3.26886111574695","0.199996102265262","31.00218516",
"6/8/1986","66.5625","38.872501373291","526","32.648","17.955","0","3.39150213880642","0.165207195897834","29.40974712",
"6/9/1986","66.5625","38.872501373291","526","31.03","19.594","0.02059938","3.33481768784401","0.21106570042028","28.7475183",
"6/10/1986","66.5625","38.872501373291","526","31.051","17.497","0","3.4053335557642","0.183619615752803","25.41110724",
"6/11/1986","66.5625","38.872501373291","526","29.062","16.033","0","3.03381273076498","0.267006390731725","30.0912156",
"6/12/1986","66.5625","38.872501373291","526","30.762","15.469","0","2.41962144248073","0.202431289532276","31.24915344",
"6/13/1986","66.5625","38.872501373291","526","31.63","16.026","0","2.62062640638044","0.163667031051545","30.97783044",
"6/14/1986","66.5625","38.872501373291","526","34.022","19.262","0","3.7235447821707","0.158937024542616","27.6575634",
"6/15/1986","66.5625","38.872501373291","526","28.461","15.288","0","2.70237546989493","0.232634471727097","30.98767824",
"6/16/1986","66.5625","38.872501373291","526","30.51","15.93","0","2.79427478715999","0.229202049544063","31.30557228",
"6/17/1986","66.5625","38.872501373291","526","32.675","18.02","0","3.05172424011159","0.19047702370068","31.3282782",
"6/18/1986","66.5625","38.872501373291","526","35.821","16.749","0","2.66687359991","0.150312018321444","31.2485364",
"6/19/1986","66.5625","38.872501373291","526","38.646","22.105","0","4.5079229324524","0.119894358544847","31.09511412",
"6/20/1986","66.5625","38.872501373291","526","36.039","21.687","0","3.92564557021244","0.182471659639824","30.08846484",
"6/21/1986","66.5625","38.872501373291","526","33.463","19.553","0","3.24457921805736","0.236520176441942","30.4481232",
"6/22/1986","66.5625","38.872501373291","526","36.1","19.954","0","3.47465890860761","0.199552215366715","30.8620656",
"6/23/1986","66.5625","38.872501373291","526","36.586","18.807","0","3.30660999936426","0.178398308512271","30.76019856",
"6/24/1986","66.5625","38.872501373291","526","33.621","20.011","0","4.43120767855373","0.149553143307029","31.58020224",
"6/25/1986","66.5625","38.872501373291","526","33.048","20.02","0","5.19335950206584","0.122585476042376","31.90901436",
"6/26/1986","66.5625","38.872501373291","526","33.871","19.991","0","5.56461803152496","0.166075620901646","31.28073624",
"6/27/1986","66.5625","38.872501373291","526","34.988","20.551","0","4.24901980771562","0.149780226048954","31.40474004",
"6/28/1986","66.5625","38.872501373291","526","35.574","20.913","0","4.32338223118466","0.172099434748881","31.01231268",
"6/29/1986","66.5625","38.872501373291","526","34.775","20.94","0","4.68871534080278","0.180002088983577","31.00685112",
"6/30/1986","66.5625","38.872501373291","526","36.756","21.232","0","4.95616143009367","0.164191123085509","31.491855",
"7/1/1986","66.5625","38.872501373291","526","37.718","21.184","0","4.41374842739069","0.125277046580247","31.82538708",
"7/2/1986","66.5625","38.872501373291","526","38.574","22.343","0","4.90288803123818","0.110386268433805","31.41259164",
"7/3/1986","66.5625","38.872501373291","526","37.055","22.977","0","5.71075386553809","0.113668543936501","31.23837684",
"7/4/1986","66.5625","38.872501373291","526","36.411","22.328","0","5.94877435115476","0.134434642701749","31.42360692",
"7/5/1986","66.5625","38.872501373291","526","36.173","18.439","0","4.73559890476338","0.144962024567386","31.67549352",
"7/6/1986","66.5625","38.872501373291","526","35.454","21.727","0","6.25667510463677","0.141340428569118","31.29469452",
"7/7/1986","66.5625","38.872501373291","526","35.066","19.456","0","4.42897634079088","0.162646046152489","31.60059084",
"7/8/1986","66.5625","38.872501373291","526","33.206","16.485","0","4.05214825025725","0.119607864879684","31.4530092",
"7/9/1986","66.5625","38.872501373291","526","33.569","18.601","0","4.55851557789057","0.151951163503899","31.1752386",
"7/10/1986","66.5625","38.872501373291","526","34.885","19.095","0","3.95338027250766","0.159729013872119","31.21049088",
"7/11/1986","66.5625","38.872501373291","526","34.884","18.265","0","3.32109040277711","0.134656052533042","31.23217404",
"7/12/1986","66.5625","38.872501373291","526","36.68","20.437","0","4.35910101987729","0.143528760172169","30.82010796",
"7/13/1986","66.5625","38.872501373291","526","37.38","21.655","0","4.155325156096","0.148482366872084","30.3697728",
"7/14/1986","66.5625","38.872501373291","526","38.221","22.005","0","4.69055389499795","0.126683713226781","30.35587896",
"7/15/1986","66.5625","38.872501373291","526","37.439","24.146","0","7.19343686104458","0.136857748515221","30.302439192",
"7/16/1986","66.5625","38.872501373291","526","37.61","24.43","0","6.97462312114135","0.151795074390173","30.166591752",
"7/17/1986","66.5625","38.872501373291","526","37.38","23.636","0","5.67938736341724","0.164152610131566","29.95947864",
"7/18/1986","66.5625","38.872501373291","526","37.741","23.926","0","6.77899327728458","0.150451053033626","30.21502194",
"7/19/1986","66.5625","38.872501373291","526","34.209","21.798","0","4.98157587417467","0.21320796504391","29.657755368",
"7/20/1986","66.5625","38.872501373291","526","34.349","20.742","0","4.27700174713128","0.205385178008907","29.7462951",
"7/21/1986","66.5625","38.872501373291","526","33.983","19.494","0","3.79904026641436","0.213029567085584","29.598072552",
"7/22/1986","66.5625","38.872501373291","526","26.594","15.786","0.930405204","2.52938330077649","0.355103506918888","19.454006088",
"7/23/1986","66.5625","38.872501373291","526","29.847","13.701","0","3.11459399153789","0.330750618885296","29.299661928",
"7/24/1986","66.5625","38.872501373291","526","31.325","17.259","0","3.07895604582137","0.305361444207606","29.336176728",
"7/25/1986","66.5625","38.872501373291","526","33.452","19.127","0","3.11492367078702","0.24169529688658","29.5616853",
"7/26/1986","66.5625","38.872501373291","526","35.381","18.164","0","2.97781353580587","0.172875707342865","29.58912576",
"7/27/1986","66.5625","38.872501373291","526","37.094","19.192","0","3.40119606987863","0.155268043789944","29.30046246",
"7/28/1986","66.5625","38.872501373291","526","37.264","23.271","0","5.46684614229343","0.121544838884479","29.25601794",
"7/29/1986","66.5625","38.872501373291","526","37.357","23.7","0","4.75157157111961","0.146896766879096","28.91986866",
"7/30/1986","66.5625","38.872501373291","526","36.893","22.503","0","4.90102970213886","0.207873934008822","28.749140568",
"7/31/1986","66.5625","38.872501373291","526","38.02","23.219","0","4.51661382982857","0.183573066600717","28.98056916",
"8/1/1986","66.5625","38.872501373291","526","39.067","24.844","0","5.30882595878987","0.172148844863802","28.889940528",
"8/2/1986","66.5625","38.872501373291","526","39.089","24.878","0","5.18154629392666","0.124647308351465","28.751682528",
"8/3/1986","66.5625","38.872501373291","526","38.903","25.323","0","7.19216123061974","0.126439317878018","28.778115312",
"8/4/1986","66.5625","38.872501373291","526","33.583","20.437","0","6.10746003902294","0.219137331962884","28.039942368",
"8/5/1986","66.5625","38.872501373291","526","29.899","14.716","0","2.90331738925695","0.262848742825084","27.4526973",
"8/6/1986","66.5625","38.872501373291","526","31.394","15.397","0","3.20087378512195","0.256670448739137","28.28199564",
"8/7/1986","66.5625","38.872501373291","526","30.736","14.076","0","2.84478439713129","0.320191114468973","27.790598088",
"8/8/1986","66.5625","38.872501373291","526","28.378","11.713","0","2.67852734564975","0.328575853427568","28.32390036",
"8/9/1986","66.5625","38.872501373291","526","29.837","12.974","0","3.88029561999675","0.241248990015301","28.50575688",
"8/10/1986","66.5625","38.872501373291","526","31.321","14.888","0","3.42517427910958","0.181114373909518","28.59361875",
"8/11/1986","66.5625","38.872501373291","526","32.951","14.618","0","3.11760097107458","0.181458968591663","28.12314276",
"8/12/1986","66.5625","38.872501373291","526","34.163","18.551","0","3.67333478317254","0.179221031202785","27.94820049",
"8/13/1986","66.5625","38.872501373291","526","34.947","17.549","0","3.97983423858508","0.156462053278228","27.79908012",
"8/14/1986","66.5625","38.872501373291","526","36.078","19.894","0","4.65672924629494","0.149708139452975","27.82423287",
"8/15/1986","66.5625","38.872501373291","526","37.007","22.188","0","4.29894256317804","0.107784139602482","27.87863004",
"8/16/1986","66.5625","38.872501373291","526","37.22","17.186","0","2.91854753249881","0.130645192586465","27.7772634",
"8/17/1986","66.5625","38.872501373291","526","35.969","17.461","0","3.99833450541424","0.148998132438407","27.25239492",
"8/18/1986","66.5625","38.872501373291","526","34.23","21.754","0","6.56989519764655","0.159415499071965","27.2517264",
"8/19/1986","66.5625","38.872501373291","526","32.801","19.373","0","4.84709003875031","0.183488297506331","26.67567348",
"8/20/1986","66.5625","38.872501373291","526","32.012","16.577","0","3.75127756148692","0.190330524845303","26.53431444",
"8/21/1986","66.5625","38.872501373291","526","30.381","16.195","0","3.20884329965665","0.205777272117295","26.37229896",
"8/22/1986","66.5625","38.872501373291","526","30.765","16.353","0","3.33243344308918","0.175130431517793","26.4436308",
"8/23/1986","66.5625","38.872501373291","526","31.435","14.911","0","2.78530584981295","0.159887924765465","26.383554",
"8/24/1986","66.5625","38.872501373291","526","31.957","14.175","0","2.53009776754693","0.17474640872939","26.20017612",
"8/25/1986","66.5625","38.872501373291","526","32.722","13.666","0","3.4853150642258","0.164817882947496","25.73274312",
"8/26/1986","66.5625","38.872501373291","526","33.283","18.315","0","4.45562804236067","0.169165820182617","25.43169672",
"8/27/1986","66.5625","38.872501373291","526","32.365","17.097","0","3.60525306819061","0.193553946687527","25.62091524",
"8/28/1986","66.5625","38.872501373291","526","32.26","13.2","0","3.04153489588105","0.206195269372209","25.43698152",
"8/29/1986","66.5625","38.872501373291","526","31.353","16.432","0","3.12485200497255","0.217250633519042","25.028775",
"8/30/1986","66.5625","38.872501373291","526","30.495","14.442","0","2.95989987115235","0.268640724711337","24.78195072",
"8/31/1986","66.5625","38.872501373291","526","30.17","13.135","0","3.13160311837656","0.25604709574537","24.30185364",
"9/1/1986","66.5625","38.872501373291","526","31.242","14.349","0","4.22325951645163","0.182728542542199","25.64550756",
"9/2/1986","66.5625","38.872501373291","526","31.906","17.84","0","3.6938085604072","0.127522929781462","24.7427442",
"9/3/1986","66.5625","38.872501373291","526","30.578","14.814","0","2.92271406473431","0.137560241895925","24.83392032",
"9/4/1986","66.5625","38.872501373291","526","31.087","14.285","0","2.88053498687092","0.153526833425767","24.27215616",
"9/5/1986","66.5625","38.872501373291","526","30.738","16.127","0","3.28734583563596","0.159606010478043","24.4527696",
"9/6/1986","66.5625","38.872501373291","526","31.901","15.98","0","3.51754979700799","0.142946535032389","24.4311102",
"9/7/1986","66.5625","38.872501373291","526","31.848","15.25","0","3.55611093959469","0.178047105032882","24.10070904",
"9/8/1986","66.5625","38.872501373291","526","31.62","14.039","0","3.55645265085938","0.21336195626015","23.93504928",
"9/9/1986","66.5625","38.872501373291","526","30.246","13.765","0","3.32630511339869","0.20241476268526","23.88729492",
"9/10/1986","66.5625","38.872501373291","526","30.132","12.349","0","3.14215519807121","0.205886971087931","23.58332064",
"9/11/1986","66.5625","38.872501373291","526","30.367","12.29","0","3.04799014521958","0.171596132115143","23.64604128",
"9/12/1986","66.5625","38.872501373291","526","30.409","12.152","0","2.99577426940341","0.174516745733325","23.65891848",
"9/13/1986","66.5625","38.872501373291","526","29.395","16.851","0","5.80195506490142","0.182001943502385","22.93892172",
"9/14/1986","66.5625","38.872501373291","526","29.847","14.702","0","3.49577408568911","0.194043352705847","22.96018692",
"9/15/1986","66.5625","38.872501373291","526","29.389","13.717","0","3.51394794180803","0.183542636121603","22.79002068",
"9/16/1986","66.5625","38.872501373291","526","30.56","16.38","0","3.57098833694539","0.164532758210266","22.530323448",
"9/17/1986","66.5625","38.872501373291","526","30.964","17.126","0","3.13976518183707","0.14476274449005","22.443747048",
"9/18/1986","66.5625","38.872501373291","526","30.518","15.591","0","3.51902329011228","0.162666875947813","22.111875072",
"9/19/1986","66.5625","38.872501373291","526","28.024","10.409","0","2.69458284175061","0.28403956590134","21.485866248",
"9/20/1986","66.5625","38.872501373291","526","26.431","13.946","0.0205993728","2.17110309962582","0.285973217131007","19.30916142",
"9/21/1986","66.5625","38.872501373291","526","28.409","12.417","0","2.59162735142695","0.288408731844866","20.91976614",
"9/22/1986","66.5625","38.872501373291","526","28.842","12.74","0","2.999902932284","0.315638580812073","20.74556178",
"9/23/1986","66.5625","38.872501373291","526","29.636","11.965","0","3.20777340265661","0.284836708123342","20.939515848",
"9/24/1986","66.5625","38.872501373291","526","31.709","15.249","0","3.67328413187041","0.187845051796382","20.61016542",
"9/25/1986","66.5625","38.872501373291","526","32.56","18.313","0","3.74489551451195","0.178378819334372","20.48040054",
"9/26/1986","66.5625","38.872501373291","526","30.334","18.155","0","2.98737728325651","0.195672884558361","15.88483008",
"9/27/1986","66.5625","38.872501373291","526","30.443","16.602","0","2.82237025788023","0.279325876026888","19.51458894",
"9/28/1986","66.5625","38.872501373291","526","29.264","12.755","0","2.40011999983414","0.314794713898542","19.57753368",
"9/29/1986","66.5625","38.872501373291","526","27.89","13.033","0","2.1646282243017","0.335176230331618","19.3766121",
"9/30/1986","66.5625","38.872501373291","526","17.246","8.50799999999998","3.6460881576","3.2856340835266","0.662144301962855","11.7730143",
"10/1/1986","66.5625","38.872501373291","526","22.419","7.02999999999997","0","2.23095037582275","0.50721454834551","19.00822572",
"10/2/1986","66.5625","38.872501373291","526","26.331","10.289","0","2.35613919946377","0.396277328279975","18.73907226",
"10/3/1986","66.5625","38.872501373291","526","27.747","15.232","0","3.53127814733031","0.307448900859145","18.22347936",
"10/4/1986","66.5625","38.872501373291","526","26.848","11.421","0","2.02828468037934","0.412830493308771","18.57740832",
"10/5/1986","66.5625","38.872501373291","526","30.461","17.319","0","3.21213307871027","0.282194238043604","18.32360814",
"10/6/1986","66.5625","38.872501373291","526","30.09","16.637","0","2.75042668626017","0.284208594517495","17.45026488",
"10/7/1986","66.5625","38.872501373291","526","29.289","18.003","0","3.64292655689849","0.322837677327148","17.52536538",
"10/8/1986","66.5625","38.872501373291","526","21.688","11.758","0","2.81942451642359","0.436962797235671","17.43001938",
"10/9/1986","66.5625","38.872501373291","526","23.116","12.105","0","2.89601615863335","0.439565866815872","17.24552136",
"10/10/1986","66.5625","38.872501373291","526","25.974","12.22","0","3.01112830693895","0.307867911507202","17.61727446",
"10/11/1986","66.5625","38.872501373291","526","26.258","13.461","0","2.93821424139676","0.284800961083619","16.98046632",
"10/12/1986","66.5625","38.872501373291","526","24.205","12.236","0.0617980968","2.82549539782768","0.469565169564498","14.259034188",
"10/13/1986","66.5625","38.872501373291","526","23.483","8.55399999999997","0","1.67695339828658","0.56380596664216","16.71300036",
"10/14/1986","66.5625","38.872501373291","526","17.071","10.461","2.6126894664","2.64278602012149","0.570912360559524","15.946988688",
"10/15/1986","66.5625","38.872501373291","526","9.90600000000001","2.27600000000001","1.5380874","2.64601149075232","0.515692260172042","17.03694402",
"10/16/1986","66.5625","38.872501373291","526","10.87","-1.09899999999999","0","2.17405549478451","0.436580160774614","16.775551188",
"10/17/1986","66.5625","38.872501373291","526","13.336","0.648000000000025","0","2.36441035333167","0.445479427230405","16.522986492",
"10/18/1986","66.5625","38.872501373291","526","14.995","1.90100000000001","0","2.11540755142929","0.512601000905308","15.2798076",
"10/19/1986","66.5625","38.872501373291","526","17.948","5.88","0","2.87741155922333","0.415578602756319","16.12585962",
"10/20/1986","66.5625","38.872501373291","526","20.511","9.327","0","2.96897342252741","0.309813941098794","16.04278332",
"10/21/1986","66.5625","38.872501373291","526","21.276","9.40899999999999","0","2.98019592017948","0.287204394831678","15.92280306",
"10/22/1986","66.5625","38.872501373291","526","21.367","7.32600000000002","0","2.2516082823401","0.266732603739803","11.4689799",
"10/23/1986","66.5625","38.872501373291","526","24.967","11.593","0","2.90854479663905","0.255339549806091","15.36294654",
"10/24/1986","66.5625","38.872501373291","526","25.97","10.539","0","2.34968211786099","0.220716260151335","15.4378116",
"10/25/1986","66.5625","38.872501373291","526","25.661","9.27600000000001","0","2.1117779783973","0.284390753510653","15.05447172",
"10/26/1986","66.5625","38.872501373291","526","24.99","10.68","0","2.81829945739654","0.265625834449047","14.77451124",
"10/27/1986","66.5625","38.872501373291","526","24.503","10.39","0","3.49053615258717","0.261610477281554","14.60143368",
"10/28/1986","66.5625","38.872501373291","526","21.849","9.53899999999999","0","2.42727750903941","0.273677857072522","14.65672122",
"10/29/1986","66.5625","38.872501373291","526","19.989","7.47800000000001","0","2.1838279271245","0.356353315318517","14.34925854",
"10/30/1986","66.5625","38.872501373291","526","18.532","6.084","0","2.13916719634052","0.474477644685892","14.059519092",
"10/31/1986","66.5625","38.872501373291","526","19.41","6.13799999999998","0","2.10884925996128","0.483053095790434","13.985717112",
"11/1/1986","66.5625","38.872501373291","526","19.469","7.29500000000002","0","1.73375347827193","0.479533587276554","13.74817572",
"11/2/1986","66.5625","38.872501373291","526","21.406","8.90699999999998","0","2.60963475140367","0.362459974813349","13.76218782",
"11/3/1986","66.5625","38.872501373291","526","21.819","9.71100000000001","0","2.94199099506113","0.334824648923643","13.5458451",
"11/4/1986","66.5625","38.872501373291","526","23.508","8.17500000000001","0","2.13627875344858","0.327052916885836","13.5786402",
"11/5/1986","66.5625","38.872501373291","526","24.538","12.898","0","2.88521789621714","0.228440358408387","12.484573452",
"11/6/1986","66.5625","38.872501373291","526","20.371","10.127","0","2.03855942401439","0.345544722875714","12.899082312",
"11/7/1986","66.5625","38.872501373291","526","20.716","10.011","0.2077104024","2.18104808485546","0.432533742792013","11.9988621",
"11/8/1986","66.5625","38.872501373291","526","22.208","13.308","0","3.35774710633831","0.283060437498064","8.6187915",
"11/9/1986","66.5625","38.872501373291","526","23.892","14.118","0.41370408","4.39689363593432","0.336123747348912","10.670285088",
"11/10/1986","66.5625","38.872501373291","526","23.804","15.007","0","4.69572100277606","0.330427917149143","12.709633032",
"11/11/1986","66.5625","38.872501373291","526","21.107","14.028","0.017166132","4.23720219562298","0.476507531274568","9.488529828",
"11/12/1986","66.5625","38.872501373291","526","14.443","5.899","0.7621762608","3.81601861512295","0.616548262904417","9.795651768",
"11/13/1986","66.5625","38.872501373291","526","7.75900000000001","0.348000000000013","0.335597868","2.53623503060143","0.632619275520696","12.35092428",
"11/14/1986","66.5625","38.872501373291","526","7.113","-0.444999999999993","0.0583648704","1.25374418062169","0.684031940032356","9.11677482",
"11/15/1986","66.5625","38.872501373291","526","9.31200000000001","0.488999999999976","6.794354052","4.1704568106337","0.678774981129733","11.15802495",
"11/16/1986","66.5625","38.872501373291","526","6.18799999999999","-3.49599999999998","0.0600815088","3.19570025306763","0.616707678253152","10.670958828",
"11/17/1986","66.5625","38.872501373291","526","7.55399999999997","-2.09699999999998","0","2.31970143066329","0.593795613017389","12.096117",
"11/18/1986","66.5625","38.872501373291","526","8.89999999999998","0.72399999999999","0.034332264","1.71511113947999","0.539123291574169","10.001137356",
"11/19/1986","66.5625","38.872501373291","526","9.13999999999999","-0.668000000000006","0","1.18502073880484","0.620281006516997","11.222440488",
"11/20/1986","66.5625","38.872501373291","526","7.743","0.115000000000009","0.39138822","1.629575427614","0.672642298073185","11.35395225",
"11/21/1986","66.5625","38.872501373291","526","3.35300000000001","-5.63600000000002","0","2.3859144792485","0.616917550168733","11.515046112",
"11/22/1986","66.5625","38.872501373291","526","2.173","-8.50900000000001","0","1.64502921929553","0.612217506110642","11.980178838",
"11/23/1986","66.5625","38.872501373291","526","5.77300000000002","-7.25400000000002","0","1.49417305832796","0.561195418721109","11.42308584",
"11/24/1986","66.5625","38.872501373291","526","8.368","-2.76299999999998","0","1.56992245944509","0.500051373915321","11.173222152",
"11/25/1986","66.5625","38.872501373291","526","3.84699999999998","-1.03100000000001","1.9861217424","1.68498206106038","0.714780924329924","4.76263152",
"11/26/1986","66.5625","38.872501373291","526","4.58499999999998","-5.14699999999999","0","1.42144885777714","0.794110514372455","10.30674627",
"11/27/1986","66.5625","38.872501373291","526","7.59399999999999","-3.108","0","1.7880078310746","0.761024083802728","10.74211893",
"11/28/1986","66.5625","38.872501373291","526","7.73399999999998","-2.85599999999999","0","1.17781994548534","0.798444467238655","9.77136003",
"11/29/1986","66.5625","38.872501373291","526","9.45999999999998","0.961999999999989","0","2.69030693568693","0.646953394244165","10.85433606",
"11/30/1986","66.5625","38.872501373291","526","13.528","3.53500000000003","0","3.94823695152797","0.380715728184935","9.1483299",
"12/1/1986","66.5625","38.872501373291","526","16.263","7.495","0.8411407848","5.2898754284589","0.525418906108192","6.46002873",
"12/2/1986","66.5625","38.872501373291","526","12.041","8.90199999999999","2.490806952","1.96381098130513","0.720283474921629","2.04119982",
"12/3/1986","66.5625","38.872501373291","526","16.172","7.976","1.0728834768","3.52221883853617","0.725618608403794","5.87655018",
"12/4/1986","66.5625","38.872501373291","526","12.949","1.154","15.6692488968","3.43840270724072","0.786960886830225","0.76860009",
"12/5/1986","66.5625","38.872501373291","526","5.13999999999999","0.560999999999979","5.1893223264","1.57445916991937","0.855399185335116","2.08018224",
"12/6/1986","66.5625","38.872501373291","526","5.24799999999999","2.50599999999997","2.1612165264","3.01882792230527","0.919413718655975","2.76434973",
"12/7/1986","66.5625","38.872501373291","526","5.45499999999998","-3.43099999999998","0.255775572","2.218507370812","0.801585712113898","10.57213368",
"12/8/1986","66.5625","38.872501373291","526","8.70999999999998","-3.53199999999998","0","1.91992119200064","0.667496443679783","10.76742648",
"12/9/1986","66.5625","38.872501373291","526","4.34500000000003","0.553999999999974","0.2540584728","3.12295633882984","0.770408615574361","4.02474879",
"12/10/1986","66.5625","38.872501373291","526","0.52600000000001","-9.99200000000002","8.98561764","3.40581600812241","0.939897145948103","4.19597163",
"12/11/1986","66.5625","38.872501373291","526","-4.81599999999997","-17.742","2.404118052","2.67611291176521","0.916614587512443","7.27278588",
"12/12/1986","66.5625","38.872501373291","526","-6.32600000000002","-18.806","0","1.67001778043662","0.839574408927585","10.1991933",
"12/13/1986","66.5625","38.872501373291","526","-2.93599999999998","-18.087","0","2.24043601027949","0.75864465416347","10.64902176",
"12/14/1986","66.5625","38.872501373291","526","-0.817000000000007","-13.306","0","3.12628240620721","0.80051889265781","10.29982383",
"12/15/1986","66.5625","38.872501373291","526","-0.184000000000026","-11.222","0","2.3619674594179","0.789347752463609","10.37672325",
"12/16/1986","66.5625","38.872501373291","526","1.709","-5.50400000000002","0","3.42280503027917","0.782260900237219","10.4555763",
"12/17/1986","66.5625","38.872501373291","526","0.994000000000028","-10.644","0","2.26381883482316","0.802760658319112","9.49595292",
"12/18/1986","66.5625","38.872501373291","526","1.91000000000003","-7.35399999999999","0","2.42525652769864","0.837426194981421","10.27653543",
"12/19/1986","66.5625","38.872501373291","526","3.38600000000002","-3.03800000000001","0","5.52972755208302","0.769603482171062","10.41879285",
"12/20/1986","66.5625","38.872501373291","526","5.98200000000003","2.67700000000002","0.7321357224","6.60458482676976","0.792907645812858","8.39919312",
"12/21/1986","66.5625","38.872501373291","526","6.40600000000001","2.19299999999998","8.94098232","4.30446292525484","0.925323152680189","2.78808858",
"12/22/1986","66.5625","38.872501373291","526","6.37599999999998","2.18400000000003","0.157928508","5.9842692436588","0.818831886405867","10.07020917",
"12/23/1986","66.5625","38.872501373291","526","4.04399999999998","2.04700000000003","4.9060815264","3.65653934583199","0.905857859393367","4.04105643",
"12/24/1986","66.5625","38.872501373291","526","2.16300000000001","2.16300000000001","0.0034332264","3.02100294542657","0.971641765732315","0",
"1/1/1987","66.5625","38.872501373291","526","1.87900000000002","1.34699999999998","0.0240325848","4.6775329088104","0.970776496702795","7.628575068",
"1/2/1987","66.5625","38.872501373291","526","3.19400000000002","1.31299999999999","0","6.10549297640807","0.863340818329941","10.4420862",
"1/3/1987","66.5625","38.872501373291","526","3.38099999999997","1.95699999999999","0","5.76432144592207","0.790115175564749","10.59541704",
"1/4/1987","66.5625","38.872501373291","526","2.993","1.26499999999999","0","4.12524738917172","0.823383022194286","10.16150364",
"1/5/1987","66.5625","38.872501373291","526","4.995","2.15100000000001","0","5.37652876752319","0.857548996079203","10.54349622",
"1/6/1987","66.5625","38.872501373291","526","4.81299999999999","2.197","0","6.53539796334969","0.752379803494401","10.63760958",
"1/7/1987","66.5625","38.872501373291","526","5.24000000000001","2.63099999999997","0.0034332264","6.53144174489854","0.769881393088976","10.6216299",
"1/8/1987","66.5625","38.872501373291","526","5.36900000000003","3.03100000000001","7.577136756","3.25584228880262","0.935515199755277","2.89659582",
"1/9/1987","66.5625","38.872501373291","526","3.50299999999999","1.20400000000001","0","3.7151527697754","0.869796528039766","10.729519668",
"1/10/1987","66.5625","38.872501373291","526","5.30000000000001","2.28699999999998","0","6.97872188412763","0.782026019427177","10.962896652",
"1/11/1987","66.5625","38.872501373291","526","6.23200000000003","3.161","0.01373292","4.70155626913003","0.753375829724766","9.505346364",
"1/12/1987","66.5625","38.872501373291","526","3.10399999999999","-2.53899999999999","1.150131096","1.93700958062819","0.92862112100967","5.577864408",
"1/13/1987","66.5625","38.872501373291","526","2.49000000000001","-5.72300000000001","0","1.82387826610398","0.933049026161909","10.579670172",
"1/14/1987","66.5625","38.872501373291","526","3.37400000000002","-2.70299999999997","0","2.14723317167444","0.85940195378076","10.602113508",
"1/15/1987","66.5625","38.872501373291","526","1.74000000000001","-3.50099999999998","0.0102996864","2.59936224243424","0.921119772336562","8.74231344",
"1/16/1987","66.5625","38.872501373291","526","1.52800000000002","-8.95499999999998","0.0102996792","2.01694756372978","0.934084887823229","9.91254636",
"1/17/1987","66.5625","38.872501373291","526","3.976","-1.5","0.0102996792","5.59785515283568","0.84212699557169","10.4745402",
"1/18/1987","66.5625","38.872501373291","526","2.21600000000001","-0.466000000000008","1.8333437184","3.25510297633957","0.896687065872746","7.748381268",
"1/19/1987","66.5625","38.872501373291","526","1.44299999999998","-1.08199999999999","7.4809982304","1.47531509193897","0.979142840205856","9.17691012",
"1/20/1987","66.5625","38.872501373291","526","-1.483","-18.337","1.4247887256","1.17178744545141","0.89263750662453","12.008135088",
"1/21/1987","66.5625","38.872501373291","526","-3.63600000000002","-19.214","0","1.77549209836138","0.848671906621196","11.939787792",
"1/22/1987","66.5625","38.872501373291","526","-0.423999999999978","-19.36","0","2.63012172092075","0.814962685980218","12.44632572",
"1/23/1987","66.5625","38.872501373291","526","2.60899999999998","-4.97199999999998","0","5.52456219400726","0.806518129624157","12.443004612",
"1/24/1987","66.5625","38.872501373291","526","4.77600000000001","2.08800000000002","0","7.05370954692078","0.795078674325619","12.28083696",
"1/25/1987","66.5625","38.872501373291","526","6.57299999999998","3.76900000000001","0","5.65523350268794","0.763424499088281","11.138060232",
"1/26/1987","66.5625","38.872501373291","526","8.07999999999998","4.08199999999999","0.2128598424","4.73610232735752","0.809631933428437","10.54085742",
"1/27/1987","66.5625","38.872501373291","526","12.035","5.26100000000002","0.411987204","5.97047681738646","0.775163831664698","10.43111322",
"1/28/1987","66.5625","38.872501373291","526","10.432","3.48700000000002","0.1235963448","3.67033019359399","0.916894858960645","11.48017032",
"1/29/1987","66.5625","38.872501373291","526","7.32799999999997","-3.09699999999998","0","2.4581744142166","0.887802068976704","12.73381938",
"1/30/1987","66.5625","38.872501373291","526","10.678","3.59199999999998","0.00686646","5.9618258722661","0.688094553872479","12.133972188",
"1/31/1987","66.5625","38.872501373291","526","11.605","4.61599999999999","0","5.01985347918955","0.760982894516284","11.21259402",
"2/1/1987","66.5625","38.872501373291","526","9.75799999999998","-1.71899999999999","0.805091724","3.69860389752576","0.824291435557131","3.678357528",
"2/2/1987","66.5625","38.872501373291","526","3.80000000000001","-5.779","0","1.28194862370135","0.936180191429372","11.83932702",
"2/3/1987","66.5625","38.872501373291","526","2.84800000000001","0.538999999999987","0.0274658184","4.13010827024059","0.9237717425243","11.27171016",
"2/4/1987","66.5625","38.872501373291","526","7.875","2.56200000000001","0","5.71737452131658","0.836680196425111","12.82804326",
"2/5/1987","66.5625","38.872501373291","526","14.94","5.82999999999998","0.0034332264","4.1926132893072","0.653083225322358","12.90993984",
"2/6/1987","66.5625","38.872501373291","526","5.774","-0.85899999999998","7.285316832","2.5423599578861","0.917337102524118","7.46808876",
"2/7/1987","66.5625","38.872501373291","526","0.949999999999989","-4.255","1.8470765808","1.92539458467037","0.900520711339705","8.20378224",
"2/8/1987","66.5625","38.872501373291","526","3.04599999999999","-7.46899999999999","0","2.90029171938991","0.868770392142893","14.48071866",
"2/9/1987","66.5625","38.872501373291","526","6.42500000000001","0.0670000000000073","0","7.30593441778408","0.76869676716124","14.42390526",
"2/10/1987","66.5625","38.872501373291","526","7.50700000000001","4.32499999999999","0.0343322496","5.30001584245187","0.802380353752746","10.468517652",
"2/11/1987","66.5625","38.872501373291","526","11.305","3.06799999999998","4.10270364","6.10205758341718","0.837136246096494","6.081976152",
"2/12/1987","66.5625","38.872501373291","526","1.70100000000002","-5.423","0.4926684528","4.51149053362717","0.827945130730969","15.3775179",
"2/13/1987","66.5625","38.872501373291","526","3.649","-5.25700000000001","0","3.1972244577236","0.846579027844488","15.28846812",
"2/14/1987","66.5625","38.872501373291","526","2.07499999999999","-9.57299999999998","0","1.11490595333375","0.916304625712209","13.23315378",
"2/15/1987","66.5625","38.872501373291","526","0.954000000000008","-5.91899999999998","0.1235962368","1.57919788872983","0.928729607988213","13.16018916",
"2/16/1987","66.5625","38.872501373291","526","1.01600000000002","-7.94900000000001","0.0926971056","2.2656235609129","0.921850703583967","13.68737244",
"2/17/1987","66.5625","38.872501373291","526","-2.84199999999998","-12.605","0.0549316296","2.49013107602784","0.878344175577846","15.77356866",
"2/18/1987","66.5625","38.872501373291","526","1.93299999999999","-8.827","0","3.62263475927481","0.812052031241676","16.6538844",
"2/19/1987","66.5625","38.872501373291","526","3.85199999999998","-2.65800000000002","0","4.53656791483704","0.799328591394915","16.3506951",
"2/20/1987","66.5625","38.872501373291","526","5.74700000000001","3.20100000000002","0.2283095232","4.56923824834769","0.881713785477718","11.728234152",
"2/21/1987","66.5625","38.872501373291","526","6.00099999999998","3.41899999999998","7.592582952","2.48635519424947","0.943569644712493","8.446615272",
"2/22/1987","66.5625","38.872501373291","526","3.94099999999997","-4.36599999999999","7.2449685792","2.47692269523556","0.979508109968974","6.625576278",
"2/23/1987","66.5625","38.872501373291","526","4.99599999999998","-3.66699999999997","0.601672752","1.72493940429283","0.920813832711506","10.08849618",
"2/24/1987","66.5625","38.872501373291","526","8.74700000000001","-2.61900000000003","0","1.35791830231995","0.833942351973353","16.21439658",
"2/25/1987","66.5625","38.872501373291","526","11.473","0.225999999999999","0","1.78892686850147","0.73361830813465","17.20890162",
"2/26/1987","66.5625","38.872501373291","526","16.221","4.666","0","3.78377646796782","0.604383323472912","17.4106089",
"2/27/1987","66.5625","38.872501373291","526","16.999","6.25999999999999","0","4.37280210118813","0.52466035566279","17.40431502",
"2/28/1987","66.5625","38.872501373291","526","16.972","8.572","0","4.09475234921251","0.486066013854653","16.79085198",
"3/1/1987","66.5625","38.872501373291","526","18.977","9.02499999999998","0.0403404264","4.21683089128862","0.482530762944795","14.65187904",
"3/2/1987","66.5625","38.872501373291","526","13.726","6.47199999999998","0.116729748","2.13151401381403","0.71454571685711","11.5670844",
"3/3/1987","66.5625","38.872501373291","526","21.02","8.87099999999998","0.97160292","3.59355432734968","0.682615284216105","15.99165072",
"3/4/1987","66.5625","38.872501373291","526","18.657","9.13299999999998","0","2.11994981141492","0.68811658134689","14.07436812",
"3/5/1987","66.5625","38.872501373291","526","13.854","9.66899999999998","26.9825949864","3.88859938547266","0.862865696738469","1.872337716",
"3/6/1987","66.5625","38.872501373291","526","13.844","6.31900000000002","1.6702662528","1.79178575568928","0.836523336186006","14.40089568",
"3/7/1987","66.5625","38.872501373291","526","14.141","5.22300000000001","0","1.37390174158762","0.793543246599764","17.70069348",
"3/8/1987","66.5625","38.872501373291","526","16.146","4.34699999999998","0","1.98866085176056","0.664613048248854","18.79240032",
"3/9/1987","66.5625","38.872501373291","526","16.761","4.83499999999998","0","1.87408936063692","0.639339598442247","17.62442244",
"3/10/1987","66.5625","38.872501373291","526","19.258","5.47399999999999","0","2.01538879326179","0.504608341304056","18.97402248",
"3/11/1987","66.5625","38.872501373291","526","17.04","9.13099999999997","0.968170644","1.53703587633241","0.627664003770706","12.09250908",
"3/12/1987","66.5625","38.872501373291","526","12.511","8.47500000000002","8.3152806408","4.25557811740051","0.814793046549212","5.464127088",
"3/13/1987","66.5625","38.872501373291","526","9.25299999999999","5.44400000000002","5.2459735464","3.87000792747037","0.839174050221256","4.13780652",
"3/14/1987","66.5625","38.872501373291","526","21.318","6.12","0.14419548","6.38028438118162","0.510750015819992","19.44995976",
"3/15/1987","66.5625","38.872501373291","526","14.598","5.44900000000001","11.8618002648","5.33151899642221","0.761722978284907","5.691264372",
"3/16/1987","66.5625","38.872501373291","526","13.818","0.267999999999972","0.260925588","2.87220699794188","0.61408075817277","20.32847181",
"3/17/1987","66.5625","38.872501373291","526","16.899","8.36399999999998","7.2526945464","3.88848419691324","0.63347136309501","15.249716712",
"3/18/1987","66.5625","38.872501373291","526","12.891","7.399","5.82275268","2.90192880818677","0.780673830447932","6.083269218",
"3/19/1987","66.5625","38.872501373291","526","16.008","3.98700000000002","0.71239482","3.03394214482745","0.708215544094169","19.74836322",
"3/20/1987","66.5625","38.872501373291","526","14.049","8.04599999999999","2.3551947864","2.9517207002478","0.679174995088681","8.99442747",
"3/21/1987","66.5625","38.872501373291","526","9.06","5.02600000000001","5.366132388","3.46712711988578","0.835938261341087","7.255461312",
"3/22/1987","66.5625","38.872501373291","526","5.60899999999998","0.978999999999985","12.1021248672","2.8859699064329","0.858175950892042","16.53074982",
"3/23/1987","66.5625","38.872501373291","526","8.51900000000001","-0.689999999999998","2.4169952664","2.77713713845323","0.740547979302752","21.591782928",
"3/24/1987","66.5625","38.872501373291","526","12.147","-1.04300000000001","0.12702942","1.87376850248107","0.753466079954288","20.363235552",
"3/25/1987","66.5625","38.872501373291","526","15.262","2.08699999999999","0","2.31485041935495","0.683389267586082","22.012872048",
"3/26/1987","66.5625","38.872501373291","526","20.564","7.77100000000002","0","3.82284934918386","0.498383208186167","20.21928624",
"3/27/1987","66.5625","38.872501373291","526","18.86","10.581","4.3121315592","4.5935879646728","0.584808656685838","11.19639006",
"3/28/1987","66.5625","38.872501373291","526","10.498","5.60199999999998","25.0711524","2.610492828607","0.911067643135943","3.95448372",
"3/29/1987","66.5625","38.872501373291","526","13.067","5.137","2.350044216","2.8375331810469","0.87857305031452","8.23207356",
"3/30/1987","66.5625","38.872501373291","526","15.846","2.07299999999998","1.2016297728","2.41377419685203","0.763366120865774","21.842154",
"3/31/1987","66.5625","38.872501373291","526","20.151","8.726","6.1660742904","3.6652354532643","0.71378046115256","19.020822192",
"4/1/1987","66.5625","38.872501373291","526","8.40100000000001","4.54500000000002","12.83168592","3.03362987203486","0.912636010431979","6.080849028",
"4/2/1987","66.5625","38.872501373291","526","9.81900000000002","-0.968999999999994","1.34067528","2.06018401016191","0.804523181588728","23.08308642",
"4/3/1987","66.5625","38.872501373291","526","12.509","0.321000000000026","0","2.12140912036078","0.718108599853468","23.25696156",
"4/4/1987","66.5625","38.872501373291","526","17.791","6.005","0","3.35662987502874","0.562006037798067","23.399716392",
"4/5/1987","66.5625","38.872501373291","526","16.792","10.522","2.351759076","4.863359725987","0.560448996907076","7.855875072",
"4/6/1987","66.5625","38.872501373291","526","9.73000000000002","-0.968000000000018","14.5603144656","2.69833074194769","0.89957799581312","9.46968372",
"4/7/1987","66.5625","38.872501373291","526","13.499","-2.983","0.00686646","2.15077051151916","0.764730239040219","24.297417",
"4/8/1987","66.5625","38.872501373291","526","9.90699999999998","2.15899999999999","2.616119712","1.88166436492569","0.856831276054918","15.69848472",
"4/9/1987","66.5625","38.872501373291","526","13.685","0.557000000000016","0","2.63238737827213","0.655361175795901","24.87634236",
"4/10/1987","66.5625","38.872501373291","526","16.106","1.62","0","2.35563380248337","0.519436464951379","25.40778372",
"4/11/1987","66.5625","38.872501373291","526","16.509","2.53100000000001","0","2.13652061395924","0.547073991935458","23.33811564",
"4/12/1987","66.5625","38.872501373291","526","19.854","4.964","0","2.2459117020312","0.508316803989004","25.23459744",
"4/13/1987","66.5625","38.872501373291","526","22.366","7.63799999999998","0","3.48911073525194","0.390951386528396","25.09205688",
"4/14/1987","66.5625","38.872501373291","526","20.981","13.275","1.26342756","5.65442598945063","0.498356699570186","11.25393516",
"4/15/1987","66.5625","38.872501373291","526","23.986","13.191","3.3744339144","4.9868538656946","0.599726241259849","19.74222648",
"4/16/1987","66.5625","38.872501373291","526","18.779","7.84300000000002","0.0652313448","3.00455837945461","0.713050281960792","14.72084892",
"4/17/1987","66.5625","38.872501373291","526","20.859","5.63400000000001","0","2.40626710539926","0.607159632357094","23.9038884",
"4/18/1987","66.5625","38.872501373291","526","29.048","14.53","0","5.03587010156711","0.419739211344901","19.532304",
"4/19/1987","66.5625","38.872501373291","526","29.17","12.341","0","3.8256994320841","0.517468010491689","24.96577752",
"4/20/1987","66.5625","38.872501373291","526","26.333","13.754","0.988769628","5.92844363577952","0.534294284512866","8.49042468",
"4/21/1987","66.5625","38.872501373291","526","14.356","3.42399999999998","0.894355704","3.73395153269603","0.77119908949783","18.97273152",
"4/22/1987","66.5625","38.872501373291","526","14.758","1.86599999999999","0","3.37037173680209","0.52001320432055","27.35088984",
"4/23/1987","66.5625","38.872501373291","526","19.367","4.66500000000002","0","2.82439820766498","0.436821407710192","27.30521016",
"4/24/1987","66.5625","38.872501373291","526","21.784","4.50599999999997","0","2.47263862378217","0.359590198593843","27.72917325",
"4/25/1987","66.5625","38.872501373291","526","25.233","10.517","0","3.40000007651751","0.269160413753473","27.34948206",
"4/26/1987","66.5625","38.872501373291","526","27.709","14.383","0","4.46505368638138","0.297049807990925","22.05449766",
"4/27/1987","66.5625","38.872501373291","526","23.876","13.595","0","2.96382140029696","0.431854951316222","25.92337563",
"4/28/1987","66.5625","38.872501373291","526","17.796","9.13900000000001","1.4144878512","2.19144081575718","0.68134905496205","12.69759825",
"4/29/1987","66.5625","38.872501373291","526","19.269","5.44400000000002","0","2.20383358883884","0.609267175435787","27.726803568",
"4/30/1987","66.5625","38.872501373291","526","18.193","4.779","0","2.82900901234701","0.455186841549995","27.608961672",
"5/1/1987","66.5625","38.872501373291","526","18.755","3.73500000000001","0","2.62881723336207","0.393366521631912","27.97413714",
"5/2/1987","66.5625","38.872501373291","526","22.458","7.79500000000002","0","3.05391484327721","0.336201052884573","28.303311672",
"5/3/1987","66.5625","38.872501373291","526","27.656","12.754","0","4.00284782972073","0.328518684023209","24.768000288",
"5/4/1987","66.5625","38.872501373291","526","26.174","11.334","0.06179814","4.80768199075624","0.321907976858733","26.8020612",
"5/5/1987","66.5625","38.872501373291","526","21.568","8.90600000000001","0","3.34452676070627","0.307207880944779","28.65656088",
"5/6/1987","66.5625","38.872501373291","526","21.545","9.39600000000002","0","5.71760488796032","0.281012908544797","28.88099604",
"5/7/1987","66.5625","38.872501373291","526","22.033","6.863","0","2.95657543025291","0.303559788147956","29.23391646",
"5/8/1987","66.5625","38.872501373291","526","22.574","10.065","0","3.37680166411441","0.293545538401019","28.99136592",
"5/9/1987","66.5625","38.872501373291","526","24.193","10.11","0","3.36973888930446","0.283852187625258","28.928418912",
"5/10/1987","66.5625","38.872501373291","526","25.513","9.49099999999999","0","4.14707693650592","0.276002733340724","29.80803402",
"5/11/1987","66.5625","38.872501373291","526","27.16","13.05","0","3.90041018253741","0.238744467709157","29.60926794",
"5/12/1987","66.5625","38.872501373291","526","28.543","14.484","0","4.64886449186133","0.195173772033171","29.852039952",
"5/13/1987","66.5625","38.872501373291","526","29.368","15.358","0","3.73296459594332","0.222837488213075","29.351191752",
"5/14/1987","66.5625","38.872501373291","526","30.514","15.593","0","3.8605082331314","0.211680229644995","29.557912608",
"5/15/1987","66.5625","38.872501373291","526","31.26","16.143","0","4.15965194211852","0.20939018778775","29.420325288",
"5/16/1987","66.5625","38.872501373291","526","32.765","17.579","0","3.93042110892739","0.205994312368946","29.30844276",
"5/17/1987","66.5625","38.872501373291","526","29.118","14.285","0","4.09464925321179","0.310463898943469","22.29474528",
"5/18/1987","66.5625","38.872501373291","526","26.151","12.523","0","2.6224479396025","0.413759850968682","28.68092136",
"5/19/1987","66.5625","38.872501373291","526","25.574","10.796","0","2.49800206703635","0.414399015407967","28.69222356",
"5/20/1987","66.5625","38.872501373291","526","26.115","13.717","0","3.06113164586653","0.343419821743655","28.89753948",
"5/21/1987","66.5625","38.872501373291","526","25.686","11.731","0","3.02288929865819","0.377392686488322","29.54627064",
"5/22/1987","66.5625","38.872501373291","526","25.353","11.768","0","3.13898510096499","0.3617661922532","30.40272936",
"5/23/1987","66.5625","38.872501373291","526","27.654","13.129","0","3.16928143478192","0.210984363120056","30.84229908",
"5/24/1987","66.5625","38.872501373291","526","30.791","15.184","0","3.08818667983833","0.191261888579516","30.4284798",
"5/25/1987","66.5625","38.872501373291","526","33.329","18.096","0","3.39308839484746","0.147730259121811","29.85761232",
"5/26/1987","66.5625","38.872501373291","526","33.282","20.242","0.0102996792","3.49649040961197","0.167987546140777","25.9090344",
"5/27/1987","66.5625","38.872501373291","526","32.759","19.386","0","2.62796419841094","0.264972481299778","25.3816884",
"5/28/1987","66.5625","38.872501373291","526","33.23","19.986","0","4.30209648723058","0.198231424943028","29.55735108",
"5/29/1987","66.5625","38.872501373291","526","32.482","20.148","0","3.3057942047574","0.251509456538223","27.70368372",
"5/30/1987","66.5625","38.872501373291","526","30.807","21.325","0.63171396","2.91492887393766","0.277479789162493","27.159640488",
"5/31/1987","66.5625","38.872501373291","526","31.713","19.935","0","2.7465875171686","0.306456877706116","27.58612428",
"6/1/1987","66.5625","38.872501373291","526","31.594","18.828","0","3.72581785211155","0.376604608384626","26.91095688",
"6/2/1987","66.5625","38.872501373291","526","30.021","16.825","0","3.00573528084591","0.395734624922199","30.44395944",
"6/3/1987","66.5625","38.872501373291","526","32.304","17.582","0","3.02095963676379","0.273103625666383","30.30507972",
"6/4/1987","66.5625","38.872501373291","526","33.022","20.484","0","4.1524265339793","0.210473030311532","30.22278516",
"6/5/1987","66.5625","38.872501373291","526","35.664","19.767","0","2.98510381437084","0.174608781316617","30.7543896",
"6/6/1987","66.5625","38.872501373291","526","30.879","18.96","0","3.13817719121716","0.258522698043082","18.905913",
"6/7/1987","66.5625","38.872501373291","526","30.122","15.958","0","3.97145225747314","0.351420342015796","30.28302252",
"6/8/1987","66.5625","38.872501373291","526","26.58","15.535","0","4.7500298143094","0.31109978940795","30.92586192",
"6/9/1987","66.5625","38.872501373291","526","26.208","12.679","0","6.11461605661382","0.327060123292749","31.2899526",
"6/10/1987","66.5625","38.872501373291","526","29.07","15.117","0","4.88495297714522","0.188201441394023","31.99278852",
"6/11/1987","66.5625","38.872501373291","526","29.764","15.812","0","4.9573167026901","0.176830261583429","31.67241876",
"6/12/1987","66.5625","38.872501373291","526","30.138","15.388","0","3.49772345608891","0.249989841746807","31.29633108",
"6/13/1987","66.5625","38.872501373291","526","30.85","16.276","0","2.8869109607295","0.197189673987524","31.08948084",
"6/14/1987","66.5625","38.872501373291","526","31.465","18.739","0","3.59595147485884","0.18042726436459","30.07940616",
"6/15/1987","66.5625","38.872501373291","526","30.629","18.491","0","2.74049089502864","0.248712063855477","28.7544294",
"6/16/1987","66.5625","38.872501373291","526","32.368","19.165","0","4.02840065009459","0.237875870439878","30.70720764",
"6/17/1987","66.5625","38.872501373291","526","33.229","18.196","0","4.06681626231594","0.158718597180999","31.111668",
"6/18/1987","66.5625","38.872501373291","526","33.395","19.871","0","6.03092703567011","0.168704660642213","30.85548912",
"6/19/1987","66.5625","38.872501373291","526","31.726","19.268","0","6.15705575193791","0.198287943567517","31.05157824",
"6/20/1987","66.5625","38.872501373291","526","21.938","13.138","0","6.00796224317178","0.218614070412642","32.26240044",
"6/21/1987","66.5625","38.872501373291","526","26.132","11.156","0","4.55087877627222","0.202869981447234","31.49645904",
"6/22/1987","66.5625","38.872501373291","526","28.351","14.576","0","4.93164359904447","0.230651987974199","30.67340544",
"6/23/1987","66.5625","38.872501373291","526","31.606","16.65","0","4.57208555062307","0.237326181873907","30.68515836",
"6/24/1987","66.5625","38.872501373291","526","32.58","19.266","0","3.93097587695164","0.24920455633548","30.86730504",
"6/25/1987","66.5625","38.872501373291","526","34.209","18.972","0","3.64138187107123","0.20356343137933","31.09093884",
"6/26/1987","66.5625","38.872501373291","526","35.274","19.289","0","3.26243571085535","0.168159502049052","31.14771012",
"6/27/1987","66.5625","38.872501373291","526","35.737","20.447","0","2.91586798937057","0.177862854451107","30.9020652",
"6/28/1987","66.5625","38.872501373291","526","35.471","18.535","0","3.0374255074176","0.180626373205022","30.16997208",
"6/29/1987","66.5625","38.872501373291","526","36.038","21.218","0","4.23236347447488","0.18424124383569","30.73477464",
"6/30/1987","66.5625","38.872501373291","526","35.438","22.148","0","3.91756584154085","0.136653682964416","31.01658588",
"7/1/1987","66.5625","38.872501373291","526","35.025","22.36","0","4.83208468388837","0.211458798655052","30.4686",
"7/2/1987","66.5625","38.872501373291","526","34.424","20.386","0","3.88503738802341","0.245768859276815","30.52001736",
"7/3/1987","66.5625","38.872501373291","526","36.424","20.943","0","2.77124376605456","0.238979777239955","30.18481416",
"7/4/1987","66.5625","38.872501373291","526","33.022","16.664","0","4.01239161200704","0.362920767921657","29.3280768",
"7/5/1987","66.5625","38.872501373291","526","27.73","13.443","0","3.09759276668361","0.447548739407057","30.57613812",
"7/6/1987","66.5625","38.872501373291","526","32.233","15.278","0","2.81706751290638","0.29809772101443","30.65394384",
"7/7/1987","66.5625","38.872501373291","526","33.459","18.405","0","3.16705725108747","0.240128474372473","30.53058372",
"7/8/1987","66.5625","38.872501373291","526","34.807","20.213","0","4.01363381607527","0.220366438688491","30.55989816",
"7/9/1987","66.5625","38.872501373291","526","36.288","20.01","0","3.64746571619042","0.168978742991145","30.77797644",
"7/10/1987","66.5625","38.872501373291","526","37.294","21.427","0","4.53073229287307","0.165965738303018","29.95447788",
"7/11/1987","66.5625","38.872501373291","526","26.315","16.479","0","3.72836365272291","0.336173982373428","26.74726164",
"7/12/1987","66.5625","38.872501373291","526","28.724","13.457","0","3.33586606845078","0.339600800456794","30.10523148",
"7/13/1987","66.5625","38.872501373291","526","26.671","14.523","0.844574004","3.41513167589343","0.361980605262771","21.98278548",
"7/14/1987","66.5625","38.872501373291","526","29.9","18.068","1.39560696","2.5941249964487","0.442825003077344","28.19711304",
"7/15/1987","66.5625","38.872501373291","526","29.732","17.34","0","2.73227637093398","0.417636918195759","28.3461687",
"7/16/1987","66.5625","38.872501373291","526","30.29","17.204","0","2.83029429078352","0.40565903168886","26.12609874",
"7/17/1987","66.5625","38.872501373291","526","32.141","18.751","0","4.42193276560906","0.371165535036468","29.186774928",
"7/18/1987","66.5625","38.872501373291","526","32.524","19.044","0","4.1232881024325","0.390626348277512","28.43707446",
"7/19/1987","66.5625","38.872501373291","526","32.032","19.356","0","3.70843733066771","0.390601243678345","27.526778568",
"7/20/1987","66.5625","38.872501373291","526","34.139","21.378","0","3.29467653448966","0.316386497970261","27.606322368",
"7/21/1987","66.5625","38.872501373291","526","36.948","22.91","0","3.97855733248964","0.255987099053282","28.2859857",
"7/22/1987","66.5625","38.872501373291","526","40.067","24.01","0","5.15164201037868","0.211311058392178","29.253935232",
"7/23/1987","66.5625","38.872501373291","526","39.214","25.613","0","5.46747866199806","0.219318885997864","29.088111528",
"7/24/1987","66.5625","38.872501373291","526","35.128","24.471","0","5.10707177211642","0.282893582357964","27.668980728",
"7/25/1987","66.5625","38.872501373291","526","31.24","19.686","0","4.09759265334563","0.291633660821194","29.018924928",
"7/26/1987","66.5625","38.872501373291","526","31.05","17.145","0","3.47505207110436","0.304963841749617","29.260292328",
"7/27/1987","66.5625","38.872501373291","526","31.989","19.815","0","3.26984960106406","0.254574459606366","28.065207888",
"7/28/1987","66.5625","38.872501373291","526","33.212","19.19","0","2.92910330416037","0.210493998708059","28.86632064",
"7/29/1987","66.5625","38.872501373291","526","33.166","18.302","0","3.0748887784273","0.253522118229595","26.93176236",
"7/30/1987","66.5625","38.872501373291","526","33.991","20.788","0","5.2923964129755","0.197897502059266","28.997217792",
"7/31/1987","66.5625","38.872501373291","526","34.994","20.717","0","3.81102668497175","0.181772571867208","27.81168372",
"8/1/1987","66.5625","38.872501373291","526","35.68","20.402","0","4.62084897866057","0.18610547411051","27.102600432",
"8/2/1987","66.5625","38.872501373291","526","35.117","22.606","0","5.29484791637866","0.144702074262426","28.577474208",
"8/3/1987","66.5625","38.872501373291","526","35.944","20.369","0","3.79425552213527","0.14108209349019","28.643173488",
"8/4/1987","66.5625","38.872501373291","526","35.769","17.542","0","3.56572529676946","0.15845191550806","29.14869006",
"8/5/1987","66.5625","38.872501373291","526","35.397","18.152","0","3.67019148799726","0.168689302045644","28.20274236",
"8/6/1987","66.5625","38.872501373291","526","36.583","18.777","0","2.99127246354233","0.188254881933399","28.0467576",
"8/7/1987","66.5625","38.872501373291","526","36.89","21.308","0","3.63577843118189","0.185263582261701","26.8742808",
"8/8/1987","66.5625","38.872501373291","526","35.917","23.473","0","4.98807784334508","0.187602927564577","27.82861812",
"8/9/1987","66.5625","38.872501373291","526","35.75","20.935","0","3.27153335334803","0.228935312472796","27.39419694",
"8/10/1987","66.5625","38.872501373291","526","36.45","20.701","0","2.27514915395613","0.27036153809267","26.47462734",
"8/11/1987","66.5625","38.872501373291","526","37.211","19.033","0","2.78517031320261","0.240387782241614","27.32208633",
"8/12/1987","66.5625","38.872501373291","526","37.947","20.331","0","4.63670936786435","0.168069709294767","27.33660234",
"8/13/1987","66.5625","38.872501373291","526","37.964","22.763","0","5.11039097538556","0.171342115672985","27.27000252",
"8/14/1987","66.5625","38.872501373291","526","38.767","23.857","0","4.07847721565711","0.185247281494481","26.82624096",
"8/15/1987","66.5625","38.872501373291","526","37.97","23.203","0","3.10495451752834","0.207751077696772","26.47298448",
"8/16/1987","66.5625","38.872501373291","526","37.021","21.968","0","3.39892122957132","0.220268592913096","26.35908876",
"8/17/1987","66.5625","38.872501373291","526","37.902","20.012","0","3.39341604374396","0.193611128855191","26.77359636",
"8/18/1987","66.5625","38.872501373291","526","37.272","22.161","0","3.70828570149984","0.153478584821387","26.54876736",
"8/19/1987","66.5625","38.872501373291","526","36.38","18.457","0","2.98099750754522","0.183618405812043","26.71548516",
"8/20/1987","66.5625","38.872501373291","526","37.239","22.34","0","4.74877931381794","0.201406642538748","25.99182576",
"8/21/1987","66.5625","38.872501373291","526","36.549","20.958","0","4.59915704638716","0.180199871249343","26.154675",
"8/22/1987","66.5625","38.872501373291","526","35.333","19.76","0","4.09837569318617","0.210823007547194","26.34407244",
"8/23/1987","66.5625","38.872501373291","526","34.707","22.379","0","4.92152112325682","0.183999934740978","26.04256812",
"8/24/1987","66.5625","38.872501373291","526","34.973","19.561","0","4.99106967031286","0.187400585016184","26.38304532",
"8/25/1987","66.5625","38.872501373291","526","35.17","20.71","0","3.70890268454714","0.190519399513023","25.8627384",
"8/26/1987","66.5625","38.872501373291","526","35.633","20.647","0","3.21298640338084","0.17456073976583","25.66361556",
"8/27/1987","66.5625","38.872501373291","526","33.335","16.474","0","3.48281074989123","0.23429897629496","25.23116088",
"8/28/1987","66.5625","38.872501373291","526","32.005","17.251","0","3.95780586126179","0.303360273892521","24.9800616",
"8/29/1987","66.5625","38.872501373291","526","34.199","15.769","0","3.08157371423904","0.243916277702589","24.95721924",
"8/30/1987","66.5625","38.872501373291","526","36.045","18.572","0","3.53395039191291","0.176066064374729","24.69290328",
"8/31/1987","66.5625","38.872501373291","526","29.756","19.342","0","2.60329179517181","0.221770317402949","24.44788332",
"9/1/1987","66.5625","38.872501373291","526","31.596","15.442","0","3.16759277862704","0.23259294081614","24.7518",
"9/2/1987","66.5625","38.872501373291","526","30.738","15.848","0","2.79332251721604","0.303451248120404","24.04923012",
"9/3/1987","66.5625","38.872501373291","526","32.349","13.998","0","2.90391472911698","0.226296238775276","24.70680252",
"9/4/1987","66.5625","38.872501373291","526","32.873","17.221","0","3.74651138171968","0.174231239961284","24.605775",
"9/5/1987","66.5625","38.872501373291","526","34.856","15.555","0","3.01478672243837","0.165365203885691","24.55110252",
"9/6/1987","66.5625","38.872501373291","526","36.461","21.323","0","3.14395627354985","0.141217756378444","24.0062058",
"9/7/1987","66.5625","38.872501373291","526","28.573","14.567","0","3.42627314151684","0.259311754158904","23.41040544",
"9/8/1987","66.5625","38.872501373291","526","24.842","11.674","0","3.35713772871741","0.274591842606928","23.93724276",
"9/9/1987","66.5625","38.872501373291","526","23.252","7.98099999999999","0","3.1726973946109","0.266620129616887","23.87907468",
"9/10/1987","66.5625","38.872501373291","526","25.915","7.97899999999999","0","2.93327612454076","0.263454114960965","23.76337896",
"9/11/1987","66.5625","38.872501373291","526","27.506","10.188","0","3.09181449818474","0.254016662085513","23.50699272",
"9/12/1987","66.5625","38.872501373291","526","28.797","10.093","0","2.62599346496643","0.247751645315501","23.3295714",
"9/13/1987","66.5625","38.872501373291","526","29.627","10.367","0","2.77399853474769","0.206935085318235","22.7754",
"9/14/1987","66.5625","38.872501373291","526","31.486","13.226","0","2.80560464114594","0.213609881850769","22.39312644",
"9/15/1987","66.5625","38.872501373291","526","29.956","13.943","0","3.10110574732469","0.240503654326548","22.131334152",
"9/16/1987","66.5625","38.872501373291","526","29.975","13.467","0","2.812436155763","0.309396954539464","22.06367262",
"9/17/1987","66.5625","38.872501373291","526","31.758","13.347","0","2.47593883730145","0.281118373193423","21.705067152",
"9/18/1987","66.5625","38.872501373291","526","31.807","17.364","0","3.28254593514395","0.251264414097322","21.6937152",
"9/19/1987","66.5625","38.872501373291","526","27.364","15.346","0.1373290704","2.31472297859141","0.329992493419346","9.31055418",
"9/20/1987","66.5625","38.872501373291","526","21.071","10.017","0","3.09785248938064","0.493168306189701","18.9691902",
"9/21/1987","66.5625","38.872501373291","526","24.371","8.48399999999998","0","2.60579216005496","0.461478403442781","21.22193988",
"9/22/1987","66.5625","38.872501373291","526","27.16","8.53800000000001","0","2.3747070664329","0.415104119281913","21.247825248",
"9/23/1987","66.5625","38.872501373291","526","30.183","11.91","0","2.89005005592036","0.330553409295242","21.03283458",
"9/24/1987","66.5625","38.872501373291","526","19.865","10.521","0.0068664528","3.05735054779713","0.489654683076738","20.12371794",
"9/25/1987","66.5625","38.872501373291","526","25.032","6.721","0","2.51463699740203","0.381337837215406","20.597176872",
"9/26/1987","66.5625","38.872501373291","526","25.943","9.61500000000001","0","3.23601188057665","0.272608394906462","20.567423088",
"9/27/1987","66.5625","38.872501373291","526","25.758","10.32","0","2.49536054384935","0.332173569568824","20.18834946",
"9/28/1987","66.5625","38.872501373291","526","25.841","12.724","0","3.17240894018938","0.326454458508525","19.866545352",
"9/29/1987","66.5625","38.872501373291","526","27.124","11.752","0","2.2739559646684","0.333487894752873","18.432668592",
"9/30/1987","66.5625","38.872501373291","526","27.685","15.443","0.0034332264","2.52900602759546","0.351321956080685","15.823966248",
"10/1/1987","66.5625","38.872501373291","526","25.365","14.17","0.278091288","1.81724778932459","0.422569881159801","17.47372482",
"10/2/1987","66.5625","38.872501373291","526","25.968","10.787","0","1.95561189848179","0.307363117339468","19.12134582",
"10/3/1987","66.5625","38.872501373291","526","27.167","13.417","0","2.82740982650374","0.276651672217572","18.86872554",
"10/4/1987","66.5625","38.872501373291","526","27.772","14.314","0","2.59382017096618","0.202396191496269","18.7076223",
"10/5/1987","66.5625","38.872501373291","526","27.482","12.481","0","2.73210438553706","0.301166820102964","18.423510048",
"10/6/1987","66.5625","38.872501373291","526","25.032","10.273","0","2.05682831186379","0.460882018395832","17.9003268",
"10/7/1987","66.5625","38.872501373291","526","23.717","9.94","0.0034332264","2.22611524831188","0.45067786315404","17.47395",
"10/8/1987","66.5625","38.872501373291","526","19.889","11.983","0.2368926432","2.46967667501264","0.486391072410628","15.614439084",
"10/9/1987","66.5625","38.872501373291","526","15.462","7.77600000000001","2.0565047952","2.34544654740966","0.717488516574092","10.218939552",
"10/10/1987","66.5625","38.872501373291","526","10.348","3.49700000000001","1.80416088","3.19538649564965","0.649107350808206","15.02690724",
"10/11/1987","66.5625","38.872501373291","526","11.068","-1.07900000000001","0","1.8776069475779","0.499060074681579","17.79187428",
"10/12/1987","66.5625","38.872501373291","526","10.337","-1.81599999999997","0.1459121328","2.06036677963752","0.581364812500709","15.399452052",
"10/13/1987","66.5625","38.872501373291","526","11.872","-0.180999999999983","0","2.39046218947716","0.656119762675922","16.43292828",
"10/14/1987","66.5625","38.872501373291","526","12.341","0.860000000000014","0","2.89862156452707","0.503172002056126","17.50753314",
"10/15/1987","66.5625","38.872501373291","526","14.601","1.78300000000002","0","2.52423259064766","0.508806671384195","17.11400436",
"10/16/1987","66.5625","38.872501373291","526","14.274","1.79000000000002","0","2.30639690183356","0.508156073030308","16.65089676",
"10/17/1987","66.5625","38.872501373291","526","14.764","1.74900000000002","0","1.61217600022329","0.575282600733345","15.760741968",
"10/18/1987","66.5625","38.872501373291","526","15.343","2.48099999999999","0","1.87753941355378","0.554077580205725","16.284428712",
"10/19/1987","66.5625","38.872501373291","526","15.333","4.09699999999998","0","2.27055265074669","0.487167816430272","16.27324056",
"10/20/1987","66.5625","38.872501373291","526","17.31","5.993","0","3.24902918029057","0.437501575449931","15.199815492",
"10/21/1987","66.5625","38.872501373291","526","18.411","4.95400000000001","0","1.93402103233141","0.456828968711082","15.0073848",
"10/22/1987","66.5625","38.872501373291","526","19.061","6.79199999999997","0","2.31092039501303","0.374624270824308","15.527586348",
"10/23/1987","66.5625","38.872501373291","526","21.345","8.887","0.0034332264","2.94233764622112","0.426687456215245","13.751891748",
"10/24/1987","66.5625","38.872501373291","526","18.53","7.61500000000001","0.0703811664","1.70929924762666","0.475327292010466","13.81252212",
"10/25/1987","66.5625","38.872501373291","526","19.15","10.869","0","2.10705199415115","0.626090166970194","11.36671668",
"10/26/1987","66.5625","38.872501373291","526","12.012","2.983","4.185103428","2.7471454925758","0.852958513695289","3.0951576",
"10/27/1987","66.5625","38.872501373291","526","3.60899999999998","-0.670000000000016","2.5062566184","3.35937460458278","0.810979721018439","6.35174838",
"10/28/1987","66.5625","38.872501373291","526","2.358","-3.62799999999999","0.4840848","2.29803928342819","0.718699248348446","12.240054",
"10/29/1987","66.5625","38.872501373291","526","2.15300000000002","-12.267","0","1.83261833684363","0.704215165290734","15.4292598",
"10/30/1987","66.5625","38.872501373291","526","8.82100000000003","-4.24599999999998","0","2.36228830573403","0.506617941868359","14.952039588",
"10/31/1987","66.5625","38.872501373291","526","11.417","-4.94600000000003","0","2.05741910658959","0.55727736142956","14.828791068",
"11/1/1987","66.5625","38.872501373291","526","14.473","-0.411000000000001","0","1.34774702533036","0.494817946477611","14.53297572",
"11/2/1987","66.5625","38.872501373291","526","15.329","0.918000000000006","0","1.85765965358321","0.529439962751931","14.089276332",
"11/3/1987","66.5625","38.872501373291","526","20.455","7.60300000000001","0","4.43019537664585","0.387656145597534","13.756724712",
"11/4/1987","66.5625","38.872501373291","526","20.933","14.336","0.04806522","5.76132319380921","0.365197235345081","8.183195388",
"11/5/1987","66.5625","38.872501373291","526","19.803","9.89400000000001","0","2.42230355972092","0.601723318714034","12.817179108",
"11/6/1987","66.5625","38.872501373291","526","23.909","11.611","0","5.1646035358626","0.464489003402388","12.331349532",
"11/7/1987","66.5625","38.872501373291","526","27.433","16.613","0","7.05964251349598","0.252390879535679","13.0916277",
"11/8/1987","66.5625","38.872501373291","526","18.343","6.815","0.489234816","4.05445535848268","0.481824764492455","10.922511132",
"11/9/1987","66.5625","38.872501373291","526","13.508","2.63799999999998","0","1.58043068320824","0.719146454874643","12.4279884",
"11/10/1987","66.5625","38.872501373291","526","16.575","4.89600000000002","0","2.46957443917186","0.655633020188003","12.8752317",
"11/11/1987","66.5625","38.872501373291","526","15.219","1.16199999999998","0","1.97010858035663","0.568858783340129","12.825279",
"11/12/1987","66.5625","38.872501373291","526","13.558","2.12700000000001","0","1.95128395867001","0.577350927668934","12.011062932",
"11/13/1987","66.5625","38.872501373291","526","15.427","2.01999999999998","0","2.07416235591635","0.537961946317773","12.4805835",
"11/14/1987","66.5625","38.872501373291","526","20.604","9.822","0","4.25645897856047","0.279820842297659","12.289445712",
"11/15/1987","66.5625","38.872501373291","526","17.371","8.89699999999999","0","2.41261606802972","0.301123475914176","10.814739732",
"11/16/1987","66.5625","38.872501373291","526","13.434","2.88900000000001","0","1.64840566071848","0.680411179499128","11.9225844",
"11/17/1987","66.5625","38.872501373291","526","15.519","4.52600000000001","0","2.34111609432765","0.574895654060361","11.91926178",
"11/18/1987","66.5625","38.872501373291","526","16.144","3.05799999999999","0","2.26485333194938","0.533048846431406","11.924271288",
"11/19/1987","66.5625","38.872501373291","526","18.73","7.76400000000001","0","3.338878786353","0.300433400814609","11.718623088",
"11/20/1987","66.5625","38.872501373291","526","16.573","7.274","0","3.01981083542743","0.36722647342542","11.507115312",
"11/21/1987","66.5625","38.872501373291","526","22.024","10.464","0","4.61614770621227","0.274182305672768","11.211134112",
"11/22/1987","66.5625","38.872501373291","526","20.088","11.549","0","3.10314920168643","0.220248140226529","10.160885952",
"11/23/1987","66.5625","38.872501373291","526","13.354","6.09800000000001","0.4411699632","2.5349722725793","0.625563568757331","4.71167262",
"11/24/1987","66.5625","38.872501373291","526","12.774","2.38299999999998","0","1.93303470495572","0.703613312722165","10.936913652",
"11/25/1987","66.5625","38.872501373291","526","9.37700000000001","0.696000000000026","0","1.86778633382909","0.68995815834217","10.7574732",
"11/26/1987","66.5625","38.872501373291","526","6.005","-1.46600000000001","0","2.15816202873176","0.657618337434934","9.42383925",
"11/27/1987","66.5625","38.872501373291","526","2.26400000000001","-2.471","1.3011925248","1.3553531455839","0.714523418359171","6.6248991",
"11/28/1987","66.5625","38.872501373291","526","3.24000000000001","-4.53300000000002","0.171661356","1.8122588070038","0.78318728648744","9.14590854",
"11/29/1987","66.5625","38.872501373291","526","3.29599999999999","-5.19900000000001","0","1.97594524239973","0.798644353489308","10.74454155",
"11/30/1987","66.5625","38.872501373291","526","-1.75200000000001","-5.64499999999998","0.88920594","2.04951361676438","0.820451220353982","8.60006628",
"12/1/1987","66.5625","38.872501373291","526","-0.735000000000014","-7.60399999999999","0.3158565696","2.05351187182092","0.720078524183906","10.14175611",
"12/2/1987","66.5625","38.872501373291","526","0.504999999999995","-9.31799999999998","0","2.11639874770018","0.62810309150129","10.92070611",
"12/3/1987","66.5625","38.872501373291","526","0.338999999999999","-18.112","0","1.88642612013144","0.837807633334387","11.22103017",
"12/4/1987","66.5625","38.872501373291","526","8.48099999999999","-2.56799999999998","0","5.31215187191005","0.587096705137641","11.1083067",
"12/5/1987","66.5625","38.872501373291","526","10.915","0.449999999999989","0","2.65408017331687","0.379674790232752","10.77497127",
"12/6/1987","66.5625","38.872501373291","526","9.524","-1.70800000000003","0","2.48308634085494","0.538425500659601","10.70184231",
"12/7/1987","66.5625","38.872501373291","526","16.217","5.35300000000001","0","4.79413224077839","0.397781606220388","8.74912995",
"12/8/1987","66.5625","38.872501373291","526","12.452","4.82100000000003","0.0274658112","1.60128180333857","0.59716132699855","8.48598948",
"12/9/1987","66.5625","38.872501373291","526","12.214","3.02100000000002","0","2.17722950754174","0.72614921329489","10.27963278",
"12/10/1987","66.5625","38.872501373291","526","15.076","4.52499999999998","0","2.17435789536841","0.590262152125245","9.76026942",
"12/11/1987","66.5625","38.872501373291","526","14.415","9.01100000000002","3.3576960384","3.60324269044283","0.650377213152337","5.76708669",
"12/12/1987","66.5625","38.872501373291","526","17.113","8.358","0","5.5770976807624","0.470570116512984","9.50406138",
"12/13/1987","66.5625","38.872501373291","526","20.248","11.039","0","5.73790716600567","0.284842600433705","9.9347607",
"12/14/1987","66.5625","38.872501373291","526","14.4","3.63099999999997","1.884843648","4.723248481357","0.46227603840699","2.8397286",
"12/15/1987","66.5625","38.872501373291","526","5.66199999999998","0.509000000000015","0.2059936632","2.46128456449386","0.761285241188017","6.59840364",
"12/16/1987","66.5625","38.872501373291","526","8.75900000000001","-0.620000000000005","0","1.18401858774414","0.778315361392955","9.84251115",
"12/17/1987","66.5625","38.872501373291","526","13.778","1.98099999999999","0","3.11270874107355","0.597872416410595","9.99106695",
"12/18/1987","66.5625","38.872501373291","526","17.077","8.01400000000001","0","4.24607413563086","0.337121617171136","9.8496594",
"12/19/1987","66.5625","38.872501373291","526","16.686","8.64400000000001","0","3.01832744250386","0.275644901517296","9.31488399",
"12/20/1987","66.5625","38.872501373291","526","17.719","8.67200000000003","0","5.26838377473939","0.303661272653264","9.74413287",
"12/21/1987","66.5625","38.872501373291","526","22.015","11.931","0","6.56571603003617","0.293785326918332","8.43396012",
"12/22/1987","66.5625","38.872501373291","526","14.759","4.60399999999999","0.0446319432","3.05242074000194","0.570453371774046","9.84639033",
"12/23/1987","66.5625","38.872501373291","526","19.734","9.21600000000001","0","6.77692847495987","0.274448869398434","10.1420451",
"12/24/1987","66.5625","38.872501373291","526","23.426","14.875","0","7.86285841738791","0.161781196029915","9.75852882",
"12/25/1987","66.5625","38.872501373291","526","19.421","9.36099999999999","3.04870824","3.80216902165407","0.51335174398547","8.178076368",
"12/26/1987","66.5625","38.872501373291","526","17.198","9.745","0","3.53614693609058","0.468720962323265","7.892099352",
"12/27/1987","66.5625","38.872501373291","526","13.894","8.06999999999999","0","3.87883159821897","0.532204621426479","9.0176049",
"12/28/1987","66.5625","38.872501373291","526","9.97199999999998","2.995","5.2665685992","2.35003116776351","0.757475925996345","6.16511457",
"12/29/1987","66.5625","38.872501373291","526","2.93000000000001","0.326999999999998","20.58392412","2.03998179642609","0.938614176694986","2.38016358",
"12/30/1987","66.5625","38.872501373291","526","5.13299999999998","-2.99599999999998","0.0480651768","2.37209868111915","0.929328004274921","10.135688868",
"12/31/1987","66.5625","38.872501373291","526","7.98000000000002","3.16800000000001","1.6376494464","2.20308461860275","0.930786249466324","8.883171738",
"1/1/1988","66.5625","38.872501373291","526","7.20600000000002","3.36099999999999","7.61489784","4.16996015610488","0.936417680106933","3.47101848",
"1/2/1988","66.5625","38.872501373291","526","5.12700000000001","-2.17599999999999","12.184526592","3.08992866242866","0.914238216430977","5.48088462",
"1/3/1988","66.5625","38.872501373291","526","0.509999999999991","-10.527","1.850508","3.28575140411148","0.858998810725784","10.540743336",
"1/4/1988","66.5625","38.872501373291","526","4.49000000000001","-2.553","0","3.46609389035964","0.740076915685337","10.6243335",
"1/5/1988","66.5625","38.872501373291","526","5.74799999999999","-6.42500000000001","0","1.26400101661899","0.777784737017275","10.74999438",
"1/6/1988","66.5625","38.872501373291","526","8.04599999999999","0.228999999999985","0","3.26699846829997","0.659097019624335","10.81474182",
"1/7/1988","66.5625","38.872501373291","526","8.875","3.60599999999999","0.1407625128","3.27242220876155","0.72876059905638","6.839043228",
"1/8/1988","66.5625","38.872501373291","526","2.82900000000001","-1.01499999999999","5.0253859224","2.52000467910784","0.918397700825623","5.9681241",
"1/9/1988","66.5625","38.872501373291","526","6.43799999999999","-3.101","0","1.69308086823056","0.841514937604702","10.625851188",
"1/10/1988","66.5625","38.872501373291","526","6.09199999999998","-4.118","0","1.23409607607248","0.806032674226196","10.6653942",
"1/11/1988","66.5625","38.872501373291","526","5.34500000000003","-3.03800000000001","0","1.57315033986842","0.839228050194528","10.682099496",
"1/12/1988","66.5625","38.872501373291","526","3.32499999999999","-1.81900000000002","0.3999709008","1.67955897370893","0.901002674098959","9.53583588",
"1/13/1988","66.5625","38.872501373291","526","9.39100000000002","-0.853999999999985","0","3.50035489301259","0.680431639635283","11.126532384",
"1/14/1988","66.5625","38.872501373291","526","4.993","1.822","2.9594412144","3.46756483697544","0.799058760746695","5.3224866",
"1/15/1988","66.5625","38.872501373291","526","4.84199999999998","-1.00900000000001","2.64873528","2.42286165038973","0.927583599022587","10.0405071",
"1/16/1988","66.5625","38.872501373291","526","7.613","-2.637","0","2.05603710610388","0.846071408806214","10.080565488",
"1/17/1988","66.5625","38.872501373291","526","5.14600000000002","0.492000000000019","0.5424496848","1.75048416772321","0.940541819634586","8.475808896",
"1/18/1988","66.5625","38.872501373291","526","4.63900000000001","-6.88799999999998","0","1.34992707470568","0.937071877276574","11.00143008",
"1/19/1988","66.5625","38.872501373291","526","7.66399999999999","0.728000000000009","1.652240664","1.91115922534034","0.90169197858262","6.623554896",
"1/20/1988","66.5625","38.872501373291","526","3.96899999999999","-3.38900000000001","12.8454174","3.19241827907992","0.94463412607023","2.24324982",
"1/21/1988","66.5625","38.872501373291","526","-0.887","-5.81999999999999","1.5775681176","2.92622129458121","0.899129392938327","9.159918372",
"1/22/1988","66.5625","38.872501373291","526","2.279","-5.64999999999998","0","3.18523583678209","0.84327173988886","11.671196364",
"1/23/1988","66.5625","38.872501373291","526","4.73899999999998","-2.01299999999998","0.212860404","2.39420528897545","0.834244523298528","10.473750252",
"1/24/1988","66.5625","38.872501373291","526","2.81999999999999","-1.928","0","3.74468956711215","0.849374178141709","12.124460592",
"1/25/1988","66.5625","38.872501373291","526","6.202","0.509000000000015","0","4.86981180363172","0.79118828722019","11.41205346",
"1/26/1988","66.5625","38.872501373291","526","6.84699999999998","2.35899999999998","0.1132965288","4.5490669882129","0.770197564163473","7.93119366",
"1/27/1988","66.5625","38.872501373291","526","8.40199999999999","0.84899999999999","0.303840828","2.44989855814155","0.855130161995451","9.432003456",
"1/28/1988","66.5625","38.872501373291","526","6.16399999999999","-2.30500000000001","1.8230424984","3.70753535504741","0.914273409726515","10.756233468",
"1/29/1988","66.5625","38.872501373291","526","10.77","3.66899999999998","0.554466132","6.4365601937469","0.768572183400988","11.520565632",
"1/30/1988","66.5625","38.872501373291","526","7.09800000000001","-5.31099999999998","19.70586684","4.5164180483346","0.916083630858551","2.091656376",
"1/31/1988","66.5625","38.872501373291","526","4.495","-4.38799999999998","0.0068664528","7.82516108558212","0.778276178319922","11.534733108",
"2/1/1988","66.5625","38.872501373291","526","9.25700000000001","3.16199999999998","0.3450394872","7.44935775029674","0.736980945269002","11.216419668",
"2/2/1988","66.5625","38.872501373291","526","12.824","4.38600000000002","0","9.26067974959802","0.60392201955199","12.961910772",
"2/3/1988","66.5625","38.872501373291","526","11.005","2.31599999999997","0.0137329056","3.19670239003544","0.804313478145333","10.91587428",
"2/4/1988","66.5625","38.872501373291","526","2.32600000000002","-3.81900000000002","5.6734091064","3.57233382936414","0.928706045138117","3.219242868",
"2/5/1988","66.5625","38.872501373291","526","-1.44999999999999","-12.222","1.0239594552","1.66685037930482","0.926354636301049","8.35459056",
"2/6/1988","66.5625","38.872501373291","526","-0.125","-12.371","0.0377655048","2.69877141657583","0.918864442902642","12.817126332",
"2/7/1988","66.5625","38.872501373291","526","-5.13","-14.025","1.65824856","2.74097406412422","0.935123826528486","8.966139228",
"2/8/1988","66.5625","38.872501373291","526","-0.976999999999975","-15.461","0","2.177901610882","0.843619067605633","14.50974096",
"2/9/1988","66.5625","38.872501373291","526","3.12400000000002","-6.77199999999999","0","3.13212163320812","0.795030299398671","15.04890162",
"2/10/1988","66.5625","38.872501373291","526","6.50299999999999","-1.87400000000002","0","2.10155802176654","0.706717891317276","13.58944236",
"2/11/1988","66.5625","38.872501373291","526","6.02999999999997","-2.20100000000002","0","1.26198186745854","0.746512375580097","13.193775",
"2/12/1988","66.5625","38.872501373291","526","3.16699999999997","-6.86200000000002","0.0514983888","1.26016007109283","0.920771976876121","13.51580814",
"2/13/1988","66.5625","38.872501373291","526","6.13400000000001","-2.94299999999998","0.0274658256","1.77098002387264","0.890236193980496","13.63854294",
"2/14/1988","66.5625","38.872501373291","526","5.26900000000001","0.281000000000006","0.6866457768","1.60815074501042","0.89305598964514","10.222260588",
"2/15/1988","66.5625","38.872501373291","526","6.07600000000002","-0.809000000000026","5.5309312584","2.28433770632903","0.897869595299617","8.364035088",
"2/16/1988","66.5625","38.872501373291","526","4.38400000000001","-1.96100000000001","5.40389736","1.79370838805191","0.839217119460862","14.37316254",
"2/17/1988","66.5625","38.872501373291","526","11.581","-0.375999999999976","0","3.32671121100208","0.630187915948269","15.26817114",
"2/18/1988","66.5625","38.872501373291","526","6.84500000000003","-0.129999999999995","12.7896314184","3.0470216435679","0.80079281094519","2.767835052",
"2/19/1988","66.5625","38.872501373291","526","6.15600000000001","-4.22399999999999","3.726774","1.63026180307942","0.870706582840898","13.73731938",
"2/20/1988","66.5625","38.872501373291","526","4.94900000000001","-5.66699999999997","0","1.54619838121523","0.916106818403683","15.83701848",
"2/21/1988","66.5625","38.872501373291","526","6.649","-3.62900000000002","0.0617980968","1.56992939405293","0.916762425933813","13.54797792",
"2/22/1988","66.5625","38.872501373291","526","8.44499999999999","-0.375999999999976","0","2.44493554864583","0.833780826014572","16.57912824",
"2/23/1988","66.5625","38.872501373291","526","11.272","0.495999999999981","0","2.09086954142995","0.579350091956708","16.8271317",
"2/24/1988","66.5625","38.872501373291","526","14.564","3.26100000000002","0","3.4826361868074","0.517885904376802","15.861878208",
"2/25/1988","66.5625","38.872501373291","526","10.374","3.57100000000003","0","3.23423973076976","0.722420970977024","14.980727808",
"2/26/1988","66.5625","38.872501373291","526","5.69799999999998","0.237000000000023","0.6591803544","2.85398893977487","0.88246576173938","7.905881592",
"2/27/1988","66.5625","38.872501373291","526","1.899","-3.62200000000001","1.532936448","1.95733187247328","0.964320599730776","6.58630908",
"2/28/1988","66.5625","38.872501373291","526","4.13299999999998","-6.05900000000003","0.4566194352","1.83984941356801","0.897857888541689","14.812763112",
"2/29/1988","66.5625","38.872501373291","526","10.026","-0.238999999999976","0","4.5332957803017","0.739299535381961","18.063108",
"3/1/1988","66.5625","38.872501373291","526","16.355","5.19900000000001","0","6.53466879440725","0.455119065905127","16.9394076",
"3/2/1988","66.5625","38.872501373291","526","12.831","9.20499999999998","3.055576536","5.70655013734668","0.617764930344217","4.28174892",
"3/3/1988","66.5625","38.872501373291","526","10.583","3.47899999999999","0.072097812","5.65978828494612","0.860955340981235","10.46036592",
"3/4/1988","66.5625","38.872501373291","526","11.462","3.69","0.0411987168","6.21828423919502","0.837078067816964","13.12368948",
"3/5/1988","66.5625","38.872501373291","526","22.173","10.397","0.0205993728","6.48272389050723","0.540382913179511","16.65252792",
"3/6/1988","66.5625","38.872501373291","526","13.222","-1.01299999999998","21.3752736","2.9020274374349","0.910612628330562","2.20438044",
"3/7/1988","66.5625","38.872501373291","526","7.78399999999999","-1.02800000000002","0.2849576688","2.28016950927049","0.778679491533269","15.20701704",
"3/8/1988","66.5625","38.872501373291","526","13.025","1.959","0","2.83607827714381","0.555392495643389","19.23524856",
"3/9/1988","66.5625","38.872501373291","526","16.466","5.387","2.9491415064","4.54053641263413","0.599574142101172","9.865570392",
"3/10/1988","66.5625","38.872501373291","526","14.737","9.42399999999998","9.96665472","4.68501993610893","0.751164750469442","13.114915488",
"3/11/1988","66.5625","38.872501373291","526","9.40899999999999","3.38600000000002","13.530349044","2.92918600943655","0.898088821834306","13.011356376",
"3/12/1988","66.5625","38.872501373291","526","4.60300000000001","-4.10500000000002","0.0961303968","4.26710472373618","0.923237022178903","14.46199308",
"3/13/1988","66.5625","38.872501373291","526","7.69999999999999","3.608","13.932035928","4.30954673932948","0.902741809357436","2.617986852",
"3/14/1988","66.5625","38.872501373291","526","13.832","3.38600000000002","0","3.32372417060947","0.720725828097554","20.07742644",
"3/15/1988","66.5625","38.872501373291","526","11.133","3.75999999999999","0.2300261904","3.39261737868618","0.752794779340247","17.48531403",
"3/16/1988","66.5625","38.872501373291","526","11.761","-0.375","0.04119876","1.60184062048485","0.707446171323414","19.26360009",
"3/17/1988","66.5625","38.872501373291","526","9.57499999999999","-4.09300000000002","0","1.25346368188472","0.82133941210986","19.83909006",
"3/18/1988","66.5625","38.872501373291","526","11.096","1.35000000000002","0.0755310168","2.6178856993805","0.687480776814032","20.38775445",
"3/19/1988","66.5625","38.872501373291","526","12.998","3.17500000000001","0","3.0588811305264","0.626387953259728","20.96707644",
"3/20/1988","66.5625","38.872501373291","526","14.987","3.71499999999998","0","2.73914164232172","0.630673839576726","20.99992086",
"3/21/1988","66.5625","38.872501373291","526","18.084","5.60700000000003","0","2.78771678478747","0.573744904898809","20.43348642",
"3/22/1988","66.5625","38.872501373291","526","12.231","2.17899999999997","3.9962759112","4.06120114317284","0.875520062271281","5.46390162",
"3/23/1988","66.5625","38.872501373291","526","7.649","-2.94400000000002","0","2.03190334670763","0.834372592403911","19.663986312",
"3/24/1988","66.5625","38.872501373291","526","12.297","2.85399999999999","0.0858306816","2.86472437550169","0.697764044587131","13.644168192",
"3/25/1988","66.5625","38.872501373291","526","3.79899999999998","0.459000000000003","10.7013708","3.13495871033543","0.901609124852488","6.606168822",
"3/26/1988","66.5625","38.872501373291","526","5.87900000000002","-0.581000000000017","0.880622712","2.82131989227154","0.803250648875344","13.33074582",
"3/27/1988","66.5625","38.872501373291","526","14.33","0.512999999999977","0","3.21217839716695","0.4955544218746","22.370008752",
"3/28/1988","66.5625","38.872501373291","526","13.242","5.09300000000002","6.4939530384","4.72849435648327","0.681495381832274","10.678051008",
"3/29/1988","66.5625","38.872501373291","526","13.139","4.98000000000002","2.2848137784","2.70838249363219","0.766669384106168","18.45134604",
"3/30/1988","66.5625","38.872501373291","526","7.24400000000003","2.48099999999999","4.514693868","2.76927068972712","0.952244317333713","10.020038688",
"3/31/1988","66.5625","38.872501373291","526","9.65100000000001","3.37900000000002","0.199127268","5.04793419957282","0.868745597620076","12.50555004",
"4/1/1988","66.5625","38.872501373291","526","9.24099999999999","3.53800000000001","1.333809072","5.11400937165443","0.886103625099271","12.78899676",
"4/2/1988","66.5625","38.872501373291","526","8.59199999999998","1.75299999999999","7.9753840632","2.44085087597746","0.944025063158145","18.862648632",
"4/3/1988","66.5625","38.872501373291","526","8.233","1.90600000000001","1.46083824","1.98502379848672","0.878854519500619","19.659148272",
"4/4/1988","66.5625","38.872501373291","526","8.66800000000001","-0.129000000000019","0.1218795624","1.07838579667608","0.8801492085677","20.05959744",
"4/5/1988","66.5625","38.872501373291","526","11.363","-0.596000000000004","0","2.36350882216436","0.865922105161426","18.97942644",
"4/6/1988","66.5625","38.872501373291","526","13.305","3.13200000000001","0.154495296","2.45957268856002","0.829369356717262","19.50316488",
"4/7/1988","66.5625","38.872501373291","526","13.23","3.32400000000001","0.13389588","1.93007702330976","0.864633528257184","17.69658876",
"4/8/1988","66.5625","38.872501373291","526","13.756","3.81200000000001","0.058364856","2.86113386350537","0.849337006988396","17.34328404",
"4/9/1988","66.5625","38.872501373291","526","13.76","3.56599999999997","1.7492292","2.70161758226576","0.825353247500333","21.51101106",
"4/10/1988","66.5625","38.872501373291","526","13.801","1.71600000000001","0.60768108","1.64716295176513","0.859884952801036","21.44503026",
"4/11/1988","66.5625","38.872501373291","526","20.359","5.31099999999998","0","2.22681442304261","0.611028563667861","24.79679604",
"4/12/1988","66.5625","38.872501373291","526","23.605","11.51","0","3.02241713237158","0.499294119449878","24.487479",
"4/13/1988","66.5625","38.872501373291","526","25.445","11.281","0","2.60930400613482","0.495257667467608","25.16591664",
"4/14/1988","66.5625","38.872501373291","526","27.249","12.01","0","3.2178418489178","0.420822381207223","24.77519496",
"4/15/1988","66.5625","38.872501373291","526","28.487","13.138","0","2.56230135939391","0.409963272504287","24.86705868",
"4/16/1988","66.5625","38.872501373291","526","30.839","15.277","0","2.94106886316363","0.388607802355876","24.87729924",
"4/17/1988","66.5625","38.872501373291","526","17.571","11.057","5.623619796","2.71492944478896","0.727151601896849","9.00062136",
"4/18/1988","66.5625","38.872501373291","526","21.841","8.892","0","2.94206140843157","0.632707642135971","25.68279636",
"4/19/1988","66.5625","38.872501373291","526","24.421","10.797","0","3.08970818647472","0.514707197954207","26.3694348",
"4/20/1988","66.5625","38.872501373291","526","26.1","10.332","0","2.81144025542621","0.400708575988373","26.81358264",
"4/21/1988","66.5625","38.872501373291","526","27.684","11.356","0","2.5953939317496","0.391609583621383","26.16985548",
"4/22/1988","66.5625","38.872501373291","526","28.34","13.189","0","2.80908246325175","0.386483268561828","26.09898588",
"4/23/1988","66.5625","38.872501373291","526","29.128","13.02","0","1.91156716331557","0.344115369581487","26.538363",
"4/24/1988","66.5625","38.872501373291","526","30.618","17.088","0","2.67533327794857","0.305738543844735","26.66323332",
"4/25/1988","66.5625","38.872501373291","526","30.842","14.629","0","2.41201748365467","0.318335985498139","26.39700153",
"4/26/1988","66.5625","38.872501373291","526","31.55","18.419","0","3.1271263070594","0.340801599391625","24.12404667",
"4/27/1988","66.5625","38.872501373291","526","30.513","19.91","0.0137329056","3.59697047913419","0.469338493044875","22.57430859",
"4/28/1988","66.5625","38.872501373291","526","29.811","10.1","0.96130206","2.00408551825916","0.637881190668715","25.72807284",
"4/29/1988","66.5625","38.872501373291","526","23.356","14.183","23.71330332","3.73097960733458","0.809760903569913","12.363809328",
"4/30/1988","66.5625","38.872501373291","526","21.525","9.94099999999997","1.13639796","1.61360746254188","0.750684144772558","24.011487",
"5/1/1988","66.5625","38.872501373291","526","21.646","14.888","8.41140324","5.25377609517706","0.656962602657631","20.874317328",
"5/2/1988","66.5625","38.872501373291","526","22.992","13.512","0.212860152","3.25371845081302","0.645337796402094","25.428498768",
"5/3/1988","66.5625","38.872501373291","526","18.734","10.288","1.5998867712","3.38817299941356","0.77197342736629","9.93082572",
"5/4/1988","66.5625","38.872501373291","526","17.144","7.88200000000001","0.55961604","2.56442806002126","0.702677466783924","23.74266798",
"5/5/1988","66.5625","38.872501373291","526","18.464","5.35000000000002","0","2.99653420258259","0.579518359016878","28.34285256",
"5/6/1988","66.5625","38.872501373291","526","20.89","6.85000000000002","0","3.13952426751809","0.501407414504467","28.647504288",
"5/7/1988","66.5625","38.872501373291","526","23.22","8.02199999999999","0","1.85377543725711","0.479118340918279","28.221009048",
"5/8/1988","66.5625","38.872501373291","526","24.189","10.775","0","2.29335102381823","0.374894414507869","27.12623292",
"5/9/1988","66.5625","38.872501373291","526","26.07","10.349","0","2.48435354052345","0.298918248360709","29.105832528",
"5/10/1988","66.5625","38.872501373291","526","28.07","11.891","0","2.11247229651596","0.252043534609706","29.143458792",
"5/11/1988","66.5625","38.872501373291","526","27.309","15.703","0","2.9231276335318","0.313345179048927","22.41320022",
"5/12/1988","66.5625","38.872501373291","526","31.101","17.181","0","3.12553172400143","0.311736818524072","27.442631808",
"5/13/1988","66.5625","38.872501373291","526","30.115","17.28","0","2.94513356771903","0.310899040097491","28.79348166",
"5/14/1988","66.5625","38.872501373291","526","30.759","17.145","0","3.58738760487275","0.292117268722125","28.495568088",
"5/15/1988","66.5625","38.872501373291","526","24.652","13.164","0","3.23665455503156","0.477871095150782","26.450548632",
"5/16/1988","66.5625","38.872501373291","526","20.908","10.736","0","2.9568981214555","0.479180836218142","26.811510408",
"5/17/1988","66.5625","38.872501373291","526","21.321","6.95100000000002","0","3.01336523521984","0.333536336707579","29.48844852",
"5/18/1988","66.5625","38.872501373291","526","23.76","9.47500000000002","0","3.27620633447982","0.394841877764297","29.94243948",
"5/19/1988","66.5625","38.872501373291","526","26.766","11.914","0","3.05770176462833","0.304981600910945","30.4140402",
"5/20/1988","66.5625","38.872501373291","526","29.087","11.867","0","2.55439728492722","0.304566476144296","30.15117288",
"5/21/1988","66.5625","38.872501373291","526","29.896","14.586","0","2.5626950293223","0.28103666373347","29.8016478",
"5/22/1988","66.5625","38.872501373291","526","26.608","15.475","0.0583648848","3.13866729934231","0.338095222528111","29.01111138",
"5/23/1988","66.5625","38.872501373291","526","27.28","14.362","0","2.81782809141278","0.289802807990806","28.46543112",
"5/24/1988","66.5625","38.872501373291","526","26.971","13.895","0","3.32413749279358","0.327271723323417","29.35197432",
"5/25/1988","66.5625","38.872501373291","526","27.119","12.161","0","3.1272282930235","0.338824947607976","31.1143788",
"5/26/1988","66.5625","38.872501373291","526","32.542","17.071","0","3.89586265852047","0.234144712507975","29.47776012",
"5/27/1988","66.5625","38.872501373291","526","29.419","15.813","0","2.37928331475598","0.242003357582692","30.56934924",
"5/28/1988","66.5625","38.872501373291","526","31.358","13.995","0","2.1938471467519","0.215897730613465","30.60966132",
"5/29/1988","66.5625","38.872501373291","526","37.695","22.097","0","5.41600948001681","0.162585255284543","28.860640632",
"5/30/1988","66.5625","38.872501373291","526","31.104","18.158","0","3.65857672977487","0.262594430307404","30.01714164",
"5/31/1988","66.5625","38.872501373291","526","26.12","14.202","0.0102996864","3.17499903039231","0.308827263784","29.903678208",
"6/1/1988","66.5625","38.872501373291","526","27.766","11.607","0","2.6555925540382","0.321055220534475","30.62531232",
"6/2/1988","66.5625","38.872501373291","526","30.431","14.296","0","3.6598193553285","0.244504350264995","31.67796456",
"6/3/1988","66.5625","38.872501373291","526","31.064","16.196","0","3.92017904477681","0.145151945356131","31.1954364",
"6/4/1988","66.5625","38.872501373291","526","31.455","15.329","0","2.86512004234411","0.142647168487028","31.65517152",
"6/5/1988","66.5625","38.872501373291","526","32.454","17.194","0","3.27406827079558","0.196206484875961","30.64348188",
"6/6/1988","66.5625","38.872501373291","526","31.292","16.06","0","2.45826883656081","0.181228557542296","29.86363548",
"6/7/1988","66.5625","38.872501373291","526","31.032","17.263","0","2.75884115357213","0.129690134889435","30.81722976",
"6/8/1988","66.5625","38.872501373291","526","29.759","17.503","0","2.17674801069778","0.214391016701998","27.17308548",
"6/9/1988","66.5625","38.872501373291","526","29.066","17.53","0","2.46104671901163","0.283210001868205","28.09045872",
"6/10/1988","66.5625","38.872501373291","526","31.612","16.234","0","2.32571999609555","0.214350652153235","31.08207636",
"6/11/1988","66.5625","38.872501373291","526","33.738","17.317","0","3.01182990729781","0.151119301069617","31.01307192",
"6/12/1988","66.5625","38.872501373291","526","34.946","21.472","0","4.69740868656969","0.178422676607203","30.83945112",
"6/13/1988","66.5625","38.872501373291","526","34.773","20.855","0","5.93793426182506","0.180666946415404","30.73516092",
"6/14/1988","66.5625","38.872501373291","526","35.577","22.416","0","5.33412663824191","0.178449464210425","29.86238196",
"6/15/1988","66.5625","38.872501373291","526","36.678","22.784","0","3.44618670911153","0.155390014389785","30.62266524",
"6/16/1988","66.5625","38.872501373291","526","38.29","23.251","0","4.32044320043844","0.142044591823526","31.1707152",
"6/17/1988","66.5625","38.872501373291","526","39.1","25.792","0","6.72803929448069","0.120703375440352","30.938967",
"6/18/1988","66.5625","38.872501373291","526","41.116","25.142","0","3.26023922467581","0.10277313614214","31.47234948",
"6/19/1988","66.5625","38.872501373291","526","38.819","24.947","0","3.6786996993822","0.125141279804559","31.32133128",
"6/20/1988","66.5625","38.872501373291","526","40.89","25.28","0","3.07818357928651","0.179402563885336","30.5993304",
"6/21/1988","66.5625","38.872501373291","526","35.803","22.148","0","3.51091834063757","0.270219168705261","29.99333484",
"6/22/1988","66.5625","38.872501373291","526","35.063","19.721","0","2.72793604222868","0.285944778442396","30.7984518",
"6/23/1988","66.5625","38.872501373291","526","36.567","19.889","0","2.96771272840098","0.127940454300603","30.97277172",
"6/24/1988","66.5625","38.872501373291","526","42.159","25.781","0","3.43645522834436","0.117946870620485","30.6898812",
"6/25/1988","66.5625","38.872501373291","526","41.346","24.13","0","3.36371161683438","0.135186186502048","30.70057644",
"6/26/1988","66.5625","38.872501373291","526","32.895","21.263","0","3.81649612842559","0.252177720821833","30.23977752",
"6/27/1988","66.5625","38.872501373291","526","31.203","17.888","0","2.93828432592685","0.313972760581512","30.30081048",
"6/28/1988","66.5625","38.872501373291","526","28.514","16.93","0","2.71514559238695","0.450707725518487","25.1126388",
"6/29/1988","66.5625","38.872501373291","526","32.152","16.767","0","2.79541349135438","0.42795740137656","30.03334416",
"6/30/1988","66.5625","38.872501373291","526","34.194","19.455","0","2.73253888866787","0.292844122520731","30.45239928",
"7/1/1988","66.5625","38.872501373291","526","38.292","21.632","0","2.96965266741497","0.19728602686332","30.48766596",
"7/2/1988","66.5625","38.872501373291","526","39.775","23.855","0","3.22623257200732","0.155562403353652","30.51157392",
"7/3/1988","66.5625","38.872501373291","526","38.761","20.49","0","3.52593713331785","0.180147101476599","30.77330616",
"7/4/1988","66.5625","38.872501373291","526","37.526","23.639","0","4.40070967043339","0.159323661927754","30.89592792",
"7/5/1988","66.5625","38.872501373291","526","35.096","22.79","0","6.70977321311881","0.216034081987159","30.52373292",
"7/6/1988","66.5625","38.872501373291","526","34.229","21.668","0","5.15847032499921","0.21318914737887","30.54543696",
"7/7/1988","66.5625","38.872501373291","526","35.721","20.88","0","3.81434927028561","0.197745558813719","30.25636812",
"7/8/1988","66.5625","38.872501373291","526","34.814","18.7","0","3.2447800984918","0.323483462898238","27.85286844",
"7/9/1988","66.5625","38.872501373291","526","36.122","16.703","0","2.49292233483815","0.347438431559507","29.73949308",
"7/10/1988","66.5625","38.872501373291","526","37.495","19.892","0","2.48724844374148","0.30756043294393","29.56117284",
"7/11/1988","66.5625","38.872501373291","526","38.723","18.839","0","2.6253254552077","0.271194388864244","29.7618786",
"7/12/1988","66.5625","38.872501373291","526","39.002","25.073","0","4.69259526483568","0.252443603625589","29.45829384",
"7/13/1988","66.5625","38.872501373291","526","36.846","24.336","0","5.62443410214104","0.270921631866982","29.57546484",
"7/14/1988","66.5625","38.872501373291","526","36.503","20.612","0","4.84100230389151","0.274774168675813","29.30545836",
"7/15/1988","66.5625","38.872501373291","526","35.225","21.031","0","3.73851918928053","0.286031336475527","26.456624712",
"7/16/1988","66.5625","38.872501373291","526","37.492","24.236","0","4.07623717270853","0.229491559700204","29.11533714",
"7/17/1988","66.5625","38.872501373291","526","36.888","20.529","0","3.28724606435175","0.252188267952985","28.949508792",
"7/18/1988","66.5625","38.872501373291","526","35.84","19.461","0","2.91987995422732","0.299520948534665","29.45475504",
"7/19/1988","66.5625","38.872501373291","526","36.365","20.67","0","3.96544576646208","0.269343383590348","28.216689048",
"7/20/1988","66.5625","38.872501373291","526","35.115","20.547","0","3.12360264918018","0.311214294248332","28.9134558",
"7/21/1988","66.5625","38.872501373291","526","34.231","19.239","0","3.75391540548422","0.332452689592599","29.107121472",
"7/22/1988","66.5625","38.872501373291","526","33.898","19.295","0","3.46594831775822","0.362518813854269","27.688391928",
"7/23/1988","66.5625","38.872501373291","526","30.963","17.887","0","4.73364242034648","0.258377687617659","30.42079074",
"7/24/1988","66.5625","38.872501373291","526","32.711","17.267","0","3.43980674495167","0.251901770201649","29.602012392",
"7/25/1988","66.5625","38.872501373291","526","35.323","17.487","0","3.24500248432694","0.170407910705503","30.223854",
"7/26/1988","66.5625","38.872501373291","526","36.138","18.463","0","2.8632344893782","0.129034988639843","29.39535414",
"7/27/1988","66.5625","38.872501373291","526","38.009","19.985","0","3.37546881384236","0.145021236719837","28.89658692",
"7/28/1988","66.5625","38.872501373291","526","39.469","23.741","0","3.29377671807283","0.152394062782009","28.2717558",
"7/29/1988","66.5625","38.872501373291","526","39.026","24.333","0","3.93431996878219","0.171965153160939","26.011909728",
"7/30/1988","66.5625","38.872501373291","526","36.677","25.073","0","5.66483602458583","0.236894178162704","28.32412284",
"7/31/1988","66.5625","38.872501373291","526","35.525","23.084","0","5.16994646074143","0.223156292265117","28.445562432",
"8/1/1988","66.5625","38.872501373291","526","33.482","19.842","0","4.14985252166757","0.212785081282979","28.694135808",
"8/2/1988","66.5625","38.872501373291","526","30.78","15.167","0","2.97133099384859","0.309492694547226","27.879022008",
"8/3/1988","66.5625","38.872501373291","526","33.138","16.432","0","2.47048657179898","0.306448052075909","28.11690234",
"8/4/1988","66.5625","38.872501373291","526","33.934","17.687","0","2.52464569811131","0.256924659232964","27.99967608",
"8/5/1988","66.5625","38.872501373291","526","36.176","20.907","0","3.49121792970191","0.237979207116062","27.758081088",
"8/6/1988","66.5625","38.872501373291","526","35.017","21.116","0","4.36637703357724","0.234138451183551","27.623255112",
"8/7/1988","66.5625","38.872501373291","526","35.188","19.039","0","3.38470324910752","0.23942714901777","27.84842415",
"8/8/1988","66.5625","38.872501373291","526","35.327","17.139","0","3.35914035544692","0.271381163217702","27.95827464",
"8/9/1988","66.5625","38.872501373291","526","34.686","15.866","0","2.99890309900814","0.259531976634551","28.00174842",
"8/10/1988","66.5625","38.872501373291","526","35.512","18.136","0","3.5239553215051","0.25194304509139","27.79925031",
"8/11/1988","66.5625","38.872501373291","526","36.098","16.852","0","2.87147996183986","0.21957432467679","27.74807037",
"8/12/1988","66.5625","38.872501373291","526","36.39","21.54","0","4.03648711271751","0.164517643083768","27.50343894",
"8/13/1988","66.5625","38.872501373291","526","35.523","17.138","0","3.27858085386568","0.180410818980774","27.54225981",
"8/14/1988","66.5625","38.872501373291","526","34.549","17.836","0","3.9337494817091","0.212371958161921","26.64579888",
"8/15/1988","66.5625","38.872501373291","526","31.91","14.817","0","3.26979752813944","0.319529231883251","27.2432286",
"8/16/1988","66.5625","38.872501373291","526","32.757","15.341","0","2.9363978322998","0.261430450729268","26.9678214",
"8/17/1988","66.5625","38.872501373291","526","34.15","19.371","0","3.69348325641086","0.204973618408817","26.66930508",
"8/18/1988","66.5625","38.872501373291","526","30.042","19.988","0.02059938","2.69230295547354","0.301745838457284","15.974324928",
"8/19/1988","66.5625","38.872501373291","526","34.102","17.831","0","3.31656404930166","0.336076052037837","25.98761124",
"8/20/1988","66.5625","38.872501373291","526","33.892","19.28","0","3.23888723712693","0.280620924815537","25.9027236",
"8/21/1988","66.5625","38.872501373291","526","33.132","15.87","0","3.14220452327337","0.266397583940553","25.84659708",
"8/22/1988","66.5625","38.872501373291","526","29.518","14.855","0","3.0161946854899","0.38748031136467","25.67689344",
"8/23/1988","66.5625","38.872501373291","526","28.085","14.839","0","3.11311659421692","0.340345170626461","24.168933",
"8/24/1988","66.5625","38.872501373291","526","28.515","12.352","0","2.67387249597658","0.305862590840373","25.7912982",
"8/25/1988","66.5625","38.872501373291","526","28.027","12.25","0","2.79010828442639","0.331065406846419","25.43855796",
"8/26/1988","66.5625","38.872501373291","526","27.653","12.653","0","2.84920092285603","0.336608474475303","25.07180724",
"8/27/1988","66.5625","38.872501373291","526","29.002","14.305","0","2.8662660995532","0.299423660694758","24.69577716",
"8/28/1988","66.5625","38.872501373291","526","29.537","15.504","0","2.61097324352641","0.288074191164192","23.13574056",
"8/29/1988","66.5625","38.872501373291","526","32.267","16.731","0","3.17952646337024","0.272224973756094","24.58529892",
"8/30/1988","66.5625","38.872501373291","526","33.012","20.005","0","3.71665958661877","0.219213188922379","24.55577388",
"8/31/1988","66.5625","38.872501373291","526","31.174","19.905","0","3.34355325885618","0.198590525253688","23.97071592",
"9/1/1988","66.5625","38.872501373291","526","34.471","19.824","0","3.68590000918329","0.225860095303583","23.51048148",
"9/2/1988","66.5625","38.872501373291","526","31.78","19.314","0","3.51370460945931","0.257763699091349","23.71916664",
"9/3/1988","66.5625","38.872501373291","526","32.67","18.843","0","3.15648136443479","0.267137635657006","24.00243912",
"9/4/1988","66.5625","38.872501373291","526","33.179","15.484","0","2.99824496147262","0.235312929420933","24.08810832",
"9/5/1988","66.5625","38.872501373291","526","35.192","18.036","0","2.87354574804061","0.193389253414057","23.64772176",
"9/6/1988","66.5625","38.872501373291","526","34.621","19.355","0","3.02215267947782","0.170753192381395","23.88864456",
"9/7/1988","66.5625","38.872501373291","526","33.832","20.861","0","3.79826326391294","0.229283132427394","23.33063952",
"9/8/1988","66.5625","38.872501373291","526","31.445","15.81","0","2.66158552319782","0.400748735277585","22.67054568",
"9/9/1988","66.5625","38.872501373291","526","31.74","17.757","0","2.42915345150994","0.391317385681","22.3182072",
"9/10/1988","66.5625","38.872501373291","526","32.804","18.726","0","3.17318124378549","0.299748336302152","22.9385754",
"9/11/1988","66.5625","38.872501373291","526","34.389","20.124","0","3.06309040991325","0.257077940234645","22.8618036",
"9/12/1988","66.5625","38.872501373291","526","33.77","17.067","0","2.85350142662327","0.255602149662693","22.86421308",
"9/13/1988","66.5625","38.872501373291","526","32.977","18.396","0","3.96191761623875","0.234697543716826","22.59792756",
"9/14/1988","66.5625","38.872501373291","526","29.352","16.72","0","3.93963022164961","0.296324122730032","22.32568818",
"9/15/1988","66.5625","38.872501373291","526","30.351","12.738","0","2.91157198825248","0.285287146270389","22.55541228",
"9/16/1988","66.5625","38.872501373291","526","28.046","11.532","0","2.87697051438403","0.266176019355935","22.1189661",
"9/17/1988","66.5625","38.872501373291","526","27.506","13.59","0","3.00406589878424","0.280636749587476","21.744725112",
"9/18/1988","66.5625","38.872501373291","526","29.631","13.514","0","2.96115525176486","0.244664515834556","21.87927828",
"9/19/1988","66.5625","38.872501373291","526","30.161","17.747","0","3.32273064491797","0.220440707406665","21.65534442",
"9/20/1988","66.5625","38.872501373291","526","30.501","16.478","0","3.12128029804577","0.206485796260663","21.555452232",
"9/21/1988","66.5625","38.872501373291","526","28.918","12.307","0.0137329056","4.34703035087312","0.351332553735031","19.82036628",
"9/22/1988","66.5625","38.872501373291","526","21.965","7.02699999999999","0","3.01657732628363","0.608161590359074","20.468587392",
"9/23/1988","66.5625","38.872501373291","526","23.889","8.56599999999997","0","2.48120212596617","0.551975966595722","20.16258588",
"9/24/1988","66.5625","38.872501373291","526","23.117","9.858","0","3.25316479889851","0.436511949904664","20.45565396",
"9/25/1988","66.5625","38.872501373291","526","19.803","5.97899999999999","0","2.76671567133311","0.452643220178585","20.877576912",
"9/26/1988","66.5625","38.872501373291","526","22.89","5.08499999999998","0","2.73762546946407","0.286164482090985","20.883994848",
"9/27/1988","66.5625","38.872501373291","526","23.713","8.87599999999998","0","3.24851779549712","0.215743389238285","20.8187361",
"9/28/1988","66.5625","38.872501373291","526","22.773","6.78300000000002","0","2.8267656102261","0.285266804910857","20.304394488",
"9/29/1988","66.5625","38.872501373291","526","22.258","9.71499999999998","0","2.83849673741472","0.312015235344047","19.93933062",
"9/30/1988","66.5625","38.872501373291","526","22.283","9.38400000000001","0","3.24675453428216","0.265878640014999","19.76180328",
"10/1/1988","66.5625","38.872501373291","526","22.081","8.69400000000002","0","2.90975613369483","0.240065897052907","19.541471688",
"10/2/1988","66.5625","38.872501373291","526","20.019","9.22699999999998","0","3.25531439703507","0.237446870105417","17.85577608",
"10/3/1988","66.5625","38.872501373291","526","19.01","6.35899999999998","0","2.80710324452921","0.42078415436324","17.13392154",
"10/4/1988","66.5625","38.872501373291","526","20.819","7.41800000000001","0","3.04484682805059","0.372712476173536","18.9079371",
"10/5/1988","66.5625","38.872501373291","526","21.311","5.39800000000002","0","2.69862132325668","0.271126664336815","18.59017338",
"10/6/1988","66.5625","38.872501373291","526","22.037","6.46499999999998","0","2.1346860054528","0.259070505532024","18.09613566",
"10/7/1988","66.5625","38.872501373291","526","21.02","6.41300000000001","0","1.86393212397341","0.344082673355531","17.06236596",
"10/8/1988","66.5625","38.872501373291","526","22.393","8.58199999999999","0","2.55725180389185","0.402991910492626","17.5678263",
"10/9/1988","66.5625","38.872501373291","526","22.911","10.729","0","2.77763257293696","0.381122185581416","17.54527698",
"10/10/1988","66.5625","38.872501373291","526","23.664","10.489","0","2.76055467554388","0.302991298694093","17.69085126",
"10/11/1988","66.5625","38.872501373291","526","22.783","10.98","0","3.03005487151887","0.308633726046193","17.03491794",
"10/12/1988","66.5625","38.872501373291","526","21.343","8.947","0","3.0598685020173","0.325039949038424","16.6160835",
"10/13/1988","66.5625","38.872501373291","526","20.824","7.54700000000003","0","4.01350389517626","0.271032272258559","17.2773558",
"10/14/1988","66.5625","38.872501373291","526","19.975","4.743","0","2.9023900533118","0.297312487286754","17.21542392",
"10/15/1988","66.5625","38.872501373291","526","23.412","9.786","0","3.29073069967495","0.200625637431377","15.99334002",
"10/16/1988","66.5625","38.872501373291","526","14.969","5.83600000000001","0.1390457232","2.12116605085239","0.388485258948871","7.55370216",
"10/17/1988","66.5625","38.872501373291","526","17.563","1.50200000000001","0","2.85070064340446","0.309925651747063","16.7910219",
"10/18/1988","66.5625","38.872501373291","526","19.21","4.78699999999998","0","2.90030764271298","0.233336215987381","16.5276558",
"10/19/1988","66.5625","38.872501373291","526","18.558","3.23599999999999","0","2.23000327959666","0.248869165948272","16.29877302",
"10/20/1988","66.5625","38.872501373291","526","21.411","6.88499999999999","0","3.12811226467682","0.260931209477662","16.07574222",
"10/21/1988","66.5625","38.872501373291","526","26.436","14.682","0","6.40208359608281","0.194964636619501","15.28802172",
"10/22/1988","66.5625","38.872501373291","526","21.905","10.852","1.7286281064","3.96879717065771","0.471257074055522","13.26925836",
"10/23/1988","66.5625","38.872501373291","526","13.512","4.459","0.83255724","2.43576636905366","0.631116114326496","14.785538868",
"10/24/1988","66.5625","38.872501373291","526","15.16","2.32299999999998","0","2.33273768457979","0.510401239532526","14.886675432",
"10/25/1988","66.5625","38.872501373291","526","18.455","4.267","0","2.6342588566323","0.364097219957232","15.30590418",
"10/26/1988","66.5625","38.872501373291","526","21.227","9.44600000000003","0","3.34239602453477","0.275905763169069","14.87480292",
"10/27/1988","66.5625","38.872501373291","526","24.607","11.962","0","3.15303910060151","0.24792814600762","14.5016973",
"10/28/1988","66.5625","38.872501373291","526","26.057","11.896","0","3.28578438784731","0.255876592232069","14.2606701",
"10/29/1988","66.5625","38.872501373291","526","18.466","8.233","0.2120019624","2.09693508137196","0.598354200464699","12.98553642",
"10/30/1988","66.5625","38.872501373291","526","19.72","6.916","0","2.6205923156022","0.60678745338167","13.9518054",
"10/31/1988","66.5625","38.872501373291","526","24.612","11.712","0","3.92795596668327","0.243389026008438","14.452373448",
"11/1/1988","66.5625","38.872501373291","526","21.163","11.408","0","2.82503538357587","0.333414756416124","13.396777668",
"11/2/1988","66.5625","38.872501373291","526","23.06","8.005","0","2.46248349618087","0.334213788990131","13.834404432",
"11/3/1988","66.5625","38.872501373291","526","23.293","10.752","0","2.77952558988987","0.29190754615634","13.577115168",
"11/4/1988","66.5625","38.872501373291","526","24.292","12.303","0","3.37081108401515","0.308349486623544","13.4444259",
"11/5/1988","66.5625","38.872501373291","526","22.163","10.435","0","2.46779206977794","0.34338827368596","9.358934652",
"11/6/1988","66.5625","38.872501373291","526","17.309","8.73200000000003","0.0274658256","2.25645443287174","0.65890761162628","11.61888858",
"11/7/1988","66.5625","38.872501373291","526","19.265","5.904","0","2.32011932083269","0.53816147624025","12.8596509",
"11/8/1988","66.5625","38.872501373291","526","22.834","10.133","0","2.69805066825268","0.375687414009208","12.57704892",
"11/9/1988","66.5625","38.872501373291","526","26.447","15.053","0","5.14752840124736","0.260913905582685","12.65749218",
"11/10/1988","66.5625","38.872501373291","526","24.329","14.191","0","2.83216061675471","0.292223840549676","12.44035818",
"11/11/1988","66.5625","38.872501373291","526","27.68","15.916","0","4.68098436057806","0.180056893968748","12.600170532",
"11/12/1988","66.5625","38.872501373291","526","24.466","13.233","0","2.68290407460851","0.232402452943357","12.056970996",
"11/13/1988","66.5625","38.872501373291","526","25.257","12.352","0","2.73799702369863","0.251903509903802","11.940807276",
"11/14/1988","66.5625","38.872501373291","526","27.405","15.258","0","3.35099597054972","0.208734708845545","11.486753352",
"11/15/1988","66.5625","38.872501373291","526","18.507","-0.687000000000012","1.133823672","3.16118599348268","0.635662647146402","3.2987286",
"11/16/1988","66.5625","38.872501373291","526","14.474","0.0570000000000164","0","2.76575031692737","0.474723239707022","12.4282656",
"11/17/1988","66.5625","38.872501373291","526","21.675","9.05099999999999","0","3.22979200034985","0.119309912895477","12.271776948",
"11/18/1988","66.5625","38.872501373291","526","19.155","5.22399999999999","0","2.27323313194859","0.134705118432284","12.257882568",
"11/19/1988","66.5625","38.872501373291","526","20.009","6.69799999999998","0","3.36253321098598","0.145726794637713","12.042170532",
"11/20/1988","66.5625","38.872501373291","526","23.829","12.397","0","4.24843252749341","0.101092833916093","11.101221162",
"11/21/1988","66.5625","38.872501373291","526","16.958","6.726","1.9981384272","2.9819850388224","0.564802278864574","7.709903352",
"11/22/1988","66.5625","38.872501373291","526","12.414","4.81200000000001","0.5373001872","1.09042500886219","0.80232641122166","5.891737248",
"11/23/1988","66.5625","38.872501373291","526","9.06799999999998","5.73200000000003","1.2840270624","1.88774079019914","0.845417093007097","5.85326178",
"11/24/1988","66.5625","38.872501373291","526","9.58600000000001","4.00200000000001","1.953506952","1.64902924829182","0.81813729021109","4.18392846",
"11/25/1988","66.5625","38.872501373291","526","12.966","4.56999999999999","0","2.45833601416197","0.605726307970735","10.80180153",
"11/26/1988","66.5625","38.872501373291","526","13.071","3.71300000000002","0","2.72100611556595","0.526854899464953","11.05616475",
"11/27/1988","66.5625","38.872501373291","526","14.998","3.99400000000003","0","2.6841929791183","0.403116042415641","11.14756875",
"11/28/1988","66.5625","38.872501373291","526","18.35","7.44600000000003","0","5.41149310946912","0.186202986324753","10.94400288",
"11/29/1988","66.5625","38.872501373291","526","15.043","9.37099999999998","0.089263908","3.55521651024156","0.218861658142498","4.03773957",
"11/30/1988","66.5625","38.872501373291","526","13.547","5.05500000000001","0.0411987312","2.29323924358672","0.529527411433867","10.33959555",
"12/1/1988","66.5625","38.872501373291","526","17.147","6.59199999999998","0.255775392","4.17826982928075","0.421785278173739","9.00753939",
"12/2/1988","66.5625","38.872501373291","526","16.201","9.84399999999999","2.94571044","4.83806122831683","0.577403214050363","10.3369455",
"12/3/1988","66.5625","38.872501373291","526","18.266","6.89400000000001","0","3.81372853861872","0.534899151734229","7.83371034",
"12/4/1988","66.5625","38.872501373291","526","19.363","9.90600000000001","0","5.21201487726929","0.392566805629296","10.10070576",
"12/5/1988","66.5625","38.872501373291","526","12.168","3.57400000000001","3.67183296","2.31219867903709","0.703529004884616","2.43669177",
"12/6/1988","66.5625","38.872501373291","526","13.067","3.06599999999997","0","2.11291241982805","0.710103778474235","10.09963215",
"12/7/1988","66.5625","38.872501373291","526","15.44","2.44600000000003","0","2.55961456901728","0.560930508955674","10.33481286",
"12/8/1988","66.5625","38.872501373291","526","16.161","4.56099999999998","0","2.03401154945325","0.507824159203744","10.34724276",
"12/9/1988","66.5625","38.872501373291","526","15.877","2.67599999999999","0","1.92140344321695","0.413271662768181","10.38217446",
"12/10/1988","66.5625","38.872501373291","526","15.93","5.44600000000003","0","2.503681305999","0.308618831699315","10.3281714",
"12/11/1988","66.5625","38.872501373291","526","19.388","9.79500000000002","0","5.19935083784152","0.229274570168932","9.06367698",
"12/12/1988","66.5625","38.872501373291","526","19.751","11.29","0","6.24247747177134","0.28543830733924","8.97310935",
"12/13/1988","66.5625","38.872501373291","526","17.839","6.34199999999998","0","5.43924593205884","0.382278811761223","7.65067482",
"12/14/1988","66.5625","38.872501373291","526","11.582","2.274","0.64630548","1.9769231423755","0.725079733948658","7.78826358",
"12/15/1988","66.5625","38.872501373291","526","15.702","7.02999999999997","0.1064301336","4.48090527082308","0.558468595623586","9.11829645",
"12/16/1988","66.5625","38.872501373291","526","11.799","5.94900000000001","3.4555484664","3.89386080008263","0.716414693590201","5.40652545",
"12/17/1988","66.5625","38.872501373291","526","10.688","4.60399999999999","0","3.05141989961807","0.785263602465085","9.12346803",
"12/18/1988","66.5625","38.872501373291","526","11.275","6.91500000000002","3.0521399688","4.18031730077858","0.574010789712347","3.09560625",
"12/19/1988","66.5625","38.872501373291","526","15.365","7.43200000000002","0.4815104544","5.19009968503219","0.593832624149202","8.03902005",
"12/20/1988","66.5625","38.872501373291","526","13.944","8.90300000000002","23.529618","4.39606408510044","0.701683179437601","3.0382299",
"12/21/1988","66.5625","38.872501373291","526","9.197","3.21899999999999","7.446671748","3.37733562635622","0.828721434151549","2.11635252",
"12/22/1988","66.5625","38.872501373291","526","4.22199999999998","0.0029999999999859","0.1682281512","2.08580165475784","0.810458137702099","6.426280332",
"12/23/1988","66.5625","38.872501373291","526","10.032","1.37","0.0583648704","5.28642606574612","0.491762408581586","8.1991755",
"12/24/1988","66.5625","38.872501373291","526","3.72899999999999","-1.565","0.8205414264","2.14409109149178","0.738057635253098","6.13136178",
"12/25/1988","66.5625","38.872501373291","526","7.548","-2.27300000000002","0","2.10288746613632","0.653686264803999","10.0119384",
"12/26/1988","66.5625","38.872501373291","526","12.151","2.59399999999999","1.6599649464","7.24662397723989","0.349509433086429","8.8241094",
"12/27/1988","66.5625","38.872501373291","526","10.443","3.80099999999999","1.0085108544","7.36844509655928","0.744847472628745","7.292025198",
"12/28/1988","66.5625","38.872501373291","526","14.212","4.37299999999999","12.878030952","7.27437474817923","0.659337682390499","6.68615598",
"12/29/1988","66.5625","38.872501373291","526","3.69900000000001","-4.07100000000003","11.745072756","3.8420371011209","0.877625700380919","4.75958898",
"12/30/1988","66.5625","38.872501373291","526","4.226","-6.02600000000001","0.071239464","2.89009985092538","0.737792721748739","10.38808008",
"12/31/1988","66.5625","38.872501373291","526","9.03500000000003","0.903999999999996","0","3.60216230322543","0.538412951150771","9.160645392",
"1/1/1989","66.5625","38.872501373291","526","6.59399999999999","-0.233000000000004","0","4.85774663789302","0.51653506824492","10.117520352",
"1/2/1989","66.5625","38.872501373291","526","12.171","5.06999999999999","0","5.79700906891364","0.451785736741935","10.212134652",
"1/3/1989","66.5625","38.872501373291","526","8.255","2.608","0.5012512704","3.83733604429932","0.579687845799898","4.668077502",
"1/4/1989","66.5625","38.872501373291","526","2.37799999999999","-2.24700000000001","6.04247904","3.12284591939032","0.896853931795045","6.18564393",
"1/5/1989","66.5625","38.872501373291","526","-1.99400000000003","-12.548","11.36055636","2.9188000296876","0.916154872891947","4.1103009",
"1/6/1989","66.5625","38.872501373291","526","-0.15100000000001","-6.14100000000002","1.8539430984","6.48912590592637","0.857339371648599","9.440607492",
"1/7/1989","66.5625","38.872501373291","526","-0.798999999999978","-13.311","5.978966184","4.03206656166709","0.925492779690793","4.520367432",
"1/8/1989","66.5625","38.872501373291","526","-0.158999999999992","-14.727","0.133895844","2.41341503698441","0.884009548437598","11.08164348",
"1/9/1989","66.5625","38.872501373291","526","2.35500000000002","-6.351","0","4.47815438172546","0.793907740504685","10.812430332",
"1/10/1989","66.5625","38.872501373291","526","1.81","-7.161","0","3.15653335879014","0.747982670020282","11.094242796",
"1/11/1989","66.5625","38.872501373291","526","2.452","-2.60000000000002","0","4.78002003564458","0.797978775602842","10.9248669",
"1/12/1989","66.5625","38.872501373291","526","1.98000000000002","-7.06700000000001","0","3.15342771365874","0.743873146236888","11.44383876",
"1/13/1989","66.5625","38.872501373291","526","0.509000000000015","-9.51999999999998","0","1.62681464844742","0.829261492741216","8.99184636",
"1/14/1989","66.5625","38.872501373291","526","0.841000000000008","-8.27800000000002","0.09269712","2.2708859587574","0.906986228361006","10.671185088",
"1/15/1989","66.5625","38.872501373291","526","0.0509999999999877","-4.464","2.3603439024","1.52884834672446","0.962897524302779","4.8951585",
"1/16/1989","66.5625","38.872501373291","526","0.916999999999973","-8.34899999999999","0.453186216","2.01920721971711","0.931457594304813","10.868455512",
"1/17/1989","66.5625","38.872501373291","526","4.03899999999999","-0.891999999999996","0","4.75943224075167","0.807763238521528","11.83060998",
"1/18/1989","66.5625","38.872501373291","526","2.892","-1.95600000000002","7.017520572","4.48621524060765","0.896829028813844","3.955168944",
"1/19/1989","66.5625","38.872501373291","526","2.185","-7.85399999999999","0.089263944","4.77692576410712","0.840569311994659","11.62226196",
"1/20/1989","66.5625","38.872501373291","526","5.24099999999999","-1.44400000000002","0","5.81794636246152","0.749714385845675","11.727724212",
"1/21/1989","66.5625","38.872501373291","526","6.07100000000003","-1.45600000000002","0.0137328984","3.01462794229426","0.740365460549426","11.298601152",
"1/22/1989","66.5625","38.872501373291","526","3.49099999999999","-4.24099999999999","0.69694524","1.44719346987133","0.854729682967312","11.61512028",
"1/23/1989","66.5625","38.872501373291","526","5.65800000000002","-1.96300000000002","0","2.24646744354604","0.763577876585873","12.03941214",
"1/24/1989","66.5625","38.872501373291","526","8.07999999999998","-1.02999999999997","0","1.77316140578531","0.611472699739296","12.469667688",
"1/25/1989","66.5625","38.872501373291","526","3.30799999999999","-0.00900000000001455","1.568984796","2.96706695431843","0.776876177001987","7.36154838",
"1/26/1989","66.5625","38.872501373291","526","1.42599999999999","-6.70699999999999","2.6882204184","2.48656752033695","0.927993532292018","12.179641356",
"1/27/1989","66.5625","38.872501373291","526","0.0369999999999777","-14.226","13.20419106","3.04361396746326","0.87479774852713","10.11414276",
"1/28/1989","66.5625","38.872501373291","526","-0.54000000000002","-14.672","0","2.46809857783413","0.84851358571361","11.926399428",
"1/29/1989","66.5625","38.872501373291","526","-0.266999999999996","-13.715","0.58708188","1.82839860499744","0.937177526636042","9.895616928",
"1/30/1989","66.5625","38.872501373291","526","-1.93099999999998","-11.482","4.413409812","2.06283739754096","0.939294265316886","6.085746504",
"1/31/1989","66.5625","38.872501373291","526","-1.27699999999999","-16.752","0.42915366","2.71754636435591","0.887163776776419","12.114905076",
"2/1/1989","66.5625","38.872501373291","526","2.14600000000002","-6.16899999999998","0.1407624264","5.7388780135705","0.832830920949069","13.63173696",
"2/2/1989","66.5625","38.872501373291","526","3.28399999999999","-1.63","2.04620364","2.70903446074773","0.931466716433692","11.399789088",
"2/3/1989","66.5625","38.872501373291","526","0.125","-12.912","3.8726802","2.14366115172447","0.89649617270889","12.496611888",
"2/4/1989","66.5625","38.872501373291","526","-0.675999999999988","-13.289","0","2.58486109126338","0.74945624950241","13.96495926",
"2/5/1989","66.5625","38.872501373291","526","-0.211999999999989","-8.44299999999998","0.04119876","2.28140902866597","0.782049605592399","13.673529612",
"2/6/1989","66.5625","38.872501373291","526","-1.565","-5.84199999999998","5.3730067032","2.91975079756434","0.896180976297176","5.779068876",
"2/7/1989","66.5625","38.872501373291","526","0.980999999999995","-8.23200000000003","0.278091324","2.72182358033337","0.84708599700162","14.39381592",
"2/8/1989","66.5625","38.872501373291","526","1.197","-10.386","0","2.32483070672187","0.822406182400046","14.31298278",
"2/9/1989","66.5625","38.872501373291","526","2.58499999999998","-5.90499999999997","0","2.86764844319345","0.757483244208569","14.74183548",
"2/10/1989","66.5625","38.872501373291","526","6.43900000000002","-2.673","0","4.23350006913464","0.711339059831805","15.04422864",
"2/11/1989","66.5625","38.872501373291","526","6.84800000000001","-1.22899999999998","0.02746584","2.80519487799027","0.646016320727663","14.58961596",
"2/12/1989","66.5625","38.872501373291","526","1.44099999999997","-4.78800000000001","4.425434388","3.00369612300099","0.926212756300329","4.93104114",
"2/13/1989","66.5625","38.872501373291","526","-2.56","-8.31599999999997","2.04277032","2.14211517121204","0.876955096742202","9.032517072",
"2/14/1989","66.5625","38.872501373291","526","-1.161","-9.44200000000001","0","2.4448298626306","0.806663480168906","15.76237752",
"2/15/1989","66.5625","38.872501373291","526","0.524999999999977","-10.195","0.0068664528","1.99307190767769","0.845744663562056","14.93212572",
"2/16/1989","66.5625","38.872501373291","526","-1.10300000000001","-8.90199999999999","0.0240325848","2.35259748655574","0.860445177361827","14.73806016",
"2/17/1989","66.5625","38.872501373291","526","0.466000000000008","-11.525","0","1.82489653906617","0.790511205432549","16.23538134",
"2/18/1989","66.5625","38.872501373291","526","4.40300000000002","-4.53100000000001","0.0205993656","2.57429853090782","0.770457693324433","15.81428682",
"2/19/1989","66.5625","38.872501373291","526","7.863","-1.97199999999998","0.02059938","3.45357647441049","0.742296556386973","14.8793544",
"2/20/1989","66.5625","38.872501373291","526","2.81200000000001","-0.855999999999995","2.98690794","2.61881685132952","0.932283319783279","7.1400978",
"2/21/1989","66.5625","38.872501373291","526","5.118","-1.84800000000001","0.0480651768","3.4694170893979","0.889909008339413","13.62049002",
"2/22/1989","66.5625","38.872501373291","526","8.87099999999998","1.09699999999998","0.0102996792","5.40785134606224","0.738901726129319","16.48523754",
"2/23/1989","66.5625","38.872501373291","526","7.32400000000001","0.716000000000008","1.076316696","4.22421803245149","0.794405784447362","6.81609816",
"2/24/1989","66.5625","38.872501373291","526","3.39299999999997","-1.99799999999999","2.1663666144","2.2176729118534","0.924808192881016","12.26132154",
"2/25/1989","66.5625","38.872501373291","526","0.999000000000024","-2.72500000000002","1.864243044","3.5096951648225","0.930203006323295","12.22931124",
"2/26/1989","66.5625","38.872501373291","526","0.538000000000011","-5.27999999999997","0.865173384","2.3533957380648","0.903630320028105","11.74359816",
"2/27/1989","66.5625","38.872501373291","526","3.93299999999999","-3.09399999999999","1.8299104776","2.49001120870998","0.85757242770769","16.03738332",
"2/28/1989","66.5625","38.872501373291","526","8.30700000000002","-1.17200000000003","0","3.72709159141439","0.714808471693356","18.18264204",
"3/1/1989","66.5625","38.872501373291","526","7.93099999999998","-3.25599999999997","0","2.11465696824945","0.698381115844392","18.24480252",
"3/2/1989","66.5625","38.872501373291","526","10.814","-1.50299999999999","0","2.50339978359482","0.71485214500812","18.24108948",
"3/3/1989","66.5625","38.872501373291","526","11.779","-0.0110000000000241","0","2.52168643572847","0.612055603495319","18.46664856",
"3/4/1989","66.5625","38.872501373291","526","11.792","-0.660000000000025","0","1.67507040793458","0.496719285289578","18.96958368",
"3/5/1989","66.5625","38.872501373291","526","12.528","-0.0769999999999982","0","2.19243452009043","0.610986612916187","18.4645692",
"3/6/1989","66.5625","38.872501373291","526","13.725","3.58699999999999","0","3.20773320629809","0.590613876232299","18.71774892",
"3/7/1989","66.5625","38.872501373291","526","11.454","4.72899999999999","0.4325866128","2.275086892286","0.698790605817728","11.701342368",
"3/8/1989","66.5625","38.872501373291","526","9.31200000000001","2.70800000000003","4.8923479944","1.89264224217501","0.695964095624848","13.43728242",
"3/9/1989","66.5625","38.872501373291","526","8.755","0.870000000000005","0.329589324","2.59118591141077","0.598021548447077","14.40657792",
"3/10/1989","66.5625","38.872501373291","526","13.552","2.04399999999998","0","2.86577241415752","0.481333614402147","19.64587608",
"3/11/1989","66.5625","38.872501373291","526","16.782","5.25400000000002","0","3.37429409576971","0.420655291069555","13.94909388",
"3/12/1989","66.5625","38.872501373291","526","16.669","6.51799999999997","0.0343322856","2.20536026032991","0.577193787509165","18.51115104",
"3/13/1989","66.5625","38.872501373291","526","10.931","3.22399999999999","0.207710244","2.19333588762261","0.643358934226685","14.82642864",
"3/14/1989","66.5625","38.872501373291","526","9.75400000000002","3.79700000000003","3.15170388","1.79328157027593","0.737458385296419","12.8257875",
"3/15/1989","66.5625","38.872501373291","526","17.887","4.77600000000001","0.51155064","3.66524526295489","0.561457741200944","18.47306691",
"3/16/1989","66.5625","38.872501373291","526","23.164","11.486","0.875473056","4.60598749138373","0.445863539548748","19.18237878",
"3/17/1989","66.5625","38.872501373291","526","15.361","9.75","8.912661804","3.51380511537028","0.754978343200742","4.158057024",
"3/18/1989","66.5625","38.872501373291","526","12.707","5.10199999999998","0.405121068","2.9115533372619","0.715796071783644","18.89544294",
"3/19/1989","66.5625","38.872501373291","526","15.59","3.618","0","2.57461054050234","0.65384300936432","17.06377509",
"3/20/1989","66.5625","38.872501373291","526","9.44200000000001","4.33300000000003","4.2709340304","2.36868477919888","0.759479211540846","9.45961686",
"3/21/1989","66.5625","38.872501373291","526","15.983","1.55200000000002","0","2.9323155417917","0.626995121384722","19.71793062",
"3/22/1989","66.5625","38.872501373291","526","8.61500000000001","3.63299999999998","0.9475706088","2.64826882846854","0.723504857151222","9.31528332",
"3/23/1989","66.5625","38.872501373291","526","13.005","2.95999999999998","0.0274658328","2.70849253563433","0.502086349757614","21.035253528",
"3/24/1989","66.5625","38.872501373291","526","13.884","4.334","0","3.40832251668994","0.608458103705276","17.860551408",
"3/25/1989","66.5625","38.872501373291","526","17.708","4.47399999999999","0","2.77102046096613","0.510657547814995","22.26549348",
"3/26/1989","66.5625","38.872501373291","526","20.446","4.92500000000001","0","2.24921151000579","0.424226257198355","22.643999208",
"3/27/1989","66.5625","38.872501373291","526","23.745","10.259","0","4.1280468904624","0.301068006991064","22.5911772",
"3/28/1989","66.5625","38.872501373291","526","24.158","14.639","0.044631936","5.85227860438454","0.32213607763743","17.500439232",
"3/29/1989","66.5625","38.872501373291","526","16.091","10.982","22.95454608","4.85132806517042","0.685007922196081","3.542960862",
"3/30/1989","66.5625","38.872501373291","526","19.937","9.71899999999999","8.3221461","4.27464312070779","0.672762057802765","17.911298088",
"3/31/1989","66.5625","38.872501373291","526","12.057","-0.98399999999998","25.416186696","3.9671494083728","0.935448792286477","7.346586258",
"4/1/1989","66.5625","38.872501373291","526","8.315","-1.72500000000002","0.0823974624","6.35755359024027","0.805528133299969","23.851574568",
"4/2/1989","66.5625","38.872501373291","526","8.322","1.77300000000002","3.3027667848","3.34690235037733","0.767025430567359","11.064934008",
"4/3/1989","66.5625","38.872501373291","526","10.352","-1.84899999999999","0","3.00513023823409","0.690662771937666","23.38441812",
"4/4/1989","66.5625","38.872501373291","526","14.218","1.07499999999999","0","2.789676731834","0.582908018165982","24.153129072",
"4/5/1989","66.5625","38.872501373291","526","17.216","0.880999999999972","0","2.20196923561525","0.560747991326363","23.42267244",
"4/6/1989","66.5625","38.872501373291","526","19.565","5.57499999999999","0","2.90349362984407","0.486264846077662","24.47842644",
"4/7/1989","66.5625","38.872501373291","526","20.143","6.91000000000003","0","2.79676915249506","0.459403645421654","22.42147464",
"4/8/1989","66.5625","38.872501373291","526","11.634","0.663999999999987","1.01966886","3.55041776933966","0.619926188821306","8.06147496",
"4/9/1989","66.5625","38.872501373291","526","11.438","-1.87200000000001","0","2.47940941239529","0.329409508315271","25.43709528",
"4/10/1989","66.5625","38.872501373291","526","15.384","0.509000000000015","0","3.15826886656653","0.452349792564282","24.83853948",
"4/11/1989","66.5625","38.872501373291","526","16.078","0.682000000000016","0","2.30565820573358","0.404847904594234","25.6217112",
"4/12/1989","66.5625","38.872501373291","526","18.296","0.845000000000027","0","2.19440532815011","0.394973614353832","25.80260364",
"4/13/1989","66.5625","38.872501373291","526","21.602","6.971","0","2.76428934116644","0.41286945212367","25.52344416",
"4/14/1989","66.5625","38.872501373291","526","24.713","8.642","0","2.28714083614546","0.381354418494732","25.35317208",
"4/15/1989","66.5625","38.872501373291","526","25.771","11.392","2.73284874","3.80135033218692","0.475494347123111","17.43080976",
"4/16/1989","66.5625","38.872501373291","526","18.924","11.457","0.66261312","3.30091258349681","0.625818522513326","21.38720364",
"4/17/1989","66.5625","38.872501373291","526","15.888","2.21600000000001","0.0102996864","2.76401415023567","0.462838379654121","20.6244612",
"4/18/1989","66.5625","38.872501373291","526","18.573","1.089","0","3.14862594147947","0.298989073004275","27.1010826",
"4/19/1989","66.5625","38.872501373291","526","22.939","8.30599999999998","0","4.43983578816845","0.297161024324075","26.81543952",
"4/20/1989","66.5625","38.872501373291","526","24.683","7.41899999999998","0","3.13004455482231","0.322090169596136","26.0963496",
"4/21/1989","66.5625","38.872501373291","526","21.989","9.03300000000002","0","3.91071972354921","0.294897362930462","25.24899024",
"4/22/1989","66.5625","38.872501373291","526","21.868","10.184","0","2.92731907092666","0.31273477058904","26.2867482",
"4/23/1989","66.5625","38.872501373291","526","22.871","7.452","0","1.22270820050018","0.46923517036793","19.98118332",
"4/24/1989","66.5625","38.872501373291","526","20.398","5.86099999999999","0","2.49444902521101","0.315764902153399","27.42952833",
"4/25/1989","66.5625","38.872501373291","526","22.763","7.41300000000001","0","3.23824991310837","0.276049216198094","27.23399541",
"4/26/1989","66.5625","38.872501373291","526","25.129","7.959","0","3.16630506727807","0.293050687012422","27.69024429",
"4/27/1989","66.5625","38.872501373291","526","24.569","8.21800000000002","0","3.00394330108476","0.330474465894713","27.9702009",
"4/28/1989","66.5625","38.872501373291","526","25.748","11.144","0","3.7022961954988","0.282267697050111","27.988530048",
"4/29/1989","66.5625","38.872501373291","526","27.983","13.732","0","4.96951026112775","0.218648344782952","27.580107312",
"4/30/1989","66.5625","38.872501373291","526","19.709","2.214","9.860228064","4.03158087912068","0.756615290587027","4.622286492",
"5/1/1989","66.5625","38.872501373291","526","8.21199999999999","-2.43799999999999","0","3.20626598823164","0.481394287826322","27.4580433",
"5/2/1989","66.5625","38.872501373291","526","10.256","-1.53800000000001","0.267791796","2.9492866069768","0.353924566109801","26.32066308",
"5/3/1989","66.5625","38.872501373291","526","6.05799999999999","0.661999999999978","7.19776296","1.7969699786585","0.711803265840065","12.04587576",
"5/4/1989","66.5625","38.872501373291","526","10.285","0.733000000000004","1.3029096744","2.63285125145268","0.70938875098609","18.98212968",
"5/5/1989","66.5625","38.872501373291","526","14.003","0.915999999999997","0.0137329056","1.75796646865642","0.620746610262785","21.06579366",
"5/6/1989","66.5625","38.872501373291","526","21.748","6.35000000000002","0","3.20107326873543","0.446621600702187","28.3439277",
"5/7/1989","66.5625","38.872501373291","526","27.564","12.713","0","5.03011898517147","0.319406867692751","28.940847408",
"5/8/1989","66.5625","38.872501373291","526","24.325","14.407","4.21256394","6.42267428126862","0.496918394650503","16.81115886",
"5/9/1989","66.5625","38.872501373291","526","19.568","9.16500000000002","0.0068664528","1.78012899517264","0.661548940746508","23.0743755",
"5/10/1989","66.5625","38.872501373291","526","22.747","10.167","0","3.96109573582256","0.374741524462072","29.37037734",
"5/11/1989","66.5625","38.872501373291","526","24.06","10.199","0","3.03679075590487","0.431400713272608","26.511694848",
"5/12/1989","66.5625","38.872501373291","526","27.166","13.416","0","3.03215318958653","0.37866233545088","29.353219488",
"5/13/1989","66.5625","38.872501373291","526","29.43","15.368","0","3.47391919088289","0.293543898061261","24.97606614",
"5/14/1989","66.5625","38.872501373291","526","24.218","12.919","0","3.31848827345135","0.419681661436661","27.68995782",
"5/15/1989","66.5625","38.872501373291","526","24.061","12.271","0","2.22846295231576","0.382046029657419","25.18396632",
"5/16/1989","66.5625","38.872501373291","526","24.874","11.233","0","2.94201307120741","0.355805644309385","29.52972576",
"5/17/1989","66.5625","38.872501373291","526","27.271","11.942","0.429153696","2.86704910048366","0.398658118775942","23.44764204",
"5/18/1989","66.5625","38.872501373291","526","27.466","11.581","0","2.36041338640818","0.37649855254591","29.6481438",
"5/19/1989","66.5625","38.872501373291","526","30.95","13.472","0","2.63217088202228","0.298880287438915","27.62245872",
"5/20/1989","66.5625","38.872501373291","526","23.67","14.604","0.030899052","3.69660503882354","0.403150004784452","19.20577716",
"5/21/1989","66.5625","38.872501373291","526","24.212","11.346","0","2.91383825778039","0.280613825875367","30.43756116",
"5/22/1989","66.5625","38.872501373291","526","24.464","8.89999999999998","0","2.68986700415302","0.298232207001201","30.56505084",
"5/23/1989","66.5625","38.872501373291","526","26.198","11.146","0","3.16083281729554","0.298193033129809","30.72941064",
"5/24/1989","66.5625","38.872501373291","526","28.123","13.611","0","3.10755269528697","0.219257657857629","30.97607688",
"5/25/1989","66.5625","38.872501373291","526","30.167","12.627","0","2.49948762630843","0.158618808845987","31.09732992",
"5/26/1989","66.5625","38.872501373291","526","32.435","16.601","0","3.48301106350614","0.167838482324556","30.8867562",
"5/27/1989","66.5625","38.872501373291","526","33.742","17.183","0","3.0573328059243","0.192344209542626","30.0710988",
"5/28/1989","66.5625","38.872501373291","526","35.099","18.066","0","3.52182445085712","0.117343971345326","30.89373012",
"5/29/1989","66.5625","38.872501373291","526","36.139","19.219","0","3.51269661665478","0.146348447016837","30.43541592",
"5/30/1989","66.5625","38.872501373291","526","32.77","19.57","0","4.39914781893609","0.261720053258766","30.16777464",
"5/31/1989","66.5625","38.872501373291","526","33.327","17.37","0","3.10646285119662","0.311325820294557","30.09183588",
"6/1/1989","66.5625","38.872501373291","526","35.777","20.143","0","2.80483409730981","0.292913387445406","28.25155944",
"6/2/1989","66.5625","38.872501373291","526","32.501","21.056","0.490951692","3.41471053258321","0.272872886701662","28.463350392",
"6/3/1989","66.5625","38.872501373291","526","31.43","17.683","0","3.58772721494932","0.235605310574372","31.02066468",
"6/4/1989","66.5625","38.872501373291","526","30.951","16.676","0","3.68208461527674","0.202583733711281","30.61113264",
"6/5/1989","66.5625","38.872501373291","526","29.832","16.892","0","3.49320918075024","0.187270114208892","31.09667112",
"6/6/1989","66.5625","38.872501373291","526","29.544","12.694","0","2.62173208841961","0.23244118601192","31.05256284",
"6/7/1989","66.5625","38.872501373291","526","30.391","14.866","0","3.15121132599326","0.213991874292043","31.12113852",
"6/8/1989","66.5625","38.872501373291","526","31.069","17.818","0","3.11621420869356","0.202856517931951","28.0260504",
"6/9/1989","66.5625","38.872501373291","526","29.125","17.23","0","3.34592708027308","0.174201879816735","30.9071268",
"6/10/1989","66.5625","38.872501373291","526","29.925","15.75","0","3.49967236684595","0.167601306004812","31.2927192",
"6/11/1989","66.5625","38.872501373291","526","32.237","14.28","0","2.30845629809359","0.242699920204016","31.24471824",
"6/12/1989","66.5625","38.872501373291","526","33.535","17.329","0","2.39379337688719","0.194356356125638","30.7914156",
"6/13/1989","66.5625","38.872501373291","526","31.334","15.526","0","2.92316466024871","0.182021374827846","31.39497144",
"6/14/1989","66.5625","38.872501373291","526","32.562","17.073","0","3.87568017938772","0.187123291305234","31.16832192",
"6/15/1989","66.5625","38.872501373291","526","32.954","17.393","0","4.01153399655595","0.148562454982714","31.75022088",
"6/16/1989","66.5625","38.872501373291","526","33.104","19.476","0","4.64531329220515","0.131973407648831","31.45882968",
"6/17/1989","66.5625","38.872501373291","526","34.011","18.35","0","3.46885952937116","0.129187303673709","31.32190584",
"6/18/1989","66.5625","38.872501373291","526","32.307","19.134","0","4.37838789470609","0.190316010304146","31.1987502",
"6/19/1989","66.5625","38.872501373291","526","31.838","13.934","0","3.34114310781724","0.252456194655811","31.59487872",
"6/20/1989","66.5625","38.872501373291","526","31.999","13.18","0","2.64824168300094","0.192979821772941","31.63877136",
"6/21/1989","66.5625","38.872501373291","526","31.819","15.441","0","2.65506483482807","0.161532408248223","31.64629212",
"6/22/1989","66.5625","38.872501373291","526","33.35","18.454","0","3.08646129231225","0.135830639530882","31.65742584",
"6/23/1989","66.5625","38.872501373291","526","35.048","17.709","0","2.50217072161919","0.138777577048856","31.3347294",
"6/24/1989","66.5625","38.872501373291","526","36.65","19.213","0","3.18021088551918","0.108115152629839","31.57182936",
"6/25/1989","66.5625","38.872501373291","526","37.857","18.289","0","3.23100563463103","0.125020395357928","31.4896608",
"6/26/1989","66.5625","38.872501373291","526","37.628","22.624","0","4.46283379387233","0.115721408730006","31.10592996",
"6/27/1989","66.5625","38.872501373291","526","35.703","21.724","0","5.32735163261206","0.176391809621979","30.84985548",
"6/28/1989","66.5625","38.872501373291","526","34.129","21.397","0","4.8664929320052","0.18301626716218","31.09183056",
"6/29/1989","66.5625","38.872501373291","526","34.453","19.741","0","4.61622977258164","0.184322760582212","30.89688624",
"6/30/1989","66.5625","38.872501373291","526","34.007","21.071","0","5.14376687159481","0.204801339309105","30.82364676",
"7/1/1989","66.5625","38.872501373291","526","33.991","19.402","0","4.37882048790396","0.245837262007222","30.43209996",
"7/2/1989","66.5625","38.872501373291","526","33.263","19.474","0","4.03879511166834","0.206103347694449","30.35542572",
"7/3/1989","66.5625","38.872501373291","526","33.654","18.898","0","3.72314562504778","0.160806634325701","30.94217352",
"7/4/1989","66.5625","38.872501373291","526","33.432","18.522","0","4.39967391664274","0.157027984167089","31.19174136",
"7/5/1989","66.5625","38.872501373291","526","32.639","18.622","0","3.29845752308959","0.174136372816456","30.77224164",
"7/6/1989","66.5625","38.872501373291","526","35.67","20.583","0","3.50581181542833","0.141447623732676","30.87360432",
"7/7/1989","66.5625","38.872501373291","526","36.659","21.964","0","3.44083932212164","0.10230811682566","31.48229988",
"7/8/1989","66.5625","38.872501373291","526","38.69","22.561","0","4.33269186113095","0.0798555201216298","31.29382224",
"7/9/1989","66.5625","38.872501373291","526","39.108","26.317","0","6.34490321409668","0.107004487691158","30.6425232",
"7/10/1989","66.5625","38.872501373291","526","38.901","25.923","0","7.97683812731509","0.133317716334811","30.7955844",
"7/11/1989","66.5625","38.872501373291","526","38.392","26.102","0","8.03808726095015","0.174601613274006","30.43884456",
"7/12/1989","66.5625","38.872501373291","526","35.206","22.256","0","5.10982964000555","0.188338244558846","30.38546376",
"7/13/1989","66.5625","38.872501373291","526","33.427","18.536","0","4.33758063277904","0.243953232881054","30.5359344",
"7/14/1989","66.5625","38.872501373291","526","34.821","19.883","0","4.19069591225487","0.22930061610662","30.41843292",
"7/15/1989","66.5625","38.872501373291","526","33.778","19.871","0","4.18434312475727","0.229129118911796","29.991764448",
"7/16/1989","66.5625","38.872501373291","526","34.149","21.463","0","2.94713784873385","0.245599346176775","25.516073448",
"7/17/1989","66.5625","38.872501373291","526","34.34","21.157","0","2.42357825974823","0.26689697039882","26.60321034",
"7/18/1989","66.5625","38.872501373291","526","35.172","21.803","0","2.92944704112807","0.24289505193507","28.1856375",
"7/19/1989","66.5625","38.872501373291","526","35.376","18.889","0","2.82990830615614","0.23047038977926","28.27777284",
"7/20/1989","66.5625","38.872501373291","526","34.441","20.301","0","3.97510068146473","0.248475677444893","28.35449478",
"7/21/1989","66.5625","38.872501373291","526","35.105","19.596","0","4.12688187751402","0.226971680581296","29.320934472",
"7/22/1989","66.5625","38.872501373291","526","35.172","19.729","0","4.3076448139082","0.206327025997494","29.47432554",
"7/23/1989","66.5625","38.872501373291","526","33.134","21.722","0","5.68973487004048","0.169852414287446","29.763106488",
"7/24/1989","66.5625","38.872501373291","526","32.26","20.097","0","3.06130486679473","0.206345560932091","24.102058752",
"7/25/1989","66.5625","38.872501373291","526","33.427","19.131","0","4.28021102466368","0.207695936417575","26.2039482",
"7/26/1989","66.5625","38.872501373291","526","33.045","18.268","0","3.77915582906466","0.213490450113672","29.059986168",
"7/27/1989","66.5625","38.872501373291","526","34.228","19.986","0","4.40304709628896","0.246754023469618","28.7834067",
"7/28/1989","66.5625","38.872501373291","526","37.111","21.599","0","4.41173352351126","0.225748155748752","28.793133792",
"7/29/1989","66.5625","38.872501373291","526","36.939","22.888","0","6.13118797937491","0.205866880407791","28.72333818",
"7/30/1989","66.5625","38.872501373291","526","33.112","21.396","0","5.2811027256792","0.22159315551824","28.93432896",
"7/31/1989","66.5625","38.872501373291","526","33.214","18.009","0","4.36773256440652","0.183114062922551","29.014256952",
"8/1/1989","66.5625","38.872501373291","526","34.175","17.545","0","3.42237055992614","0.180661924974448","29.53832994",
"8/2/1989","66.5625","38.872501373291","526","35.551","19.196","0","3.41822493311917","0.1316527116838","29.2440438",
"8/3/1989","66.5625","38.872501373291","526","35.757","17.28","0","2.63497017716081","0.122180685802531","29.224009512",
"8/4/1989","66.5625","38.872501373291","526","34.61","15.458","0","3.24148963929351","0.123177844562623","29.17850634",
"8/5/1989","66.5625","38.872501373291","526","36.3","20.076","0","3.8985591862335","0.120063724331295","29.25950274",
"8/6/1989","66.5625","38.872501373291","526","35.895","15.67","0","2.5456993400023","0.154713344199627","28.884490632",
"8/7/1989","66.5625","38.872501373291","526","37.035","19.202","0","4.09584723407316","0.11683529863677","28.73526192",
"8/8/1989","66.5625","38.872501373291","526","37.157","21.404","0","4.25053810230504","0.135684275109591","27.88683975",
"8/9/1989","66.5625","38.872501373291","526","35.944","21.672","0","4.20930144465238","0.182396893486701","27.92171691",
"8/10/1989","66.5625","38.872501373291","526","36.905","21.863","0","4.20106394260156","0.17564523233179","27.88245117",
"8/11/1989","66.5625","38.872501373291","526","38.726","23.339","0","4.8739078532438","0.163987601256165","27.47570292",
"8/12/1989","66.5625","38.872501373291","526","35.519","22.623","0","4.96716598626545","0.172834169403368","27.56891349",
"8/13/1989","66.5625","38.872501373291","526","35.167","21.24","0","4.49453272998114","0.187340217035641","27.48082365",
"8/14/1989","66.5625","38.872501373291","526","34.86","17.885","0","3.2729763168507","0.21591840230697","27.17026137",
"8/15/1989","66.5625","38.872501373291","526","33.678","14.282","0","2.66032824924084","0.204445612651147","27.215379",
"8/16/1989","66.5625","38.872501373291","526","34.943","15.551","0","2.73042890024336","0.167967963457118","27.4247352",
"8/17/1989","66.5625","38.872501373291","526","35.833","17.097","0","3.10243216871924","0.134967621512943","27.37986084",
"8/18/1989","66.5625","38.872501373291","526","36.306","20.19","0","3.1137386286485","0.142763497020099","27.01237356",
"8/19/1989","66.5625","38.872501373291","526","29.081","14.331","0","3.01339185964824","0.280091484730674","26.09184528",
"8/20/1989","66.5625","38.872501373291","526","28.901","11.932","0","3.15908395492566","0.383383653189532","26.41556124",
"8/21/1989","66.5625","38.872501373291","526","32.176","15.001","0","3.1629260045423","0.27030804179491","26.26053948",
"8/22/1989","66.5625","38.872501373291","526","32.668","15.454","0","3.05780120352171","0.21806371677817","26.24737356",
"8/23/1989","66.5625","38.872501373291","526","33.634","16.144","0","3.29157662119495","0.194782532217212","25.8696558",
"8/24/1989","66.5625","38.872501373291","526","33.204","18.582","0","3.19616325982819","0.233034544146113","25.28443044",
"8/25/1989","66.5625","38.872501373291","526","33.053","15.919","0","3.00329518060041","0.258660778748109","25.16742864",
"8/26/1989","66.5625","38.872501373291","526","30.485","15.967","0","3.4922319306513","0.247761864381645","24.23952792",
"8/27/1989","66.5625","38.872501373291","526","30.208","16.96","0","3.82562730202929","0.282122216868574","24.5447496",
"8/28/1989","66.5625","38.872501373291","526","30.912","17.387","0","3.50978429341809","0.24292805861165","25.18492392",
"8/29/1989","66.5625","38.872501373291","526","30.615","17.111","0","3.29706865971856","0.173356579738527","25.44519132",
"8/30/1989","66.5625","38.872501373291","526","32.14","16.057","0","3.06406369963223","0.162983151560418","25.04086992",
"8/31/1989","66.5625","38.872501373291","526","31.662","15.074","0","3.47192220330896","0.224895112289666","24.40007028",
"9/1/1989","66.5625","38.872501373291","526","31.916","13.496","0","2.9474488332517","0.172393627687728","25.52872572",
"9/2/1989","66.5625","38.872501373291","526","33.576","18.829","0","3.36614877897234","0.0801541377429511","25.53744204",
"9/3/1989","66.5625","38.872501373291","526","32.565","15.713","0","4.16578284953772","0.123020720267134","25.0498116",
"9/4/1989","66.5625","38.872501373291","526","26.708","8.98399999999998","0","2.98780346729404","0.212733160281639","25.40531736",
"9/5/1989","66.5625","38.872501373291","526","27.055","10.595","0","2.96431049654637","0.225432006456187","24.88944636",
"9/6/1989","66.5625","38.872501373291","526","26.881","12.144","0","3.57286944570488","0.174166453578256","24.88269672",
"9/7/1989","66.5625","38.872501373291","526","28.736","12.884","0","3.21124934974601","0.145451826461499","24.74954856",
"9/8/1989","66.5625","38.872501373291","526","30.023","10.748","0","2.34569213578144","0.144299811393867","24.53241744",
"9/9/1989","66.5625","38.872501373291","526","30.79","11.711","0","2.47261710522262","0.14504451791095","24.28491924",
"9/10/1989","66.5625","38.872501373291","526","32.094","14.838","0","3.00826735844048","0.100810866026081","24.00705144",
"9/11/1989","66.5625","38.872501373291","526","32.302","14.71","0","2.79406895663292","0.131854431078087","23.77636776",
"9/12/1989","66.5625","38.872501373291","526","31.901","13.383","0","2.93596065295616","0.145032760507615","23.51328876",
"9/13/1989","66.5625","38.872501373291","526","33.083","16.374","0","3.1232835663035","0.123248335924438","23.04337788",
"9/14/1989","66.5625","38.872501373291","526","35.743","20.751","0","3.70426803414939","0.109986192759351","22.74362424",
"9/15/1989","66.5625","38.872501373291","526","38.139","21.986","0","3.57797196618751","0.0745612648469396","22.92839892",
"9/16/1989","66.5625","38.872501373291","526","33.332","16.84","0","3.43355951529342","0.121467550168067","22.392508968",
"9/17/1989","66.5625","38.872501373291","526","31.757","15.129","0","3.28609110712283","0.250759683514701","21.707883792",
"9/18/1989","66.5625","38.872501373291","526","31.711","15.907","0","3.39756105915196","0.259374411230577","22.0310442",
"9/19/1989","66.5625","38.872501373291","526","33.582","17.577","0","3.39084402579567","0.178707650270968","21.747147408",
"9/20/1989","66.5625","38.872501373291","526","20.8","11.751","0.1064300544","3.02512357547381","0.536647185261531","11.0349",
"9/21/1989","66.5625","38.872501373291","526","23.171","9.30799999999999","0","2.17606115779736","0.592654955055288","19.91143638",
"9/22/1989","66.5625","38.872501373291","526","20.924","7.73200000000003","0","2.94032796813834","0.477904373808213","19.650542472",
"9/23/1989","66.5625","38.872501373291","526","18.952","6.274","0","2.6259127028532","0.302273411859606","21.20889636",
"9/24/1989","66.5625","38.872501373291","526","21.686","5.54599999999999","0","3.01014907653259","0.303545136053051","20.78319546",
"9/25/1989","66.5625","38.872501373291","526","25.14","9.17700000000002","0","3.1122153739523","0.283763199938002","20.76086664",
"9/26/1989","66.5625","38.872501373291","526","26.758","9.88099999999997","0","2.52849157556285","0.262634857014335","20.71181412",
"9/27/1989","66.5625","38.872501373291","526","26.641","12.723","0","2.99498073370663","0.215969943208483","20.307373632",
"9/28/1989","66.5625","38.872501373291","526","28.122","14.523","0","4.70375185161063","0.228010039248003","17.93778912",
"9/29/1989","66.5625","38.872501373291","526","25.34","11.325","0.0102996792","2.72522896120334","0.360994990941795","17.40959568",
"9/30/1989","66.5625","38.872501373291","526","24.584","6.959","0","2.13225483966431","0.40948039591114","19.426105368",
"10/1/1989","66.5625","38.872501373291","526","26.24","10.371","0","2.17194168892861","0.326941128985132","19.21095648",
"10/2/1989","66.5625","38.872501373291","526","28.86","14.729","0","3.17865473440775","0.251702685111013","19.13130162",
"10/3/1989","66.5625","38.872501373291","526","30.528","12.929","0","2.95486945322146","0.199720552967564","19.6112277",
"10/4/1989","66.5625","38.872501373291","526","31.019","14.858","0","3.61907377383908","0.201645642886973","18.83789946",
"10/5/1989","66.5625","38.872501373291","526","30.025","14.719","0","2.99015582029417","0.183274327005502","18.57234384",
"10/6/1989","66.5625","38.872501373291","526","29.537","12.044","0","3.07513941582407","0.248851993215133","18.208809",
"10/7/1989","66.5625","38.872501373291","526","32.165","17.909","0","3.52582412083604","0.192745104977213","18.16661142",
"10/8/1989","66.5625","38.872501373291","526","31.858","12.076","0","3.48380224691571","0.170445597046583","18.28986264",
"10/9/1989","66.5625","38.872501373291","526","30.977","14.877","0","3.15716787556534","0.198336112574375","17.87484402",
"10/10/1989","66.5625","38.872501373291","526","23.757","13.302","0.442886148","3.44022675740281","0.430329323462276","17.2191924",
"10/11/1989","66.5625","38.872501373291","526","19.933","8.88099999999997","0","3.73803290546159","0.334412289911457","17.4761424",
"10/12/1989","66.5625","38.872501373291","526","18.672","4.90600000000001","0","2.2914563316732","0.4066331873776","17.11851012",
"10/13/1989","66.5625","38.872501373291","526","19.897","5.15300000000002","0","2.62070690294494","0.430537659433276","16.81875036",
"10/14/1989","66.5625","38.872501373291","526","21.634","7.41800000000001","0","2.81469096445144","0.345480649107227","17.20985418",
"10/15/1989","66.5625","38.872501373291","526","21.588","7.25799999999998","0","2.92944125327497","0.201459767012691","17.23291704",
"10/16/1989","66.5625","38.872501373291","526","22.133","6.625","0","2.81302169102214","0.170171431965356","17.04076704",
"10/17/1989","66.5625","38.872501373291","526","24.502","7.46899999999999","0","2.65786220483223","0.196924372245595","16.80642918",
"10/18/1989","66.5625","38.872501373291","526","26.834","12.779","0","3.24650774587434","0.176551973517931","16.186901562",
"10/19/1989","66.5625","38.872501373291","526","25.582","7.73700000000002","0","2.40890598234588","0.294540883783807","16.189374168",
"10/20/1989","66.5625","38.872501373291","526","28.798","15.092","0","3.54091499713775","0.167528795563857","16.174743768",
"10/21/1989","66.5625","38.872501373291","526","25.428","9.41000000000003","0","2.03042477153064","0.251543200511301","15.58125108",
"10/22/1989","66.5625","38.872501373291","526","22.775","10.535","0","2.71536185694739","0.379639465018537","15.442312968",
"10/23/1989","66.5625","38.872501373291","526","14.055","6.63900000000001","0.933837732","2.51808284148527","0.529358058576837","6.731550828",
"10/24/1989","66.5625","38.872501373291","526","12.373","2.79599999999999","0","1.71069018968035","0.567393507896244","14.7080277",
"10/25/1989","66.5625","38.872501373291","526","16.085","1.25200000000001","0","2.70697821362589","0.482868768635329","15.07567752",
"10/26/1989","66.5625","38.872501373291","526","20.332","6.548","0","3.57327997131715","0.303962700731453","15.22563624",
"10/27/1989","66.5625","38.872501373291","526","17.97","7.99900000000002","0","3.62574928055874","0.411777491383088","14.60238912",
"10/28/1989","66.5625","38.872501373291","526","21.225","8.80799999999999","0","2.96805232302362","0.320018678498088","14.6790603",
"10/29/1989","66.5625","38.872501373291","526","22.721","8.67700000000002","0.0068664528","4.45699849141767","0.266298430902245","12.3135714",
"10/30/1989","66.5625","38.872501373291","526","17.941","5.74400000000003","0","1.87744432504413","0.408236404878072","14.08016538",
"10/31/1989","66.5625","38.872501373291","526","20.685","7.57900000000001","0.030899052","2.43930199209904","0.50350506167113","10.3308723",
"11/1/1989","66.5625","38.872501373291","526","8.65899999999999","-0.338000000000022","5.29403832","2.29880589937017","0.794068976694247","3.74676066",
"11/2/1989","66.5625","38.872501373291","526","9.43599999999998","-2.31099999999998","0","2.08758856710061","0.620013272531775","14.2693857",
"11/3/1989","66.5625","38.872501373291","526","11.402","-1.68200000000002","0","1.86979055871993","0.509710667349694","14.0101326",
"11/4/1989","66.5625","38.872501373291","526","12.407","-1.39100000000002","0","2.0031027706998","0.529300973326522","13.649399748",
"11/5/1989","66.5625","38.872501373291","526","14.361","3.98399999999998","0","3.23327873495712","0.424417894066746","13.591126584",
"11/6/1989","66.5625","38.872501373291","526","17.006","5.62599999999998","0","4.5983974905561","0.399490276675858","13.20693642",
"11/7/1989","66.5625","38.872501373291","526","11.211","4.238","9.7469349264","2.37787400007551","0.71984487795114","1.91626884",
"11/8/1989","66.5625","38.872501373291","526","9.93299999999999","0.588999999999999","0.144195588","2.14767007308576","0.65474899647675","13.354031268",
"11/9/1989","66.5625","38.872501373291","526","9.07900000000001","-6.33300000000003","0","1.60784251544811","0.800879461177423","13.339461132",
"11/10/1989","66.5625","38.872501373291","526","8.43900000000002","-1.72199999999998","0","1.41997973423989","0.744201106488685","12.2694165",
"11/11/1989","66.5625","38.872501373291","526","9.07499999999999","-1.19099999999997","0","2.05789743961416","0.68718038958827","12.87871758",
"11/12/1989","66.5625","38.872501373291","526","12.145","-0.586000000000013","0","2.66328140951265","0.522438930329037","12.774708468",
"11/13/1989","66.5625","38.872501373291","526","13.802","0.399999999999977","0","2.00553705155784","0.345144003289875","12.928047588",
"11/14/1989","66.5625","38.872501373291","526","15.91","2.28699999999998","0","2.46038167697549","0.205571407775951","12.715708212",
"11/15/1989","66.5625","38.872501373291","526","17.112","6.45800000000003","0","4.50528703169719","0.359770713888045","12.204841932",
"11/16/1989","66.5625","38.872501373291","526","21.155","10.46","0","6.91511768104005","0.377891858568736","11.133168048",
"11/17/1989","66.5625","38.872501373291","526","17.199","9.80000000000001","7.4535374664","3.58678861205688","0.611110185140159","6.09220872",
"11/18/1989","66.5625","38.872501373291","526","15.656","6.28500000000003","2.33974404","2.65773874291579","0.655621440838149","11.885849478",
"11/19/1989","66.5625","38.872501373291","526","19.47","9.49799999999999","0","5.28333426302088","0.410043216287386","11.51415198",
"11/20/1989","66.5625","38.872501373291","526","22.726","11.318","0","6.21473910228604","0.33048494989451","11.58007815",
"11/21/1989","66.5625","38.872501373291","526","14.821","7.43000000000001","0.3347399304","1.89699667276077","0.642804675160049","10.00845234",
"11/22/1989","66.5625","38.872501373291","526","8.81400000000002","0.0889999999999986","1.5844347","3.31309889375105","0.608793356025183","11.2623786",
"11/23/1989","66.5625","38.872501373291","526","9.05099999999999","-1.30599999999998","0","2.34480713913524","0.403069489199692","11.908854",
"11/24/1989","66.5625","38.872501373291","526","12.214","1.39299999999997","0","2.60281414937952","0.445261305973413","11.09643732",
"11/25/1989","66.5625","38.872501373291","526","17.589","7.31700000000001","0","6.60190967906242","0.323302574509265","10.86429105",
"11/26/1989","66.5625","38.872501373291","526","15.804","8.43299999999999","0.0068664528","2.71153703066029","0.426589205445958","8.12722122",
"11/27/1989","66.5625","38.872501373291","526","20.5","10.226","0","5.88883350186764","0.286570650948651","10.92740166",
"11/28/1989","66.5625","38.872501373291","526","21.28","11.766","0","5.2090025864709","0.199312411856656","10.96334937",
"11/29/1989","66.5625","38.872501373291","526","20.516","11.257","0","2.94334193594515","0.255299767438906","10.68418125",
"11/30/1989","66.5625","38.872501373291","526","21.504","11.591","0","3.56469388123561","0.295162490129531","10.76393835",
"12/1/1989","66.5625","38.872501373291","526","22.596","13.094","0","4.95180995918343","0.165515731091611","10.69672365",
"12/2/1989","66.5625","38.872501373291","526","18.472","9.84199999999998","0.01373292","3.02304709294259","0.291231789125057","10.55795625",
"12/3/1989","66.5625","38.872501373291","526","10.871","6.93599999999998","4.97131344","1.588687884377","0.697651208125279","4.28523723",
"12/4/1989","66.5625","38.872501373291","526","10.915","6.22800000000001","6.8115216744","1.85131248374075","0.783411781848124","3.24163143",
"12/5/1989","66.5625","38.872501373291","526","15.515","10.793","25.24537818","5.03331923358983","0.735812283201665","2.18227527",
"12/6/1989","66.5625","38.872501373291","526","11.841","5.69400000000002","17.1936083664","2.2178006589308","0.850500626764816","5.49641583",
"12/7/1989","66.5625","38.872501373291","526","13.211","4.25099999999998","5.939491032","5.35838252998499","0.765434413540504","5.02380522",
"12/8/1989","66.5625","38.872501373291","526","11.205","2.26799999999997","0.5853654576","2.82432696450976","0.707955962635675","9.50011758",
"12/9/1989","66.5625","38.872501373291","526","15.647","6.57100000000003","0.290107584","4.00479942207894","0.579035988987511","8.5848138",
"12/10/1989","66.5625","38.872501373291","526","13.142","4.98399999999998","0","1.67362462059125","0.75193783254342","9.62684937",
"12/11/1989","66.5625","38.872501373291","526","16.079","6.47300000000001","0","4.55999571992385","0.47094164543528","10.17927927",
"12/12/1989","66.5625","38.872501373291","526","16.515","8.02300000000002","0","4.73301374068941","0.458945107138425","10.07330625",
"12/13/1989","66.5625","38.872501373291","526","18.119","8.714","0","3.20781118525892","0.382549956368558","9.49437972",
"12/14/1989","66.5625","38.872501373291","526","11.726","8.56200000000001","3.853799712","3.16238003402229","0.562389145279805","2.68677747",
"12/15/1989","66.5625","38.872501373291","526","13.533","6.41500000000002","0.9750365784","2.05434120692802","0.702742153733298","9.00916848",
"12/16/1989","66.5625","38.872501373291","526","10.226","5.07999999999998","8.4689188632","2.8395167029978","0.849162688542841","2.42004834",
"12/17/1989","66.5625","38.872501373291","526","12.495","4.69099999999997","2.9070841248","2.31092593731913","0.863161673253633","7.35418395",
"12/18/1989","66.5625","38.872501373291","526","8.06","2.41000000000003","2.94571296","2.50963882324575","0.824488189962367","9.48261978",
"12/19/1989","66.5625","38.872501373291","526","10.125","1.83199999999999","0","2.1305013656146","0.737506295621173","9.74733615",
"12/20/1989","66.5625","38.872501373291","526","9.476","0.797000000000025","0","1.47601198503008","0.761634849233419","9.91496115",
"12/21/1989","66.5625","38.872501373291","526","7.98899999999998","-0.672000000000025","0","1.50790046813591","0.755704997866368","10.01705535",
"12/22/1989","66.5625","38.872501373291","526","5.983","-1.30900000000003","0","1.5061227024805","0.734216986694967","9.88008579",
"12/23/1989","66.5625","38.872501373291","526","6.12799999999999","-1.642","0.0274658112","1.17951092681286","0.80532970672533","8.71205544",
"12/24/1989","66.5625","38.872501373291","526","6.78800000000001","-0.720000000000027","0.2755165824","1.34499806621074","0.817115001170013","7.7943906",
"12/25/1989","66.5625","38.872501373291","526","7.63400000000001","-0.863999999999976","0.0137329056","2.02222907784835","0.774304369538363","9.047812302",
"12/26/1989","66.5625","38.872501373291","526","10.901","2.56299999999999","0","3.2810594221158","0.515700214802092","9.73614465",
"12/27/1989","66.5625","38.872501373291","526","7.96300000000002","0.677000000000021","0.0549316224","2.34622591476204","0.687203024024296","9.381995568",
"12/28/1989","66.5625","38.872501373291","526","3.983","0.680999999999983","1.894283352","1.61694013859283","0.880032817221782","4.20474636",
"12/29/1989","66.5625","38.872501373291","526","5.15800000000002","0.283000000000015","1.1329655904","1.88865447838486","0.830766876434113","6.85141857",
"12/30/1989","66.5625","38.872501373291","526","6.46899999999999","-0.262999999999977","2.0393366256","1.70436185119247","0.818110278765956","3.653551332",
"12/31/1989","66.5625","38.872501373291","526","5.03699999999998","1.30799999999999","12.07294164","3.84951816255278","0.847376628090677","1.09940652",
"1/1/1990","66.5625","38.872501373291","526","4.63","-0.699000000000012","1.702880784","2.56403104880626","0.861052322917084","5.54709087",
"1/2/1990","66.5625","38.872501373291","526","5.32999999999998","-1.565","0","1.47429841801287","0.809052041590058","9.121391964",
"1/3/1990","66.5625","38.872501373291","526","1.738","-1.82799999999997","1.5209202456","1.31839785067768","0.866051313294421","5.317990812",
"1/4/1990","66.5625","38.872501373291","526","7.113","-1.44900000000001","1.41448932","4.88235974804295","0.786719100895626","5.055412752",
"1/5/1990","66.5625","38.872501373291","526","10.105","4.089","6.7823348904","4.50899171231762","0.773659097369838","4.86500769",
"1/6/1990","66.5625","38.872501373291","526","4.87799999999999","-3.118","5.9000042808","2.84035047925145","0.921569444725306","4.56581862",
"1/7/1990","66.5625","38.872501373291","526","0.940999999999974","-5.08499999999998","12.2909552784","2.45760509047457","0.91568995002138","1.81479357",
"1/8/1990","66.5625","38.872501373291","526","-1.70999999999998","-13.301","0.180244728","1.3642899249139","0.882792203578614","10.74262878",
"1/9/1990","66.5625","38.872501373291","526","-1.28500000000003","-11.055","0.034332264","2.12642352798951","0.858342947455819","9.1123335",
"1/10/1990","66.5625","38.872501373291","526","0.01400000000001","-13.828","1.8865572264","1.32339999602294","0.907754476525357","9.301047084",
"1/11/1990","66.5625","38.872501373291","526","-1.35399999999998","-11.133","3.4521132168","1.10652796047835","0.946482213517666","8.429682492",
"1/12/1990","66.5625","38.872501373291","526","-1.69400000000002","-16.803","1.241112132","1.57187566090983","0.935059016346331","6.75433224",
"1/13/1990","66.5625","38.872501373291","526","1.06999999999999","-7.565","0","4.82386582586986","0.845108602653252","11.3271201",
"1/14/1990","66.5625","38.872501373291","526","0.97399999999999","-6.11900000000003","0","3.67226991712255","0.848552115571111","11.000138364",
"1/15/1990","66.5625","38.872501373291","526","1.64100000000002","-10.795","0","2.48982806677734","0.869434745615436","10.574721252",
"1/16/1990","66.5625","38.872501373291","526","2.98599999999999","-3.822","0.305557344","1.54190996226338","0.896495770946062","7.917245712",
"1/17/1990","66.5625","38.872501373291","526","2.26799999999997","-1.892","14.753439288","2.55393691188312","0.957994662651023","2.238300144",
"1/18/1990","66.5625","38.872501373291","526","2.80599999999998","-1.53500000000003","0.6265638504","3.4207497212227","0.907951085735836","6.32430288",
"1/19/1990","66.5625","38.872501373291","526","5.64400000000001","-1.24099999999999","0.0068664528","1.9525153161309","0.890415297887715","11.304564588",
"1/20/1990","66.5625","38.872501373291","526","5.30799999999999","-4.517","0.0274658256","1.95304205312696","0.911775039556848","11.49187698",
"1/21/1990","66.5625","38.872501373291","526","9.25599999999997","-1.18099999999998","0","2.04379914151798","0.740498607956025","11.721208932",
"1/22/1990","66.5625","38.872501373291","526","7.44799999999998","0.51600000000002","0","2.35576090623823","0.726004838766674","10.949231988",
"1/23/1990","66.5625","38.872501373291","526","12.641","2.13099999999997","0.0034332264","3.20700602765574","0.667196601668454","11.809073088",
"1/24/1990","66.5625","38.872501373291","526","12.561","4.75299999999999","0","3.42949981054294","0.652918108081544","11.97303282",
"1/25/1990","66.5625","38.872501373291","526","8.80799999999999","1.29300000000001","3.012654888","2.63403113690772","0.794299724672811","6.717148668",
"1/26/1990","66.5625","38.872501373291","526","1.625","-2.84699999999998","2.6521686","3.86857423041422","0.88310201760951","4.586958432",
"1/27/1990","66.5625","38.872501373291","526","-3.27300000000002","-13.206","4.63571514","2.98846395126904","0.928626083809576","7.903178388",
"1/28/1990","66.5625","38.872501373291","526","0.0919999999999845","-14.978","0","1.62181202861808","0.889406314549198","12.576147768",
"1/29/1990","66.5625","38.872501373291","526","3.185","-4.35000000000002","0","2.15688814007011","0.810262979494179","10.674171468",
"1/30/1990","66.5625","38.872501373291","526","2.50999999999999","-4.40600000000001","1.4797209024","2.03650068370066","0.893059222505768","6.083099676",
"1/31/1990","66.5625","38.872501373291","526","-0.0919999999999845","-3.91899999999998","7.218359748","2.61074874900606","0.9114329210487","7.162478028",
"2/1/1990","66.5625","38.872501373291","526","4.12400000000002","-5.96499999999998","0.0205993584","1.77695158062495","0.806313284069404","12.992737392",
"2/2/1990","66.5625","38.872501373291","526","7.27300000000002","-1.96699999999998","0","2.32173054995801","0.668435849268409","13.189111272",
"2/3/1990","66.5625","38.872501373291","526","7.58600000000001","0.362000000000023","0.355338972","1.55764766059051","0.705761253802918","11.315308392",
"2/4/1990","66.5625","38.872501373291","526","7.19299999999998","-0.103000000000009","0.248909148","1.16703034222872","0.739678967630086","12.93288714",
"2/5/1990","66.5625","38.872501373291","526","9.02800000000002","-0.391999999999996","0","1.6003896536925","0.767530187264761","10.56166758",
"2/6/1990","66.5625","38.872501373291","526","5.096","1.17000000000002","0.8119583424","2.17503993661939","0.879462648675955","6.95401578",
"2/7/1990","66.5625","38.872501373291","526","1.86900000000003","-1.08699999999999","5.26313664","2.47515597614356","0.898671919777953","6.747691608",
"2/8/1990","66.5625","38.872501373291","526","4.05500000000001","-1.79899999999998","0.504684432","2.43582024998997","0.834216389417505","12.64168764",
"2/9/1990","66.5625","38.872501373291","526","6.19","-2.32799999999997","0","1.04218455002341","0.78770558868687","14.11385958",
"2/10/1990","66.5625","38.872501373291","526","12.012","-0.283000000000015","0","4.15417048032133","0.503425302048794","13.45617738",
"2/11/1990","66.5625","38.872501373291","526","11.009","5.52699999999999","6.6398642784","4.18499064638395","0.593169327664563","6.383982348",
"2/12/1990","66.5625","38.872501373291","526","5.89499999999998","-0.829999999999984","6.89392026","2.92030075119705","0.887308219387949","7.276503888",
"2/13/1990","66.5625","38.872501373291","526","1.63299999999998","-6.60000000000002","0","1.73843295785613","0.928747662625067","15.20414532",
"2/14/1990","66.5625","38.872501373291","526","2.63900000000001","-0.512","0.27294192","4.24141310118357","0.879597535652053","11.2597326",
"2/15/1990","66.5625","38.872501373291","526","11.823","1.38299999999998","0.0068664528","6.83542486224259","0.617410216170485","15.01098606",
"2/16/1990","66.5625","38.872501373291","526","10.155","5.94799999999998","3.89842866","4.90383544951539","0.697379219038974","5.212743192",
"2/17/1990","66.5625","38.872501373291","526","7.48200000000003","2.86900000000003","2.47192344","1.77800391695946","0.887605029524822","4.64692464",
"2/18/1990","66.5625","38.872501373291","526","12.476","2.928","0","2.45176959480781","0.667582379720292","15.7727241",
"2/19/1990","66.5625","38.872501373291","526","14.548","1.964","0","1.88405564495771","0.64323721128776","15.79893984",
"2/20/1990","66.5625","38.872501373291","526","15.516","3.47800000000001","0","1.95527721011342","0.587185279970055","15.9899607",
"2/21/1990","66.5625","38.872501373291","526","11.669","3.57400000000001","0.2643586488","2.82439813148703","0.688524065198063","12.316100256",
"2/22/1990","66.5625","38.872501373291","526","4.21899999999999","0.192000000000007","0.873756504","2.28321146216989","0.836472975296362","9.83047392",
"2/23/1990","66.5625","38.872501373291","526","3.904","-1.69400000000002","4.6451566656","2.47562902047234","0.866156204090099","9.33676758",
"2/24/1990","66.5625","38.872501373291","526","2.52800000000002","-3.20400000000001","6.5385779328","1.68046163863689","0.923527293721635","10.99974366",
"2/25/1990","66.5625","38.872501373291","526","4.20800000000003","-4.16699999999997","0.017166132","1.70995949257015","0.814357212443843","15.57264078",
"2/26/1990","66.5625","38.872501373291","526","3.14999999999998","-2.32999999999998","0.4463193312","1.89762877489884","0.842561093658617","10.580904",
"2/27/1990","66.5625","38.872501373291","526","4.524","-2.35000000000002","0.5527498392","1.75746913811706","0.820938831299538","17.2827549",
"2/28/1990","66.5625","38.872501373291","526","7.89600000000002","-2.25400000000002","0","2.52107607274857","0.652873684471225","17.7908616",
"3/1/1990","66.5625","38.872501373291","526","11.661","1.10000000000002","0","3.22299822224678","0.620099735253417","17.95635432",
"3/2/1990","66.5625","38.872501373291","526","15.173","3.75200000000001","0","3.13578338937094","0.369081416532321","18.12200364",
"3/3/1990","66.5625","38.872501373291","526","15.614","4.64100000000002","0","3.02118410372976","0.385003970509291","18.32720796",
"3/4/1990","66.5625","38.872501373291","526","14.692","2.34300000000002","0","2.27417001341215","0.369713053560231","18.54293004",
"3/5/1990","66.5625","38.872501373291","526","16.059","5.19099999999997","0","3.66753595917477","0.420385101454686","18.309888",
"3/6/1990","66.5625","38.872501373291","526","12.923","1.16399999999999","0","1.94828824730472","0.577403342315922","17.12744928",
"3/7/1990","66.5625","38.872501373291","526","8.55799999999999","2.07900000000001","0.0137329128","2.42733706049328","0.834030712805755","15.4328058",
"3/8/1990","66.5625","38.872501373291","526","10.981","3.98899999999998","0.593948664","4.54453908868819","0.888800627772632","10.20858552",
"3/9/1990","66.5625","38.872501373291","526","11.084","4.87900000000002","8.559036792","3.46790591452422","0.833767470670346","10.708140708",
"3/10/1990","66.5625","38.872501373291","526","9.41699999999997","1.07100000000003","0.247192236","2.4104374094074","0.689264660408934","19.15577244",
"3/11/1990","66.5625","38.872501373291","526","16.107","2.71199999999999","0","2.85026710339036","0.498543228999069","19.82221992",
"3/12/1990","66.5625","38.872501373291","526","16.173","4.315","0","5.78601720225206","0.593512245625368","15.32846034",
"3/13/1990","66.5625","38.872501373291","526","15.982","3.84699999999998","0.1287460944","2.66994506139956","0.772957337158534","16.73588736",
"3/14/1990","66.5625","38.872501373291","526","24.099","10.979","0","4.99039089436562","0.47549514152486","19.10873844",
"3/15/1990","66.5625","38.872501373291","526","18.419","7.185","22.6970658","5.3249965756476","0.779226835688861","1.92751902",
"3/16/1990","66.5625","38.872501373291","526","11.61","4.30500000000001","0.0205993656","2.63389491200344","0.792312828981913","16.23543903",
"3/17/1990","66.5625","38.872501373291","526","7.61200000000002","1.60000000000002","0.3038409216","4.38224733219623","0.717635384606979","19.2597228",
"3/18/1990","66.5625","38.872501373291","526","3.23099999999999","-0.271999999999991","3.14483616","2.42701687967333","0.806511574537986","9.56745261",
"3/19/1990","66.5625","38.872501373291","526","7.17000000000002","0.209000000000003","0.6179808672","1.83646552294881","0.728211940585545","13.12059105",
"3/20/1990","66.5625","38.872501373291","526","7.29000000000002","-1.67000000000002","0.0514984392","3.66168247869672","0.529174764517957","19.40051574",
"3/21/1990","66.5625","38.872501373291","526","1.41399999999999","-4.12700000000001","1.8556596","2.76069325833916","0.77236841577997","15.10571583",
"3/22/1990","66.5625","38.872501373291","526","5.33999999999998","-7.05599999999998","0.058364892","2.45472040996836","0.550970574827357","20.802606048",
"3/23/1990","66.5625","38.872501373291","526","10.336","-0.660000000000025","0","3.80287181541574","0.443663842648132","21.76813062",
"3/24/1990","66.5625","38.872501373291","526","14.15","2.04199999999997","0","2.8801919667894","0.424996907061583","22.168347768",
"3/25/1990","66.5625","38.872501373291","526","17.063","4.60899999999998","0","3.46008134999771","0.36757089811174","22.520651112",
"3/26/1990","66.5625","38.872501373291","526","14.765","-1.50400000000002","0","2.03719053064448","0.63792196975606","22.6032219",
"3/27/1990","66.5625","38.872501373291","526","13.079","1.81900000000002","0","2.78212581064629","0.721555015872991","21.05673552",
"3/28/1990","66.5625","38.872501373291","526","16.188","3.81700000000001","0","2.31905137398944","0.590041239255574","22.406066928",
"3/29/1990","66.5625","38.872501373291","526","17.683","5.71499999999998","0","2.81746019196819","0.538650333675976","21.858697152",
"3/30/1990","66.5625","38.872501373291","526","15.886","3.90699999999998","0.326156688","1.86301925416969","0.578844062478749","17.511750072",
"3/31/1990","66.5625","38.872501373291","526","14.946","6.87599999999998","3.79371492","3.12427893225267","0.618907235256138","15.498058608",
"4/1/1990","66.5625","38.872501373291","526","18.838","5.80000000000001","0","2.68909292519559","0.498709425349504","23.1495759",
"4/2/1990","66.5625","38.872501373291","526","23.364","9.82600000000002","0","4.53169599989576","0.347251427048696","23.425084368",
"4/3/1990","66.5625","38.872501373291","526","17.642","6.55700000000002","3.17230506","3.56692331670808","0.595102687274509","11.95964388",
"4/4/1990","66.5625","38.872501373291","526","15.525","5.27100000000002","0.7278442992","2.08339786045185","0.752506692718604","15.150484152",
"4/5/1990","66.5625","38.872501373291","526","18.137","6.23500000000001","0","1.95355898674463","0.70920750112036","19.890388008",
"4/6/1990","66.5625","38.872501373291","526","11.378","4.87799999999999","11.350248912","1.72253170186747","0.906343764277182","6.6466134",
"4/7/1990","66.5625","38.872501373291","526","15.428","1.04000000000002","0.01373292","1.82874551404725","0.840128898746227","21.71036124",
"4/8/1990","66.5625","38.872501373291","526","9.56200000000001","5.38499999999999","18.09482616","2.37238030218078","0.89552634116662","3.37573134",
"4/9/1990","66.5625","38.872501373291","526","16.564","1.93900000000002","0.13389588","1.9738985264273","0.695895083445316","24.32706048",
"4/10/1990","66.5625","38.872501373291","526","18.78","7.37299999999999","0.3467558232","2.85099124869291","0.564782826266211","22.82906808",
"4/11/1990","66.5625","38.872501373291","526","16.539","8.435","7.1617122","2.68945777404962","0.732207760921625","20.60426232",
"4/12/1990","66.5625","38.872501373291","526","18.101","4.72399999999999","0.0068664528","2.29493278218385","0.566542742663967","25.33713588",
"4/13/1990","66.5625","38.872501373291","526","21.817","8.61200000000002","0","4.54643834951101","0.401294115370281","23.73108264",
"4/14/1990","66.5625","38.872501373291","526","16.554","10.592","10.2344427","5.03229767963311","0.671812974270094","7.50150234",
"4/15/1990","66.5625","38.872501373291","526","17.34","9.14800000000002","3.0349747512","3.49822705466627","0.731024830300991","20.38669236",
"4/16/1990","66.5625","38.872501373291","526","18.432","10.868","7.093044432","3.59585346618061","0.721511822647448","8.37860742",
"4/17/1990","66.5625","38.872501373291","526","12.507","4.791","3.8040191568","1.85547548915099","0.871088391467433","8.28208872",
"4/18/1990","66.5625","38.872501373291","526","17.737","5.15199999999999","0","2.95720855028586","0.663064945583789","25.35463224",
"4/19/1990","66.5625","38.872501373291","526","20.223","4.42000000000002","0","3.0451544574175","0.55903570807022","25.83444276",
"4/20/1990","66.5625","38.872501373291","526","13.815","7.30000000000001","5.5995952464","2.85475350782757","0.763583375438004","7.71563988",
"4/21/1990","66.5625","38.872501373291","526","17.871","4.18000000000001","0.21457674","2.85319485776441","0.64706186475677","26.00021376",
"4/22/1990","66.5625","38.872501373291","526","24.11","5.94299999999998","0","2.28667540300229","0.369147769751452","25.65533844",
"4/23/1990","66.5625","38.872501373291","526","23.504","11.449","0.0823974768","3.19624903791775","0.368051948404514","17.76694896",
"4/24/1990","66.5625","38.872501373291","526","18.67","7.08199999999999","0","1.78172011839418","0.675865102372032","22.00691448",
"4/25/1990","66.5625","38.872501373291","526","20.23","5.46800000000002","0","2.22100996959838","0.571940620115485","26.28236745",
"4/26/1990","66.5625","38.872501373291","526","21.688","7.08600000000001","0","2.21817337335599","0.512352818189538","24.65291673",
"4/27/1990","66.5625","38.872501373291","526","22.362","10.176","0","2.69494197603377","0.477302296255155","26.02935405",
"4/28/1990","66.5625","38.872501373291","526","26.682","12.808","0","3.11917470986689","0.382217962021506","27.25965216",
"4/29/1990","66.5625","38.872501373291","526","29.116","12.344","0","2.67958348284831","0.35313514974131","27.815851152",
"4/30/1990","66.5625","38.872501373291","526","30.819","15.334","0","3.03362302410642","0.299809225775413","27.89499204",
"5/1/1990","66.5625","38.872501373291","526","27.433","11.324","0","2.84822759653752","0.379810346185034","26.413258752",
"5/2/1990","66.5625","38.872501373291","526","26.462","11.243","0","2.21258925734521","0.463053932137553","26.083017288",
"5/3/1990","66.5625","38.872501373291","526","30.732","14.154","0","2.37531018723989","0.379262432126316","27.78530472",
"5/4/1990","66.5625","38.872501373291","526","32.987","16.233","0","2.2968751623438","0.338970475580214","27.66082212",
"5/5/1990","66.5625","38.872501373291","526","28.997","16.004","0","3.49848251861898","0.43190126604962","25.434682128",
"5/6/1990","66.5625","38.872501373291","526","28.12","16.298","0","2.96618156610259","0.49844174403083","25.50149928",
"5/7/1990","66.5625","38.872501373291","526","31.44","18.969","0","3.78132249857571","0.33440705485671","27.559068552",
"5/8/1990","66.5625","38.872501373291","526","26.08","17.305","1.63421658","2.76074262703903","0.472212865804674","14.5548045",
"5/9/1990","66.5625","38.872501373291","526","26.269","14.596","0","2.56972750772014","0.524094438507275","26.54741376",
"5/10/1990","66.5625","38.872501373291","526","28.654","13.685","0","4.16613443419964","0.412099418346184","28.665627408",
"5/11/1990","66.5625","38.872501373291","526","31.566","15.005","0","3.83284113916545","0.354688759987987","28.88787096",
"5/12/1990","66.5625","38.872501373291","526","35.432","19.586","0","3.44435722358697","0.291020604666818","27.98696124",
"5/13/1990","66.5625","38.872501373291","526","38.978","22.712","0.3742218","2.93898174493271","0.241558650606872","27.26251074",
"5/14/1990","66.5625","38.872501373291","526","27.226","15.868","0.2471923872","4.29458709228573","0.515210028337542","27.369899208",
"5/15/1990","66.5625","38.872501373291","526","20.704","10.117","0","3.2129776024227","0.566013413233019","24.71456178",
"5/16/1990","66.5625","38.872501373291","526","26.257","10.338","0","3.36503158288766","0.434243417403504","29.52697212",
"5/17/1990","66.5625","38.872501373291","526","24.791","9.68200000000002","0","2.48108359058061","0.386604160639315","29.51206884",
"5/18/1990","66.5625","38.872501373291","526","25.421","8.18200000000002","0","2.49618887790353","0.229878464407563","30.69768492",
"5/19/1990","66.5625","38.872501373291","526","30.242","12.593","0","3.1567939831856","0.171108083464606","30.81478788",
"5/20/1990","66.5625","38.872501373291","526","30.606","14.576","0","2.93915181171454","0.142789819348716","30.29390568",
"5/21/1990","66.5625","38.872501373291","526","30.268","14.863","0","2.83279049010428","0.17119424755362","30.52480248",
"5/22/1990","66.5625","38.872501373291","526","30.952","13.553","0","2.71752839824736","0.2128063801572","30.2703264",
"5/23/1990","66.5625","38.872501373291","526","29.189","17.574","0.04119876","5.20587279708982","0.309307735778248","23.62432104",
"5/24/1990","66.5625","38.872501373291","526","30.406","13.659","0","3.37978171337558","0.389611278598899","29.09761812",
"5/25/1990","66.5625","38.872501373291","526","28.396","13.146","0","2.8772893552886","0.380393092620254","30.03327864",
"5/26/1990","66.5625","38.872501373291","526","31.548","15.181","0","3.52382772863571","0.248262096182681","29.79883476",
"5/27/1990","66.5625","38.872501373291","526","33.976","18.037","0","3.4043434236453","0.219019418819364","27.5286384",
"5/28/1990","66.5625","38.872501373291","526","26.956","15.232","0","3.33828706520386","0.312459028254884","28.02335724",
"5/29/1990","66.5625","38.872501373291","526","28.565","15.087","0","3.60793714046254","0.235199828271337","30.44480688",
"5/30/1990","66.5625","38.872501373291","526","26.944","12.747","0","3.01163111993641","0.330040579873451","28.39939056",
"5/31/1990","66.5625","38.872501373291","526","27.259","15.488","0.0034332264","3.57707398929303","0.338041004743751","24.97838184",
"6/1/1990","66.5625","38.872501373291","526","30.17","13.713","0","3.33371114578615","0.365732804647344","29.23763184",
"6/2/1990","66.5625","38.872501373291","526","31.076","17.018","0","2.22381163320317","0.318314479220313","26.76430656",
"6/3/1990","66.5625","38.872501373291","526","30.447","19.654","0","2.2104082815378","0.256128214140831","22.06709892",
"6/4/1990","66.5625","38.872501373291","526","32.919","19.301","0","2.98090132101941","0.243495483139759","28.10418984",
"6/5/1990","66.5625","38.872501373291","526","34.174","19.83","0","4.08946696720357","0.245317959905603","31.02783984",
"6/6/1990","66.5625","38.872501373291","526","34.015","19.499","0","3.20781618879793","0.213923819636833","30.6729558",
"6/7/1990","66.5625","38.872501373291","526","33.957","17.481","0","3.58519716145475","0.155287357287479","28.52607816",
"6/8/1990","66.5625","38.872501373291","526","27.598","16.432","0.068664564","2.41703579638839","0.33680667710661","18.26251668",
"6/9/1990","66.5625","38.872501373291","526","29.485","14.901","0","2.51432727517893","0.296103839088326","29.32845588",
"6/10/1990","66.5625","38.872501373291","526","31.949","16.735","0","3.22850784770863","0.229597769458417","30.60961128",
"6/11/1990","66.5625","38.872501373291","526","32.926","17.596","0","3.40048971756333","0.225778183604679","29.04541776",
"6/12/1990","66.5625","38.872501373291","526","31.386","18.447","0","3.44372894890168","0.267728569545859","30.64449996",
"6/13/1990","66.5625","38.872501373291","526","32.342","14.917","0","2.71863351577843","0.279298066228873","30.88181052",
"6/14/1990","66.5625","38.872501373291","526","34.369","17.912","0","3.25999886333956","0.195139027189379","31.58002512",
"6/15/1990","66.5625","38.872501373291","526","35.938","18.356","0","2.97439576021437","0.133174859447224","31.77638856",
"6/16/1990","66.5625","38.872501373291","526","37.388","19.758","0","2.69754442228896","0.1078174491462","31.55055372",
"6/17/1990","66.5625","38.872501373291","526","38.26","20.253","0","2.85388754639078","0.11149679859656","31.25538792",
"6/18/1990","66.5625","38.872501373291","526","38.629","23.781","0","4.81098862384927","0.117852803355537","30.7019286",
"6/19/1990","66.5625","38.872501373291","526","38.651","24.976","0","7.20765683029045","0.0966772727638744","31.46392728",
"6/20/1990","66.5625","38.872501373291","526","39.027","24.028","0","5.97387990269287","0.12065135945239","31.32770652",
"6/21/1990","66.5625","38.872501373291","526","39.392","24.524","0","6.7816725984468","0.13375778594228","31.52092032",
"6/22/1990","66.5625","38.872501373291","526","41.591","25.579","0","6.99094586985384","0.0959596908999921","31.72384368",
"6/23/1990","66.5625","38.872501373291","526","40.766","25.693","0","5.40825672298913","0.115151662106772","31.41451872",
"6/24/1990","66.5625","38.872501373291","526","36.725","24.387","0","5.59620775224484","0.205131885979091","29.40255792",
"6/25/1990","66.5625","38.872501373291","526","35.318","21.642","0","4.36873090189134","0.185708881585725","31.21809264",
"6/26/1990","66.5625","38.872501373291","526","35.329","21.255","0","4.92552261461558","0.185981257360525","30.95370072",
"6/27/1990","66.5625","38.872501373291","526","35.965","21.104","0","4.74979505181032","0.214033111365072","30.85008804",
"6/28/1990","66.5625","38.872501373291","526","38.238","22.939","0","4.22607741854368","0.179995490953849","31.14446976",
"6/29/1990","66.5625","38.872501373291","526","40.76","23.953","0","4.40937413566952","0.129915808304671","31.34503476",
"6/30/1990","66.5625","38.872501373291","526","38.239","23.617","0","4.56019455868976","0.140907515351787","30.53317644",
"7/1/1990","66.5625","38.872501373291","526","34.682","22.198","0","4.69061176415401","0.245778698278462","30.30440868",
"7/2/1990","66.5625","38.872501373291","526","35.906","18.678","0","3.50846163538443","0.242120636729704","30.1844232",
"7/3/1990","66.5625","38.872501373291","526","34.413","19.917","0","4.29851511866613","0.232017976106133","30.40205688",
"7/4/1990","66.5625","38.872501373291","526","35.254","20.159","0","3.80266542531549","0.206376072408858","30.95763192",
"7/5/1990","66.5625","38.872501373291","526","33.568","18.585","0","3.64193670678557","0.22735188318218","22.9467879",
"7/6/1990","66.5625","38.872501373291","526","34.542","20.807","0","3.94182669571753","0.259506832300628","25.5396906",
"7/7/1990","66.5625","38.872501373291","526","34.129","21.171","0","4.389127417363","0.254823763312493","29.74308264",
"7/8/1990","66.5625","38.872501373291","526","33.777","22.201","0","4.82827648400002","0.234764966655447","27.9284094",
"7/9/1990","66.5625","38.872501373291","526","32.721","18.682","0","4.36293443999603","0.233542949590341","30.73584348",
"7/10/1990","66.5625","38.872501373291","526","31.721","17.942","0","4.02546676139126","0.231638899160737","30.35014236",
"7/11/1990","66.5625","38.872501373291","526","30.848","16.733","0","2.99257830399602","0.276110445672977","29.84371848",
"7/12/1990","66.5625","38.872501373291","526","31.515","13.296","0","2.26912420220445","0.259173141015186","29.9694942",
"7/13/1990","66.5625","38.872501373291","526","31.165","18.23","0","3.52859589033659","0.261885320018365","25.17929604",
"7/14/1990","66.5625","38.872501373291","526","31.169","17.374","0","3.22981344992246","0.358671013245666","29.739266208",
"7/15/1990","66.5625","38.872501373291","526","33.692","18.732","0","3.64854446957761","0.280077967260669","29.113531488",
"7/16/1990","66.5625","38.872501373291","526","35.165","21.226","0","4.59082596763161","0.259489798196976","27.944946072",
"7/17/1990","66.5625","38.872501373291","526","34.97","21.519","0","5.87214278162321","0.170436223174765","30.45532464",
"7/18/1990","66.5625","38.872501373291","526","35.722","21.684","0","5.79375300948279","0.147932244654616","30.62744982",
"7/19/1990","66.5625","38.872501373291","526","36.346","22.201","0","5.14050570133128","0.163879280419629","30.100842072",
"7/20/1990","66.5625","38.872501373291","526","33.369","19.402","0","3.91328302149577","0.226156911001891","29.97208134",
"7/21/1990","66.5625","38.872501373291","526","32.583","16.574","0","3.16645395216717","0.304795939645152","29.5208973",
"7/22/1990","66.5625","38.872501373291","526","33.47","17.54","0","3.09932132087842","0.300031735155876","29.112526728",
"7/23/1990","66.5625","38.872501373291","526","35.462","19.997","0","3.41082312064898","0.255041927527567","29.26474038",
"7/24/1990","66.5625","38.872501373291","526","37.645","21.326","0","4.44386621729257","0.192776951395796","29.438778672",
"7/25/1990","66.5625","38.872501373291","526","37.526","23.586","0","5.00347975258459","0.192640183916111","29.161911672",
"7/26/1990","66.5625","38.872501373291","526","34.759","20.489","0","4.58849863772773","0.256399468839312","29.703153528",
"7/27/1990","66.5625","38.872501373291","526","34.596","17.57","0","3.73591091916449","0.2497460767811","29.283022152",
"7/28/1990","66.5625","38.872501373291","526","36.467","21.563","0","3.91004558607516","0.194121973450062","29.085186672",
"7/29/1990","66.5625","38.872501373291","526","38.742","22.222","0","4.97391506940203","0.0929264886117481","29.553802272",
"7/30/1990","66.5625","38.872501373291","526","40.863","24.972","0","4.95835257352316","0.0849740085010724","29.54593314",
"7/31/1990","66.5625","38.872501373291","526","40.453","24.279","0","3.47337524893069","0.0985531587611998","29.276046",
"8/1/1990","66.5625","38.872501373291","526","39.373","24.839","0","4.39081909141291","0.146372783484208","27.44077446",
"8/2/1990","66.5625","38.872501373291","526","35.454","24.545","0","3.38277177684738","0.242620129111817","17.087853312",
"8/3/1990","66.5625","38.872501373291","526","35.471","22.383","0","4.59129911891813","0.212932115523241","28.201782312",
"8/4/1990","66.5625","38.872501373291","526","36.091","21.034","0","3.47396012102133","0.182210266138513","28.446250392",
"8/5/1990","66.5625","38.872501373291","526","36.721","18.851","0","3.38446808776007","0.17072558594093","29.15769744",
"8/6/1990","66.5625","38.872501373291","526","38.482","18.138","0","3.61526629103728","0.145524162549287","29.130297552",
"8/7/1990","66.5625","38.872501373291","526","39.778","22.195","0","4.38947053189808","0.124628026494266","28.3844772",
"8/8/1990","66.5625","38.872501373291","526","40.513","24.452","0","4.49185940219859","0.130866043760718","27.8254089",
"8/9/1990","66.5625","38.872501373291","526","40.345","23.646","0","4.90274815975343","0.164938866321772","27.64710018",
"8/10/1990","66.5625","38.872501373291","526","40.195","25.609","0","6.07915073012329","0.171982449865348","27.53269407",
"8/11/1990","66.5625","38.872501373291","526","38.764","24.361","0","5.60381681651457","0.152380496036982","27.67308606",
"8/12/1990","66.5625","38.872501373291","526","35.289","22.171","0","5.96823730090802","0.183265251382612","27.25896708",
"8/13/1990","66.5625","38.872501373291","526","32.808","18.577","0","4.18172284667816","0.203364409441822","27.54360423",
"8/14/1990","66.5625","38.872501373291","526","33.735","14.597","0","2.8013026318305","0.231566709564506","26.75711295",
"8/15/1990","66.5625","38.872501373291","526","35.181","17.38","0","3.2027419757471","0.204373219034581","27.38874276",
"8/16/1990","66.5625","38.872501373291","526","36.241","15.805","0","3.03720419968518","0.157519685707245","27.23056524",
"8/17/1990","66.5625","38.872501373291","526","37.054","20.044","0","3.36665535841164","0.156610759366282","26.45409852",
"8/18/1990","66.5625","38.872501373291","526","34.193","16.262","0","2.49553213524132","0.251038761497772","26.55027216",
"8/19/1990","66.5625","38.872501373291","526","34.161","14.79","0","2.40951230532271","0.2589733000587","26.71762428",
"8/20/1990","66.5625","38.872501373291","526","36.82","19.138","0","4.17143422666032","0.177505696207156","26.69439456",
"8/21/1990","66.5625","38.872501373291","526","32.304","20.78","0","3.10247505554227","0.226032499855252","15.36919164",
"8/22/1990","66.5625","38.872501373291","526","32.102","17.436","0","2.72497502452478","0.327553988488642","25.06314708",
"8/23/1990","66.5625","38.872501373291","526","33.015","15.104","0","3.24519130119386","0.299414612007859","26.0985906",
"8/24/1990","66.5625","38.872501373291","526","33.009","13.573","0","2.67877471140103","0.260599968072883","25.9766478",
"8/25/1990","66.5625","38.872501373291","526","33.207","15.148","0","2.97408064757359","0.22187239158426","25.853958",
"8/26/1990","66.5625","38.872501373291","526","33.606","17.094","0","3.22164697126971","0.189137723942427","25.90852824",
"8/27/1990","66.5625","38.872501373291","526","36.109","16.957","0","4.04964289121487","0.164047992070163","25.22441052",
"8/28/1990","66.5625","38.872501373291","526","36.929","20.808","0","4.45862228578815","0.171067572555","24.93787608",
"8/29/1990","66.5625","38.872501373291","526","35.347","19.548","0","4.9336945955769","0.181834913382707","23.75100468",
"8/30/1990","66.5625","38.872501373291","526","32.215","16.287","0","3.47729569325976","0.200945796702123","23.53162428",
"8/31/1990","66.5625","38.872501373291","526","31.324","15.955","0","3.56380132291431","0.228610058942794","24.42082212",
"9/1/1990","66.5625","38.872501373291","526","32.787","14.148","0","2.61547416297556","0.235951361531305","25.04981628",
"9/2/1990","66.5625","38.872501373291","526","35.002","16.521","0","4.02267214794315","0.194286486586709","24.4536138",
"9/3/1990","66.5625","38.872501373291","526","30.269","19.089","0.0034332264","3.21595359301314","0.296842380404202","22.51158876",
"9/4/1990","66.5625","38.872501373291","526","30.046","14.19","0","3.50329503123285","0.274299047458982","24.25612392",
"9/5/1990","66.5625","38.872501373291","526","30.748","13.027","0","3.25934548807831","0.217646820329491","24.56662536",
"9/6/1990","66.5625","38.872501373291","526","31.314","12.968","0","3.00553363519511","0.146919760917672","24.78819816",
"9/7/1990","66.5625","38.872501373291","526","32.649","11.877","0","2.5343140607742","0.135872683642224","24.63822936",
"9/8/1990","66.5625","38.872501373291","526","32.33","12.374","0","2.53001876124411","0.173221183964128","24.28964964",
"9/9/1990","66.5625","38.872501373291","526","31.999","11.569","0","2.74217720912821","0.17919668075977","23.96756592",
"9/10/1990","66.5625","38.872501373291","526","31.625","13.607","0","3.15286390359846","0.139036882889858","23.98635468",
"9/11/1990","66.5625","38.872501373291","526","31.492","12.85","0","3.11636866819906","0.155524176157738","23.80735728",
"9/12/1990","66.5625","38.872501373291","526","31.803","13.386","0","3.15219798919833","0.136433444724144","23.72135616",
"9/13/1990","66.5625","38.872501373291","526","34.12","14.54","0","3.3643098634393","0.122098443782381","23.46384852",
"9/14/1990","66.5625","38.872501373291","526","34.434","18.989","0","3.54031346276279","0.0946522635039731","23.37046956",
"9/15/1990","66.5625","38.872501373291","526","35.283","15.014","0","3.26153249284734","0.103497143914914","23.40608004",
"9/16/1990","66.5625","38.872501373291","526","34.819","19.411","0","4.54656463438098","0.0563544800878179","23.32518984",
"9/17/1990","66.5625","38.872501373291","526","33.662","19.294","0","4.64801572488622","0.120625754142425","22.61953242",
"9/18/1990","66.5625","38.872501373291","526","32.167","14.585","0","3.14813705904674","0.166419581317861","22.3822719",
"9/19/1990","66.5625","38.872501373291","526","32.076","15.721","0","2.94962502983325","0.187777725621039","21.957639552",
"9/20/1990","66.5625","38.872501373291","526","31.85","13.396","0","2.86906186271824","0.19568559596446","21.871577808",
"9/21/1990","66.5625","38.872501373291","526","32.409","15.238","0","2.96667721025639","0.164594281638041","21.849640272",
"9/22/1990","66.5625","38.872501373291","526","32.485","12.874","0","2.84295254785654","0.16092023146904","21.61912338",
"9/23/1990","66.5625","38.872501373291","526","29.743","13.882","0","3.31621287551372","0.220951258397932","21.247645752",
"9/24/1990","66.5625","38.872501373291","526","29.043","13.342","0","3.08774137073014","0.169470204874046","21.404646648",
"9/25/1990","66.5625","38.872501373291","526","29.102","14.856","0","3.29201599482334","0.167985291162812","20.820150432",
"9/26/1990","66.5625","38.872501373291","526","29.508","13.643","0","3.08401969097337","0.143361329597367","21.042280368",
"9/27/1990","66.5625","38.872501373291","526","29.319","11.624","0","2.66661378865558","0.137203775602598","21.011510952",
"9/28/1990","66.5625","38.872501373291","526","28.097","9.24799999999999","0","2.57044519112432","0.191990404022233","20.62040418",
"9/29/1990","66.5625","38.872501373291","526","28.9","14.402","0","3.3033665992505","0.139029419638027","20.32244622",
"9/30/1990","66.5625","38.872501373291","526","29.212","15.824","0","3.19825438110495","0.15059943642166","20.114324712",
"10/1/1990","66.5625","38.872501373291","526","29.296","13.713","0","2.7097157748217","0.148878650408983","19.93904946",
"10/2/1990","66.5625","38.872501373291","526","29.622","12.321","0","2.20700551476116","0.16637532102746","19.60116048",
"10/3/1990","66.5625","38.872501373291","526","28.447","10.208","0","2.59825234194706","0.180777243847546","19.230975",
"10/4/1990","66.5625","38.872501373291","526","28.221","11.299","0","2.41369028461272","0.191588711793843","18.95878638",
"10/5/1990","66.5625","38.872501373291","526","27.185","11.253","0.3604891464","2.73962683792584","0.294520889260771","17.372255076",
"10/6/1990","66.5625","38.872501373291","526","15.559","5.50599999999997","0.6042478608","2.59958718343602","0.541457108106282","7.67593062",
"10/7/1990","66.5625","38.872501373291","526","20.494","3.96100000000001","0","2.88109539661859","0.388736244962943","18.63298638",
"10/8/1990","66.5625","38.872501373291","526","21.709","4.923","0","2.19417408206153","0.284340260115938","18.68344218",
"10/9/1990","66.5625","38.872501373291","526","23.334","6.59800000000001","0","2.79304181513286","0.184983422828283","18.13365144",
"10/10/1990","66.5625","38.872501373291","526","24.752","9.50099999999998","0","2.51365880764806","0.209703119408783","18.0295344",
"10/11/1990","66.5625","38.872501373291","526","24.364","11.799","0","2.99503098730684","0.230535111314275","17.46197064",
"10/12/1990","66.5625","38.872501373291","526","23.961","10.012","0","2.2554775717039","0.315543195671191","17.01180072",
"10/13/1990","66.5625","38.872501373291","526","22.857","6.41199999999998","0","2.18359244487189","0.362339833758792","17.1946134",
"10/14/1990","66.5625","38.872501373291","526","23.336","8.07999999999998","0","2.70097220157018","0.289990753304292","17.00342208",
"10/15/1990","66.5625","38.872501373291","526","16.004","2.25999999999999","11.171723292","3.86873712742048","0.549274916628336","3.097912572",
"10/16/1990","66.5625","38.872501373291","526","11.064","-1.31900000000002","0","2.61324050139087","0.528214228064945","16.78156578",
"10/17/1990","66.5625","38.872501373291","526","13.356","-2.33800000000002","0","1.88446171274085","0.417546846245858","16.65545958",
"10/18/1990","66.5625","38.872501373291","526","12.416","4.43700000000001","0.710678268","4.68991163335297","0.48575835149078","7.4583486",
"10/19/1990","66.5625","38.872501373291","526","10.876","-0.144000000000005","0.078964272","2.02810027999122","0.540629657927022","16.25979834",
"10/20/1990","66.5625","38.872501373291","526","16.027","-0.365999999999985","0","2.13528211028103","0.373008421649263","16.157365416",
"10/21/1990","66.5625","38.872501373291","526","18.123","3.59100000000001","0","2.69390353195477","0.263878214370782","16.29888588",
"10/22/1990","66.5625","38.872501373291","526","20.269","5.88400000000001","0","2.62524909057361","0.178828831623637","16.3194165",
"10/23/1990","66.5625","38.872501373291","526","20.705","8.50599999999997","0","2.19500326118773","0.253164652217372","11.325432348",
"10/24/1990","66.5625","38.872501373291","526","22.975","9.87299999999999","0","2.70613261186375","0.326851867870946","15.1946433",
"10/25/1990","66.5625","38.872501373291","526","23.149","7.75799999999998","0","2.25496492947623","0.378912009938762","14.95918278",
"10/26/1990","66.5625","38.872501373291","526","26.338","12.707","0","3.42469958886012","0.260394521801851","14.71077414",
"10/27/1990","66.5625","38.872501373291","526","20.426","11.691","0","2.7960837989676","0.488356043227886","13.43227986",
"10/28/1990","66.5625","38.872501373291","526","21.586","9.834","0.0652313664","2.156900874147","0.71572019718314","10.87037082",
"10/29/1990","66.5625","38.872501373291","526","15.532","9.52100000000002","4.0580765784","1.58459367851974","0.793692703951439","3.35992428",
"10/30/1990","66.5625","38.872501373291","526","14.373","7.58800000000002","8.19167922","3.2676256148128","0.773974991253218","11.41362918",
"10/31/1990","66.5625","38.872501373291","526","15.916","6.64100000000002","0","2.2002810162562","0.735566943842586","13.12902648",
"11/1/1990","66.5625","38.872501373291","526","17.292","9.35899999999998","0.0446319504","3.62621240735334","0.656751497105204","9.915463908",
"11/2/1990","66.5625","38.872501373291","526","14.057","8.08199999999999","17.31376116","3.92550735839995","0.787501044219239","0.803080872",
"11/3/1990","66.5625","38.872501373291","526","18.022","7.274","0","3.29502006336882","0.484311969529307","13.66914222",
"11/4/1990","66.5625","38.872501373291","526","21.316","11.144","0","2.40095073222915","0.461340341193174","13.29310728",
"11/5/1990","66.5625","38.872501373291","526","20.508","8.41199999999998","0","2.09074375708783","0.471220394617373","13.157383248",
"11/6/1990","66.5625","38.872501373291","526","20.595","9.22500000000002","0","2.2747905711715","0.452152978210299","13.31442792",
"11/7/1990","66.5625","38.872501373291","526","20.76","9.89100000000002","0","2.42053374873574","0.474617176705345","13.33687338",
"11/8/1990","66.5625","38.872501373291","526","20.455","7.101","0","1.76560399202938","0.375088173565758","13.351158612",
"11/9/1990","66.5625","38.872501373291","526","22.002","11.29","0","2.63529009956436","0.277432737651956","12.582000432",
"11/10/1990","66.5625","38.872501373291","526","24.953","13.867","0","4.75730862453082","0.283149372918371","12.604047948",
"11/11/1990","66.5625","38.872501373291","526","21.586","9.78699999999998","0","1.92054386006006","0.324285618988866","12.51162972",
"11/12/1990","66.5625","38.872501373291","526","25.117","13.061","0","4.06800237474562","0.277410876415878","12.059723088",
"11/13/1990","66.5625","38.872501373291","526","20.336","10.314","0","3.57229426703747","0.396229573728793","9.63832536",
"11/14/1990","66.5625","38.872501373291","526","9.63400000000001","2.71899999999999","2.769757164","2.96755863359297","0.818429659285827","5.157616608",
"11/15/1990","66.5625","38.872501373291","526","11.266","0.555000000000007","0","1.72563878036763","0.676962264802782","12.190047768",
"11/16/1990","66.5625","38.872501373291","526","10.602","1.976","0.0205993584","1.77502621376172","0.590613120754213","7.682630868",
"11/17/1990","66.5625","38.872501373291","526","8.90899999999999","-0.51400000000001","0","2.32852788377348","0.54567144689607","12.149375148",
"11/18/1990","66.5625","38.872501373291","526","9.08999999999998","-0.59699999999998","0","1.94641765491435","0.56771085518426","11.721431448",
"11/19/1990","66.5625","38.872501373291","526","13.322","1.85500000000002","0","2.36632242579315","0.450479411796479","11.88641322",
"11/20/1990","66.5625","38.872501373291","526","17.698","7.40899999999999","0","2.76057444413919","0.285086360747607","11.710744632",
"11/21/1990","66.5625","38.872501373291","526","17.593","4.73700000000002","0","2.52288508990612","0.294812562371079","11.714735232",
"11/22/1990","66.5625","38.872501373291","526","14.294","4.85000000000002","0","3.21959201603319","0.417753453398116","10.516048668",
"11/23/1990","66.5625","38.872501373291","526","12.774","3.18799999999999","0","2.66692892460503","0.448514489723427","11.605612698",
"11/24/1990","66.5625","38.872501373291","526","14.052","1.67000000000002","0","1.82136067039608","0.389314750572285","11.58187095",
"11/25/1990","66.5625","38.872501373291","526","14.627","3.04500000000002","0","2.20283777498137","0.25681473668509","11.571862158",
"11/26/1990","66.5625","38.872501373291","526","15.294","2.51299999999998","0","1.82041484254943","0.314104363188423","11.357212248",
"11/27/1990","66.5625","38.872501373291","526","12.895","3.50599999999997","0.078105924","1.56767477984693","0.356276278589391","7.65585288",
"11/28/1990","66.5625","38.872501373291","526","12.746","1.72899999999998","0","1.91890691388658","0.55156424493422","10.9100808",
"11/29/1990","66.5625","38.872501373291","526","14.533","3.62599999999998","0","1.80142717807108","0.43205777099277","10.26539928",
"11/30/1990","66.5625","38.872501373291","526","15.692","4.10899999999998","0","1.99050849507155","0.374474276118237","10.84578732",
"12/1/1990","66.5625","38.872501373291","526","16.397","6.10700000000003","0","2.73827886192597","0.344425156648482","10.86344442",
"12/2/1990","66.5625","38.872501373291","526","16.123","3.45800000000003","0","2.15623286215001","0.376853784274463","10.87385697",
"12/3/1990","66.5625","38.872501373291","526","17.333","7.20100000000002","0","3.03658423510596","0.193892505733742","10.8783558",
"12/4/1990","66.5625","38.872501373291","526","16.772","7.78100000000001","0","3.31203865861078","0.273488057362388","10.35933462",
"12/5/1990","66.5625","38.872501373291","526","19.176","8.81599999999997","0","4.62151337290037","0.325791990526887","9.79087743",
"12/6/1990","66.5625","38.872501373291","526","20.613","12.289","0","4.42750347956107","0.272961063221071","8.72898678",
"12/7/1990","66.5625","38.872501373291","526","19.703","11.315","0","2.73734193060607","0.353951041756943","9.63489501",
"12/8/1990","66.5625","38.872501373291","526","11.233","5.387","1.332092304","2.61380887261005","0.587232551226589","10.38678372",
"12/9/1990","66.5625","38.872501373291","526","9.07299999999998","1.68200000000002","0.9304048584","1.85511627462194","0.683959720118535","5.8536612",
"12/10/1990","66.5625","38.872501373291","526","8.00900000000001","1.58800000000002","0.2952572904","1.60403404004872","0.70244760124298","9.74312325",
"12/11/1990","66.5625","38.872501373291","526","7.774","-0.564999999999998","0","1.54365219150342","0.613297124905223","9.49775895",
"12/12/1990","66.5625","38.872501373291","526","6.27199999999999","-1.57400000000001","0","1.58131627960071","0.780534013054183","9.76876812",
"12/13/1990","66.5625","38.872501373291","526","2.21600000000001","-6.18400000000003","1.0986325344","1.65559296364368","0.918286624817001","7.19189685",
"12/14/1990","66.5625","38.872501373291","526","2.41500000000002","-6.72800000000001","0","1.6155560442651","0.762769210685168","9.99961713",
"12/15/1990","66.5625","38.872501373291","526","4.048","-4.88499999999999","0","1.36992955553852","0.722616009192011","10.16431767",
"12/16/1990","66.5625","38.872501373291","526","4.339","-5.56799999999998","0","2.2040225431924","0.673706710302126","10.14058242",
"12/17/1990","66.5625","38.872501373291","526","9.85399999999999","-1.63799999999998","0","6.33064044645249","0.28855120497162","10.53770373",
"12/18/1990","66.5625","38.872501373291","526","9.35300000000001","2.07499999999999","0.0102996864","5.57700702451178","0.481122981473997","9.24890382",
"12/19/1990","66.5625","38.872501373291","526","9.06200000000001","2.613","1.6427995056","2.56169797998481","0.809466523153872","9.1751103",
"12/20/1990","66.5625","38.872501373291","526","4.75700000000001","1.06400000000002","2.0256034464","1.65862953392906","0.886283921670888","7.64364555",
"12/21/1990","66.5625","38.872501373291","526","8.255","0.336999999999989","0.1647949104","2.33491545827083","0.813317671129372","9.30504735",
"12/22/1990","66.5625","38.872501373291","526","2.31900000000002","-0.124000000000024","6.72912378","1.60987527102627","0.933474479898303","2.72705382",
"12/23/1990","66.5625","38.872501373291","526","1.43700000000001","-4.37","4.696656516","1.80121843118434","0.945831770755428","8.66058993",
"12/24/1990","66.5625","38.872501373291","526","2.49200000000002","-2.67000000000002","3.9001472928","2.15298563773468","0.860139346911685","2.858121",
"12/25/1990","66.5625","38.872501373291","526","3.95299999999997","-5.01999999999998","0.2780913672","2.44149965627108","0.834433453875289","9.54770985",
"12/26/1990","66.5625","38.872501373291","526","2.05900000000003","-8.80900000000003","19.00806228","2.66605311129169","0.925116604916043","2.42420364",
"12/27/1990","66.5625","38.872501373291","526","-3.16300000000001","-17.317","0.21629322","1.82900047593034","0.700736924215818","9.523800828",
"12/28/1990","66.5625","38.872501373291","526","-5.32900000000001","-18.492","0","1.91458733331703","0.74050894834541","10.536862212",
"12/29/1990","66.5625","38.872501373291","526","-4.70800000000003","-19.182","0","2.47404134537745","0.597589689924973","10.430439732",
"12/30/1990","66.5625","38.872501373291","526","-6.10300000000001","-20.365","0","1.36991704382397","0.737324035050171","10.6103268",
"12/31/1990","66.5625","38.872501373291","526","-2.36200000000002","-18.979","0","1.4231683656979","0.54657255458038","10.42925256",
"1/1/1991","66.5625","38.872501373291","526","-2.22199999999998","-11.144","0","1.64449208714601","0.688719966009007","10.5644808",
"1/2/1991","66.5625","38.872501373291","526","2.33600000000001","-8.14600000000002","0","2.5706543281536","0.639606754889587","10.60318008",
"1/3/1991","66.5625","38.872501373291","526","4.65100000000001","-3.59500000000003","0","2.34971545657409","0.688304852087259","10.622420568",
"1/4/1991","66.5625","38.872501373291","526","3.053","-2.58999999999998","3.5259241464","3.75209430411744","0.765489731442308","4.775570262",
"1/5/1991","66.5625","38.872501373291","526","3.89400000000001","0.928999999999974","15.6254766912","4.84234308446062","0.919081517851219","2.07517455",
"1/6/1991","66.5625","38.872501373291","526","0.766999999999996","-6.80700000000002","5.3300897424","2.97888016025388","0.92856644007073","8.826693012",
"1/7/1991","66.5625","38.872501373291","526","2.65199999999999","-4.05200000000002","0.8977887","5.37366035255674","0.854218033111609","10.153687032",
"1/8/1991","66.5625","38.872501373291","526","2.93099999999998","-3.935","1.4007569976","2.39810906713196","0.905977158837224","10.9910232",
"1/9/1991","66.5625","38.872501373291","526","2.97300000000001","-5.53800000000001","0","2.24880861594992","0.692460624149749","11.11607118",
"1/10/1991","66.5625","38.872501373291","526","0.983000000000004","-7.84300000000002","0.0102996792","1.4977021631637","0.796457189381953","9.783673956",
"1/11/1991","66.5625","38.872501373291","526","0.163999999999987","-11.013","0.0446319576","1.31191869699752","0.924626942239639","10.400565852",
"1/12/1991","66.5625","38.872501373291","526","0.286000000000001","-11.266","0","1.91493288721064","0.841581659324779","11.18980962",
"1/13/1991","66.5625","38.872501373291","526","1.77600000000001","-10.448","0","1.95254853006719","0.788298199539125","11.30506992",
"1/14/1991","66.5625","38.872501373291","526","2.60000000000002","-3.23399999999998","0","4.03868177308011","0.753118268228147","11.605392216",
"1/15/1991","66.5625","38.872501373291","526","3.69600000000003","-1.904","0.286674588","3.83162829728571","0.803074923303481","9.991632924",
"1/16/1991","66.5625","38.872501373291","526","1.09699999999998","-5.42899999999997","2.72083644","1.75996550072467","0.92672914538809","10.803540564",
"1/17/1991","66.5625","38.872501373291","526","2.197","-4.185","0.0686645424","2.63432734728502","0.885335671433172","7.84766124",
"1/18/1991","66.5625","38.872501373291","526","2.97699999999998","-2.06400000000002","2.57148756","1.38035410788707","0.931987603534501","3.884736888",
"1/19/1991","66.5625","38.872501373291","526","1.68000000000001","-7.697","0.1991272392","1.45419445368974","0.959221137024928","8.96343948",
"1/20/1991","66.5625","38.872501373291","526","1.17399999999998","-9.42399999999998","0.0892639008","1.57864319306775","0.934445887148749","10.842518052",
"1/21/1991","66.5625","38.872501373291","526","1.04399999999998","-10.251","0","1.44284594431945","0.881372954800897","11.897829252",
"1/22/1991","66.5625","38.872501373291","526","2.30700000000002","-10.375","0","1.91363834920885","0.818727849158296","12.25935018",
"1/23/1991","66.5625","38.872501373291","526","1.53199999999998","-7.20499999999998","0.0308990592","1.46041784788098","0.816301229210966","9.369166896",
"1/24/1991","66.5625","38.872501373291","526","3.01499999999999","-0.470000000000027","0.7776263304","2.26464389573776","0.913362188533633","7.583743188",
"1/25/1991","66.5625","38.872501373291","526","3.35500000000002","-2.77100000000002","0.0446319792","1.77132943602566","0.944520063046449","10.17073134",
"1/26/1991","66.5625","38.872501373291","526","3.22699999999998","-0.0640000000000214","4.4546107464","2.43468041394316","0.950841645705693","3.775838148",
"1/27/1991","66.5625","38.872501373291","526","2.75200000000001","-6.83699999999999","3.4675586712","1.5959884948213","0.965075774578417","7.112311164",
"1/28/1991","66.5625","38.872501373291","526","2.42500000000001","-3.95699999999999","1.4883038208","2.30452013764122","0.951256828886862","5.037129252",
"1/29/1991","66.5625","38.872501373291","526","4.19900000000001","-3.69600000000003","0.0034332264","1.92502678364917","0.857137633307337","11.61821286",
"1/30/1991","66.5625","38.872501373291","526","8.89800000000002","-0.697999999999979","0","1.82545860077736","0.766358843224419","12.94746048",
"1/31/1991","66.5625","38.872501373291","526","9.71800000000002","0.362000000000023","0","4.47443510270423","0.581104417934907","11.99154528",
"2/1/1991","66.5625","38.872501373291","526","5.51999999999998","2.94600000000003","0.3433226184","5.79300846936412","0.780857415833249","8.577507168",
"2/2/1991","66.5625","38.872501373291","526","5.11599999999999","1.97399999999999","4.0100078664","1.51934470272828","0.929409838950583","4.003198632",
"2/3/1991","66.5625","38.872501373291","526","2.57299999999998","1.36599999999999","0.4806519552","2.71759431434143","0.96321169722394","11.3747634",
"2/4/1991","66.5625","38.872501373291","526","7.49599999999998","1.59300000000002","0.0137329056","3.50712116821673","0.872447049861568","12.299848272",
"2/5/1991","66.5625","38.872501373291","526","4.62299999999999","1.66699999999997","7.7041599984","3.85283177813893","0.935305519989058","9.849034584",
"2/6/1991","66.5625","38.872501373291","526","1.09899999999999","-2.73500000000001","4.871753892","2.82633440121569","0.97357209850442","8.954099568",
"2/7/1991","66.5625","38.872501373291","526","0.872000000000014","-8.59899999999999","0.61798086","2.01053897696677","0.889988376761813","14.49230544",
"2/8/1991","66.5625","38.872501373291","526","2.26400000000001","-4.36700000000002","0.333023076","1.70216249792281","0.889890440966453","12.67948332",
"2/9/1991","66.5625","38.872501373291","526","0.742999999999995","-9.80099999999999","1.757812428","1.45652126641754","0.969936806731388","8.611422444",
"2/10/1991","66.5625","38.872501373291","526","0.492000000000019","-10.722","0.0686645568","1.99049753758784","0.970224326665528","11.155051152",
"2/11/1991","66.5625","38.872501373291","526","-1.02999999999997","-14.707","0.9819028224","1.75977461360055","0.941186555506812","11.37262482",
"2/12/1991","66.5625","38.872501373291","526","-2.78399999999999","-14.035","0.8857730016","2.67450616900071","0.886219806501587","10.68727554",
"2/13/1991","66.5625","38.872501373291","526","-2.12700000000001","-9.07299999999998","0.113296536","3.2915340233969","0.863058806579293","13.62729528",
"2/14/1991","66.5625","38.872501373291","526","-5.19799999999998","-20.985","0.1750945536","1.96531719970031","0.849439095506827","14.86062954",
"2/15/1991","66.5625","38.872501373291","526","-1.10500000000002","-12.307","0","3.0791195298024","0.804763929174167","15.92290836",
"2/16/1991","66.5625","38.872501373291","526","1.48500000000001","-7.10700000000003","0","2.9208014845524","0.808947722996297","16.0085241",
"2/17/1991","66.5625","38.872501373291","526","2.56700000000001","-3.07799999999997","0","3.61596618312532","0.831690042300441","15.97573116",
"2/18/1991","66.5625","38.872501373291","526","3.00599999999997","-2.41800000000001","0","3.8947073895014","0.725855178179848","16.85508714",
"2/19/1991","66.5625","38.872501373291","526","4.40300000000002","2.06799999999998","0","4.24195078606648","0.801384262012167","14.19209604",
"2/20/1991","66.5625","38.872501373291","526","5.25799999999998","2.59500000000003","0","5.34106931170706","0.791401514087966","16.3308366",
"2/21/1991","66.5625","38.872501373291","526","7.03100000000001","3.45400000000001","0","5.47642913769307","0.778425653097616","15.91784496",
"2/22/1991","66.5625","38.872501373291","526","5.899","0.536999999999978","0","2.79482726611133","0.804197753353172","15.53130432",
"2/23/1991","66.5625","38.872501373291","526","2.81700000000001","-4.74400000000003","0.2162933568","1.69698233300781","0.965421706468954","12.44762208",
"2/24/1991","66.5625","38.872501373291","526","1.97000000000003","-6.47399999999999","3.302764992","2.2647911367037","0.973495302512108","8.91298206",
"2/25/1991","66.5625","38.872501373291","526","0.273000000000025","-7.80500000000001","5.58071172","1.92209167132334","0.96474860880212","7.44856668",
"2/26/1991","66.5625","38.872501373291","526","2.65499999999997","-9.75799999999998","0","1.91464459493039","0.86817347940676","16.542621288",
"2/27/1991","66.5625","38.872501373291","526","3.33199999999999","-5.55399999999997","0","3.0004447444119","0.805646350529079","18.49426956",
"2/28/1991","66.5625","38.872501373291","526","12.602","0.694000000000017","0","4.34711439197026","0.617988211356151","17.89801884",
"3/1/1991","66.5625","38.872501373291","526","13.311","3.37599999999998","0.2523420288","2.87638774837196","0.719753153503704","14.48201178",
"3/2/1991","66.5625","38.872501373291","526","4.45100000000002","-4.78399999999999","4.0512055392","1.47386657389985","0.962431687730433","6.943948992",
"3/3/1991","66.5625","38.872501373291","526","1.19200000000001","-7.18200000000002","0.0102996792","1.54627476701235","0.914613319417623","15.92089038",
"3/4/1991","66.5625","38.872501373291","526","1.55000000000001","-5.21100000000001","0","2.26173977574746","0.934851644103659","18.16858008",
"3/5/1991","66.5625","38.872501373291","526","4.06700000000001","-6.24799999999999","0","2.0717837362869","0.82544826518419","18.70031196",
"3/6/1991","66.5625","38.872501373291","526","11.458","0.781999999999982","0.2042769384","3.5639654542374","0.695469921824417","13.27387788",
"3/7/1991","66.5625","38.872501373291","526","9.06799999999998","6.084","6.7943601","4.43556243664803","0.828051024043398","5.91182172",
"3/8/1991","66.5625","38.872501373291","526","7.59899999999999","1.52300000000002","10.8713214","5.95884527960239","0.91085007860997","7.016060952",
"3/9/1991","66.5625","38.872501373291","526","2.00599999999997","-3.66699999999997","0.295257492","2.10087495112953","0.9484967677295","16.98569964",
"3/10/1991","66.5625","38.872501373291","526","5.685","-2.50400000000002","7.7745456864","1.81117230872623","0.837643703932652","5.51958552",
"3/11/1991","66.5625","38.872501373291","526","3.95600000000002","-3.54899999999998","4.1902597584","1.44032558226452","0.960138072141539","15.666131088",
"3/12/1991","66.5625","38.872501373291","526","0.295999999999992","-14.423","12.988756332","2.92714063831347","0.943038127396949","15.774075288",
"3/13/1991","66.5625","38.872501373291","526","7.59800000000001","-5.63099999999997","0","2.77468352148034","0.709828250416251","20.31676992",
"3/14/1991","66.5625","38.872501373291","526","15.98","2.82999999999998","0.0102996864","4.86790104845064","0.528332749273276","20.16770616",
"3/15/1991","66.5625","38.872501373291","526","10.298","4.57400000000001","0.9956355048","2.19405889279721","0.736254989823217","9.24818184",
"3/16/1991","66.5625","38.872501373291","526","6.01100000000002","1.26100000000002","15.0135021288","2.13438729369511","0.984254745966011","9.38604195",
"3/17/1991","66.5625","38.872501373291","526","1.47500000000002","-2.18400000000003","16.534423512","2.34785097724407","0.985283223118637","8.539709472",
"3/18/1991","66.5625","38.872501373291","526","2.71699999999998","-5.92200000000003","0.0480651408","1.38228246372485","0.939789934383161","20.99817918",
"3/19/1991","66.5625","38.872501373291","526","8.72399999999999","-0.334000000000003","0","3.26245080364919","0.870603758516492","20.18682882",
"3/20/1991","66.5625","38.872501373291","526","7.661","2.06900000000002","5.8210361928","2.21608533450818","0.923152689510682","7.9307451",
"3/21/1991","66.5625","38.872501373291","526","6.78199999999998","0.684000000000026","0.0205993584","2.76375761987333","0.922123106127983","14.99304528",
"3/22/1991","66.5625","38.872501373291","526","7.834","-3.32100000000003","0","1.32918092722628","0.89026013145152","18.302967792",
"3/23/1991","66.5625","38.872501373291","526","11.002","1.13600000000002","0","2.35471815756271","0.752596875698267","21.994761312",
"3/24/1991","66.5625","38.872501373291","526","13.88","3.81599999999997","0","2.61988945737519","0.623139393281739","17.696869272",
"3/25/1991","66.5625","38.872501373291","526","14.94","4.28399999999999","0","2.40745043725953","0.569477802916534","22.34019708",
"3/26/1991","66.5625","38.872501373291","526","6.33600000000001","3.14100000000002","0.061798068","4.03003043325168","0.890471315575226","17.926595712",
"3/27/1991","66.5625","38.872501373291","526","7.322","4.368","0.0497817","3.44713978419616","0.840199038043418","21.06573336",
"3/28/1991","66.5625","38.872501373291","526","11.928","3.70499999999998","5.410763532","5.62614949869546","0.943077255046714","11.294157168",
"3/29/1991","66.5625","38.872501373291","526","14.559","7.99200000000002","9.4671249048","3.50790701928113","0.860626339654648","7.14307446",
"3/30/1991","66.5625","38.872501373291","526","11.622","1.77300000000002","0","2.91670629523666","0.856305104210734","22.91687154",
"3/31/1991","66.5625","38.872501373291","526","19.576","7.27699999999999","0","2.67933545744376","0.646308757040711","22.78080684",
"4/1/1991","66.5625","38.872501373291","526","22.024","9.41300000000001","0","2.84484082414201","0.654008466731111","22.743614592",
"4/2/1991","66.5625","38.872501373291","526","19.619","8.98899999999998","0","3.29681793211316","0.701460510638989","20.9520531",
"4/3/1991","66.5625","38.872501373291","526","11.769","4.05200000000002","0.1716613632","3.11386619529908","0.879833138577358","12.985710408",
"4/4/1991","66.5625","38.872501373291","526","22.935","8.911","0","3.27297224008438","0.593072116890489","23.63788242",
"4/5/1991","66.5625","38.872501373291","526","25.777","12.654","2.45132424","6.01809241854694","0.495799394966045","20.894567832",
"4/6/1991","66.5625","38.872501373291","526","15.493","9.983","16.355897064","3.45904328892958","0.781842267570879","7.28104716",
"4/7/1991","66.5625","38.872501373291","526","18.175","7.36000000000001","0.0102996792","1.99388469561039","0.652087770234796","22.21301232",
"4/8/1991","66.5625","38.872501373291","526","14.946","5.39699999999999","0","2.71131567239305","0.749278669250099","18.35443044",
"4/9/1991","66.5625","38.872501373291","526","12.6","4.68799999999999","2.5302889224","1.87074110114106","0.809177838968403","16.30664838",
"4/10/1991","66.5625","38.872501373291","526","19.764","6.19200000000001","0","3.13064519749726","0.566353497327065","24.72789456",
"4/11/1991","66.5625","38.872501373291","526","20.309","12.437","0","3.54844137414426","0.52649906538507","22.33186812",
"4/12/1991","66.5625","38.872501373291","526","15.903","9.30200000000002","3.632355612","2.24983422834114","0.72161795423892","15.653088",
"4/13/1991","66.5625","38.872501373291","526","16.104","4.45800000000003","0.04806522","2.64593885678251","0.659585048959567","25.09464456",
"4/14/1991","66.5625","38.872501373291","526","13.509","2.858","1.71661392","2.67501870687314","0.806281813548809","18.78406668",
"4/15/1991","66.5625","38.872501373291","526","8.68599999999998","2.52699999999999","2.142334404","2.4754687548494","0.850100128085903","7.53980976",
"4/16/1991","66.5625","38.872501373291","526","14.639","2.60500000000002","0","2.31233267004487","0.535356793115621","25.83675144",
"4/17/1991","66.5625","38.872501373291","526","19.197","6.52999999999997","0","3.18375030668846","0.459251003813342","26.1849366",
"4/18/1991","66.5625","38.872501373291","526","22.502","7.346","0","2.68335436247841","0.360888971644288","26.29282752",
"4/19/1991","66.5625","38.872501373291","526","24.786","11.641","0","3.27247343360261","0.367920489659567","24.46908732",
"4/20/1991","66.5625","38.872501373291","526","23.946","9.90800000000002","0","2.22294756899174","0.403012745741104","23.49989856",
"4/21/1991","66.5625","38.872501373291","526","23.358","9.243","0","3.75627140288994","0.470228002794632","26.37489024",
"4/22/1991","66.5625","38.872501373291","526","23.62","9.87400000000002","0","3.14791982464848","0.358467007135306","26.62655796",
"4/23/1991","66.5625","38.872501373291","526","24.457","10.972","0","2.60918057102274","0.387073022521071","25.9747884",
"4/24/1991","66.5625","38.872501373291","526","26.061","12.024","0","2.83120244156279","0.364498288038029","26.43424065",
"4/25/1991","66.5625","38.872501373291","526","26.181","13.999","0","3.04147207080813","0.385876725022558","26.14539834",
"4/26/1991","66.5625","38.872501373291","526","24.793","12.286","0","3.02134140509658","0.43489266187543","26.74783701",
"4/27/1991","66.5625","38.872501373291","526","23.844","12.582","0","3.06212740828113","0.400480897831986","27.16773642",
"4/28/1991","66.5625","38.872501373291","526","22.73","8.98099999999999","0","2.0405934700137","0.452565409280996","27.08910495",
"4/29/1991","66.5625","38.872501373291","526","22.278","8.45699999999999","0","2.31368035198171","0.324193408434599","27.9018666",
"4/30/1991","66.5625","38.872501373291","526","24.529","9.91800000000001","0.2420425224","2.73963034007646","0.374771230830167","20.50126866",
"5/1/1991","66.5625","38.872501373291","526","20.998","8.90899999999999","0","2.39060288054599","0.508709255724296","27.350666208",
"5/2/1991","66.5625","38.872501373291","526","21.342","7.62","0","1.71517982676916","0.513071649010431","25.67137194",
"5/3/1991","66.5625","38.872501373291","526","24.537","12.051","0","3.48303417283892","0.469347694618086","26.311107528",
"5/4/1991","66.5625","38.872501373291","526","22.508","10.331","0","4.41863282028534","0.383611549672178","27.075549672",
"5/5/1991","66.5625","38.872501373291","526","22.734","8.57799999999997","0","2.67138835260339","0.422780528410744","27.634048488",
"5/6/1991","66.5625","38.872501373291","526","23.163","8.81200000000001","0","2.65123618962013","0.281263502501306","28.62922446",
"5/7/1991","66.5625","38.872501373291","526","25.501","11.771","0","2.21978717918354","0.360843939720732","27.956191968",
"5/8/1991","66.5625","38.872501373291","526","20.556","13.611","1.033401204","2.19472416233804","0.460831869529974","11.822680872",
"5/9/1991","66.5625","38.872501373291","526","25.153","12.814","0","3.10973840109958","0.429063869636723","26.89915032",
"5/10/1991","66.5625","38.872501373291","526","27.047","13.181","0","2.98027202149517","0.277231065940352","28.598117472",
"5/11/1991","66.5625","38.872501373291","526","27.823","15.011","0","2.85130586772487","0.297660241281094","27.125601912",
"5/12/1991","66.5625","38.872501373291","526","22.492","14.268","6.001284672","3.05262631841645","0.514641351580722","18.131234832",
"5/13/1991","66.5625","38.872501373291","526","22.246","12.987","2.011869504","1.51040383553126","0.633623177049028","21.21277518",
"5/14/1991","66.5625","38.872501373291","526","21.558","13.251","4.3979679","2.80528828920075","0.597932743550755","20.21743278",
"5/15/1991","66.5625","38.872501373291","526","27.181","15.847","0.07553106","4.41367901308067","0.425587500114345","19.13371596",
"5/16/1991","66.5625","38.872501373291","526","23.614","15.215","14.56031772","3.21580187471626","0.654824974598865","25.585251012",
"5/17/1991","66.5625","38.872501373291","526","29.812","16.657","0.24719256","4.96727855029232","0.451382684165362","26.828891352",
"5/18/1991","66.5625","38.872501373291","526","27.737","12.292","0.02059938","2.86517854473367","0.567262742275645","27.08735256",
"5/19/1991","66.5625","38.872501373291","526","22.767","11.722","0.6076818","2.95658698438661","0.630781735734576","28.52813988",
"5/20/1991","66.5625","38.872501373291","526","22.665","11.67","2.50625502","2.87695029471924","0.566484377436857","28.101718008",
"5/21/1991","66.5625","38.872501373291","526","21.153","11.715","0.772475796","1.97219173121556","0.537986663002639","16.80322212",
"5/22/1991","66.5625","38.872501373291","526","28.712","14.618","0","5.42078567421102","0.38372196321316","29.59790868",
"5/23/1991","66.5625","38.872501373291","526","30.899","16.427","0","3.52465988251897","0.31934193453829","28.75022172",
"5/24/1991","66.5625","38.872501373291","526","22.791","12.662","6.155778708","3.48631768794093","0.57155662230578","29.08344798",
"5/25/1991","66.5625","38.872501373291","526","20.463","10.742","0.099563652","2.89011065497617","0.602988531525273","25.9426152",
"5/26/1991","66.5625","38.872501373291","526","22.15","13.474","2.24533044","3.49204216666396","0.575900150907985","23.66735112",
"5/27/1991","66.5625","38.872501373291","526","24.225","11.954","0","2.13085389465948","0.472968979525678","27.62267976",
"5/28/1991","66.5625","38.872501373291","526","26.362","14.963","0","2.78608829583296","0.371543808560826","29.34196776",
"5/29/1991","66.5625","38.872501373291","526","28.856","17.612","0","3.19488496052535","0.303835669763297","28.98252792",
"5/30/1991","66.5625","38.872501373291","526","30.499","16.598","0","2.61511351739334","0.249603417559557","30.4472862",
"5/31/1991","66.5625","38.872501373291","526","33.045","18.879","0","4.10386473471696","0.198492566682357","30.73259772",
"6/1/1991","66.5625","38.872501373291","526","34.375","22.247","0","4.8060016957095","0.175088906064509","30.1178304",
"6/2/1991","66.5625","38.872501373291","526","35.465","23.238","0","3.89689422250119","0.17054555529429","30.25946628",
"6/3/1991","66.5625","38.872501373291","526","36.079","20.975","0","3.37429814950196","0.16477616219577","30.53171664",
"6/4/1991","66.5625","38.872501373291","526","35.718","23.084","0","3.70855098108814","0.199698484970203","30.026259",
"6/5/1991","66.5625","38.872501373291","526","36.449","23.057","0","3.31328947219622","0.264025271455582","29.35935324",
"6/6/1991","66.5625","38.872501373291","526","28.905","16.915","0","2.93488908512496","0.403903458630167","27.1957518",
"6/7/1991","66.5625","38.872501373291","526","30.48","14.484","0","2.64604537801153","0.35786691009965","30.55606776",
"6/8/1991","66.5625","38.872501373291","526","34.592","18.957","0","4.07775272598329","0.251377329477529","28.17775908",
"6/9/1991","66.5625","38.872501373291","526","29.184","16.996","0","2.60310407740519","0.338892035777032","29.23043364",
"6/10/1991","66.5625","38.872501373291","526","28.175","16.352","0","2.87488208002271","0.364215177225861","29.87566848",
"6/11/1991","66.5625","38.872501373291","526","29.519","15.729","0","2.9918594196472","0.335553286957871","30.46820364",
"6/12/1991","66.5625","38.872501373291","526","33.363","16.718","0","2.93062916107801","0.251512989101634","31.09832172",
"6/13/1991","66.5625","38.872501373291","526","37.094","19.001","0","3.18771551836498","0.189966147170255","29.479347",
"6/14/1991","66.5625","38.872501373291","526","36.279","21.294","0","3.14867564985522","0.19091165444332","25.46280252",
"6/15/1991","66.5625","38.872501373291","526","31.093","18.003","0","2.21182134521996","0.369367182813813","29.39602248",
"6/16/1991","66.5625","38.872501373291","526","31.764","17.532","0","3.50461037708466","0.314309710824436","30.29258736",
"6/17/1991","66.5625","38.872501373291","526","32.605","19.778","0","5.92867349186963","0.315914078102073","30.40976196",
"6/18/1991","66.5625","38.872501373291","526","31.047","19.469","0","6.58016321713185","0.303683855253854","30.3903558",
"6/19/1991","66.5625","38.872501373291","526","29.841","18.612","0","5.37149234111071","0.278127002567935","26.89622244",
"6/20/1991","66.5625","38.872501373291","526","31.547","17.738","0","4.02576872051936","0.236298308347313","30.90482064",
"6/21/1991","66.5625","38.872501373291","526","32.538","16.477","0","2.77714990483054","0.234141208166749","30.78405036",
"6/22/1991","66.5625","38.872501373291","526","31.684","16.434","0","3.28844986114273","0.211122287571144","30.98019564",
"6/23/1991","66.5625","38.872501373291","526","25.07","12.275","0","3.63018169259659","0.287164351831085","30.73985568",
"6/24/1991","66.5625","38.872501373291","526","23.474","11.638","1.51062048","1.97999979661269","0.454880558447353","26.12767356",
"6/25/1991","66.5625","38.872501373291","526","23.982","11.565","0","2.28745762580093","0.491767657236833","26.66103948",
"6/26/1991","66.5625","38.872501373291","526","26.453","10.562","0","2.77011489909414","0.41108185059936","30.41505432",
"6/27/1991","66.5625","38.872501373291","526","31.257","16.029","0","2.9897810771037","0.304150110960796","30.69028656",
"6/28/1991","66.5625","38.872501373291","526","33.055","17.62","0","2.57392450293801","0.258148552712674","30.80103192",
"6/29/1991","66.5625","38.872501373291","526","34.184","18.026","0","3.22790484897815","0.212554208441418","30.85976988",
"6/30/1991","66.5625","38.872501373291","526","34.454","18.49","0","3.18054650630694","0.24564948162065","30.6394254",
"7/1/1991","66.5625","38.872501373291","526","35.048","21.148","0","3.35501217017918","0.210916895372271","30.55393296",
"7/2/1991","66.5625","38.872501373291","526","35.327","21.948","0","4.55087245741823","0.196561471286722","30.49076412",
"7/3/1991","66.5625","38.872501373291","526","34.974","21.879","0","4.49179194605773","0.232628432738525","29.78802504",
"7/4/1991","66.5625","38.872501373291","526","33.764","21.968","0.2231596944","3.33245099205901","0.317421298735233","24.45947064",
"7/5/1991","66.5625","38.872501373291","526","34.437","21.409","0","4.26457135465326","0.268548181217781","30.0241152",
"7/6/1991","66.5625","38.872501373291","526","35.16","20.99","0","4.1995231529345","0.197809080030925","30.38922936",
"7/7/1991","66.5625","38.872501373291","526","36.377","22.524","0","4.30038755492178","0.184841490449806","29.16709164",
"7/8/1991","66.5625","38.872501373291","526","38.392","23.634","0","3.2438258834329","0.147840466756046","30.53025252",
"7/9/1991","66.5625","38.872501373291","526","35.501","22.418","0","3.97351943021066","0.162810025783952","29.92218912",
"7/10/1991","66.5625","38.872501373291","526","34.721","17.992","0","2.67198282794698","0.253250975104241","30.387771",
"7/11/1991","66.5625","38.872501373291","526","33.431","17.859","0","3.59999564212482","0.230950341721766","30.08081304",
"7/12/1991","66.5625","38.872501373291","526","30.337","18.203","0","4.56220028757765","0.270141330541404","30.0699072",
"7/13/1991","66.5625","38.872501373291","526","30.295","16.467","0","3.03805763410129","0.32254819983752","30.17087316",
"7/14/1991","66.5625","38.872501373291","526","32.357","18.409","0","3.00560792291747","0.199773471242946","30.541608",
"7/15/1991","66.5625","38.872501373291","526","31.907","19.012","0","2.1006801530224","0.176025007808554","28.4028129",
"7/16/1991","66.5625","38.872501373291","526","32.867","17.71","0","3.36830548114916","0.217257656342159","29.4302205",
"7/17/1991","66.5625","38.872501373291","526","30.853","17.492","0","3.34429613661381","0.252375001947415","29.560444488",
"7/18/1991","66.5625","38.872501373291","526","33.585","17.679","0","3.64923754678767","0.210843831642704","30.2268924",
"7/19/1991","66.5625","38.872501373291","526","35.272","19.254","0","3.57057134386848","0.217387065738303","29.89973934",
"7/20/1991","66.5625","38.872501373291","526","36.066","21.579","0","4.16428900889221","0.203826980932423","29.48225958",
"7/21/1991","66.5625","38.872501373291","526","34.271","20.645","0","4.74233229319934","0.220751473389214","29.61365274",
"7/22/1991","66.5625","38.872501373291","526","34.828","19.146","0","3.39310782976853","0.194698117805853","29.89861434",
"7/23/1991","66.5625","38.872501373291","526","35.109","20.395","0","3.6227512529312","0.145740205787434","29.77053192",
"7/24/1991","66.5625","38.872501373291","526","35.054","20.897","0","3.52329707303339","0.183564173894624","28.985115888",
"7/25/1991","66.5625","38.872501373291","526","35.037","18.182","0","3.28322525802341","0.240576540924768","28.885608792",
"7/26/1991","66.5625","38.872501373291","526","34.999","19.983","0","3.57211032196102","0.260535738036124","28.75240764",
"7/27/1991","66.5625","38.872501373291","526","35.044","21.486","0","4.42533074032082","0.237913500153667","28.772659728",
"7/28/1991","66.5625","38.872501373291","526","36.37","22.079","0","5.00959147808677","0.214629790065846","28.787170752",
"7/29/1991","66.5625","38.872501373291","526","38.047","22.906","0","3.92679569589998","0.174846686999307","29.03253192",
"7/30/1991","66.5625","38.872501373291","526","38.052","22.837","0","3.55337167416645","0.174567115408752","28.53618732",
"7/31/1991","66.5625","38.872501373291","526","37.264","23.154","0","4.16159796067803","0.188845381000043","27.96457194",
"8/1/1991","66.5625","38.872501373291","526","34.402","19.678","0","4.29561441952733","0.184507032634582","28.79870868",
"8/2/1991","66.5625","38.872501373291","526","35.819","20.018","0","3.37632493712871","0.23248871733969","28.310339808",
"8/3/1991","66.5625","38.872501373291","526","36.967","18.582","0","3.61048965640788","0.221345409308178","27.926437968",
"8/4/1991","66.5625","38.872501373291","526","36.991","21.212","0","4.08810969894816","0.159936775554309","28.6715295",
"8/5/1991","66.5625","38.872501373291","526","35.471","20.075","0","3.15750128248721","0.165608939248854","28.013797872",
"8/6/1991","66.5625","38.872501373291","526","35.229","17.229","0","2.73656365668649","0.185968102212992","27.72168894",
"8/7/1991","66.5625","38.872501373291","526","33.569","19.269","0.4343032512","3.45861224575175","0.280846305388019","23.006415672",
"8/8/1991","66.5625","38.872501373291","526","31.569","16.081","0","3.20083350977994","0.264922371903086","27.679664592",
"8/9/1991","66.5625","38.872501373291","526","31.132","14.108","0","3.87657709819946","0.160798481441007","27.9335817",
"8/10/1991","66.5625","38.872501373291","526","32.087","15.743","0","3.56604984254023","0.133002948498782","28.21578543",
"8/11/1991","66.5625","38.872501373291","526","33.95","18.299","0","3.59145723428285","0.113772896661283","28.08866394",
"8/12/1991","66.5625","38.872501373291","526","35.663","18.709","0","3.272952390093","0.110498824970546","25.31857716",
"8/13/1991","66.5625","38.872501373291","526","35.305","18.184","0.0034332264","3.66198078700009","0.178533168792083","23.32164645",
"8/14/1991","66.5625","38.872501373291","526","36.949","18.977","0","2.99646313899574","0.218899327820728","26.4535902",
"8/15/1991","66.5625","38.872501373291","526","36.208","19.44","0","3.59459400611845","0.193632449935042","26.61771852",
"8/16/1991","66.5625","38.872501373291","526","36.383","20.819","0","3.59841902222651","0.224107066402146","26.38772064",
"8/17/1991","66.5625","38.872501373291","526","36.708","22.392","0","4.48315075747216","0.217378921136364","26.2336482",
"8/18/1991","66.5625","38.872501373291","526","36.916","23.202","0","5.16371944693655","0.184412478890425","26.16856776",
"8/19/1991","66.5625","38.872501373291","526","36.765","20.243","0","3.97409664746035","0.202815333745492","25.763742",
"8/20/1991","66.5625","38.872501373291","526","30.718","20.048","0","5.10568914509127","0.220155054393895","26.24765652",
"8/21/1991","66.5625","38.872501373291","526","31.646","16.554","0","4.22056791839678","0.195303332774333","26.31374352",
"8/22/1991","66.5625","38.872501373291","526","31.602","14.536","0","3.8458713546204","0.169337711777921","26.62616232",
"8/23/1991","66.5625","38.872501373291","526","31.522","14.4","0","3.52191179103829","0.125649744805859","26.68708008",
"8/24/1991","66.5625","38.872501373291","526","31.905","16.022","0","3.4846288246248","0.104522831769099","26.439975",
"8/25/1991","66.5625","38.872501373291","526","33.119","16.384","0","3.46675957391814","0.0880363305495002","26.49402864",
"8/26/1991","66.5625","38.872501373291","526","34.456","18.527","0","3.56425162395026","0.0758025163547743","26.35616124",
"8/27/1991","66.5625","38.872501373291","526","35.433","17.553","0","3.25175757023242","0.0911730970220652","25.88609088",
"8/28/1991","66.5625","38.872501373291","526","34.375","15.541","0","3.59565175108689","0.126836787443337","25.30839492",
"8/29/1991","66.5625","38.872501373291","526","33.758","16.285","0","3.16131361830345","0.162035436513689","24.91154712",
"8/30/1991","66.5625","38.872501373291","526","33.948","18.314","0","3.3183858893256","0.185524789882464","24.64768584",
"8/31/1991","66.5625","38.872501373291","526","33.8","15.305","0","2.7874884533257","0.202064956916142","24.90975072",
"9/1/1991","66.5625","38.872501373291","526","33.946","13.867","0","2.76453974217356","0.160994587490787","25.06416012",
"9/2/1991","66.5625","38.872501373291","526","34.853","15.506","0","3.70426323810019","0.148733883215673","25.0781076",
"9/3/1991","66.5625","38.872501373291","526","36.942","19.644","0","4.09472178270767","0.0840629120461507","24.88882824",
"9/4/1991","66.5625","38.872501373291","526","35.478","19.653","0","3.96373913863686","0.0974454927645538","24.41706192",
"9/5/1991","66.5625","38.872501373291","526","31.94","18.076","0","4.26160782435854","0.191969264558543","23.6653884",
"9/6/1991","66.5625","38.872501373291","526","30.638","13.571","0","2.74657089221067","0.245835062262356","23.514741",
"9/7/1991","66.5625","38.872501373291","526","30.192","12.501","0","2.3547011726114","0.231068900829916","23.63754348",
"9/8/1991","66.5625","38.872501373291","526","32.284","13.56","0","2.97420682230508","0.184240955046196","23.91507792",
"9/9/1991","66.5625","38.872501373291","526","33.646","15.55","0","3.47851133300165","0.0999837361447184","23.97825036",
"9/10/1991","66.5625","38.872501373291","526","34.527","16.823","0","3.75820004988142","0.109278309517921","23.12302752",
"9/11/1991","66.5625","38.872501373291","526","32.638","15.277","0","3.51234806190482","0.189250162677595","22.88801196",
"9/12/1991","66.5625","38.872501373291","526","30.952","13.676","0","3.51502318003145","0.210912364419548","22.8980808",
"9/13/1991","66.5625","38.872501373291","526","31.297","12.731","0","2.88000700401772","0.191735828381964","22.7610054",
"9/14/1991","66.5625","38.872501373291","526","30.182","10.948","0","2.39788865917177","0.200947899672921","22.8961638",
"9/15/1991","66.5625","38.872501373291","526","30.676","13.099","0","3.36091209057838","0.169941160094627","21.93108282",
"9/16/1991","66.5625","38.872501373291","526","26.228","14.013","0","4.36378440352809","0.269646615040599","21.3977241",
"9/17/1991","66.5625","38.872501373291","526","22.235","9.52499999999998","0","3.36148448197143","0.324621379671648","21.610122552",
"9/18/1991","66.5625","38.872501373291","526","23.353","6.55900000000003","0","2.6922292473521","0.303487817800097","21.69501156",
"9/19/1991","66.5625","38.872501373291","526","25.793","10.247","0","2.96308709262459","0.269843709481845","21.36026502",
"9/20/1991","66.5625","38.872501373291","526","27.814","12.342","0","2.8540496543812","0.247736153277712","21.23657118",
"9/21/1991","66.5625","38.872501373291","526","31.16","16.137","0","3.0646255816597","0.162694746285539","21.00380724",
"9/22/1991","66.5625","38.872501373291","526","33.702","16.826","0","2.29512639027274","0.16830496478724","16.610909112",
"9/23/1991","66.5625","38.872501373291","526","32.073","16.479","0","2.71109145518711","0.225882324594788","20.409083712",
"9/24/1991","66.5625","38.872501373291","526","30.024","12.182","0","2.1164317547352","0.290322572071596","20.136040128",
"9/25/1991","66.5625","38.872501373291","526","25.265","12.16","0","3.11383895669134","0.402900124909868","18.746102592",
"9/26/1991","66.5625","38.872501373291","526","18.882","8.524","0","2.9482792067659","0.502285544501965","17.30823786",
"9/27/1991","66.5625","38.872501373291","526","15.838","5.63499999999999","0.099563616","2.29669600907817","0.443574733220471","10.711127448",
"9/28/1991","66.5625","38.872501373291","526","18.722","6.06900000000002","0.65574612","2.60268321900532","0.515156188770579","17.90690922",
"9/29/1991","66.5625","38.872501373291","526","17.341","7.52199999999999","0.044631972","2.03446708777467","0.555831767043262","16.53018858",
"9/30/1991","66.5625","38.872501373291","526","12.735","5.63499999999999","1.4488221456","1.00899399902125","0.712689365279449","5.6680839",
"10/1/1991","66.5625","38.872501373291","526","18.448","8.29899999999998","0.0583648416","1.9969150671812","0.67049382656598","13.22167752",
"10/2/1991","66.5625","38.872501373291","526","17.668","9.65100000000001","5.3455404168","1.765282332773","0.728659453005044","11.19572208",
"10/3/1991","66.5625","38.872501373291","526","21.775","9.375","0","2.55451608272457","0.545302747725051","18.119586312",
"10/4/1991","66.5625","38.872501373291","526","22.99","8.30599999999998","0","1.67724215439548","0.463098303713836","18.14625504",
"10/5/1991","66.5625","38.872501373291","526","23.268","9.19099999999997","0","1.78024100621708","0.444132319182804","15.12810234",
"10/6/1991","66.5625","38.872501373291","526","22.735","8.916","0","1.91951264121689","0.370938474472489","17.82146502",
"10/7/1991","66.5625","38.872501373291","526","19.283","8.54899999999998","0","2.72814086015831","0.32356233476977","14.66031834",
"10/8/1991","66.5625","38.872501373291","526","19.933","7.03300000000002","0","2.23949165156568","0.321979365064106","17.581670568",
"10/9/1991","66.5625","38.872501373291","526","21.408","8.00400000000002","0","2.50340167676421","0.279804594239386","17.551299672",
"10/10/1991","66.5625","38.872501373291","526","21.027","11.164","0","2.722594259849","0.331925424514345","15.34809618",
"10/11/1991","66.5625","38.872501373291","526","13.948","5.60500000000002","0","2.30397978992641","0.468288563254677","17.36201988",
"10/12/1991","66.5625","38.872501373291","526","16.348","3.66000000000003","0","2.7276076630194","0.353227067229163","17.207721",
"10/13/1991","66.5625","38.872501373291","526","13.843","0.752999999999986","0","2.23960634567345","0.419846996680126","16.68655836",
"10/14/1991","66.5625","38.872501373291","526","14.705","1.88999999999999","0","2.47502711491418","0.414946741473867","16.81796538",
"10/15/1991","66.5625","38.872501373291","526","17.79","1.74400000000003","0","2.18081643068766","0.365789085781521","16.640775108",
"10/16/1991","66.5625","38.872501373291","526","19.467","6.65300000000002","0","2.3724530729142","0.275903237591774","15.286272264",
"10/17/1991","66.5625","38.872501373291","526","21.096","5.85000000000002","0","1.75981028189776","0.33200889583335","15.998454036",
"10/18/1991","66.5625","38.872501373291","526","20.134","8.20299999999997","0","1.90046257960107","0.400392175916786","14.392074348",
"10/19/1991","66.5625","38.872501373291","526","20.913","5.27699999999999","0","1.82799915927483","0.496363733910647","15.707809728",
"10/20/1991","66.5625","38.872501373291","526","22.403","6.20600000000002","0","1.49170926724869","0.39054282866971","15.477468048",
"10/21/1991","66.5625","38.872501373291","526","22.165","7.86399999999998","0","1.87785139179961","0.337834422417558","14.617751472",
"10/22/1991","66.5625","38.872501373291","526","21.798","9.30900000000003","0","2.86881535300191","0.293770339255793","15.126188292",
"10/23/1991","66.5625","38.872501373291","526","22.017","10.19","0","2.64745477029364","0.282748400446335","15.09142284",
"10/24/1991","66.5625","38.872501373291","526","23.256","10.503","0","2.48977542667839","0.282273347115521","14.869693692",
"10/25/1991","66.5625","38.872501373291","526","22.932","13.046","0","2.57356858964854","0.343126494469086","13.789688256",
"10/26/1991","66.5625","38.872501373291","526","22.854","10.877","0","2.69179101905679","0.372374652858245","14.31692388",
"10/27/1991","66.5625","38.872501373291","526","22.281","8.471","0","2.11754827529116","0.427635029364433","14.205087288",
"10/28/1991","66.5625","38.872501373291","526","22.171","6.45999999999998","0","1.87948605820865","0.313371590233397","14.449335912",
"10/29/1991","66.5625","38.872501373291","526","21.305","5.59500000000003","0","2.09571601782742","0.227792201466123","14.418679572",
"10/30/1991","66.5625","38.872501373291","526","20.902","4.87700000000001","0","1.99580584470844","0.30342492094545","14.221121832",
"10/31/1991","66.5625","38.872501373291","526","21.125","7.24000000000001","0","2.0776382314105","0.306375096162307","13.922326512",
"11/1/1991","66.5625","38.872501373291","526","20.501","5.58100000000002","0","2.152499617424","0.342998273535156","13.74148242",
"11/2/1991","66.5625","38.872501373291","526","21.362","10.202","0","2.71098380825239","0.290063294464261","13.425692436",
"11/3/1991","66.5625","38.872501373291","526","17.309","4.92399999999998","0.0377655264","1.94145898526284","0.548025134909261","11.079952452",
"11/4/1991","66.5625","38.872501373291","526","18.303","6.72800000000001","0","1.81331786369186","0.606189689975028","11.545540632",
"11/5/1991","66.5625","38.872501373291","526","23.242","10.676","0","2.54004392505655","0.376241001061026","12.88350216",
"11/6/1991","66.5625","38.872501373291","526","20.818","8.88299999999998","0","2.02938034445534","0.459066287693754","12.727294308",
"11/7/1991","66.5625","38.872501373291","526","17.031","5.63499999999999","0","1.20282123572805","0.541667669096802","11.298484836",
"11/8/1991","66.5625","38.872501373291","526","13.945","3.411","0","1.60833982588354","0.620082070756847","11.378358",
"11/9/1991","66.5625","38.872501373291","526","15.048","3.31900000000002","0","1.91441223072464","0.67303629600747","12.062423484",
"11/10/1991","66.5625","38.872501373291","526","14.896","3.493","0","1.48971843093574","0.703711907770423","11.675191284",
"11/11/1991","66.5625","38.872501373291","526","14.663","6.18299999999999","0","2.06850890577037","0.690111265041825","10.107226332",
"11/12/1991","66.5625","38.872501373291","526","15.785","2.68599999999998","0","1.41488753440523","0.667256205501004","11.797311096",
"11/13/1991","66.5625","38.872501373291","526","13.722","4.81200000000001","0.0892639656","1.30628953906457","0.713994320796711","8.430582096",
"11/14/1991","66.5625","38.872501373291","526","13.674","4.02600000000001","0","2.4821056207924","0.588268869806435","11.829208932",
"11/15/1991","66.5625","38.872501373291","526","14.929","5.94999999999999","0.041198724","2.72390807188717","0.45067525040983","10.932127632",
"11/16/1991","66.5625","38.872501373291","526","11.928","5.51499999999999","1.809310356","1.27963735860961","0.717017883756012","5.211169092",
"11/17/1991","66.5625","38.872501373291","526","11.78","5.03699999999998","1.869392196","1.30085473247764","0.70309642145512","6.955365312",
"11/18/1991","66.5625","38.872501373291","526","14.544","5.214","1.4110566264","2.70070307695738","0.638650113817514","7.2646272",
"11/19/1991","66.5625","38.872501373291","526","11.439","7.113","5.870818764","3.2101541634176","0.809021397457601","3.08547756",
"11/20/1991","66.5625","38.872501373291","526","8.524","0.961999999999989","8.6174052264","3.27580333154171","0.841395810249636","1.45012491",
"11/21/1991","66.5625","38.872501373291","526","6.74700000000001","-0.769000000000005","0","2.44947614065492","0.608772355343681","11.117364012",
"11/22/1991","66.5625","38.872501373291","526","8.51799999999997","-0.725000000000023","0","1.9414572986413","0.602972364005717","11.10644568",
"11/23/1991","66.5625","38.872501373291","526","6.09899999999999","-0.367999999999995","0.38967156","1.99894511618903","0.723378672457666","6.512399028",
"11/24/1991","66.5625","38.872501373291","526","9.512","-0.132000000000005","0","2.02046659726311","0.727834468435442","10.928587338",
"11/25/1991","66.5625","38.872501373291","526","10.736","-1.74700000000001","0","2.1196564213588","0.720745600464616","11.170854828",
"11/26/1991","66.5625","38.872501373291","526","11.246","0.947999999999979","0","1.38602989438504","0.495653866267258","11.019601512",
"11/27/1991","66.5625","38.872501373291","526","6.786","1.51499999999999","3.3971810184","1.47226517119924","0.61940053874717","3.09988314",
"11/28/1991","66.5625","38.872501373291","526","3.79000000000002","-2.86099999999999","4.631422752","0.891708870944625","0.949435848447215","6.65032563",
"11/29/1991","66.5625","38.872501373291","526","4.935","-6.14800000000002","0","2.14355578336743","0.874553155377597","10.65351924",
"11/30/1991","66.5625","38.872501373291","526","8.67500000000001","-0.232000000000028","0","3.30728837020739","0.638875729399403","10.50806331",
"12/1/1991","66.5625","38.872501373291","526","11.716","2.72199999999998","0","6.30698208558896","0.471809469350072","10.7894817",
"12/2/1991","66.5625","38.872501373291","526","16.396","8.59399999999999","0.4497529464","5.65006183960216","0.41547640588799","9.52290198",
"12/3/1991","66.5625","38.872501373291","526","11.23","6.99099999999999","0.9681705936","2.69322878686163","0.690074382488007","6.62765598",
"12/4/1991","66.5625","38.872501373291","526","13.681","4.78199999999998","0","3.03005150740259","0.713815003198977","9.88217397",
"12/5/1991","66.5625","38.872501373291","526","16.195","9.36399999999998","0.6437298744","6.68816726793175","0.579883729490397","6.14542554",
"12/6/1991","66.5625","38.872501373291","526","16.134","8.14100000000002","3.168011376","3.27905954215497","0.769122814867035","6.71849937",
"12/7/1991","66.5625","38.872501373291","526","12.2","3.483","0.8016588","1.6250643677546","0.74753431920548","9.9762138",
"12/8/1991","66.5625","38.872501373291","526","14.697","4.38900000000001","0","2.62927172193094","0.624591492453871","9.47655162",
"12/9/1991","66.5625","38.872501373291","526","14.618","8.512","2.45990808","3.83228080935189","0.66196942649455","9.23743269",
"12/10/1991","66.5625","38.872501373291","526","14.579","10.051","1.71146556","8.73946612754871","0.540988137225978","3.50240607",
"12/11/1991","66.5625","38.872501373291","526","13.562","7.82100000000003","1.9277572824","2.95352123922249","0.722977534358039","7.62919029",
"12/12/1991","66.5625","38.872501373291","526","13.088","6.00799999999998","1.4685631992","3.03507279933632","0.749260374042441","8.47946214",
"12/13/1991","66.5625","38.872501373291","526","12.722","5.315","13.7689667064","5.04129718345913","0.797218400069808","0.51491259",
"12/14/1991","66.5625","38.872501373291","526","6.08999999999998","3.44600000000003","6.49395036","1.68771528160078","0.869054909991963","3.30220935",
"12/15/1991","66.5625","38.872501373291","526","9.51299999999998","4.16000000000003","6.6209761224","3.03673463996622","0.875231632867783","4.69535742",
"12/16/1991","66.5625","38.872501373291","526","11.765","6.49799999999999","8.6345703","4.89560457961823","0.81946238575148","5.77602999",
"12/17/1991","66.5625","38.872501373291","526","5.45400000000001","-2.50999999999999","6.796078812","3.17213679504353","0.794723258544235","7.82482563",
"12/18/1991","66.5625","38.872501373291","526","4.26999999999998","-2.72699999999998","0","1.55764186806538","0.692867504414704","9.8004951",
"12/19/1991","66.5625","38.872501373291","526","2.892","-2.988","0","2.14544952303221","0.62116717881877","9.817477938",
"12/20/1991","66.5625","38.872501373291","526","1.57600000000002","-9.70699999999999","0","1.73143895975794","0.815025854640745","8.3413098",
"12/21/1991","66.5625","38.872501373291","526","1.31299999999999","-10.119","0","1.18128048315663","0.919485745035731","9.25194285",
"12/22/1991","66.5625","38.872501373291","526","7.76499999999999","-3.983","0","1.63245497342246","0.762589258753868","9.66053655",
"12/23/1991","66.5625","38.872501373291","526","5.32100000000003","-2.88400000000001","0","1.56173882406401","0.724266996399097","9.50354982",
"12/24/1991","66.5625","38.872501373291","526","2.52499999999998","-3.29300000000001","0","1.67876004964889","0.626941042062014","9.660938832",
"12/25/1991","66.5625","38.872501373291","526","4.45999999999998","-4.21899999999999","0","1.74235344465349","0.574033781661614","9.8315982",
"12/26/1991","66.5625","38.872501373291","526","6.86599999999999","0.0960000000000036","0.8625985704","3.57689839253541","0.540605567268927","5.00681088",
"12/27/1991","66.5625","38.872501373291","526","2.67599999999999","-1.07799999999997","4.17652344","3.50677587004754","0.854428666238838","5.33160216",
"12/28/1991","66.5625","38.872501373291","526","9.30099999999999","-0.610000000000014","0","4.62057499338127","0.534922507909167","9.983195568",
"12/29/1991","66.5625","38.872501373291","526","6.98899999999998","1.74599999999998","0.1210212504","3.99509077380052","0.589835953927091","8.290690092",
"12/30/1991","66.5625","38.872501373291","526","5.60000000000002","0.774000000000001","0.312423624","2.64193579904179","0.757859743632173","9.196317504",
"12/31/1991","66.5625","38.872501373291","526","2.70600000000002","1.44900000000001","7.3977477624","4.65718858141131","0.811179297505205","2.151394182",
"1/1/1992","66.5625","38.872501373291","526","7.33100000000002","5.35700000000003","3.0753143784","7.32500342239024","0.580535994626265","2.26642338",
"1/2/1992","66.5625","38.872501373291","526","8.49900000000002","1.72300000000001","1.61876844","4.07341008686211","0.746237436366653","9.258300144",
"1/3/1992","66.5625","38.872501373291","526","7.08600000000001","2.89100000000002","3.062438676","6.8338860110524","0.828669008311067","2.83815144",
"1/4/1992","66.5625","38.872501373291","526","7.029","-1.25400000000002","8.492079744","2.88033779464613","0.955965385218248","2.64599721",
"1/5/1992","66.5625","38.872501373291","526","2.01600000000002","-6.565","0.164794824","1.50827175125264","0.899247962453303","10.185809148",
"1/6/1992","66.5625","38.872501373291","526","2.94999999999999","-3.09699999999998","5.5772714448","2.82018898297306","0.876445137887557","4.9268817",
"1/7/1992","66.5625","38.872501373291","526","2.18900000000002","-4.29500000000002","1.1913301008","3.6992650663023","0.891036944964745","10.090408716",
"1/8/1992","66.5625","38.872501373291","526","4.22500000000002","-4.02800000000002","0.1544952384","2.51754515207351","0.830886323257567","9.027342792",
"1/9/1992","66.5625","38.872501373291","526","-0.591000000000008","-4.47699999999998","5.4004631472","2.38465937191731","0.939737482257559","3.38315445",
"1/10/1992","66.5625","38.872501373291","526","-1.82100000000003","-12.541","0.6119731512","2.10999641977108","0.927045156281056","9.981786348",
"1/11/1992","66.5625","38.872501373291","526","1.137","-7.875","0","4.91206801403991","0.809412207810699","10.998220356",
"1/12/1992","66.5625","38.872501373291","526","1.64400000000001","-4.459","0","3.64499253158136","0.808011073040729","9.40241016",
"1/13/1992","66.5625","38.872501373291","526","2.35000000000002","-6.62200000000001","0","2.092842504227","0.798254553693702","10.332561528",
"1/14/1992","66.5625","38.872501373291","526","5.19299999999998","2.03300000000002","2.5749223632","4.47776498252925","0.896091680278334","6.59086587",
"1/15/1992","66.5625","38.872501373291","526","5.33600000000001","-0.0869999999999891","2.742290568","1.82926802940956","0.919389778073264","4.272635952",
"1/16/1992","66.5625","38.872501373291","526","8.06900000000002","1.572","0.0068664528","5.97508337100436","0.770990307050762","10.290039552",
"1/17/1992","66.5625","38.872501373291","526","9.98200000000003","5.07400000000001","0.517559364","5.66661059674446","0.724744924009635","7.42100598",
"1/18/1992","66.5625","38.872501373291","526","6.12099999999998","1.78100000000001","4.53872988","4.35951474744934","0.90795557217862","6.607121868",
"1/19/1992","66.5625","38.872501373291","526","8.61500000000001","2.93900000000002","0.0034332264","5.94420327192139","0.873532625096056","9.827045748",
"1/20/1992","66.5625","38.872501373291","526","10.701","2.93799999999999","0","3.38846193450651","0.819884723303475","10.057103388",
"1/21/1992","66.5625","38.872501373291","526","9.38400000000001","3.85899999999998","0.0549316584","3.75348076574469","0.821472854082059","10.74909492",
"1/22/1992","66.5625","38.872501373291","526","9.10899999999998","3.69499999999999","0.961303356","2.62959871647676","0.814241349787414","10.631193156",
"1/23/1992","66.5625","38.872501373291","526","3.959","0.625","3.592872792","1.635065195773","0.959492615703573","5.51897262",
"1/24/1992","66.5625","38.872501373291","526","2.08699999999999","-6.94099999999997","14.512248","2.36110646170744","0.967844549160313","2.704161924",
"1/25/1992","66.5625","38.872501373291","526","0.58499999999998","-13.916","0.0823974408","2.18104154729327","0.928435572172621","10.590184548",
"1/26/1992","66.5625","38.872501373291","526","1.27499999999998","-6.62200000000001","5.9334762744","2.35118112835198","0.936320855793548","10.664152956",
"1/27/1992","66.5625","38.872501373291","526","-3.89299999999997","-18.632","0.49953492","2.09236857923624","0.899039473584751","11.301864048",
"1/28/1992","66.5625","38.872501373291","526","-1.06999999999999","-14.762","0.2823829344","1.65197009469955","0.88030827019305","9.47896434",
"1/29/1992","66.5625","38.872501373291","526","-2.67500000000001","-13.755","1.8342019584","1.70053052160384","0.934878939377893","9.162785736",
"1/30/1992","66.5625","38.872501373291","526","2.38499999999999","-10.369","0","3.33594069536774","0.849512791233364","12.803792868",
"1/31/1992","66.5625","38.872501373291","526","5.173","-0.329000000000008","1.2702945384","5.27796736464901","0.812634678795859","7.391474928",
"2/1/1992","66.5625","38.872501373291","526","5.08600000000001","-1.21800000000002","0.6454468728","1.8452406471863","0.911035458435848","8.351551728",
"2/2/1992","66.5625","38.872501373291","526","8.142","0.747000000000014","0.19912698","2.6326254710331","0.862032687208401","12.314758752",
"2/3/1992","66.5625","38.872501373291","526","7.90800000000002","1.12","0.4669190064","3.19214090189915","0.809871022055863","9.813993588",
"2/4/1992","66.5625","38.872501373291","526","7.64600000000002","0.896999999999991","0.604248084","1.97887696491424","0.874498280914545","8.314815672",
"2/5/1992","66.5625","38.872501373291","526","3.84100000000001","2.38799999999998","0.0514984104","3.77907853817979","0.914580525097139","11.877863904",
"2/6/1992","66.5625","38.872501373291","526","3.95800000000003","1.57999999999998","13.7105990064","3.04788079480931","0.988110089405289","3.587287536",
"2/7/1992","66.5625","38.872501373291","526","5.142","-3.072","0.284958144","3.46695098269856","0.892033059044012","13.66132536",
"2/8/1992","66.5625","38.872501373291","526","8.67599999999999","0.677999999999997","0","5.22761185236356","0.664722047569712","13.63387734",
"2/9/1992","66.5625","38.872501373291","526","10.414","3.70299999999997","0.6763453704","4.21700433769413","0.675303288010888","11.80535706",
"2/10/1992","66.5625","38.872501373291","526","5.11500000000001","0.192000000000007","3.220368804","2.19301637510928","0.884536734800456","7.986429594",
"2/11/1992","66.5625","38.872501373291","526","3.24000000000001","-2.41399999999999","0.04119876","4.440507239061","0.888447933324623","13.96614366",
"2/12/1992","66.5625","38.872501373291","526","2.02100000000002","-11.317","15.6211821","3.24660784321918","0.934895719001598","4.25064204",
"2/13/1992","66.5625","38.872501373291","526","2.47699999999998","-12.194","0","3.12995146629936","0.808697795118538","14.9457348",
"2/14/1992","66.5625","38.872501373291","526","4.59699999999998","-3.06299999999999","0","5.68122640625853","0.774456278062423","14.87142666",
"2/15/1992","66.5625","38.872501373291","526","7.02499999999998","0.192000000000007","0.1991274192","3.22085096514178","0.788877175824139","12.99875634",
"2/16/1992","66.5625","38.872501373291","526","2.70800000000003","-1.72000000000003","0.9304047864","2.87071838732903","0.921485012344843","8.450601552",
"2/17/1992","66.5625","38.872501373291","526","4.19999999999999","-6.86599999999999","0.0034332264","1.63502964699146","0.862439269422903","14.848592688",
"2/18/1992","66.5625","38.872501373291","526","8.94","-1.65600000000001","0","3.80061335878904","0.737605409673227","15.95581344",
"2/19/1992","66.5625","38.872501373291","526","7.69400000000002","0.420999999999992","0","2.66704440739905","0.736660997961782","13.195181088",
"2/20/1992","66.5625","38.872501373291","526","10.377","1.11200000000002","0","3.89386417622939","0.718762660809629","15.762940128",
"2/21/1992","66.5625","38.872501373291","526","12.831","3.38400000000001","0","5.3125967381901","0.597545718919781","15.674114448",
"2/22/1992","66.5625","38.872501373291","526","10.046","4.56799999999998","1.6101849168","4.3698798301576","0.727717523862363","11.380043448",
"2/23/1992","66.5625","38.872501373291","526","6.358","2.733","0.0137329056","7.60749580358513","0.862863163762136","15.219225",
"2/24/1992","66.5625","38.872501373291","526","13.917","6.702","0.274658508","8.38119829587296","0.559301664953651","6.30191088",
"2/25/1992","66.5625","38.872501373291","526","17.394","11.508","3.2443965864","8.4832535738607","0.566867828439409","10.234464048",
"2/26/1992","66.5625","38.872501373291","526","12.075","-0.0369999999999777","9.190751976","3.4592148800014","0.816163005123841","7.107188256",
"2/27/1992","66.5625","38.872501373291","526","0.0810000000000173","-3.03800000000001","0.2780914248","2.00156045176709","0.824413523516626","10.412834688",
"2/28/1992","66.5625","38.872501373291","526","0.0260000000000105","-4.99799999999999","0.04119876","1.79026708524285","0.729574475218658","13.00753458",
"2/29/1992","66.5625","38.872501373291","526","3.88900000000001","-6.50299999999999","0","1.9406313037344","0.691794948531515","17.39711232",
"3/1/1992","66.5625","38.872501373291","526","7.40300000000002","-2.40199999999999","0.0480651624","2.42692190185492","0.691303220841492","17.2450125",
"3/2/1992","66.5625","38.872501373291","526","4.78500000000003","-1.53100000000001","2.3483284344","2.40639024291703","0.823864076357269","6.85811124",
"3/3/1992","66.5625","38.872501373291","526","4.94499999999999","-0.925999999999988","0","2.72368804315326","0.728645760312009","17.14168332",
"3/4/1992","66.5625","38.872501373291","526","4.40600000000001","-1.56099999999998","0.0549316224","2.67957087980871","0.60534311831802","15.05346048",
"3/5/1992","66.5625","38.872501373291","526","8.57499999999999","-2.53100000000001","0","2.06081494297837","0.568990150639089","18.3181482",
"3/6/1992","66.5625","38.872501373291","526","13.843","2.78399999999999","0","4.24454377402474","0.477140524995058","18.32652972",
"3/7/1992","66.5625","38.872501373291","526","13.225","4.69499999999999","5.4571188744","3.58979329501659","0.608773539415853","12.190445388",
"3/8/1992","66.5625","38.872501373291","526","7.75700000000001","0.918000000000006","4.5962306496","2.75448297924128","0.898404595102367","9.416643984",
"3/9/1992","66.5625","38.872501373291","526","6.791","-1.077","0.0411987456","2.39037741947435","0.777072653824519","17.23235868",
"3/10/1992","66.5625","38.872501373291","526","6.36700000000002","0.189000000000021","7.391735028","2.10079686136525","0.856634164327128","4.93959564",
"3/11/1992","66.5625","38.872501373291","526","-0.151999999999987","-3.72000000000003","4.597094376","3.23725096107486","0.866733083781702","15.80883174",
"3/12/1992","66.5625","38.872501373291","526","1.38600000000002","-3.84800000000001","1.801586556","2.66665230639735","0.731989489119809","14.48179056",
"3/13/1992","66.5625","38.872501373291","526","0.740999999999985","-9.875","0","2.63605522128189","0.818562048006159","19.89016992",
"3/14/1992","66.5625","38.872501373291","526","10.671","-4.85399999999999","0","6.36910750499428","0.466650406353244","20.34281016",
"3/15/1992","66.5625","38.872501373291","526","14.19","3.51900000000001","0.0102996792","3.64460773380411","0.422702157963821","19.46424528",
"3/16/1992","66.5625","38.872501373291","526","12.871","5.77800000000002","3.5139083544","2.60929627207527","0.658313880760079","9.21836547",
"3/17/1992","66.5625","38.872501373291","526","11.035","4.43099999999998","5.942919924","1.96735321383389","0.871098189453229","11.699546292",
"3/18/1992","66.5625","38.872501373291","526","12.045","2.726","0","2.11800839641277","0.791232252096751","18.76337397",
"3/19/1992","66.5625","38.872501373291","526","11.158","1.50599999999997","0","2.30592332026753","0.733970913368193","17.50977882",
"3/20/1992","66.5625","38.872501373291","526","7.798","-1.00599999999997","0.0274658112","1.96908404093734","0.747952485437226","16.902728712",
"3/21/1992","66.5625","38.872501373291","526","11.5","-0.446000000000026","0","2.06955655155635","0.704663301989936","21.077886888",
"3/22/1992","66.5625","38.872501373291","526","11.699","-3.05900000000003","0.0137329128","1.50869471415871","0.817176007271445","19.8335808",
"3/23/1992","66.5625","38.872501373291","526","5.10199999999998","0.771000000000015","4.2039879264","1.31836003794546","0.965215492393232","11.7045576",
"3/24/1992","66.5625","38.872501373291","526","12.343","2.56599999999997","0.9836201448","2.60683527199627","0.896342767171774","18.33322446",
"3/25/1992","66.5625","38.872501373291","526","12.145","5.89299999999997","16.155054576","2.75081088284943","0.863803887477253","15.000581862",
"3/26/1992","66.5625","38.872501373291","526","6.16399999999999","-1.18200000000002","17.58413592","2.88929952591759","0.966971173493855","8.670149712",
"3/27/1992","66.5625","38.872501373291","526","10.07","-1.56599999999997","0.0978469776","2.64934739446732","0.744731084976524","21.335843808",
"3/28/1992","66.5625","38.872501373291","526","11.796","-1.56099999999998","0","2.14893726434275","0.69779419224117","22.039654248",
"3/29/1992","66.5625","38.872501373291","526","3.80500000000001","-4.78100000000001","0.0514984176","3.25028181674419","0.88286209773839","14.95890252",
"3/30/1992","66.5625","38.872501373291","526","7.20999999999998","1.76400000000001","0.0068664528","7.55581121343807","0.904123606445435","21.50966196",
"3/31/1992","66.5625","38.872501373291","526","19.178","7.786","0.823974336","8.48349174548339","0.617478818370648","19.544683032",
"4/1/1992","66.5625","38.872501373291","526","13.211","8.59699999999998","14.10197832","2.87845769549341","0.786363245639621","3.053700036",
"4/2/1992","66.5625","38.872501373291","526","14.514","7.87299999999999","4.2091411464","2.47483157704731","0.818271907854969","14.480611488",
"4/3/1992","66.5625","38.872501373291","526","15.188","7.21899999999999","0.1201629528","2.47696340770999","0.729049562617397","17.598823272",
"4/4/1992","66.5625","38.872501373291","526","14.564","4.87700000000001","0","2.41000043105957","0.710666823500631","22.79475306",
"4/5/1992","66.5625","38.872501373291","526","17.654","5.67200000000003","0","3.42157353254215","0.684376311784421","20.65100616",
"4/6/1992","66.5625","38.872501373291","526","12.514","5.94900000000001","1.0162351944","3.20750242170357","0.728276744856292","17.3036187",
"4/7/1992","66.5625","38.872501373291","526","14.502","3.97899999999999","0","3.1056710762927","0.6012920032963","24.03342468",
"4/8/1992","66.5625","38.872501373291","526","17.537","4.12700000000001","0","2.92488717744461","0.54733506312556","21.10426524",
"4/9/1992","66.5625","38.872501373291","526","19.449","4.834","0","2.5706149165212","0.539805716174804","23.7868848",
"4/10/1992","66.5625","38.872501373291","526","18.323","9.23899999999998","0.5355834264","2.98707002073073","0.571685984953073","20.18345868",
"4/11/1992","66.5625","38.872501373291","526","15.827","8.899","5.2408248264","2.886843194093","0.768724297202073","13.76088948",
"4/12/1992","66.5625","38.872501373291","526","17.349","8.82400000000001","4.490659116","2.82327709754285","0.719890402251084","18.53713152",
"4/13/1992","66.5625","38.872501373291","526","24.012","10.351","0","4.51063114095173","0.503147957748241","24.7973076",
"4/14/1992","66.5625","38.872501373291","526","25.987","14.331","0","4.9424518207714","0.375499346102349","24.79016196",
"4/15/1992","66.5625","38.872501373291","526","26.751","16.636","1.30119372","4.6509848886686","0.400193561426185","20.63424384",
"4/16/1992","66.5625","38.872501373291","526","18.284","6.83699999999999","8.0234514","3.57744777075312","0.733770254249129","10.37845908",
"4/17/1992","66.5625","38.872501373291","526","14.372","4.57400000000001","0.0102996792","2.20597519178282","0.709218300607842","24.67310976",
"4/18/1992","66.5625","38.872501373291","526","20.428","4.98700000000002","0","3.02810185652714","0.607207024549816","24.48298404",
"4/19/1992","66.5625","38.872501373291","526","22.923","12.655","0.06179814","3.19424024681001","0.545433804684525","24.46548732",
"4/20/1992","66.5625","38.872501373291","526","18.514","10.944","3.162001212","2.03543401602583","0.695971260173378","12.923042112",
"4/21/1992","66.5625","38.872501373291","526","18.701","8.37200000000001","0.051498396","2.37491359630908","0.659874299827028","23.06154276",
"4/22/1992","66.5625","38.872501373291","526","23.579","10.115","0","2.47959533221068","0.571667359649525","24.7797576",
"4/23/1992","66.5625","38.872501373291","526","24.648","13.154","0.212859864","3.39760147538762","0.530280144851428","24.87915864",
"4/24/1992","66.5625","38.872501373291","526","19.771","10.88","5.62877478","2.28718914801622","0.670966923496822","21.84378831",
"4/25/1992","66.5625","38.872501373291","526","27.075","12.049","2.67105618","3.65788266724402","0.547753276905939","22.59489717",
"4/26/1992","66.5625","38.872501373291","526","25.573","14.817","0.085830696","3.74366164588798","0.535084338288183","24.73323867",
"4/27/1992","66.5625","38.872501373291","526","24.155","13.362","1.235960892","1.68656933732306","0.639790979188518","21.90701682",
"4/28/1992","66.5625","38.872501373291","526","20.045","12.059","13.26599064","4.35970493050122","0.781948108115289","13.78895796",
"4/29/1992","66.5625","38.872501373291","526","20.145","9.41199999999998","0.2231598528","2.82742488118322","0.704175835228776","25.49295414",
"4/30/1992","66.5625","38.872501373291","526","19.562","9.88799999999998","0.2540590128","2.93104604200977","0.668600662055405","24.249313008",
"5/1/1992","66.5625","38.872501373291","526","14.564","6.36599999999999","0.52528392","3.04394962911952","0.662661442940925","22.892735952",
"5/2/1992","66.5625","38.872501373291","526","12.06","3.40699999999998","0.0841140504","3.35518348360079","0.67836711960167","21.30963228",
"5/3/1992","66.5625","38.872501373291","526","11.989","1.60599999999999","0","3.77618364303324","0.616575495590625","26.920513728",
"5/4/1992","66.5625","38.872501373291","526","15.23","2.30799999999999","0","2.74668726580158","0.538612745964468","28.230697872",
"5/5/1992","66.5625","38.872501373291","526","16.44","4.87799999999999","3.9035799","2.41181468328092","0.654133006304573","18.048825",
"5/6/1992","66.5625","38.872501373291","526","14.785","4.23700000000002","0.475502148","2.2267735514679","0.611216440851577","26.824839408",
"5/7/1992","66.5625","38.872501373291","526","19.88","7.07900000000001","0.0137328984","3.01789895478129","0.472175338375714","24.866154",
"5/8/1992","66.5625","38.872501373291","526","17.784","8.59300000000002","0.243759384","2.24623898380995","0.602502419470915","22.9075335",
"5/9/1992","66.5625","38.872501373291","526","23.459","9.363","0","2.67718799743141","0.528225256041304","27.867879288",
"5/10/1992","66.5625","38.872501373291","526","29.073","15.765","0","4.25944002253961","0.388194058073244","27.23512842",
"5/11/1992","66.5625","38.872501373291","526","25.89","17.116","2.08568772","4.09125319884046","0.525314667366482","20.717885088",
"5/12/1992","66.5625","38.872501373291","526","23.071","14.744","11.624908932","2.75366890552151","0.696708663613351","9.596194488",
"5/13/1992","66.5625","38.872501373291","526","24.869","14.76","0.2978322552","2.25623294941702","0.641570901076661","22.380072408",
"5/14/1992","66.5625","38.872501373291","526","24.68","15.623","1.9123059312","2.6955404400839","0.609805514880536","26.713061928",
"5/15/1992","66.5625","38.872501373291","526","20.01","11.608","0.2300262624","2.49740151756414","0.686514827999701","20.9975643",
"5/16/1992","66.5625","38.872501373291","526","21.273","12.113","0.212860368","2.57297724228671","0.591447839319047","24.89641884",
"5/17/1992","66.5625","38.872501373291","526","21.47","11.387","0.204277248","1.9860267739834","0.603244029183446","26.10140202",
"5/18/1992","66.5625","38.872501373291","526","22.601","11.053","0","2.04752476844266","0.531121914748107","26.98588656",
"5/19/1992","66.5625","38.872501373291","526","25.396","13.177","0","2.47585905646226","0.473187046005905","28.52549568",
"5/20/1992","66.5625","38.872501373291","526","24.66","15.022","0.00686646","2.30033453285592","0.444725179213677","22.29648192",
"5/21/1992","66.5625","38.872501373291","526","23.681","11.987","0","3.16651748303787","0.456099943295559","28.8050076",
"5/22/1992","66.5625","38.872501373291","526","25.843","15.051","0","3.42066219622039","0.422506259168481","28.14019128",
"5/23/1992","66.5625","38.872501373291","526","26.686","12.953","0","2.72761847541927","0.392510343338207","28.68817824",
"5/24/1992","66.5625","38.872501373291","526","25.842","14.56","0.784492956","3.16804983824175","0.51301994769936","17.8017156",
"5/25/1992","66.5625","38.872501373291","526","23.188","11.144","0","2.60284869174047","0.533827458829381","27.4149504",
"5/26/1992","66.5625","38.872501373291","526","21.805","10.101","0","3.40572929674211","0.473505732679975","29.69931996",
"5/27/1992","66.5625","38.872501373291","526","22.659","8.91000000000003","0","3.63927916565697","0.393005557513967","30.37445928",
"5/28/1992","66.5625","38.872501373291","526","22.685","9.50400000000002","0","3.21535078959038","0.428768307495734","25.3022634",
"5/29/1992","66.5625","38.872501373291","526","24.544","10.284","0","4.09112203437996","0.351593610734483","30.56655564",
"5/30/1992","66.5625","38.872501373291","526","26.333","11.476","0","2.72991088481668","0.305232349884851","30.47169852",
"5/31/1992","66.5625","38.872501373291","526","28.546","14.085","0","2.64598088116122","0.254258975948981","30.12750972",
"6/1/1992","66.5625","38.872501373291","526","28.212","16.663","0","3.2661538095425","0.41004535784101","23.08387968",
"6/2/1992","66.5625","38.872501373291","526","28.29","13.837","0","2.96018231426154","0.459294410765391","29.66973336",
"6/3/1992","66.5625","38.872501373291","526","30.992","17.142","0","2.69630780636591","0.359589708898216","28.38307464",
"6/4/1992","66.5625","38.872501373291","526","32.042","18.158","0","2.15635176102074","0.348721041406168","26.92090908",
"6/5/1992","66.5625","38.872501373291","526","31.144","18.552","0.211143528","3.82792503066553","0.408399972091991","26.35998984",
"6/6/1992","66.5625","38.872501373291","526","28.034","16.333","0","3.95891001191424","0.454282279790779","28.83206556",
"6/7/1992","66.5625","38.872501373291","526","28.262","15.311","0","3.08760102047021","0.410551586115255","30.03807204",
"6/8/1992","66.5625","38.872501373291","526","29.666","14.753","0","2.28104372559485","0.349593830542752","28.64925324",
"6/9/1992","66.5625","38.872501373291","526","30.552","16.034","0","2.44185810469028","0.310211533814027","29.82622644",
"6/10/1992","66.5625","38.872501373291","526","30.67","18.771","0","2.87904572188229","0.265782634159831","29.46796668",
"6/11/1992","66.5625","38.872501373291","526","31.386","19.517","0","3.34789568328496","0.218365667900177","30.44378628",
"6/12/1992","66.5625","38.872501373291","526","31.538","17.066","0","3.24411048680956","0.232879032300419","30.10590756",
"6/13/1992","66.5625","38.872501373291","526","25.121","15.59","0.492668388","2.74378765741041","0.393366208770259","17.09662644",
"6/14/1992","66.5625","38.872501373291","526","24.565","14.243","0.17595288","1.73207722378191","0.485631948040545","24.09418368",
"6/15/1992","66.5625","38.872501373291","526","28.254","13.894","0","3.0957746082093","0.404934070663967","29.79326592",
"6/16/1992","66.5625","38.872501373291","526","29.426","16.085","0","3.48495637358189","0.383683419878392","30.06095544",
"6/17/1992","66.5625","38.872501373291","526","29.865","15.669","0","3.33184187825827","0.331338327559398","30.6282438",
"6/18/1992","66.5625","38.872501373291","526","31.97","16.942","0","3.15848761191993","0.253919328728593","31.03763292",
"6/19/1992","66.5625","38.872501373291","526","35.115","19.672","0","3.28841177180314","0.165453984173983","30.8529558",
"6/20/1992","66.5625","38.872501373291","526","37.727","21.915","0","4.36595355354518","0.150243912517277","23.63242644",
"6/21/1992","66.5625","38.872501373291","526","31.829","21.986","0","5.0032861661754","0.218955517332851","28.8956754",
"6/22/1992","66.5625","38.872501373291","526","31.308","20.165","0","3.13807020447054","0.208613071307456","30.48496776",
"6/23/1992","66.5625","38.872501373291","526","31.995","17.236","0","2.85298348116581","0.204680400353514","30.4684308",
"6/24/1992","66.5625","38.872501373291","526","31.965","17.471","0","3.40045243301037","0.219826993195371","30.33432828",
"6/25/1992","66.5625","38.872501373291","526","32.457","19.727","0","4.31096917501545","0.197723759689564","30.7443996",
"6/26/1992","66.5625","38.872501373291","526","34.089","19.928","0","4.64707129545683","0.182717044509713","30.50363952",
"6/27/1992","66.5625","38.872501373291","526","35.461","21.336","0","4.36253788604624","0.19245958091064","29.95003224",
"6/28/1992","66.5625","38.872501373291","526","34.896","22.915","0","3.70310403606535","0.192433164463831","29.96032212",
"6/29/1992","66.5625","38.872501373291","526","33.153","20.323","0","3.33196140890571","0.243149148358076","29.60454312",
"6/30/1992","66.5625","38.872501373291","526","33.13","20.203","0","3.79537911957435","0.254482176376527","29.88376416",
"7/1/1992","66.5625","38.872501373291","526","32.232","17.111","0","2.69360447121149","0.259262549364588","30.47546484",
"7/2/1992","66.5625","38.872501373291","526","30.783","16.192","0","3.25426624713811","0.285172018459816","30.3598152",
"7/3/1992","66.5625","38.872501373291","526","31.712","15.184","0","2.79765205498186","0.244710513014446","30.73797828",
"7/4/1992","66.5625","38.872501373291","526","33.466","16.177","0","3.13885334476836","0.147461998109055","31.76420184",
"7/5/1992","66.5625","38.872501373291","526","35.347","17.98","0","2.98268696618763","0.0965782328683162","31.28636592",
"7/6/1992","66.5625","38.872501373291","526","37.224","20.158","0","4.85967326080253","0.128578868060796","29.9888388",
"7/7/1992","66.5625","38.872501373291","526","36.771","24.624","0","5.17373934404679","0.160231677427023","29.78544888",
"7/8/1992","66.5625","38.872501373291","526","33.474","22.657","0","4.74973478353744","0.207291360512435","26.86274784",
"7/9/1992","66.5625","38.872501373291","526","34.915","20.001","0","3.40737691028142","0.271909527122984","29.7136692",
"7/10/1992","66.5625","38.872501373291","526","36.647","20.103","0","3.10035219751733","0.219496939935641","30.41757756",
"7/11/1992","66.5625","38.872501373291","526","37.274","19.078","0","2.55598251473548","0.136316745876697","30.73331628",
"7/12/1992","66.5625","38.872501373291","526","38.309","18.6","0","2.89459831201802","0.139578933709749","29.18846808",
"7/13/1992","66.5625","38.872501373291","526","35.238","22.577","0","2.83297108328124","0.211383027504563","20.3757732",
"7/14/1992","66.5625","38.872501373291","526","32.047","21.529","0","3.00120097200463","0.254064831178779","20.4941826",
"7/15/1992","66.5625","38.872501373291","526","33.102","17.045","0","2.93844348473234","0.295988513817263","29.4878214",
"7/16/1992","66.5625","38.872501373291","526","33.606","17.813","0","3.25704103867953","0.237710096848816","30.215703888",
"7/17/1992","66.5625","38.872501373291","526","34.84","19.612","0","3.45531739823635","0.219267240104245","29.93259564",
"7/18/1992","66.5625","38.872501373291","526","35.509","18.29","0","3.22178159875349","0.1647054313254","30.26963988",
"7/19/1992","66.5625","38.872501373291","526","36.413","22.123","0","3.27168363518988","0.152834388027186","29.965387032",
"7/20/1992","66.5625","38.872501373291","526","37.713","18.388","0","3.36491119211113","0.176358980751394","29.718726408",
"7/21/1992","66.5625","38.872501373291","526","36.328","19.763","0","3.63028821402808","0.19833601127227","29.60651826",
"7/22/1992","66.5625","38.872501373291","526","37.236","20.585","0","4.27784391262606","0.189377450230934","29.29241754",
"7/23/1992","66.5625","38.872501373291","526","36.031","20.852","0","3.84258553572228","0.217119838234767","29.154771288",
"7/24/1992","66.5625","38.872501373291","526","36.483","18.772","0","3.13673463948449","0.210823651950759","28.979211888",
"7/25/1992","66.5625","38.872501373291","526","37.15","20.342","0","4.15269327057719","0.200825597272847","29.096606232",
"7/26/1992","66.5625","38.872501373291","526","37.636","23.124","0","4.82872944772386","0.162063764810468","29.027189232",
"7/27/1992","66.5625","38.872501373291","526","38.267","23.68","0","4.13253806182086","0.135388800630253","28.92082266",
"7/28/1992","66.5625","38.872501373291","526","37.577","23.553","0","5.41721237517077","0.156632874764602","28.27086498",
"7/29/1992","66.5625","38.872501373291","526","31.911","18.77","0","4.27875934435992","0.237587804747996","28.008619128",
"7/30/1992","66.5625","38.872501373291","526","30.909","14.913","0","3.63755760560254","0.145503219553226","29.50784946",
"7/31/1992","66.5625","38.872501373291","526","33.426","13.611","0","2.77416396003367","0.171181521344849","29.0966634",
"8/1/1992","66.5625","38.872501373291","526","35.66","15.796","0","3.17599485724077","0.172442108289841","29.179855512",
"8/2/1992","66.5625","38.872501373291","526","37.178","19.9","0","3.16502925342856","0.156576892182009","28.6301826",
"8/3/1992","66.5625","38.872501373291","526","37.769","18.642","0","3.10822151801026","0.185784273992152","28.058896512",
"8/4/1992","66.5625","38.872501373291","526","33.495","17.341","0","3.47075384470018","0.270201182493522","27.7283799",
"8/5/1992","66.5625","38.872501373291","526","31.323","16.12","0","3.64661561872928","0.283892736698102","27.84920148",
"8/6/1992","66.5625","38.872501373291","526","29.245","13.675","0","2.97203482869192","0.3201756547004","27.877221288",
"8/7/1992","66.5625","38.872501373291","526","28.019","15.875","0","3.75367073236721","0.266405160126057","27.284455872",
"8/8/1992","66.5625","38.872501373291","526","28.388","15.354","0","3.18247824621961","0.26567600298702","27.19530702",
"8/9/1992","66.5625","38.872501373291","526","29.117","13.778","0","3.46218205145535","0.24123534743111","27.72169344",
"8/10/1992","66.5625","38.872501373291","526","30.341","15.347","0","2.95528311643091","0.203370036855389","27.58235193",
"8/11/1992","66.5625","38.872501373291","526","31.069","15.896","0","2.96189041645948","0.221484189023981","26.89565184",
"8/12/1992","66.5625","38.872501373291","526","26.685","15.926","0.2986906464","2.81670134436469","0.333888964314848","12.52332792",
"8/13/1992","66.5625","38.872501373291","526","29.369","13.279","0","3.18247973749649","0.3861621209385","26.18560557",
"8/14/1992","66.5625","38.872501373291","526","30.911","13.603","0","4.06059068462011","0.322568788979957","26.74766016",
"8/15/1992","66.5625","38.872501373291","526","31.829","15.072","0","3.57109707499863","0.278200598996208","26.0281674",
"8/16/1992","66.5625","38.872501373291","526","31.864","14.943","0","3.36613665349261","0.252182698607437","26.47197684",
"8/17/1992","66.5625","38.872501373291","526","31.638","15.073","0","3.78926730557186","0.231051159733776","26.54050068",
"8/18/1992","66.5625","38.872501373291","526","31.479","16.183","0","3.62173754814934","0.200416085773652","26.5909446",
"8/19/1992","66.5625","38.872501373291","526","31.905","17.351","0","3.07661734841339","0.188260943296876","26.45077896",
"8/20/1992","66.5625","38.872501373291","526","32.286","13.416","0","2.82795987378507","0.206990978609812","26.08228404",
"8/21/1992","66.5625","38.872501373291","526","31.846","14.064","0","3.09732763831488","0.227184467399702","25.75495728",
"8/22/1992","66.5625","38.872501373291","526","32.557","16.848","0","3.30884406133051","0.221290075285949","25.64763804",
"8/23/1992","66.5625","38.872501373291","526","33.21","15.719","0","3.77658163488022","0.261799633057076","25.64454348",
"8/24/1992","66.5625","38.872501373291","526","34.329","18.818","0","5.03147485554672","0.199030262662354","25.89221232",
"8/25/1992","66.5625","38.872501373291","526","35.162","19.932","0","4.0999288214489","0.185547259519225","25.39733256",
"8/26/1992","66.5625","38.872501373291","526","35.702","20.279","0","4.21022813910181","0.181829841121636","24.8432094",
"8/27/1992","66.5625","38.872501373291","526","31.014","15.718","0","3.12268456967385","0.260041139391718","22.38328368",
"8/28/1992","66.5625","38.872501373291","526","27.502","11.81","0","3.10036519317846","0.328587125451898","24.8113116",
"8/29/1992","66.5625","38.872501373291","526","28.515","10.878","0","3.20365218406095","0.304528893426189","23.27552172",
"8/30/1992","66.5625","38.872501373291","526","24.361","14.182","0.0137329056","2.19984417770141","0.425139947783674","13.10023188",
"8/31/1992","66.5625","38.872501373291","526","24.369","12.394","0","3.89032007887194","0.436454584877886","23.43285612",
"9/1/1992","66.5625","38.872501373291","526","26.534","14.32","0","3.41960469852807","0.436781732379276","22.98942972",
"9/2/1992","66.5625","38.872501373291","526","22.636","11.537","0.62999694","2.66267171450976","0.545586385656004","10.07966646",
"9/3/1992","66.5625","38.872501373291","526","24.677","11.61","0","3.05580024987954","0.46399275522952","21.6940536",
"9/4/1992","66.5625","38.872501373291","526","27.569","14.133","0","3.20637352783951","0.3640356677983","23.4492192",
"9/5/1992","66.5625","38.872501373291","526","28.872","13.679","0","2.57173996874706","0.399933206423128","23.02166592",
"9/6/1992","66.5625","38.872501373291","526","28.909","12.61","0","2.56331025751371","0.342015556285246","23.05945728",
"9/7/1992","66.5625","38.872501373291","526","30.522","12.562","0","2.6664185005415","0.294314517033267","23.38818912",
"9/8/1992","66.5625","38.872501373291","526","30.459","12.865","0","3.61611571355949","0.229911346079834","23.7514482",
"9/9/1992","66.5625","38.872501373291","526","26.576","13.102","0","5.27726049145075","0.264552683451592","23.694696",
"9/10/1992","66.5625","38.872501373291","526","26.533","13.383","0","4.81184921271827","0.224092835411169","23.17646988",
"9/11/1992","66.5625","38.872501373291","526","26.669","11.765","0","3.63342488914602","0.186534850612164","23.2043058",
"9/12/1992","66.5625","38.872501373291","526","27.021","12.397","0","3.37124156526597","0.221893990019813","22.93003656",
"9/13/1992","66.5625","38.872501373291","526","26.953","10.07","0","2.7049432257921","0.280619617154277","22.64985036",
"9/14/1992","66.5625","38.872501373291","526","26.881","10.66","0","2.80091603843654","0.25662963252186","22.6775196",
"9/15/1992","66.5625","38.872501373291","526","26.896","7.755","0","2.22451844535478","0.258860696652221","22.289287248",
"9/16/1992","66.5625","38.872501373291","526","26.608","9.048","0","2.67362247009266","0.238983137318983","22.00589982",
"9/17/1992","66.5625","38.872501373291","526","26.336","13.866","0","2.71155169715754","0.240627962773823","20.11365072",
"9/18/1992","66.5625","38.872501373291","526","27.616","12.367","0","3.18815121882767","0.256753611363007","20.49963516",
"9/19/1992","66.5625","38.872501373291","526","24.158","11.397","0","2.57072710300672","0.390076980920969","20.04119784",
"9/20/1992","66.5625","38.872501373291","526","24.309","7.50799999999998","0","1.9351610411757","0.448144145679658","21.2966442",
"9/21/1992","66.5625","38.872501373291","526","26.528","8.91699999999997","0","2.63784281313616","0.301581407931453","21.13965792",
"9/22/1992","66.5625","38.872501373291","526","27.372","11.91","0","2.87670476481567","0.253343413334271","20.4703335",
"9/23/1992","66.5625","38.872501373291","526","28.211","10.545","0","2.46139386007515","0.265078171288464","20.40564366",
"9/24/1992","66.5625","38.872501373291","526","27.816","10.165","0","2.62244295270329","0.246611410689541","20.22636708",
"9/25/1992","66.5625","38.872501373291","526","29.116","11.761","0","3.10701657640922","0.167566570569016","20.60211672",
"9/26/1992","66.5625","38.872501373291","526","33.911","16.619","0","2.54443728452984","0.139045384080221","19.927462608",
"9/27/1992","66.5625","38.872501373291","526","26.511","13.225","0","3.28749841891901","0.239765782119027","19.53450144",
"9/28/1992","66.5625","38.872501373291","526","27.897","11.653","0","2.52772121039022","0.287361569331444","19.540689192",
"9/29/1992","66.5625","38.872501373291","526","20.944","8.55399999999997","0","3.20222518747263","0.436309379649988","18.39931992",
"9/30/1992","66.5625","38.872501373291","526","19.115","7.77199999999999","0","3.24342642203441","0.358632311501156","19.379646",
"10/1/1992","66.5625","38.872501373291","526","19.392","3.55000000000001","0","2.2434051304906","0.318352735646147","19.21196088",
"10/2/1992","66.5625","38.872501373291","526","19.525","7.91000000000003","0","3.40654524687563","0.285787626576572","19.16240544",
"10/3/1992","66.5625","38.872501373291","526","21.888","4.98599999999999","0","2.44817449880487","0.260130331434869","19.327442328",
"10/4/1992","66.5625","38.872501373291","526","23.179","4.28199999999998","0","2.54913328724559","0.175871355865883","19.524427848",
"10/5/1992","66.5625","38.872501373291","526","21.805","4.17099999999999","0","2.25054682083273","0.200063210141938","18.903258",
"10/6/1992","66.5625","38.872501373291","526","19.561","8.625","0.11501316","4.26321642244852","0.369208435085041","16.892435448",
"10/7/1992","66.5625","38.872501373291","526","12.896","6.928","1.694298636","2.83648476151325","0.676915490459371","10.31298876",
"10/8/1992","66.5625","38.872501373291","526","12.855","5.84199999999998","2.5474566816","1.34929114182754","0.681197555606366","5.560425864",
"10/9/1992","66.5625","38.872501373291","526","21.275","9.05000000000001","4.3361676","2.54428188429593","0.529249760762706","16.97878026",
"10/10/1992","66.5625","38.872501373291","526","26.202","14.22","0","3.6479289036102","0.354790170864837","17.13549438",
"10/11/1992","66.5625","38.872501373291","526","27.973","11.951","0","2.95078376658123","0.273882717230781","17.17649496",
"10/12/1992","66.5625","38.872501373291","526","25.703","11.474","0","2.85786223394667","0.276519170482569","16.96736052",
"10/13/1992","66.5625","38.872501373291","526","26.078","9.72899999999999","0","2.6665403433861","0.255458292882447","17.15517972",
"10/14/1992","66.5625","38.872501373291","526","24.671","9.61700000000002","0","2.92013174130719","0.196342533154936","17.069116968",
"10/15/1992","66.5625","38.872501373291","526","20.039","8.77199999999999","0","3.75157665512455","0.313917736869099","16.218787788",
"10/16/1992","66.5625","38.872501373291","526","11.341","5.57999999999998","0.26779176","3.57123390887359","0.598994958700333","11.547053568",
"10/17/1992","66.5625","38.872501373291","526","12.621","1.84800000000001","0","2.71805198330291","0.553815502786621","16.32352878",
"10/18/1992","66.5625","38.872501373291","526","13.559","-1.42500000000001","0","2.50571417127214","0.486780452436507","16.30310508",
"10/19/1992","66.5625","38.872501373291","526","17.873","1.44999999999999","0","2.41368911781637","0.467055152994219","16.08440058",
"10/20/1992","66.5625","38.872501373291","526","20.391","4.45400000000001","0","2.19534035910975","0.403955690245731","15.765916428",
"10/21/1992","66.5625","38.872501373291","526","17.068","4.60700000000003","0","1.79066088936974","0.403800713596845","13.900949712",
"10/22/1992","66.5625","38.872501373291","526","18.567","1.05799999999999","0","2.08725102054923","0.38106771021952","15.573207744",
"10/23/1992","66.5625","38.872501373291","526","19.432","5.58600000000001","0","2.41841488169185","0.3106866948258","15.3354978",
"10/24/1992","66.5625","38.872501373291","526","20.192","7.56200000000001","0","2.1929003636368","0.231527767381436","14.675792724",
"10/25/1992","66.5625","38.872501373291","526","23.886","11.613","0","4.22823109477231","0.217024577191773","14.889431412",
"10/26/1992","66.5625","38.872501373291","526","23.7","10.219","0","2.865554650551","0.284550692330668","14.39837334",
"10/27/1992","66.5625","38.872501373291","526","26.191","13.461","0","4.50512738833307","0.242000931256393","14.39015814",
"10/28/1992","66.5625","38.872501373291","526","25.841","12.556","0","2.65876452156371","0.250243993372228","14.324460624",
"10/29/1992","66.5625","38.872501373291","526","25.414","11.624","0","3.14948239715703","0.235402074239408","13.92260598",
"10/30/1992","66.5625","38.872501373291","526","19.442","6.34699999999998","0","2.49392603458703","0.387001007511723","14.105645928",
"10/31/1992","66.5625","38.872501373291","526","19.89","3.85199999999998","0","1.70019337690853","0.336694516842946","14.21082576",
"11/1/1992","66.5625","38.872501373291","526","19.784","4.618","0","1.8668511940171","0.322912612193031","13.990049136",
"11/2/1992","66.5625","38.872501373291","526","18.903","7.63600000000002","0","2.61830273781943","0.279231488539361","13.274049852",
"11/3/1992","66.5625","38.872501373291","526","17.75","4.375","0.0171661464","2.92011698897117","0.415372956199789","12.759974064",
"11/4/1992","66.5625","38.872501373291","526","9.51100000000002","-2.303","0","2.58846961421609","0.590392353262876","13.659076512",
"11/5/1992","66.5625","38.872501373291","526","11.644","-0.836999999999989","0","2.90232796326424","0.396658539087434","13.685397012",
"11/6/1992","66.5625","38.872501373291","526","16.945","1.87","0","2.49178146172697","0.271878124950995","13.64005908",
"11/7/1992","66.5625","38.872501373291","526","23.258","9.07600000000002","0","4.877476936492","0.088733748305387","13.232529432",
"11/8/1992","66.5625","38.872501373291","526","25.79","14.878","0","3.62272176402185","0.158028018430552","12.666492",
"11/9/1992","66.5625","38.872501373291","526","19.301","7.91500000000002","0","2.74402065094292","0.280695984549051","12.571823664",
"11/10/1992","66.5625","38.872501373291","526","22.379","9.45499999999998","0","2.49530173495017","0.260986867147971","12.21232788",
"11/11/1992","66.5625","38.872501373291","526","22.026","13.538","0.065231352","2.55990300123236","0.271162181895432","11.73549222",
"11/12/1992","66.5625","38.872501373291","526","23.703","8.995","0","2.36217049635749","0.29166765560589","12.012808248",
"11/13/1992","66.5625","38.872501373291","526","22.89","12.888","0","2.34568422002447","0.289509386773875","10.84730472",
"11/14/1992","66.5625","38.872501373291","526","19.726","8.37400000000002","0","2.39644047179967","0.388009634243962","11.44198062",
"11/15/1992","66.5625","38.872501373291","526","20.017","8.96199999999999","0","2.37606966815279","0.397367700447432","10.675626948",
"11/16/1992","66.5625","38.872501373291","526","19.815","11.867","0.0480651768","2.36847834644658","0.517820960180092","11.191837968",
"11/17/1992","66.5625","38.872501373291","526","17.456","7.226","0.0034332264","2.42200275198286","0.580884208217621","10.518579252",
"11/18/1992","66.5625","38.872501373291","526","8.274","4.69900000000001","2.595520692","2.74728035147957","0.811985807587576","4.4540982",
"11/19/1992","66.5625","38.872501373291","526","8.64699999999999","3.74799999999999","0.1682281224","2.11344179495427","0.756331318513303","9.07762815",
"11/20/1992","66.5625","38.872501373291","526","9.21100000000001","2.39999999999998","0.4669187472","1.45448473454119","0.736697737408944","6.499180638",
"11/21/1992","66.5625","38.872501373291","526","8.245","-0.295000000000016","0.0343322928","1.85578700565921","0.788365432282157","11.0307897",
"11/22/1992","66.5625","38.872501373291","526","16.863","3.51799999999997","0","4.12409821090417","0.384368023397754","11.465942508",
"11/23/1992","66.5625","38.872501373291","526","22.503","11.537","0","6.42784799984986","0.178697320082412","11.499414318",
"11/24/1992","66.5625","38.872501373291","526","19.914","12.852","0","4.10971123460517","0.192629381439525","11.099025612",
"11/25/1992","66.5625","38.872501373291","526","22.026","11.85","0","3.72511593971348","0.233597424263402","11.151450792",
"11/26/1992","66.5625","38.872501373291","526","22.097","8.08600000000001","0","3.71990076238667","0.172071531186717","11.2749768",
"11/27/1992","66.5625","38.872501373291","526","7.66800000000001","0.194000000000017","0.6454470024","2.71582426916114","0.709014912478481","6.8298768",
"11/28/1992","66.5625","38.872501373291","526","13.303","0.451000000000022","0.01373292","2.22565668035495","0.572314738599392","10.6577973",
"11/29/1992","66.5625","38.872501373291","526","16.422","7.70600000000002","1.94320764","4.96015556495029","0.464635713369571","10.61915994",
"11/30/1992","66.5625","38.872501373291","526","15.078","4.30599999999998","0","2.35581009184132","0.40706921823895","10.65768633",
"12/1/1992","66.5625","38.872501373291","526","11.711","5","0","2.88719277804825","0.487803309226226","10.08162891",
"12/2/1992","66.5625","38.872501373291","526","11.306","1.56099999999998","0","1.35715671306816","0.633073523239384","10.37908773",
"12/3/1992","66.5625","38.872501373291","526","7.13","1.44","0.3622053024","2.246160304828","0.692342615132779","9.76741947",
"12/4/1992","66.5625","38.872501373291","526","11.111","1.02300000000002","0","2.64390384770381","0.503247038489762","10.36806138",
"12/5/1992","66.5625","38.872501373291","526","10.397","3.90899999999999","3.749084964","2.17818886480273","0.530648882086405","5.13837864",
"12/6/1992","66.5625","38.872501373291","526","8.95299999999997","1.27999999999997","0.017166132","2.11511491201323","0.714684881156263","9.75094002",
"12/7/1992","66.5625","38.872501373291","526","7.12","1.09899999999999","4.1885370864","1.66638253004661","0.774092945678835","3.11428296",
"12/8/1992","66.5625","38.872501373291","526","8.79599999999999","-0.471000000000004","0.652313088","1.86784056076123","0.748637865955657","9.16143903",
"12/9/1992","66.5625","38.872501373291","526","13.459","4.97399999999999","0.0274658256","3.75235244051884","0.589885861040056","9.71173575",
"12/10/1992","66.5625","38.872501373291","526","7.55799999999999","1.91399999999999","7.9204540464","2.19791697299368","0.779018499477925","3.59876115",
"12/11/1992","66.5625","38.872501373291","526","2.56599999999997","-1.51799999999997","3.76968744","1.78084017214125","0.831970230638538","9.33035463",
"12/12/1992","66.5625","38.872501373291","526","7.79899999999998","-0.552999999999997","0","3.41957082807151","0.597084373915251","10.08427383",
"12/13/1992","66.5625","38.872501373291","526","12.56","4.13600000000002","0","6.60358481169771","0.510936473917693","8.83006992",
"12/14/1992","66.5625","38.872501373291","526","15.275","8.80900000000003","0","4.387738298137","0.457443768830633","6.16910805",
"12/15/1992","66.5625","38.872501373291","526","17.104","6.46100000000001","0","1.81303598374053","0.432905702258939","9.51171183",
"12/16/1992","66.5625","38.872501373291","526","16.837","6.96600000000001","0","2.06734557074647","0.483921180515921","9.48279843",
"12/17/1992","66.5625","38.872501373291","526","16.468","8.267","0","4.08129451784702","0.57783326046538","9.60705198",
"12/18/1992","66.5625","38.872501373291","526","15.917","6.88499999999999","0","1.63914558607502","0.647190175281407","8.69546313",
"12/19/1992","66.5625","38.872501373291","526","13.435","4.79300000000001","0","1.6972870996439","0.75998251197937","8.24602527",
"12/20/1992","66.5625","38.872501373291","526","15.686","6.97199999999998","0.041198724","2.3739176916884","0.612661017100337","8.9538201",
"12/21/1992","66.5625","38.872501373291","526","11.195","6.73500000000001","2.2556272608","1.62952609590658","0.738862985389294","6.13068714",
"12/22/1992","66.5625","38.872501373291","526","14.321","6.38799999999998","0.4343035968","3.50332694721779","0.635471312644953","5.72608395",
"12/23/1992","66.5625","38.872501373291","526","10.35","2.46300000000002","29.96864172","2.80871380986607","0.8741725490822","1.30528179",
"12/24/1992","66.5625","38.872501373291","526","5.04599999999999","0.281000000000006","0.0411987312","2.35820970249663","0.81630803754658","9.5650893",
"12/25/1992","66.5625","38.872501373291","526","7.19","-0.521999999999991","0","1.73824442997338","0.739221940206627","9.886214952",
"12/26/1992","66.5625","38.872501373291","526","8.00599999999997","-0.867999999999995","0","1.28261886371433","0.672147219156176","9.682423668",
"12/27/1992","66.5625","38.872501373291","526","8.86000000000001","1.24200000000002","0","2.65060848363323","0.649996570938203","9.123581844",
"12/28/1992","66.5625","38.872501373291","526","13.839","5.73500000000001","3.2169374064","4.88277329237091","0.556776773510388","7.27970508",
"12/29/1992","66.5625","38.872501373291","526","3.88900000000001","-1.17700000000002","8.50410504","3.63526196074652","0.733271305181847","9.891669402",
"12/30/1992","66.5625","38.872501373291","526","8.815","0.141999999999996","0.4566188664","3.51129315339953","0.513536737951622","9.66605724",
"12/31/1992","66.5625","38.872501373291","526","4.25599999999997","1.07799999999997","6.924817188","2.33239848522756","0.899049942181155","2.00086857",
"1/1/1993","66.5625","38.872501373291","526","6.81700000000001","1.88099999999997","0.401687496","2.18968022984522","0.803094386300339","8.81263035",
"1/2/1993","66.5625","38.872501373291","526","3.66800000000001","-0.507000000000005","3.4366608","2.34939924372969","0.925437701034445","1.9947942",
"1/3/1993","66.5625","38.872501373291","526","4.92399999999998","-2.726","0","1.42773974875297","0.782628883265866","9.78485886",
"1/4/1993","66.5625","38.872501373291","526","4.423","-1.709","0","1.73174079082109","0.700605642147139","9.69850998",
"1/5/1993","66.5625","38.872501373291","526","2.81799999999998","-1.221","2.0359041048","1.76805375301621","0.853372805227036","4.297835232",
"1/6/1993","66.5625","38.872501373291","526","-1.05599999999998","-5.61700000000002","0.1785279024","2.51199432158509","0.810589467251273","9.619876152",
"1/7/1993","66.5625","38.872501373291","526","-2.79599999999999","-7.30099999999999","0.0274658184","2.00555951343145","0.656155496762277","9.606538152",
"1/8/1993","66.5625","38.872501373291","526","-1.21499999999997","-10.455","0","2.50106931358702","0.703223564360184","10.872166248",
"1/9/1993","66.5625","38.872501373291","526","3.46199999999999","-5.368","0.2540591064","4.48237768866648","0.67946313380445","8.677854936",
"1/10/1993","66.5625","38.872501373291","526","2.62799999999999","-3.62799999999999","9.554670036","3.9600468731206","0.913486962367838","1.995412284",
"1/11/1993","66.5625","38.872501373291","526","1.76299999999998","-6.93700000000001","0","2.8179705934264","0.832305051008645","10.77873858",
"1/12/1993","66.5625","38.872501373291","526","2.29899999999998","-6.52699999999999","0","1.31119125696377","0.840873557005067","10.69520472",
"1/13/1993","66.5625","38.872501373291","526","1.09300000000002","-6.13499999999999","0.0514984032","1.26823875018224","0.85702149206311","8.881873632",
"1/14/1993","66.5625","38.872501373291","526","2.16800000000001","-5.25200000000001","0","1.89457867971625","0.823929236213075","11.048738652",
"1/15/1993","66.5625","38.872501373291","526","0.238999999999976","-5.55500000000001","2.4427392264","2.12314475625289","0.804117565251763","5.694192072",
"1/16/1993","66.5625","38.872501373291","526","0.160000000000025","-6.40199999999999","0.9853360704","2.14855071493321","0.880771558768363","8.896219308",
"1/17/1993","66.5625","38.872501373291","526","2.65899999999999","-3.18000000000001","0.305557164","3.57450855967193","0.853253292071495","11.214336096",
"1/18/1993","66.5625","38.872501373291","526","1.73500000000001","-6.57600000000002","0.985336776","1.63145945043396","0.890241186523181","8.151132132",
"1/19/1993","66.5625","38.872501373291","526","-0.382999999999981","-6.90899999999999","6.190112268","2.73292235599244","0.933301334807738","2.912115852",
"1/20/1993","66.5625","38.872501373291","526","1.06","-11.333","0","2.20615532926878","0.82703298980162","11.883319092",
"1/21/1993","66.5625","38.872501373291","526","1.738","-10.827","0","2.17592886452091","0.746001056176204","11.943842256",
"1/22/1993","66.5625","38.872501373291","526","3.75200000000001","-4.62400000000002","0","3.94739515449584","0.727649752914177","12.106968696",
"1/23/1993","66.5625","38.872501373291","526","4.32999999999998","-2.45100000000002","0.0205993512","3.87590152884211","0.74958711490249","10.617635196",
"1/24/1993","66.5625","38.872501373291","526","5.62","0.0629999999999882","0.563049036","5.12850256732089","0.821902775573454","11.8877643",
"1/25/1993","66.5625","38.872501373291","526","7.06700000000001","1.49599999999998","0","6.2205006388736","0.721872844899369","12.19809726",
"1/26/1993","66.5625","38.872501373291","526","9.41899999999998","3.32799999999997","0.0343322712","5.98490885580362","0.66098744556068","11.8474344",
"1/27/1993","66.5625","38.872501373291","526","12.825","4.33699999999999","0","5.64553082951092","0.557227653752888","12.371904972",
"1/28/1993","66.5625","38.872501373291","526","12.236","3.87","0","4.45667163265149","0.485023551463684","12.441765168",
"1/29/1993","66.5625","38.872501373291","526","12.518","6.21100000000001","0","6.42218914272817","0.490717543711192","11.395123452",
"1/30/1993","66.5625","38.872501373291","526","13.26","3.77600000000001","0.65059668","5.13185397660673","0.608776958965331","11.45103138",
"1/31/1993","66.5625","38.872501373291","526","13.129","2.28100000000001","0.01373292","2.72291393962604","0.650993515356482","11.706694164",
"2/1/1993","66.5625","38.872501373291","526","8.78699999999998","5.19299999999998","1.5913011384","3.30822740126191","0.731520116844897","4.126157316",
"2/2/1993","66.5625","38.872501373291","526","10.728","2.44299999999998","0.9767536848","1.68300213565818","0.821786276051383","11.61045396",
"2/3/1993","66.5625","38.872501373291","526","16.423","6.95100000000002","0.00686646","6.65732459543754","0.640017397394446","11.72098044",
"2/4/1993","66.5625","38.872501373291","526","9.81299999999999","6.26100000000002","11.86523676","1.90155303391101","0.840235121659186","3.243772008",
"2/5/1993","66.5625","38.872501373291","526","9.97899999999999","5.28699999999998","11.254112496","2.53207346205689","0.855983587144229","3.79738134",
"2/6/1993","66.5625","38.872501373291","526","7.04899999999998","2.69900000000001","13.3337954376","1.94063848008171","0.870190374408276","2.126531268",
"2/7/1993","66.5625","38.872501373291","526","10.506","4.96800000000002","14.340595716","4.57599396266401","0.831825644714238","1.517681484",
"2/8/1993","66.5625","38.872501373291","526","10.236","1.00700000000001","2.48050584","1.81359264786904","0.761612666916092","13.78001682",
"2/9/1993","66.5625","38.872501373291","526","10.104","1.14600000000002","0","1.95224440313854","0.782926536584019","14.13140562",
"2/10/1993","66.5625","38.872501373291","526","7.435","-0.624000000000024","0.061798104","1.3569630541141","0.885228174595091","13.00539204",
"2/11/1993","66.5625","38.872501373291","526","6.88799999999998","-0.449999999999989","0","2.24513746909809","0.897732127295404","14.32102608",
"2/12/1993","66.5625","38.872501373291","526","15.053","4.58999999999998","0.8497242","4.48997039477622","0.673777963685667","10.787344812",
"2/13/1993","66.5625","38.872501373291","526","8.18099999999998","2.31099999999998","6.711957756","2.5856101053391","0.882690229587985","7.93136142",
"2/14/1993","66.5625","38.872501373291","526","7.26400000000001","1.38999999999999","1.1535647112","1.6135053130659","0.905133046015928","12.78308844",
"2/15/1993","66.5625","38.872501373291","526","5.92099999999999","1.06200000000001","7.80200694","1.35824046118788","0.952845319266072","3.263736888",
"2/16/1993","66.5625","38.872501373291","526","2.69600000000003","-4.33999999999998","3.2855976","3.02885011697423","0.948313565382915","4.912257528",
"2/17/1993","66.5625","38.872501373291","526","-4.16800000000001","-13.185","0.6626130912","2.69154639604261","0.895350595079871","15.75635688",
"2/18/1993","66.5625","38.872501373291","526","-2.19900000000001","-17.321","0.0137329056","1.79367572001115","0.842966560809806","15.90254766",
"2/19/1993","66.5625","38.872501373291","526","4.38799999999998","-5.85700000000003","0","5.87991351836111","0.80700736417059","16.33572666",
"2/20/1993","66.5625","38.872501373291","526","6.40100000000001","-2.27300000000002","0","3.31133325736695","0.715249871586646","16.4698326",
"2/21/1993","66.5625","38.872501373291","526","9.03100000000001","0.0529999999999973","0","4.77836704068569","0.744594461288966","16.65989856",
"2/22/1993","66.5625","38.872501373291","526","4.452","3.23500000000001","6.6879274392","3.80463278764475","0.852910823455128","2.64172788",
"2/23/1993","66.5625","38.872501373291","526","5.25999999999999","-0.0729999999999791","0.2471924808","2.31446119014952","0.942184962278124","15.64666434",
"2/24/1993","66.5625","38.872501373291","526","4.73599999999999","-3.666","0.1819610424","1.83436163478001","0.945126173538151","13.107656232",
"2/25/1993","66.5625","38.872501373291","526","1.27800000000002","-2.38200000000001","1.574134848","2.2745389022665","0.948932985768573","12.237859008",
"2/26/1993","66.5625","38.872501373291","526","4.13","-5.99900000000002","0.0274658112","1.51600117225526","0.909147251812932","15.48331794",
"2/27/1993","66.5625","38.872501373291","526","3.76499999999999","-7.29899999999998","0.0102996792","1.60988839400642","0.897668722199177","15.92038044",
"2/28/1993","66.5625","38.872501373291","526","8.93299999999999","-0.279999999999973","0","3.13210731617115","0.811959564253686","15.2084772",
"3/1/1993","66.5625","38.872501373291","526","5.09300000000002","2.108","8.833697316","2.82561425837338","0.913336445156855","3.873771972",
"3/2/1993","66.5625","38.872501373291","526","4.23099999999999","-0.336999999999989","6.23302452","2.31349335592104","0.921313236014721","7.41335958",
"3/3/1993","66.5625","38.872501373291","526","5.12700000000001","-1.85399999999998","2.2230144","2.89253289924998","0.82419953816106","12.4891344",
"3/4/1993","66.5625","38.872501373291","526","9.71699999999998","3.24900000000002","6.7668934464","5.54188722113117","0.714746716305692","3.309697872",
"3/5/1993","66.5625","38.872501373291","526","9.96699999999998","3.50200000000001","5.4382340664","2.18561059576837","0.843397904734077","12.90386394",
"3/6/1993","66.5625","38.872501373291","526","16.726","7.12099999999998","0.9784700064","6.79389339187898","0.671560838879468","11.11657428",
"3/7/1993","66.5625","38.872501373291","526","14.275","9.12200000000001","6.8003661816","2.99350952498347","0.807704745406371","4.70312064",
"3/8/1993","66.5625","38.872501373291","526","17.932","10.251","0.284099652","6.59241809821206","0.678484237575978","16.03282392",
"3/9/1993","66.5625","38.872501373291","526","16.568","11.682","15.52419756","7.38916203627488","0.68863404496528","4.097867688",
"3/10/1993","66.5625","38.872501373291","526","11.492","5.411","19.679255964","3.14712733543012","0.890970124228103","3.963766572",
"3/11/1993","66.5625","38.872501373291","526","6.53199999999998","1.98099999999999","0.04119876","2.94925781301727","0.818688245282411","14.105924928",
"3/12/1993","66.5625","38.872501373291","526","10.471","0.815999999999974","1.7097474744","2.96860664839389","0.766779298928751","12.2383692",
"3/13/1993","66.5625","38.872501373291","526","5.06099999999998","-0.442999999999984","12.0351766608","2.85738486804753","0.914179129615417","7.350527808",
"3/14/1993","66.5625","38.872501373291","526","2.93000000000001","-2.99099999999999","1.474571232","3.63267203720314","0.741608350399722","20.17074456",
"3/15/1993","66.5625","38.872501373291","526","7.57400000000001","-2.34500000000003","0","2.07661940428152","0.553483992599724","20.67603939",
"3/16/1993","66.5625","38.872501373291","526","6.95100000000002","-1.33999999999997","0","1.96106068197719","0.597421692470779","17.86573836",
"3/17/1993","66.5625","38.872501373291","526","7.08199999999999","-1.411","0","2.32514175659547","0.683656869403957","20.00581794",
"3/18/1993","66.5625","38.872501373291","526","10.425","-1.428","0","1.61308989536709","0.642360198302008","20.32329366",
"3/19/1993","66.5625","38.872501373291","526","15.686","2.93000000000001","0","4.40620905755094","0.492973711575346","21.25586052",
"3/20/1993","66.5625","38.872501373291","526","8.834","5.17899999999997","14.103701568","3.78343246685842","0.740807306205372","3.042285696",
"3/21/1993","66.5625","38.872501373291","526","12.572","1.637","0.0411987096","2.81342684585443","0.631479433099375","20.80113444",
"3/22/1993","66.5625","38.872501373291","526","11.498","6.34399999999999","2.6298500472","3.48330383889061","0.762662058254891","7.50673152",
"3/23/1993","66.5625","38.872501373291","526","7.22399999999999","0.939000000000021","12.071234808","3.22612600433235","0.952949245721541","3.010106484",
"3/24/1993","66.5625","38.872501373291","526","2.78399999999999","-0.75200000000001","6.166080576","2.43441551763477","0.909652416903191","11.03535162",
"3/25/1993","66.5625","38.872501373291","526","6.80399999999997","-0.812999999999988","0.2866747896","2.56876006677896","0.761171200968376","19.67264982",
"3/26/1993","66.5625","38.872501373291","526","10.693","1.05399999999997","0","3.21342750420924","0.599289724291923","22.28056362",
"3/27/1993","66.5625","38.872501373291","526","13.677","2.21800000000002","0","3.80796697394374","0.56054892537067","22.369160088",
"3/28/1993","66.5625","38.872501373291","526","14.799","3.41199999999998","0","2.9507884975646","0.54720185367003","22.69956798",
"3/29/1993","66.5625","38.872501373291","526","15.393","4.50299999999999","0","2.81154268462398","0.558497816679699","22.692709512",
"3/30/1993","66.5625","38.872501373291","526","15.748","4.91500000000002","0","2.58235116497667","0.577122618572963","22.684777992",
"3/31/1993","66.5625","38.872501373291","526","12.456","2.029","0","2.43725560601714","0.655800738868396","23.18118588",
"4/1/1993","66.5625","38.872501373291","526","11.29","-0.619000000000028","0","2.48912726190825","0.507929754899921","23.941235592",
"4/2/1993","66.5625","38.872501373291","526","13.199","2.45600000000002","0","3.16143038806512","0.497704090465525","24.0861924",
"4/3/1993","66.5625","38.872501373291","526","16.557","1.16000000000003","0","2.48102065204556","0.407648980715035","24.681547152",
"4/4/1993","66.5625","38.872501373291","526","19.098","3.37799999999999","0","2.41439431675748","0.359505449859782","22.695187968",
"4/5/1993","66.5625","38.872501373291","526","19.857","6.78399999999999","0","1.93702384352216","0.490179029102896","23.425029432",
"4/6/1993","66.5625","38.872501373291","526","20.687","7.26900000000001","1.50375348","2.20843408520565","0.649326687754649","19.97600544",
"4/7/1993","66.5625","38.872501373291","526","17.544","7.137","0.0566482608","1.83118975642154","0.729944946226368","22.78423188",
"4/8/1993","66.5625","38.872501373291","526","21.104","8.73000000000002","0","3.11396037051549","0.50183089607261","24.40287972",
"4/9/1993","66.5625","38.872501373291","526","24.96","11.515","0.056648232","3.45666323819027","0.416114695970831","24.27733008",
"4/10/1993","66.5625","38.872501373291","526","21.083","10.804","3.6014544","2.31841732534333","0.603120885582389","24.3312174",
"4/11/1993","66.5625","38.872501373291","526","22.371","7.54899999999998","0","2.41599827251785","0.49596564365335","24.9857982",
"4/12/1993","66.5625","38.872501373291","526","23.477","11.578","0","2.98746384827538","0.461528973341821","24.43814424",
"4/13/1993","66.5625","38.872501373291","526","24.501","10.974","0","2.27208939917681","0.519447885309937","23.29435908",
"4/14/1993","66.5625","38.872501373291","526","20.084","9.66899999999998","8.102412144","5.01502466216891","0.688686716582936","21.546618192",
"4/15/1993","66.5625","38.872501373291","526","16.181","7.17200000000003","18.4192677792","3.88040184414885","0.757692326978685","18.930880368",
"4/16/1993","66.5625","38.872501373291","526","13.22","6.846","5.809021812","2.81589313707869","0.815416454046611","9.273486888",
"4/17/1993","66.5625","38.872501373291","526","22.26","8.97800000000001","0","3.39318541397906","0.548918099748744","23.5142442",
"4/18/1993","66.5625","38.872501373291","526","25.03","10.443","0.0102996792","2.79407553676647","0.483257208069985","25.12298916",
"4/19/1993","66.5625","38.872501373291","526","25.627","10.982","0","2.1274080239178","0.454010994325264","25.462908",
"4/20/1993","66.5625","38.872501373291","526","28.158","12.922","0","2.70880474564105","0.434163108069684","26.02107972",
"4/21/1993","66.5625","38.872501373291","526","30.734","14.133","0","5.28187412324754","0.341094603038546","26.1328554",
"4/22/1993","66.5625","38.872501373291","526","27.998","14.443","0","2.72195949098823","0.481043025499431","24.67789056",
"4/23/1993","66.5625","38.872501373291","526","21.332","7.96199999999999","15.6212106264","3.86557808987463","0.744133070441021","10.92116088",
"4/24/1993","66.5625","38.872501373291","526","9.68200000000002","4.86200000000002","21.4628256","4.2620470383184","0.841238814108107","6.89670054",
"4/25/1993","66.5625","38.872501373291","526","16.657","4.42099999999999","0","4.07837891142462","0.616841209777561","26.979912",
"4/26/1993","66.5625","38.872501373291","526","21.093","4.82100000000003","0","2.86682627469531","0.597195945444015","26.35852725",
"4/27/1993","66.5625","38.872501373291","526","22.753","13.088","0.1029968496","2.61747020038266","0.677656071170415","17.86027689",
"4/28/1993","66.5625","38.872501373291","526","18.961","10.698","7.537649796","3.4927932042035","0.784399392626017","21.163160232",
"4/29/1993","66.5625","38.872501373291","526","20.494","9.46100000000001","0","2.69164983178569","0.681625009861507","25.304509512",
"4/30/1993","66.5625","38.872501373291","526","20.513","9.78699999999998","0.5819316624","1.35054736487885","0.736145677991031","11.58339312",
"5/1/1993","66.5625","38.872501373291","526","21.361","10.585","0.233459676","2.04532736964065","0.694765605603274","17.809312248",
"5/2/1993","66.5625","38.872501373291","526","22.238","7.435","0","1.80978736809114","0.529642481804588","27.90928332",
"5/3/1993","66.5625","38.872501373291","526","25.946","11","0","2.63389379659383","0.339504933369538","28.024253712",
"5/4/1993","66.5625","38.872501373291","526","26.486","15.106","0","3.90287195600301","0.48183511811879","23.674671648",
"5/5/1993","66.5625","38.872501373291","526","22.125","11.852","0.072097812","2.22064093066949","0.505967288640552","21.280271328",
"5/6/1993","66.5625","38.872501373291","526","25.168","10.953","0","3.35445237857271","0.331255003562306","26.579582712",
"5/7/1993","66.5625","38.872501373291","526","25.555","12.586","5.90000112","3.11967769521581","0.632878100288838","15.5356884",
"5/8/1993","66.5625","38.872501373291","526","15.269","5.06299999999999","1.9226086704","2.94385511726196","0.82352817146549","13.010064192",
"5/9/1993","66.5625","38.872501373291","526","12.079","3.19999999999999","0.099563652","2.57912851659276","0.702579396039784","21.06770436",
"5/10/1993","66.5625","38.872501373291","526","14.737","1.78399999999999","0","1.94857025972849","0.60902038800644","29.212431192",
"5/11/1993","66.5625","38.872501373291","526","16.368","3.58199999999999","0","2.82669085022246","0.447986899060256","29.3617647",
"5/12/1993","66.5625","38.872501373291","526","20.207","4.73200000000003","0","2.98037653658368","0.371037396408192","30.0380715",
"5/13/1993","66.5625","38.872501373291","526","23.773","8.83699999999999","0","3.17723659267185","0.375560525909896","28.50283152",
"5/14/1993","66.5625","38.872501373291","526","24.943","13.119","0","3.42808559368571","0.402283107756321","20.007735408",
"5/15/1993","66.5625","38.872501373291","526","21.687","12.54","0.8377071408","2.76347675178237","0.552996008524966","18.45573786",
"5/16/1993","66.5625","38.872501373291","526","22.277","12.626","0.549316476","2.76225336672771","0.57629611861179","26.71177338",
"5/17/1993","66.5625","38.872501373291","526","24.973","12.304","0","3.64368918070793","0.463716169511078","28.78779564",
"5/18/1993","66.5625","38.872501373291","526","25.267","12.676","0","2.60816494837759","0.463357333452217","28.56296484",
"5/19/1993","66.5625","38.872501373291","526","25.859","10.204","0","2.38903626146181","0.48019555100607","29.22952608",
"5/20/1993","66.5625","38.872501373291","526","29.605","16.343","0","3.55049495399529","0.425891590451713","26.306263872",
"5/21/1993","66.5625","38.872501373291","526","22.171","16.932","6.86645784","3.38756829351891","0.672285920259512","9.2437335",
"5/22/1993","66.5625","38.872501373291","526","24.365","12.188","0","2.68299928196568","0.629842954467266","21.82972284",
"5/23/1993","66.5625","38.872501373291","526","29.826","13.332","0","2.77519307462601","0.473628964430392","27.8409924",
"5/24/1993","66.5625","38.872501373291","526","25.343","17.374","14.3749188","3.68180181696723","0.619408589229553","26.1262116",
"5/25/1993","66.5625","38.872501373291","526","24.322","14.829","0.1029968784","3.45383711171435","0.533772858939231","22.69703682",
"5/26/1993","66.5625","38.872501373291","526","26.758","12.561","0","2.75020571174341","0.499397967025366","29.7673884",
"5/27/1993","66.5625","38.872501373291","526","28.528","14.432","0","2.56682754389318","0.429205125566628","29.23998588",
"5/28/1993","66.5625","38.872501373291","526","29.416","15.609","0","1.9659656935602","0.343360626147994","27.44994276",
"5/29/1993","66.5625","38.872501373291","526","26.68","15.313","0","3.03608656768827","0.390087349520292","29.79022824",
"5/30/1993","66.5625","38.872501373291","526","24.248","14.32","0","2.99399364243453","0.460368118960439","22.65946596",
"5/31/1993","66.5625","38.872501373291","526","25.681","13.013","0","2.21731402213995","0.415552499451377","29.63435508",
"6/1/1993","66.5625","38.872501373291","526","28.32","17.45","0","3.38123393667627","0.379343308263837","29.21827464",
"6/2/1993","66.5625","38.872501373291","526","24.086","15.077","1.50203736","3.19000915152521","0.506974885770099","15.42285072",
"6/3/1993","66.5625","38.872501373291","526","29.057","14.765","0","2.59501294594498","0.382799959411558","30.27217932",
"6/4/1993","66.5625","38.872501373291","526","30.993","17.704","0","2.86427700125244","0.326772716395425","28.613304",
"6/5/1993","66.5625","38.872501373291","526","31.478","19.992","0","4.09255906826575","0.302423071054803","29.96605728",
"6/6/1993","66.5625","38.872501373291","526","25.908","17.288","0","2.423388268009","0.453025731681062","25.91094924",
"6/7/1993","66.5625","38.872501373291","526","27.721","15.095","0","2.43985861820016","0.361028482505656","30.5915616",
"6/8/1993","66.5625","38.872501373291","526","31.224","15.365","0","2.25921757220081","0.235165214182569","31.22228196",
"6/9/1993","66.5625","38.872501373291","526","33.389","17.777","0","3.62180206614422","0.219455535729406","30.97848672",
"6/10/1993","66.5625","38.872501373291","526","35.554","20.374","0","3.72396550557312","0.237377709709991","31.07271636",
"6/11/1993","66.5625","38.872501373291","526","36.059","21.405","0","3.93237717451992","0.209135527187244","31.21533072",
"6/12/1993","66.5625","38.872501373291","526","30.786","19.773","0","4.95065284685616","0.31023970758913","29.97219204",
"6/13/1993","66.5625","38.872501373291","526","31.837","16.229","0","2.99404501673455","0.364993175283715","31.14219276",
"6/14/1993","66.5625","38.872501373291","526","31.507","18.625","0","2.31541466041914","0.270894602702092","29.77532496",
"6/15/1993","66.5625","38.872501373291","526","30.93","16.178","0","2.45105384321548","0.216478607917531","31.495383",
"6/16/1993","66.5625","38.872501373291","526","31.911","17.516","0","3.30108849944959","0.160698226292302","31.2460524",
"6/17/1993","66.5625","38.872501373291","526","32.78","18.23","0","3.50420600547189","0.197692844134834","30.85965144",
"6/18/1993","66.5625","38.872501373291","526","33.535","19.737","0","4.40859997232932","0.218415390782485","30.982329",
"6/19/1993","66.5625","38.872501373291","526","36.296","20.989","0","3.52682662405874","0.181511792106326","31.40223732",
"6/20/1993","66.5625","38.872501373291","526","36.856","22.232","0","2.907368743565","0.166054473288516","30.49801452",
"6/21/1993","66.5625","38.872501373291","526","36.392","21.489","0","3.61350001807613","0.202620619809963","30.80367828",
"6/22/1993","66.5625","38.872501373291","526","31.059","19.846","0.398254572","5.15165907192161","0.336082400423854","28.04124564",
"6/23/1993","66.5625","38.872501373291","526","28.246","17.028","0","4.77755489778361","0.351455050336618","30.63537684",
"6/24/1993","66.5625","38.872501373291","526","29.712","16.171","0","4.64241335192628","0.262958511020683","30.7560924",
"6/25/1993","66.5625","38.872501373291","526","31.558","17.753","0","4.13999824797751","0.278223183973122","30.15167976",
"6/26/1993","66.5625","38.872501373291","526","30.576","19.278","0.123596352","2.50645577405591","0.278357562910481","21.4931754",
"6/27/1993","66.5625","38.872501373291","526","33.757","21.124","0.058364856","2.77630459309616","0.28586825330919","28.635976008",
"6/28/1993","66.5625","38.872501373291","526","35.816","20.755","0","3.65158441194326","0.197009980071622","30.81818916",
"6/29/1993","66.5625","38.872501373291","526","35.691","21.974","0","3.3233822819726","0.168776573078419","30.87090144",
"6/30/1993","66.5625","38.872501373291","526","36.009","22.308","0","5.82670521908208","0.190885441467023","30.5770482",
"7/1/1993","66.5625","38.872501373291","526","35.145","23.237","0","8.30249682925029","0.168588085437158","31.2663978",
"7/2/1993","66.5625","38.872501373291","526","36.961","22.672","0","5.34747865212132","0.141711439733629","31.17132648",
"7/3/1993","66.5625","38.872501373291","526","38.65","23.922","0","5.94737220269481","0.106065720178468","31.272381",
"7/4/1993","66.5625","38.872501373291","526","39.076","23.78","0","3.23385949374832","0.120171285181457","30.81679056",
"7/5/1993","66.5625","38.872501373291","526","38.448","23.534","0","3.14140201113258","0.162863163138302","30.79214208",
"7/6/1993","66.5625","38.872501373291","526","36.934","20.399","0","3.90164214838152","0.242404250583914","30.58969608",
"7/7/1993","66.5625","38.872501373291","526","35.034","21.783","0","5.74975825078339","0.24032473994306","30.62187936",
"7/8/1993","66.5625","38.872501373291","526","32.219","20.379","0","4.71058897627735","0.226703472913348","28.79661096",
"7/9/1993","66.5625","38.872501373291","526","32.206","18.226","0","4.98511471220749","0.253831246090168","30.53356992",
"7/10/1993","66.5625","38.872501373291","526","32.555","18.906","0","4.86837502976875","0.253707770927682","30.32313372",
"7/11/1993","66.5625","38.872501373291","526","32.707","18.522","0","4.73474068199262","0.242376465451152","30.58661376",
"7/12/1993","66.5625","38.872501373291","526","34.279","18.073","0","3.79547725650529","0.211020242433933","30.43603044",
"7/13/1993","66.5625","38.872501373291","526","35.86","20.122","0","4.11757130622959","0.216251213984787","29.95014708",
"7/14/1993","66.5625","38.872501373291","526","35.824","21.583","0","4.72388438396388","0.228503994135189","29.7044397",
"7/15/1993","66.5625","38.872501373291","526","34.527","22.244","0","5.37202210047089","0.286433510477703","29.63964834",
"7/16/1993","66.5625","38.872501373291","526","35.939","22.491","0","6.25225180609046","0.262646593424019","29.632384872",
"7/17/1993","66.5625","38.872501373291","526","35.836","22.668","0","5.36074734165916","0.218332313084584","30.281509008",
"7/18/1993","66.5625","38.872501373291","526","35.649","19.217","0","4.02065304615381","0.249836446151556","29.918364408",
"7/19/1993","66.5625","38.872501373291","526","36.567","20.805","0","3.58860322711952","0.210094256740675","29.87876304",
"7/20/1993","66.5625","38.872501373291","526","37.448","19.836","0","3.99847887913665","0.162542567957753","30.25586034",
"7/21/1993","66.5625","38.872501373291","526","35.398","22.976","0","5.91061156507866","0.185184263668419","29.61523026",
"7/22/1993","66.5625","38.872501373291","526","32.919","20.463","0","5.260985839106","0.228157268225849","29.250221472",
"7/23/1993","66.5625","38.872501373291","526","30.425","16.191","0","3.29009922168541","0.316367748592454","28.83183624",
"7/24/1993","66.5625","38.872501373291","526","28.618","16.594","0","2.28255727209421","0.364359895116321","28.08618264",
"7/25/1993","66.5625","38.872501373291","526","31.271","17.727","0","2.77710374254226","0.219968471130072","29.174004072",
"7/26/1993","66.5625","38.872501373291","526","31.843","16.114","0","2.53189611468663","0.278209080137941","28.7184933",
"7/27/1993","66.5625","38.872501373291","526","33.99","17.586","0","3.13258290506054","0.255494137693331","28.922462568",
"7/28/1993","66.5625","38.872501373291","526","32.95","19.018","0","4.00005685322815","0.239960597606644","27.266453928",
"7/29/1993","66.5625","38.872501373291","526","32.028","15.988","0","3.79821184030284","0.285870297859625","29.1895857",
"7/30/1993","66.5625","38.872501373291","526","32.758","16.474","0","4.18667116260693","0.259059812979222","29.141107272",
"7/31/1993","66.5625","38.872501373291","526","32.424","17.259","0","3.7335688359645","0.309973539917336","28.75128876",
"8/1/1993","66.5625","38.872501373291","526","33.562","16.456","0","3.27088868352106","0.296737923208586","28.455527448",
"8/2/1993","66.5625","38.872501373291","526","33.76","15.898","0","3.41576861953422","0.209707106127873","29.58991686",
"8/3/1993","66.5625","38.872501373291","526","32.363","13.604","0","3.06786560706115","0.195924191118436","29.38922046",
"8/4/1993","66.5625","38.872501373291","526","32.903","14.159","0","3.12261412293398","0.213181976520031","28.946818008",
"8/5/1993","66.5625","38.872501373291","526","32.853","14.173","0","2.73064731230091","0.21855588943569","28.54029114",
"8/6/1993","66.5625","38.872501373291","526","31.751","15.209","0","2.83655002261204","0.280509098634452","27.733661928",
"8/7/1993","66.5625","38.872501373291","526","32.725","14.645","0","2.74951085751514","0.271167745325673","28.003500432",
"8/8/1993","66.5625","38.872501373291","526","33.627","16.778","0","3.96610180009163","0.231229626234013","27.96283287",
"8/9/1993","66.5625","38.872501373291","526","30.344","18.707","0","4.37305902796815","0.269592006497291","27.0299169",
"8/10/1993","66.5625","38.872501373291","526","29.714","16.795","0","4.402603482405","0.326299585012124","27.58026627",
"8/11/1993","66.5625","38.872501373291","526","29.762","13.483","0","3.00920277699815","0.343518021164184","27.42057873",
"8/12/1993","66.5625","38.872501373291","526","31.909","15.443","0","3.21530588635662","0.28752891555691","27.30903642",
"8/13/1993","66.5625","38.872501373291","526","32.671","16.503","0","3.14631067058978","0.220237260438629","27.72821511",
"8/14/1993","66.5625","38.872501373291","526","33.493","15.03","0","2.99917254330172","0.212663728837242","27.44606709",
"8/15/1993","66.5625","38.872501373291","526","34.681","16.613","0","3.30906387674781","0.206162957676169","26.98492752",
"8/16/1993","66.5625","38.872501373291","526","34.835","17.579","0","3.17336377905419","0.202632918374979","26.52913404",
"8/17/1993","66.5625","38.872501373291","526","32.483","18.454","0","3.39064026434694","0.264868519841865","25.75461924",
"8/18/1993","66.5625","38.872501373291","526","28.866","15.434","0","2.67681843719456","0.361416691666254","26.58290616",
"8/19/1993","66.5625","38.872501373291","526","27.401","11.495","0","2.41696590372572","0.238591323784166","26.97778224",
"8/20/1993","66.5625","38.872501373291","526","30.063","12.195","0","2.89580385700369","0.173063703970803","26.96254524",
"8/21/1993","66.5625","38.872501373291","526","31.47","13.746","0","2.73770685582726","0.187046372189432","26.0021808",
"8/22/1993","66.5625","38.872501373291","526","32.189","13.964","0","2.4743924996262","0.235214166700826","25.97017248",
"8/23/1993","66.5625","38.872501373291","526","31.175","14.903","0","3.16857390398079","0.249811124655665","23.57859816",
"8/24/1993","66.5625","38.872501373291","526","28.518","12.588","0","2.99397246149886","0.329557627246606","25.28848116",
"8/25/1993","66.5625","38.872501373291","526","27.954","11.751","0","3.06741944354674","0.354568647108455","25.2133902",
"8/26/1993","66.5625","38.872501373291","526","30.739","13.837","0","3.44525656137291","0.262003015676303","25.62923988",
"8/27/1993","66.5625","38.872501373291","526","33.306","13.469","0","2.69066413671909","0.20580331160981","25.7722308",
"8/28/1993","66.5625","38.872501373291","526","33.455","14.142","0","2.68868422945631","0.178734919067344","25.47236196",
"8/29/1993","66.5625","38.872501373291","526","34.505","19.542","0","4.89646640081203","0.161859028320476","25.01431956",
"8/30/1993","66.5625","38.872501373291","526","34.29","17.881","0","3.76283697457958","0.201253145024113","24.52769496",
"8/31/1993","66.5625","38.872501373291","526","35.203","20.233","0","4.40658737925562","0.192126959591846","24.77649204",
"9/1/1993","66.5625","38.872501373291","526","35.432","20.963","0","4.51442948847002","0.159531816080424","25.03434636",
"9/2/1993","66.5625","38.872501373291","526","33.794","19.131","0","4.5164696024979","0.194791315564302","24.78779892",
"9/3/1993","66.5625","38.872501373291","526","32.015","14.751","0","3.27207102184659","0.20982908776616","24.5517192",
"9/4/1993","66.5625","38.872501373291","526","32.313","15.876","0","3.08684064235038","0.180786659407437","24.5918232",
"9/5/1993","66.5625","38.872501373291","526","33.103","12.78","0","2.4501896511462","0.187370162578368","24.36474168",
"9/6/1993","66.5625","38.872501373291","526","32.196","13.129","0","3.26368713453123","0.174720117862787","24.46666704",
"9/7/1993","66.5625","38.872501373291","526","32.508","18.092","0","4.21074216747418","0.124376821337755","24.71782752",
"9/8/1993","66.5625","38.872501373291","526","32.302","15.404","0","3.27335990606963","0.113290267425283","24.93888264",
"9/9/1993","66.5625","38.872501373291","526","32.735","11.632","0","2.91174000725391","0.122442783608065","23.92475184",
"9/10/1993","66.5625","38.872501373291","526","32.814","14.36","0","3.84032144415077","0.170675125028083","22.92013044",
"9/11/1993","66.5625","38.872501373291","526","30.119","15.127","0","3.31415324737764","0.280734153291925","22.37310108",
"9/12/1993","66.5625","38.872501373291","526","28.251","9.87900000000002","0","2.69031102797516","0.338558712456103","23.07447648",
"9/13/1993","66.5625","38.872501373291","526","30.87","12.752","0","2.74326825875662","0.216999695630052","23.06919888",
"9/14/1993","66.5625","38.872501373291","526","31.634","17.268","0","3.43503273940109","0.150917519627396","22.84335144",
"9/15/1993","66.5625","38.872501373291","526","33.121","19.371","0","3.56218209170516","0.160464427381488","22.379682528",
"9/16/1993","66.5625","38.872501373291","526","22.224","13.356","0","2.91686166924146","0.475063856795687","22.016471472",
"9/17/1993","66.5625","38.872501373291","526","26.627","10.412","0","2.88525610028995","0.333179411503376","21.93170454",
"9/18/1993","66.5625","38.872501373291","526","29.096","11.642","0","2.85178816122516","0.243942195006461","22.09240764",
"9/19/1993","66.5625","38.872501373291","526","30.803","11.636","0","2.95688818136125","0.164786107539571","22.20266844",
"9/20/1993","66.5625","38.872501373291","526","30.822","15.68","0","3.01695073940327","0.138449899606726","22.11930216",
"9/21/1993","66.5625","38.872501373291","526","30.667","10.594","0","2.33318457426482","0.192517044088332","21.84761016",
"9/22/1993","66.5625","38.872501373291","526","28.829","11.64","0","3.01875568919996","0.292201280558142","21.02934834",
"9/23/1993","66.5625","38.872501373291","526","23.861","12.011","0","3.26529375026281","0.432397845543272","19.31394006",
"9/24/1993","66.5625","38.872501373291","526","24.805","10.114","0","3.05218953761555","0.346646202723172","20.8375353",
"9/25/1993","66.5625","38.872501373291","526","25.925","12.293","0","2.77039526674026","0.262429917154084","20.430619992",
"9/26/1993","66.5625","38.872501373291","526","25.856","8.57799999999997","0","2.35946652571609","0.235370988994191","20.32093116",
"9/27/1993","66.5625","38.872501373291","526","22.745","10.095","0","2.63769960378424","0.362091731532338","19.845618192",
"9/28/1993","66.5625","38.872501373291","526","21.008","5.464","0","2.63915659629344","0.37736270546419","19.960653312",
"9/29/1993","66.5625","38.872501373291","526","26.013","10.531","0","3.22480760570234","0.255262816166198","19.95379092",
"9/30/1993","66.5625","38.872501373291","526","28.169","13.701","0.389671308","3.77129838373156","0.231661483173373","17.797831596",
"10/1/1993","66.5625","38.872501373291","526","29.037","14.35","0","2.63286369149399","0.271986581862184","19.233387",
"10/2/1993","66.5625","38.872501373291","526","31.18","15.516","0","2.51480316063272","0.195028863904696","19.29205746",
"10/3/1993","66.5625","38.872501373291","526","22.257","10.537","0","3.02013494471121","0.391525842239105","18.51473844",
"10/4/1993","66.5625","38.872501373291","526","20.197","8.03699999999998","0","3.09942378962916","0.446877556127","18.08651376",
"10/5/1993","66.5625","38.872501373291","526","12.859","5.93400000000003","0.0823974768","3.25873154891892","0.585779031751125","10.680246468",
"10/6/1993","66.5625","38.872501373291","526","13.712","0.711000000000013","0","2.35116200845783","0.472671360448311","18.5574348",
"10/7/1993","66.5625","38.872501373291","526","12.504","1.85899999999998","0.5475999024","1.7495249151184","0.517709172041992","11.771376012",
"10/8/1993","66.5625","38.872501373291","526","9.96300000000002","3.947","0.906372072","2.24560012397874","0.603276418448809","12.87866124",
"10/9/1993","66.5625","38.872501373291","526","13.455","0.297000000000025","0","2.87000460602364","0.576679370306788","17.6420241",
"10/10/1993","66.5625","38.872501373291","526","13.179","-1.16199999999998","0","2.26070668564959","0.607725625428883","17.74265508",
"10/11/1993","66.5625","38.872501373291","526","18.793","4.52999999999997","0","3.00920421935514","0.416250890241457","17.60439528",
"10/12/1993","66.5625","38.872501373291","526","19.455","4.20100000000002","0","2.19814156346927","0.445087112401118","17.55365472",
"10/13/1993","66.5625","38.872501373291","526","19.087","2.79399999999998","0","1.78131912104391","0.420514884575345","17.06073768",
"10/14/1993","66.5625","38.872501373291","526","19.956","4.29599999999999","0","2.17411775538989","0.375530942702917","16.964432172",
"10/15/1993","66.5625","38.872501373291","526","18.98","4.60599999999999","0","2.0183239800875","0.37187652198881","16.54852698",
"10/16/1993","66.5625","38.872501373291","526","17.33","2.82799999999997","0","1.76571102838029","0.363495509136321","16.64584056",
"10/17/1993","66.5625","38.872501373291","526","18.889","6.608","0","3.40414404750818","0.315423832374602","16.37190144",
"10/18/1993","66.5625","38.872501373291","526","18.902","5.55099999999999","0","2.71058272967709","0.352839867323851","16.225706556",
"10/19/1993","66.5625","38.872501373291","526","18.507","7.29000000000002","0","2.6334913110008","0.317749467018413","16.117653168",
"10/20/1993","66.5625","38.872501373291","526","17.792","4.63400000000001","0","2.44168123245179","0.33207415297156","16.18379856",
"10/21/1993","66.5625","38.872501373291","526","18.145","4.53899999999999","0","2.36011532839872","0.381961767772203","15.756867792",
"10/22/1993","66.5625","38.872501373291","526","15.702","3.27499999999998","0","2.39236505316783","0.449079603061967","15.662923812",
"10/23/1993","66.5625","38.872501373291","526","15.995","3.36700000000002","0","2.3735818174651","0.424241907042216","15.486809472",
"10/24/1993","66.5625","38.872501373291","526","16.798","2.52699999999999","0","2.37741655846153","0.458761521509844","15.42121848",
"10/25/1993","66.5625","38.872501373291","526","15.01","1.65600000000001","0","2.27953340750406","0.384632778047299","15.372226008",
"10/26/1993","66.5625","38.872501373291","526","16.684","0.0240000000000009","0","1.9998448357164","0.318695345807806","15.592381668",
"10/27/1993","66.5625","38.872501373291","526","20.014","2.81299999999999","0","1.97414855725525","0.177674043988293","14.920539732",
"10/28/1993","66.5625","38.872501373291","526","22.095","9","0","2.71011900987659","0.23896974897233","14.42160648",
"10/29/1993","66.5625","38.872501373291","526","25.212","12.174","0.178527816","5.46258895047396","0.308767845136051","11.86959654",
"10/30/1993","66.5625","38.872501373291","526","16.46","7.09699999999998","0.1613617632","2.12577875023365","0.684311340487621","12.8076759",
"10/31/1993","66.5625","38.872501373291","526","21.391","7.73200000000003","0","2.01326483411871","0.605091135703198","13.65924816",
"11/1/1993","66.5625","38.872501373291","526","22.078","11.816","0.305557092","2.92699096741475","0.51556676092349","12.406330548",
"11/2/1993","66.5625","38.872501373291","526","13.112","10.143","11.2421038248","0.880516195214792","0.821129293032694","2.44991448",
"11/3/1993","66.5625","38.872501373291","526","10.128","6.66899999999998","6.3755068824","1.71006686912687","0.86876763545008","2.013974928",
"11/4/1993","66.5625","38.872501373291","526","8.65199999999999","2.64699999999999","0.64887984","2.29725857345471","0.743417252605953","11.110556052",
"11/5/1993","66.5625","38.872501373291","526","9.072","-0.331000000000017","0","1.84108287472646","0.676420588099708","13.297278348",
"11/6/1993","66.5625","38.872501373291","526","9.44","-1.26499999999999","0","2.05350822285229","0.631019430295241","13.38480198",
"11/7/1993","66.5625","38.872501373291","526","11.398","0.413000000000011","0.0137329128","2.01858603887123","0.517489998538536","10.93325382",
"11/8/1993","66.5625","38.872501373291","526","9.21300000000002","1.81299999999999","0.1579285008","3.04955610817835","0.655952671168326","11.07117972",
"11/9/1993","66.5625","38.872501373291","526","14.405","4.16500000000002","0","4.28510971268726","0.526422179246835","12.7494576",
"11/10/1993","66.5625","38.872501373291","526","20.556","9.67000000000002","0","6.80224023149769","0.336759533944088","12.022937568",
"11/11/1993","66.5625","38.872501373291","526","20.474","13.253","0.147628872","6.38880985003347","0.376644905217838","9.837674028",
"11/12/1993","66.5625","38.872501373291","526","16.963","9.09399999999999","3.882982248","3.16184779366217","0.641829058041434","4.079141568",
"11/13/1993","66.5625","38.872501373291","526","15.578","8.11200000000002","0.12702942","2.01872358412653","0.686075725930958","8.28950526",
"11/14/1993","66.5625","38.872501373291","526","22.947","9.40899999999999","1.340675676","4.48187951346507","0.516178267763153","11.99773188",
"11/15/1993","66.5625","38.872501373291","526","15.957","3.435","0.205993656","3.01350773416585","0.550415299547763","11.351533212",
"11/16/1993","66.5625","38.872501373291","526","11.324","2.822","0","2.92963079644632","0.564094881892065","11.7763335",
"11/17/1993","66.5625","38.872501373291","526","4.262","-3.04199999999997","5.6356411824","1.7789114971678","0.819991847197787","2.374707708",
"11/18/1993","66.5625","38.872501373291","526","7.94999999999999","-3.58800000000002","0","2.43990301508927","0.724567533009293","11.933667",
"11/19/1993","66.5625","38.872501373291","526","14.914","3.92099999999999","0","3.2346162193122","0.407229425144461","11.957962248",
"11/20/1993","66.5625","38.872501373291","526","10.524","2.05399999999997","0","1.87812019180616","0.504428060062317","11.37150288",
"11/21/1993","66.5625","38.872501373291","526","4.86500000000001","0.0830000000000268","1.7080306488","1.94519437670006","0.777224953373097","7.545428712",
"11/22/1993","66.5625","38.872501373291","526","1.18400000000003","-3.18400000000003","1.671981804","2.06471817751624","0.841896662227303","6.7276719",
"11/23/1993","66.5625","38.872501373291","526","2.613","-5.93700000000001","0","1.94362222519734","0.792607484604922","11.6554518",
"11/24/1993","66.5625","38.872501373291","526","9.41300000000001","-1.005","0","2.82323500770577","0.576040111499724","10.67343669",
"11/25/1993","66.5625","38.872501373291","526","7.05099999999999","1.315","0.690078348","1.8991691120915","0.687241192427328","5.49410085",
"11/26/1993","66.5625","38.872501373291","526","2.59699999999998","-1.20600000000002","1.239395796","2.0630185153142","0.878889406511196","7.28229222",
"11/27/1993","66.5625","38.872501373291","526","3.67099999999999","-0.245000000000005","0.514984212","1.50330924475043","0.853631282399847","9.49123242",
"11/28/1993","66.5625","38.872501373291","526","6.411","-0.336999999999989","7.9719513768","0.94817974001148","0.874285817812263","2.28808116",
"11/29/1993","66.5625","38.872501373291","526","7.03100000000001","0.70999999999998","13.05656676","1.76951144490644","0.911489606319381","1.79302464",
"11/30/1993","66.5625","38.872501373291","526","3.28100000000001","-5.37400000000002","4.4185601664","3.40077002196229","0.911586491876084","4.26318714",
"12/1/1993","66.5625","38.872501373291","526","2.661","-5.85700000000003","0","1.91919351205763","0.79131359777367","10.88347995",
"12/2/1993","66.5625","38.872501373291","526","2.76499999999999","-2.50200000000001","1.2599943768","2.33211080061234","0.831348898639512","6.56881542",
"12/3/1993","66.5625","38.872501373291","526","-0.713000000000022","-5.72500000000002","1.0316849256","1.35828025980238","0.930306662373987","6.92235333",
"12/4/1993","66.5625","38.872501373291","526","1.35500000000002","-8.22300000000001","0.480652308","1.52124312277231","0.914177993283076","9.05271165",
"12/5/1993","66.5625","38.872501373291","526","4.09800000000001","0.879000000000019","5.6768450472","2.97315181417805","0.901519067145316","2.09413125",
"12/6/1993","66.5625","38.872501373291","526","2.96100000000001","-0.483000000000004","4.1087118024","2.35195920213169","0.945441514944042","5.24964042",
"12/7/1993","66.5625","38.872501373291","526","3.05200000000002","-4.24000000000001","0.147628872","2.00660617299469","0.859139781001594","10.4993442",
"12/8/1993","66.5625","38.872501373291","526","6.76900000000001","-0.0810000000000173","0","2.61552249064588","0.753324373567813","10.25195895",
"12/9/1993","66.5625","38.872501373291","526","1.483","-2.14499999999998","0.5167011456","1.65915720487526","0.858247628557517","3.83158035",
"12/10/1993","66.5625","38.872501373291","526","2.94","-10.655","0","1.34036581998035","0.92675802459995","9.60322653",
"12/11/1993","66.5625","38.872501373291","526","3.50900000000001","-5.38400000000001","0","1.35223116837436","0.895048056833127","10.10632068",
"12/12/1993","66.5625","38.872501373291","526","4.10899999999998","-3.29599999999999","0.0686645424","1.37947964465275","0.909316152397373","10.0150857",
"12/13/1993","66.5625","38.872501373291","526","2.72399999999999","-3.95999999999998","0.707245272","1.8792981920413","0.93369808533653","9.61458435",
"12/14/1993","66.5625","38.872501373291","526","6.58699999999999","-0.654999999999973","0","3.41416367073678","0.58980942557632","10.7915679",
"12/15/1993","66.5625","38.872501373291","526","8.46199999999999","0.620999999999981","0","1.85805435914983","0.502309787885866","10.10362617",
"12/16/1993","66.5625","38.872501373291","526","5.80799999999999","-2.29199999999997","0","0.901739156074269","0.674482331066287","10.1571768",
"12/17/1993","66.5625","38.872501373291","526","4.13","-6.85599999999999","0","0.941867219203306","0.810128247777639","10.230192",
"12/18/1993","66.5625","38.872501373291","526","5.16800000000001","-3.95699999999999","0","2.35108151156636","0.799678108251355","9.93245607",
"12/19/1993","66.5625","38.872501373291","526","8.58499999999998","2.72800000000001","0","4.83004251652442","0.758951782897309","9.8913915",
"12/20/1993","66.5625","38.872501373291","526","6.76799999999997","-1.61700000000002","1.70116596","3.09833580182476","0.799880723375925","9.6981759",
"12/21/1993","66.5625","38.872501373291","526","5.447","-5.11900000000003","0.0205993584","2.59304578670564","0.839119966159303","10.19446965",
"12/22/1993","66.5625","38.872501373291","526","4.67000000000002","1.41399999999999","0","5.78952432420623","0.720888738996083","8.474176548",
"12/23/1993","66.5625","38.872501373291","526","6.73200000000003","3.77199999999999","0","5.74825960246341","0.730454847247837","10.22051331",
"12/24/1993","66.5625","38.872501373291","526","9.19499999999999","4.45499999999998","0","5.75729990314648","0.699501953878463","9.963957312",
"12/25/1993","66.5625","38.872501373291","526","8.565","5.12200000000001","0.1476287784","3.45184409753989","0.774910953666906","5.98624011",
"12/26/1993","66.5625","38.872501373291","526","5.065","0.922000000000025","3.9533586984","1.3732444005044","0.933493580167645","3.21806052",
"12/27/1993","66.5625","38.872501373291","526","4.34300000000002","-3.35899999999998","0.0308990376","1.01732313558949","0.974846190350864","8.289342468",
"12/28/1993","66.5625","38.872501373291","526","5.35399999999999","-3.95299999999997","0","1.91242996988582","0.884654250456039","10.1841156",
"12/29/1993","66.5625","38.872501373291","526","8.62799999999999","2.21600000000001","0.4205706624","2.90749480309517","0.802294862579166","9.13145868",
"12/30/1993","66.5625","38.872501373291","526","9.613","3.79000000000002","0.092697012","2.70318419018875","0.82891536752828","9.27911628",
"12/31/1993","66.5625","38.872501373291","526","4.82100000000003","-0.857000000000028","9.47914272","1.92542388803198","0.976908314260289","5.0550165",
"1/1/1994","66.5625","38.872501373291","526","0.279999999999973","-11.496","0","1.48462534892178","0.926582921229257","10.122299064",
"1/2/1994","66.5625","38.872501373291","526","1.49900000000002","-4.27300000000002","0.0411987168","2.45899557232909","0.873791798346904","8.671273812",
"1/3/1994","66.5625","38.872501373291","526","2.64800000000002","-3.78199999999998","0","2.73062115115627","0.874004189530976","10.394721216",
"1/4/1994","66.5625","38.872501373291","526","3.65600000000001","-5.30099999999999","0","2.92341026641695","0.838205736292254","10.8132201",
"1/5/1994","66.5625","38.872501373291","526","5.09100000000001","0.350999999999999","0","6.2687443866399","0.817803726402224","10.71466992",
"1/6/1994","66.5625","38.872501373291","526","6.512","2.21800000000002","15.1233696","4.78621909657743","0.926128852943803","1.20161187",
"1/7/1994","66.5625","38.872501373291","526","1.56099999999998","-2.25400000000002","3.292468776","2.93782410929425","0.926556870820464","8.74558044",
"1/8/1994","66.5625","38.872501373291","526","1.30200000000002","-6.63400000000001","0","2.29065126511539","0.915160786400878","10.26916794",
"1/9/1994","66.5625","38.872501373291","526","0.971000000000004","-7.65699999999998","5.812452","2.48536524196594","0.926633841928885","6.30297837",
"1/10/1994","66.5625","38.872501373291","526","-2.197","-13.172","1.623917448","1.96050801319274","0.893873493679552","10.977694812",
"1/11/1994","66.5625","38.872501373291","526","1.24200000000002","-10.704","0","2.55210185465762","0.778350632259134","11.28684024",
"1/12/1994","66.5625","38.872501373291","526","2.20999999999998","-11.047","0","1.82290005724575","0.653619311344134","11.50521102",
"1/13/1994","66.5625","38.872501373291","526","2.38200000000001","-9.04599999999999","0","2.56322540652133","0.694392500132791","11.544415668",
"1/14/1994","66.5625","38.872501373291","526","2.10599999999999","-8.44600000000003","0","1.8294269518801","0.6632453097627","11.140987284",
"1/15/1994","66.5625","38.872501373291","526","2.267","-9.69900000000001","0","1.74431865532874","0.718450136484664","11.314291248",
"1/16/1994","66.5625","38.872501373291","526","5.46800000000002","-4.36500000000001","0","2.99532280855346","0.670419850399655","11.668049748",
"1/17/1994","66.5625","38.872501373291","526","6.25400000000002","-0.375","0","2.34515745215389","0.668194094270665","8.23438494",
"1/18/1994","66.5625","38.872501373291","526","1.48200000000003","-1.18299999999999","3.440094156","2.08231930127702","0.910375663815105","7.52602428",
"1/19/1994","66.5625","38.872501373291","526","-0.809000000000026","-8.584","4.143906252","2.21169059892879","0.961960193853313","7.031583612",
"1/20/1994","66.5625","38.872501373291","526","1.637","-8.76499999999999","0","4.74238678172316","0.854386167605512","11.953071108",
"1/21/1994","66.5625","38.872501373291","526","1.96899999999999","-2.98000000000002","0.6523133328","3.80472308588984","0.873666182558553","5.99765472",
"1/22/1994","66.5625","38.872501373291","526","-0.555999999999983","-4.238","3.19118472","1.64904017014551","0.920511322058307","5.014124352",
"1/23/1994","66.5625","38.872501373291","526","3.654","-1.06799999999998","0.0343322928","4.08292396937988","0.872280018916645","10.604702088",
"1/24/1994","66.5625","38.872501373291","526","2.15100000000001","-11.057","8.658600156","2.77521823310092","0.904448002219944","2.817058356",
"1/25/1994","66.5625","38.872501373291","526","3.73399999999998","-5.91899999999998","0.22659282","3.27867507313912","0.867286490882503","10.461941892",
"1/26/1994","66.5625","38.872501373291","526","5.97500000000002","0.463999999999999","7.069017024","2.93137185019297","0.953796818343553","7.745792328",
"1/27/1994","66.5625","38.872501373291","526","2.137","-7.70999999999998","3.656385","1.52133236761925","0.946464735391737","8.213735736",
"1/28/1994","66.5625","38.872501373291","526","1.721","-1.56599999999997","1.211929596","2.53062715946195","0.930502383584693","12.268126728",
"1/29/1994","66.5625","38.872501373291","526","5.43900000000002","-0.283000000000015","0","4.93481480249247","0.839854140672016","11.9941371",
"1/30/1994","66.5625","38.872501373291","526","3.322","0.675999999999988","0","4.98965019328911","0.813663026647489","12.727124136",
"1/31/1994","66.5625","38.872501373291","526","3.743","0.651999999999987","0","5.36000970855923","0.860923429522939","12.5234946",
"2/1/1994","66.5625","38.872501373291","526","9.36700000000002","2.34800000000001","0","7.81513103131169","0.690799307989522","12.37882248",
"2/2/1994","66.5625","38.872501373291","526","7.81400000000002","-0.0260000000000105","10.73570868","5.07168789591072","0.858537624395176","5.418501588",
"2/3/1994","66.5625","38.872501373291","526","4.21699999999998","-2.29700000000003","6.88877064","4.27516369435647","0.924560647635342","5.74582626",
"2/4/1994","66.5625","38.872501373291","526","-2.78800000000001","-12.052","0.260925264","3.02064577809313","0.873939381248463","11.29016808",
"2/5/1994","66.5625","38.872501373291","526","1.31999999999999","-10.023","0","5.99209006552705","0.80038760254388","14.31427644",
"2/6/1994","66.5625","38.872501373291","526","1.993","-11.447","0","4.53701052779581","0.841562276245461","14.19390198",
"2/7/1994","66.5625","38.872501373291","526","-1.09300000000002","-12.105","3.9791116728","2.40890927955165","0.917566326116309","5.864061168",
"2/8/1994","66.5625","38.872501373291","526","1.47399999999999","-9.86500000000001","0","5.71881918239805","0.776609028556272","14.88115926",
"2/9/1994","66.5625","38.872501373291","526","1.858","-0.963999999999999","3.37143366","4.36484156953749","0.903070841895267","8.827312968",
"2/10/1994","66.5625","38.872501373291","526","-2.18400000000003","-13.264","0.9132381648","2.48451679734197","0.917709973561544","13.7871567",
"2/11/1994","66.5625","38.872501373291","526","-3.303","-23.959","0","2.28475020911233","0.805576667453508","15.60650994",
"2/12/1994","66.5625","38.872501373291","526","1.589","-6.94900000000001","0","4.43524659326022","0.836064430082156","15.2701317",
"2/13/1994","66.5625","38.872501373291","526","2.00900000000001","-1.68299999999999","1.1810300688","2.67460604895057","0.946942834432157","9.20660922",
"2/14/1994","66.5625","38.872501373291","526","1.49900000000002","-6.05799999999999","0.0926971128","1.57666211291716","0.94716595963803","14.156329104",
"2/15/1994","66.5625","38.872501373291","526","-0.021000000000015","-20.378","3.5242066008","2.0259122339497","0.944603877791437","6.95519946",
"2/16/1994","66.5625","38.872501373291","526","-4.15600000000001","-20.93","0.2815244784","1.46723777530557","0.876026900482112","14.26494672",
"2/17/1994","66.5625","38.872501373291","526","-1.41800000000001","-15.887","0","2.211651090847","0.868698344259547","16.46082828",
"2/18/1994","66.5625","38.872501373291","526","-2.42899999999997","-21.509","0.0034332264","2.0957517814036","0.765148254227953","16.443174672",
"2/19/1994","66.5625","38.872501373291","526","-2.16000000000003","-20.161","0.0171661392","1.66742397491629","0.885025303257307","16.01240742",
"2/20/1994","66.5625","38.872501373291","526","-3.392","-20.751","0.0068664528","2.06606308976285","0.876330755007161","15.17388876",
"2/21/1994","66.5625","38.872501373291","526","-0.312999999999988","-20.487","0","1.9902758234145","0.874683200733175","16.98035922",
"2/22/1994","66.5625","38.872501373291","526","1.863","-5.108","0","4.14234490322105","0.833410340977609","16.98722046",
"2/23/1994","66.5625","38.872501373291","526","5.21800000000002","-1.00299999999999","0.7604598024","3.25393695480171","0.746653083192269","9.19141614",
"2/24/1994","66.5625","38.872501373291","526","2.10599999999999","0.01400000000001","0.90465552","1.8430840180143","0.933314287685986","16.0413192",
"2/25/1994","66.5625","38.872501373291","526","2.06400000000002","-3.87700000000001","2.408409432","1.55063817744219","0.961715361979231","10.1278062",
"2/26/1994","66.5625","38.872501373291","526","3.298","-9.286","0.319290264","1.0726378471751","0.965109942459104","14.41096776",
"2/27/1994","66.5625","38.872501373291","526","7.43000000000001","0.0330000000000155","0","4.31626433465845","0.876260049933114","16.850984832",
"2/28/1994","66.5625","38.872501373291","526","3.928","2.67200000000003","0.0411987024","6.54921756315803","0.868819747472217","15.29285562",
"3/1/1994","66.5625","38.872501373291","526","3.78699999999998","-1.45400000000001","0.6711962544","1.96773544109063","0.912215212835014","9.94111614",
"3/2/1994","66.5625","38.872501373291","526","9.21600000000001","-6.00999999999999","0.0823974624","1.6889728050886","0.758911470384923","15.29774748",
"3/3/1994","66.5625","38.872501373291","526","2.02300000000002","-7.315","0.666046152","1.67817714394362","0.926364240577373","17.56271718",
"3/4/1994","66.5625","38.872501373291","526","2.08999999999998","-1.79700000000003","0.0102996792","4.17565680734785","0.877634356723816","17.39525004",
"3/5/1994","66.5625","38.872501373291","526","11.043","1.404","0","2.80189834961621","0.665960006223114","16.754401008",
"3/6/1994","66.5625","38.872501373291","526","12.827","3.04000000000002","0","2.69816237228296","0.665553315450603","18.08774748",
"3/7/1994","66.5625","38.872501373291","526","14.815","1.947","0","2.48309717780976","0.636893527817508","18.80583948",
"3/8/1994","66.5625","38.872501373291","526","9.75200000000001","3.53199999999998","0.2059933968","7.13499794148485","0.853746962252786","12.29456484",
"3/9/1994","66.5625","38.872501373291","526","5.60599999999999","-3.75999999999999","4.727556576","1.9414389715558","0.970889446788088","8.08885782",
"3/10/1994","66.5625","38.872501373291","526","2.685","-5.30099999999999","0.185394276","2.75573060852986","0.959180116049189","11.1205098",
"3/11/1994","66.5625","38.872501373291","526","12.616","-0.785000000000025","0","1.92325702680442","0.824702426967031","13.22960184",
"3/12/1994","66.5625","38.872501373291","526","13.684","1.411","0.164794896","3.21724132607845","0.805229178907065","16.13632968",
"3/13/1994","66.5625","38.872501373291","526","11.546","1.87400000000002","14.98776372","6.26807622289033","0.911030353736531","8.571087576",
"3/14/1994","66.5625","38.872501373291","526","2.43200000000002","-1.02300000000002","0.8377074","3.27485486550091","0.933474584306281","19.05553044",
"3/15/1994","66.5625","38.872501373291","526","11.753","2.202","0.0274658256","5.95659184849421","0.829795506520448","18.41653026",
"3/16/1994","66.5625","38.872501373291","526","12.42","5.33199999999999","0.666046116","3.6676684287068","0.792212541995774","18.78260364",
"3/17/1994","66.5625","38.872501373291","526","7.00299999999999","0.706999999999994","0.5355834624","1.430172934162","0.94827892182953","17.1116964",
"3/18/1994","66.5625","38.872501373291","526","2.702","-4.29500000000002","0.1201629672","3.94494772428095","0.931731690241008","16.24612545",
"3/19/1994","66.5625","38.872501373291","526","2.80700000000002","-1.74900000000002","0.1476287784","3.96821519221814","0.857704286090008","19.35854982",
"3/20/1994","66.5625","38.872501373291","526","3.18400000000003","1.93700000000001","0.0652313592","4.67102138698258","0.852074304095675","19.02746151",
"3/21/1994","66.5625","38.872501373291","526","14.207","2.85599999999999","0","2.82941361115647","0.668610722320363","21.4031232",
"3/22/1994","66.5625","38.872501373291","526","17.395","4.71800000000002","0","2.41690907813638","0.610007902664745","21.61709856",
"3/23/1994","66.5625","38.872501373291","526","17.677","4.714","0","2.13489743737615","0.570338082765287","21.852958032",
"3/24/1994","66.5625","38.872501373291","526","16.87","7.62","5.651091684","4.39967032913937","0.664114430319652","16.32245868",
"3/25/1994","66.5625","38.872501373291","526","7.22000000000003","3.73099999999999","10.03875732","2.56530586970214","0.915409783088006","9.6176241",
"3/26/1994","66.5625","38.872501373291","526","14.102","2.46199999999999","0","2.42221964512878","0.740644392397839","21.2487723",
"3/27/1994","66.5625","38.872501373291","526","18.909","6.36099999999999","0","2.76596219590039","0.616017423956558","21.82685256",
"3/28/1994","66.5625","38.872501373291","526","18.558","9.87900000000002","0.4257202968","4.61000525771254","0.544357949596088","14.801624352",
"3/29/1994","66.5625","38.872501373291","526","18.004","10.154","3.319931088","2.88286078494663","0.712183312212729","21.6817281",
"3/30/1994","66.5625","38.872501373291","526","11.28","4.12900000000002","9.7640933472","4.55779406837229","0.91093588227048","13.195518552",
"3/31/1994","66.5625","38.872501373291","526","10.589","3.33699999999999","0.0549316728","3.58064447261065","0.86982222591785","19.093162608",
"4/1/1994","66.5625","38.872501373291","526","11.886","-1.738","0.1373291064","1.67305901708949","0.91550763626815","14.964637608",
"4/2/1994","66.5625","38.872501373291","526","20.415","5.488","0.0205993584","6.81438920455214","0.748024799187003","18.69198516",
"4/3/1994","66.5625","38.872501373291","526","14.125","4.65499999999997","5.774690016","2.9151467983688","0.857605425984574","13.674147948",
"4/4/1994","66.5625","38.872501373291","526","7.40499999999997","0.485000000000014","2.0959854264","3.04163282067872","0.892932534622003","13.006182528",
"4/5/1994","66.5625","38.872501373291","526","1.35500000000002","-6.68299999999999","4.06580004","3.26285198985186","0.877645727326705","16.576142328",
"4/6/1994","66.5625","38.872501373291","526","4.471","-7.12799999999999","0","2.86589258380221","0.739490170827374","24.73655076",
"4/7/1994","66.5625","38.872501373291","526","7.23200000000003","-4.04700000000003","0","1.84163302801467","0.747006730825468","24.93585252",
"4/8/1994","66.5625","38.872501373291","526","7.76499999999999","-5.44299999999998","0","2.20984877705802","0.76015143201735","24.94754712",
"4/9/1994","66.5625","38.872501373291","526","8.91000000000003","-1.66000000000003","0.1613619","2.21363329493104","0.705891336661053","19.72720872",
"4/10/1994","66.5625","38.872501373291","526","11.951","-3.358","0","2.11444920919041","0.647539672504746","25.23875508",
"4/11/1994","66.5625","38.872501373291","526","15.734","0.911000000000001","0","2.42143943326231","0.562179411360374","25.38708696",
"4/12/1994","66.5625","38.872501373291","526","17.226","4.10899999999998","0","2.75720145090814","0.526724157342201","25.52473116",
"4/13/1994","66.5625","38.872501373291","526","16.527","5.53500000000003","0","2.34828606492926","0.560904450147782","19.54811484",
"4/14/1994","66.5625","38.872501373291","526","17.001","5.642","0","2.53620739857526","0.538779270733283","25.19038476",
"4/15/1994","66.5625","38.872501373291","526","17.104","8.42099999999999","0.34503948","3.2996070953396","0.538118842018645","24.85074096",
"4/16/1994","66.5625","38.872501373291","526","15.038","5.053","0","2.45732288620737","0.499985912238799","21.3224706",
"4/17/1994","66.5625","38.872501373291","526","16.913","2.87099999999998","0","3.07528361850089","0.41418974033941","26.65254492",
"4/18/1994","66.5625","38.872501373291","526","18.844","7","0","3.17401541153814","0.419046280366666","25.72773876",
"4/19/1994","66.5625","38.872501373291","526","17.971","3.29000000000002","0","2.2123084366897","0.47678977058476","26.59325364",
"4/20/1994","66.5625","38.872501373291","526","17.473","2.33699999999999","0","2.38290216608789","0.470163193048593","27.12127788",
"4/21/1994","66.5625","38.872501373291","526","18.813","2.96600000000001","0","2.7793749617198","0.430829673247521","27.06260904",
"4/22/1994","66.5625","38.872501373291","526","20.192","5.86000000000001","0","3.04409525933402","0.416510705223323","27.27269784",
"4/23/1994","66.5625","38.872501373291","526","22.481","8.327","0","2.78612587703462","0.346136106960278","27.81517716",
"4/24/1994","66.5625","38.872501373291","526","23.978","11.733","0","3.04253677625667","0.37433745150543","21.45925836",
"4/25/1994","66.5625","38.872501373291","526","26.877","10.542","0","2.78806117387946","0.337057107127015","27.02547738",
"4/26/1994","66.5625","38.872501373291","526","29.032","15.307","0","3.27077766136697","0.34856299922541","25.68408894",
"4/27/1994","66.5625","38.872501373291","526","29.777","18.875","0","3.53750246818251","0.432111061800634","18.57790773",
"4/28/1994","66.5625","38.872501373291","526","25.004","11.191","15.679547892","4.7833331586213","0.669334517915741","10.12303611",
"4/29/1994","66.5625","38.872501373291","526","18.096","8.00700000000001","0","3.32391758865431","0.662147183793069","27.244398168",
"4/30/1994","66.5625","38.872501373291","526","19.024","4.75099999999998","0","4.29822943284065","0.395729897485644","28.97656254",
"5/1/1994","66.5625","38.872501373291","526","23.934","9.78800000000001","0","3.5575077368141","0.383243769386393","24.051206088",
"5/2/1994","66.5625","38.872501373291","526","25.166","15.043","1.99470348","4.33966318593685","0.492211587621804","16.71136596",
"5/3/1994","66.5625","38.872501373291","526","26.981","13.883","0","4.01783245710235","0.439615401579359","27.641869488",
"5/4/1994","66.5625","38.872501373291","526","27.654","15.22","0","3.6296303409611","0.351029529108525","26.39705094",
"5/5/1994","66.5625","38.872501373291","526","28.954","17.663","0","3.19063042088298","0.324723356338266","26.9936901",
"5/6/1994","66.5625","38.872501373291","526","30.658","18.6","0","3.31488011200653","0.32770986775608","25.96724514",
"5/7/1994","66.5625","38.872501373291","526","24.59","11.973","0.4154201352","4.06812242445947","0.528455915935495","21.51641646",
"5/8/1994","66.5625","38.872501373291","526","19.876","8.99099999999999","0","3.2403376531173","0.611574218467674","28.2417732",
"5/9/1994","66.5625","38.872501373291","526","20.247","5.63600000000002","0","2.53349216122522","0.586764336640392","29.489626728",
"5/10/1994","66.5625","38.872501373291","526","23.348","8.54500000000002","0","2.68928327674284","0.454995049395837","29.430965952",
"5/11/1994","66.5625","38.872501373291","526","25.694","10.18","0","2.62049765222573","0.342381521967063","29.597757048",
"5/12/1994","66.5625","38.872501373291","526","26.158","10.614","0","2.20917578625996","0.278387722573958","29.7821223",
"5/13/1994","66.5625","38.872501373291","526","28.359","12.238","0","2.8041970939469","0.214489355817976","29.842994808",
"5/14/1994","66.5625","38.872501373291","526","30.358","14.151","0","2.42163811558499","0.220795322598736","29.504647728",
"5/15/1994","66.5625","38.872501373291","526","30.177","14.168","0","2.59834738446515","0.234723211099933","29.377806768",
"5/16/1994","66.5625","38.872501373291","526","30.969","16.568","0","3.89784008410055","0.263075202249486","29.630700792",
"5/17/1994","66.5625","38.872501373291","526","30.024","17.102","0","2.77463911515657","0.324930379139328","21.64696974",
"5/18/1994","66.5625","38.872501373291","526","23.539","11.643","1.43852274","3.08407356611643","0.67976484342556","24.65898192",
"5/19/1994","66.5625","38.872501373291","526","21.398","9.404","0","3.03454467832795","0.614631157118081","29.103854328",
"5/20/1994","66.5625","38.872501373291","526","25.648","10.789","0","3.5350766743735","0.479296270247884","29.77279236",
"5/21/1994","66.5625","38.872501373291","526","27.967","15.432","0","3.4671812830973","0.368729685351958","29.40204024",
"5/22/1994","66.5625","38.872501373291","526","29.52","15.165","0","2.52580344971547","0.332285976012092","29.58204852",
"5/23/1994","66.5625","38.872501373291","526","26.695","15.39","0","3.68201457437429","0.300278496609689","28.66848048",
"5/24/1994","66.5625","38.872501373291","526","25.838","15.179","0","2.96472841952323","0.366691880265462","28.76321232",
"5/25/1994","66.5625","38.872501373291","526","28.131","14.492","0","2.96409725356541","0.285151008749169","29.86312104",
"5/26/1994","66.5625","38.872501373291","526","28.343","14.34","0","2.33648251641432","0.251648917334759","30.1491558",
"5/27/1994","66.5625","38.872501373291","526","29.57","13.667","0","2.33025284405814","0.199946254592518","30.86184672",
"5/28/1994","66.5625","38.872501373291","526","31.784","17.447","0","3.6484085306466","0.217452481952446","30.79556856",
"5/29/1994","66.5625","38.872501373291","526","32.499","18.712","0","4.3856538669873","0.264381795981517","30.13807788",
"5/30/1994","66.5625","38.872501373291","526","29.894","17.151","0","4.2246718303275","0.292134375551663","30.09436272",
"5/31/1994","66.5625","38.872501373291","526","30.268","13.305","0","3.20724717360496","0.262137545770496","31.06686564",
"6/1/1994","66.5625","38.872501373291","526","31.177","15.058","0","2.93594408871168","0.221302965152886","31.16599272",
"6/2/1994","66.5625","38.872501373291","526","31.971","14.976","0","2.25223148689334","0.190314822980282","30.56731056",
"6/3/1994","66.5625","38.872501373291","526","32.515","18.765","0","3.49807971825288","0.189169364300543","30.70773396",
"6/4/1994","66.5625","38.872501373291","526","34.115","17.538","0","3.32715849907673","0.189223299515053","30.69685368",
"6/5/1994","66.5625","38.872501373291","526","34.966","17.982","0","2.22906033346243","0.215696377423808","30.12154452",
"6/6/1994","66.5625","38.872501373291","526","34.112","20.298","0","3.41780584730258","0.254302986139776","30.20208264",
"6/7/1994","66.5625","38.872501373291","526","31.612","15.924","0","3.13320784729466","0.309395873487749","30.27762828",
"6/8/1994","66.5625","38.872501373291","526","28.103","15.474","0","2.576532865144","0.307823937427317","30.68173548",
"6/9/1994","66.5625","38.872501373291","526","29.305","15.012","0","1.99267379915268","0.318135423036982","29.8184634",
"6/10/1994","66.5625","38.872501373291","526","28.993","14.859","0","2.97100245283329","0.283125015090728","30.7167696",
"6/11/1994","66.5625","38.872501373291","526","28.238","16.296","0","4.99947747645274","0.325374699774959","29.2794174",
"6/12/1994","66.5625","38.872501373291","526","28.065","16.855","0","3.22479107743426","0.396849545635984","24.85400652",
"6/13/1994","66.5625","38.872501373291","526","30.488","16.836","0","2.98875974238584","0.296454916257866","31.09781232",
"6/14/1994","66.5625","38.872501373291","526","31.33","18.151","0","3.35027043937863","0.176033696556427","31.13648388",
"6/15/1994","66.5625","38.872501373291","526","32.103","18.318","0","3.52594680310825","0.166250144067898","30.89829024",
"6/16/1994","66.5625","38.872501373291","526","33.206","18.302","0","3.12459639641655","0.166129505674795","31.2548868",
"6/17/1994","66.5625","38.872501373291","526","36.577","20.646","0","4.66562140977881","0.164984720976184","29.38950036",
"6/18/1994","66.5625","38.872501373291","526","34.752","23.906","0","5.07543644512946","0.184297968595161","30.61996344",
"6/19/1994","66.5625","38.872501373291","526","34.24","21.676","0","4.12185976001302","0.202700441359733","30.68016156",
"6/20/1994","66.5625","38.872501373291","526","35.188","20.087","0","3.45413991885077","0.210744279977965","30.82932648",
"6/21/1994","66.5625","38.872501373291","526","34.975","21.218","0","4.4080288967174","0.210556654405713","30.09448224",
"6/22/1994","66.5625","38.872501373291","526","36.638","21.745","0","3.56264366181093","0.177397071549601","30.90391308",
"6/23/1994","66.5625","38.872501373291","526","34.419","22.663","0","3.8266820230614","0.223184652845228","25.67435436",
"6/24/1994","66.5625","38.872501373291","526","32.772","20.317","0","3.884776468973","0.269160558807733","27.60997356",
"6/25/1994","66.5625","38.872501373291","526","35.059","20.928","0","3.11481821345636","0.252351237915469","30.0945996",
"6/26/1994","66.5625","38.872501373291","526","33.882","18.495","0","2.95723296359418","0.201542189296715","30.84625944",
"6/27/1994","66.5625","38.872501373291","526","33.931","17.136","0","2.65703705763863","0.192226733239002","30.90802356",
"6/28/1994","66.5625","38.872501373291","526","36.772","18.722","0","2.90902860981492","0.184585512107177","30.78084708",
"6/29/1994","66.5625","38.872501373291","526","37.887","22.991","0","3.5107548762449","0.184088125050823","30.34901556",
"6/30/1994","66.5625","38.872501373291","526","39.857","23.673","0","2.77169640396354","0.176699306642003","30.4851924",
"7/1/1994","66.5625","38.872501373291","526","37.741","21.665","0","3.48621671558652","0.215700376443484","30.24185544",
"7/2/1994","66.5625","38.872501373291","526","33.673","20.733","0","4.20713909781544","0.307337549431941","28.27283184",
"7/3/1994","66.5625","38.872501373291","526","35.121","19.747","0","2.92007618935989","0.306823323801348","30.0576906",
"7/4/1994","66.5625","38.872501373291","526","36.457","19.97","0","3.20553800181568","0.262408811901283","30.86364132",
"7/5/1994","66.5625","38.872501373291","526","36.852","19.16","0","3.15351664589998","0.207755689586922","31.4425116",
"7/6/1994","66.5625","38.872501373291","526","37.915","21.877","0","4.7115639204154","0.194302357328745","30.2833152",
"7/7/1994","66.5625","38.872501373291","526","37.701","24.206","0","4.46459875883482","0.201160177026186","30.08395944",
"7/8/1994","66.5625","38.872501373291","526","38.627","24.628","0","5.10750432576088","0.193956212504859","30.16237752",
"7/9/1994","66.5625","38.872501373291","526","38.586","25.574","0","5.85350177841161","0.170078671936154","29.9986848",
"7/10/1994","66.5625","38.872501373291","526","34.351","23.709","0","5.04032852098364","0.210222154031164","27.97925436",
"7/11/1994","66.5625","38.872501373291","526","31.383","18.245","0","4.58698969604248","0.248317696639136","30.72752064",
"7/12/1994","66.5625","38.872501373291","526","32.463","17.561","0","4.28063838442451","0.232602755955632","30.85593444",
"7/13/1994","66.5625","38.872501373291","526","30.424","14.859","0","3.86141717397759","0.248602224651844","30.73410396",
"7/14/1994","66.5625","38.872501373291","526","30.978","16.85","0","4.30856751359176","0.218546492770306","31.02660648",
"7/15/1994","66.5625","38.872501373291","526","33.438","15.8","0","2.88492687636844","0.186345045887533","30.73781628",
"7/16/1994","66.5625","38.872501373291","526","33.505","14.744","0","3.45313688261741","0.193564718377011","30.59336142",
"7/17/1994","66.5625","38.872501373291","526","34.382","20.402","0","4.51901732730263","0.211330860749498","29.82121506",
"7/18/1994","66.5625","38.872501373291","526","35.567","19.397","0","4.12879841521405","0.198775795679002","29.844222192",
"7/19/1994","66.5625","38.872501373291","526","36.48","20.6","0","5.00093732926549","0.162743338706205","29.94271524",
"7/20/1994","66.5625","38.872501373291","526","36.522","21.381","0","4.37670147068495","0.159074208848428","30.40199766",
"7/21/1994","66.5625","38.872501373291","526","37.483","21.185","0","3.95487735494216","0.148564874290513","30.121142328",
"7/22/1994","66.5625","38.872501373291","526","38.516","20.794","0","4.42327268761261","0.144216388856763","29.741623632",
"7/23/1994","66.5625","38.872501373291","526","36.057","23.208","0","4.80925592827639","0.176408127504398","29.20899654",
"7/24/1994","66.5625","38.872501373291","526","35.34","20.125","0","3.88746398090297","0.189264844054035","29.8369107",
"7/25/1994","66.5625","38.872501373291","526","36.975","20.322","0","3.51480714047095","0.178025664228415","29.50464096",
"7/26/1994","66.5625","38.872501373291","526","37.379","21.144","0","4.02689981651561","0.153790239518565","29.6017866",
"7/27/1994","66.5625","38.872501373291","526","34.413","22.278","0","4.91573441633043","0.190064572818367","28.855351728",
"7/28/1994","66.5625","38.872501373291","526","34.23","19.816","0","4.2599272205236","0.248700661693742","28.828011528",
"7/29/1994","66.5625","38.872501373291","526","33.43","19.583","0","4.23339669833098","0.217679167010287","28.86834456",
"7/30/1994","66.5625","38.872501373291","526","34.632","19.405","0","4.50908830876321","0.203616420259439","29.331504432",
"7/31/1994","66.5625","38.872501373291","526","37.211","19.992","0","4.19541095051305","0.168974733845706","29.30388354",
"8/1/1994","66.5625","38.872501373291","526","39.094","21.191","0","4.32798982436796","0.129418184094316","29.168212752",
"8/2/1994","66.5625","38.872501373291","526","39.906","24.122","0","5.15690660783728","0.143759986886156","28.48960314",
"8/3/1994","66.5625","38.872501373291","526","41.428","26.659","0","6.01230613649144","0.161713815643457","28.239697368",
"8/4/1994","66.5625","38.872501373291","526","39.007","25.346","0","5.06744400218797","0.162848993311077","28.456247232",
"8/5/1994","66.5625","38.872501373291","526","38.872","24.141","0","5.51341432321113","0.166628032851268","28.357423992",
"8/6/1994","66.5625","38.872501373291","526","37.457","24.689","0","4.85290443313529","0.178729944813148","27.608564952",
"8/7/1994","66.5625","38.872501373291","526","33.512","21.058","0","4.37126161406632","0.221388214707029","27.35245836",
"8/8/1994","66.5625","38.872501373291","526","31.116","16.841","0","4.4271094397179","0.199317321566854","28.73812788",
"8/9/1994","66.5625","38.872501373291","526","30.214","14.165","0","3.91036414248177","0.261807844075488","27.96025572",
"8/10/1994","66.5625","38.872501373291","526","31.77","16.884","0","3.95014101080274","0.28937224096483","27.72809829",
"8/11/1994","66.5625","38.872501373291","526","33.723","18.505","0","3.13974249202295","0.201465621277713","27.99607914",
"8/12/1994","66.5625","38.872501373291","526","35.814","16.305","0","2.77121914538819","0.161994626462463","27.80825724",
"8/13/1994","66.5625","38.872501373291","526","37.528","22.001","0","4.42927545895016","0.140596827544411","26.90752203",
"8/14/1994","66.5625","38.872501373291","526","36.306","22.767","0","4.78554336466143","0.200126496071644","26.96783121",
"8/15/1994","66.5625","38.872501373291","526","34.021","20.968","0","5.57079427272078","0.246421588774893","26.58380328",
"8/16/1994","66.5625","38.872501373291","526","32.177","14.88","0","4.29572847905339","0.271979739437677","27.27545508",
"8/17/1994","66.5625","38.872501373291","526","33.171","14.687","0","3.21291279110001","0.297817692633104","26.92620864",
"8/18/1994","66.5625","38.872501373291","526","34.836","18.937","0","3.11171530304133","0.220076864067716","26.8443054",
"8/19/1994","66.5625","38.872501373291","526","35.325","18.078","0","3.03391774637259","0.187884899572461","26.78399388",
"8/20/1994","66.5625","38.872501373291","526","36.682","19.99","0","5.03469565750504","0.14657073214838","26.83761624",
"8/21/1994","66.5625","38.872501373291","526","36.204","22.78","0","5.21355086718977","0.137102851167648","26.69517936",
"8/22/1994","66.5625","38.872501373291","526","36.899","20.517","0","4.17924882611886","0.155515269706211","26.44982424",
"8/23/1994","66.5625","38.872501373291","526","36.901","22.602","0","4.78071414878828","0.133569074422396","26.45246412",
"8/24/1994","66.5625","38.872501373291","526","37.04","22.62","0","5.46085192725847","0.140218436055442","25.8284232",
"8/25/1994","66.5625","38.872501373291","526","37.054","23.561","0","6.24136803900713","0.157636672376446","25.30529892",
"8/26/1994","66.5625","38.872501373291","526","34.889","22.018","0","4.95469046381168","0.200150302089107","25.07630148",
"8/27/1994","66.5625","38.872501373291","526","33.174","19.005","0","3.98595514883562","0.260776598040346","25.10842932",
"8/28/1994","66.5625","38.872501373291","526","32.944","17.186","0","3.92741234532944","0.234648118642148","25.2002232",
"8/29/1994","66.5625","38.872501373291","526","32.969","15.715","0","3.78279184373754","0.199758357088808","25.50892248",
"8/30/1994","66.5625","38.872501373291","526","32.473","15.713","0","4.05687652535827","0.170025932519663","24.70466232",
"8/31/1994","66.5625","38.872501373291","526","30.211","16.917","0","5.01028993708461","0.170634836589241","25.12445508",
"9/1/1994","66.5625","38.872501373291","526","31.834","16.696","0","3.73431793119159","0.175211861924267","25.34703084",
"9/2/1994","66.5625","38.872501373291","526","31.091","13.189","0","3.23602393927915","0.139124918826634","25.41870432",
"9/3/1994","66.5625","38.872501373291","526","31.082","14.719","0","3.85295278959714","0.16003523111714","24.35860908",
"9/4/1994","66.5625","38.872501373291","526","25.574","10.752","0","3.16426263389464","0.298288375712841","24.12793368",
"9/5/1994","66.5625","38.872501373291","526","25.09","7.80200000000002","0","3.28473249689298","0.308614323685911","24.38971668",
"9/6/1994","66.5625","38.872501373291","526","22.77","8.88400000000001","0","3.62404577210317","0.324629378773297","24.4420848",
"9/7/1994","66.5625","38.872501373291","526","23.891","7.91199999999998","0","2.94002052066632","0.246128291328755","24.43595508",
"9/8/1994","66.5625","38.872501373291","526","25.971","7.09399999999999","0","2.31331531838553","0.230914170063462","24.52854024",
"9/9/1994","66.5625","38.872501373291","526","26.022","6.98399999999998","0","2.27528661005659","0.189315441367267","24.37240284",
"9/10/1994","66.5625","38.872501373291","526","26.148","6.06900000000002","0","2.48695103970086","0.202356799571126","24.22440036",
"9/11/1994","66.5625","38.872501373291","526","26.827","10.935","0","3.28506642840745","0.175239175640341","23.70380796",
"9/12/1994","66.5625","38.872501373291","526","26.323","9.04500000000002","0","2.83148562478928","0.222374740521455","23.1109938",
"9/13/1994","66.5625","38.872501373291","526","25.098","7.34399999999999","0","3.26912284698787","0.23984542590545","23.2130232",
"9/14/1994","66.5625","38.872501373291","526","24.56","9.80000000000001","0","3.42646561004244","0.162369937583959","22.66509708",
"9/15/1994","66.5625","38.872501373291","526","22.546","6.685","0","2.38751682274728","0.226394231121171","22.17847824",
"9/16/1994","66.5625","38.872501373291","526","23.162","7.18799999999999","0","2.47890436290845","0.269398402027291","22.297669488",
"9/17/1994","66.5625","38.872501373291","526","22.83","5.15600000000001","0","2.23823871293413","0.343575456457491","22.171219632",
"9/18/1994","66.5625","38.872501373291","526","19.744","7.62400000000002","0","3.53534252686245","0.384230640427059","19.692955728",
"9/19/1994","66.5625","38.872501373291","526","15.688","2.64499999999998","0.40340412","2.40263377281866","0.59336289733932","18.250533288",
"9/20/1994","66.5625","38.872501373291","526","17.817","5.00200000000001","0.08068086","2.32717409645433","0.518785065977979","19.7344116",
"9/21/1994","66.5625","38.872501373291","526","17.378","7.17099999999999","0.0514984248","2.04402128704389","0.498663429726692","16.37392356",
"9/22/1994","66.5625","38.872501373291","526","21.683","4.96100000000001","0","3.06491276314231","0.437824240124176","20.7813366",
"9/23/1994","66.5625","38.872501373291","526","22.917","10.13","0","2.81547758360742","0.395359726914134","20.60724366",
"9/24/1994","66.5625","38.872501373291","526","23.445","7.83100000000002","0","2.73223841208609","0.327016328810878","20.74061574",
"9/25/1994","66.5625","38.872501373291","526","24.023","8.63999999999999","0","2.75341974315523","0.272724659364565","20.68340922",
"9/26/1994","66.5625","38.872501373291","526","25.049","10.849","0","2.73629754768571","0.270472481772197","20.52376884",
"9/27/1994","66.5625","38.872501373291","526","26.346","9.05399999999997","0","2.34156442593658","0.25777638743168","20.6841375",
"9/28/1994","66.5625","38.872501373291","526","27.124","9.51799999999997","0","2.30495996293733","0.212539914252416","20.20584114",
"9/29/1994","66.5625","38.872501373291","526","26.551","11.363","0","2.39741555857401","0.210074280640573","19.76799042",
"9/30/1994","66.5625","38.872501373291","526","25.212","11.233","0","2.62942943630784","0.228788090792373","19.88983134",
"10/1/1994","66.5625","38.872501373291","526","25.663","12.268","0","2.76565419184987","0.227581058774477","19.04726466",
"10/2/1994","66.5625","38.872501373291","526","24.451","10.41","0","2.82703842862413","0.278333832678616","19.05389748",
"10/3/1994","66.5625","38.872501373291","526","23.88","8.69400000000002","0","1.74208124950221","0.342102663473035","17.3476062",
"10/4/1994","66.5625","38.872501373291","526","24.607","10.404","0","2.83140492145046","0.343447176148864","18.128358",
"10/5/1994","66.5625","38.872501373291","526","23.4","10.714","0","2.99099318688399","0.311939257959377","18.28541664",
"10/6/1994","66.5625","38.872501373291","526","21.674","8.45800000000003","0","2.57102889627329","0.326264521724124","18.28361232",
"10/7/1994","66.5625","38.872501373291","526","22.338","7.72500000000002","0","2.56134025179907","0.266659968361007","18.51963498",
"10/8/1994","66.5625","38.872501373291","526","22.479","6.54899999999998","0","2.03830226651892","0.352165589781973","18.19732374",
"10/9/1994","66.5625","38.872501373291","526","22.049","6.42200000000003","0","2.13431044648725","0.338486374178239","17.97317172",
"10/10/1994","66.5625","38.872501373291","526","20.559","6.678","0","1.70374312216949","0.356636832940333","13.803127272",
"10/11/1994","66.5625","38.872501373291","526","20.733","8.56999999999999","0","2.38609654684901","0.365825725209902","16.56590454",
"10/12/1994","66.5625","38.872501373291","526","18.705","8.47399999999999","0","2.65243080760771","0.297529189535893","16.20596124",
"10/13/1994","66.5625","38.872501373291","526","18.589","4.31200000000001","0","2.17326757962029","0.332859120518933","17.090888328",
"10/14/1994","66.5625","38.872501373291","526","19.787","8.46899999999999","0","2.74438647539898","0.331551494542723","16.79034708",
"10/15/1994","66.5625","38.872501373291","526","22.733","10.646","0","3.18878698254663","0.257775192584556","17.20563066",
"10/16/1994","66.5625","38.872501373291","526","21.187","11.686","0.309848976","3.80925474362034","0.242875783467019","15.54969888",
"10/17/1994","66.5625","38.872501373291","526","16.368","9.52199999999999","1.3681413936","1.38335096964023","0.623031703426519","8.94717684",
"10/18/1994","66.5625","38.872501373291","526","21.473","6.91000000000003","0","2.69269491439263","0.448465055963203","16.4156058",
"10/19/1994","66.5625","38.872501373291","526","25.446","10.867","0","2.42525882384751","0.265629612090832","16.31340018",
"10/20/1994","66.5625","38.872501373291","526","27.502","15.332","0","2.74552378249667","0.315992110509961","15.363897948",
"10/21/1994","66.5625","38.872501373291","526","24.465","9.649","0","2.25789135201871","0.496845268121494","15.21692064",
"10/22/1994","66.5625","38.872501373291","526","22.683","10.927","0","2.34478543429873","0.482321218740796","14.817659832",
"10/23/1994","66.5625","38.872501373291","526","17.28","6.67500000000001","0","2.45693191432807","0.471494053987555","13.92963624",
"10/24/1994","66.5625","38.872501373291","526","13.588","5.52999999999997","0.1476287928","2.49776547609595","0.402978700318502","14.20700922",
"10/25/1994","66.5625","38.872501373291","526","10.683","4.53300000000002","1.1381150664","2.37417909642754","0.552045995119858","9.6379344",
"10/26/1994","66.5625","38.872501373291","526","8.61500000000001","2.618","3.034975428","2.1378853515194","0.670132729990998","10.55137536",
"10/27/1994","66.5625","38.872501373291","526","13.444","1.274","0","2.29438199447441","0.602652599829274","14.82232572",
"10/28/1994","66.5625","38.872501373291","526","14.636","1.30799999999999","0","1.44857852140919","0.55737759593031","14.8655214",
"10/29/1994","66.5625","38.872501373291","526","15.873","2.52800000000002","0","2.05481123977441","0.502350589141189","14.621463",
"10/30/1994","66.5625","38.872501373291","526","15.982","3.08999999999998","0","2.45215207494838","0.423495025732778","14.614708932",
"10/31/1994","66.5625","38.872501373291","526","18.719","5.62200000000001","0","2.57776471376766","0.29543316919643","14.47261524",
"11/1/1994","66.5625","38.872501373291","526","20.71","11.096","0","3.77343036644048","0.371719141869151","12.23454222",
"11/2/1994","66.5625","38.872501373291","526","15.697","8.78800000000001","1.5964500744","3.13284842677279","0.662592594737269","10.36839024",
"11/3/1994","66.5625","38.872501373291","526","16.641","4.76799999999997","0","1.7990669300979","0.513490013677387","13.664364552",
"11/4/1994","66.5625","38.872501373291","526","21.207","9.60500000000002","0","3.74997306092141","0.341252605771522","13.603554",
"11/5/1994","66.5625","38.872501373291","526","24.385","15.025","0","6.84587896262313","0.260668958850918","13.110131088",
"11/6/1994","66.5625","38.872501373291","526","22.078","12.083","0.0463485528","3.95148453559301","0.44569376624154","9.312809328",
"11/7/1994","66.5625","38.872501373291","526","16.874","10.354","4.569627888","2.0079037902409","0.758462680082428","11.451769812",
"11/8/1994","66.5625","38.872501373291","526","21.276","11.291","1.467706752","2.41319249209842","0.582257449155339","11.9976201",
"11/9/1994","66.5625","38.872501373291","526","19.136","13.706","3.1156555464","2.85413174350153","0.605837778009567","4.12908642",
"11/10/1994","66.5625","38.872501373291","526","12.804","7.65899999999999","18.4192672824","1.49600850464051","0.889932510009801","0.84026304",
"11/11/1994","66.5625","38.872501373291","526","11.734","6.35300000000001","0.69351246","2.14737119202835","0.775294726128152","10.934602848",
"11/12/1994","66.5625","38.872501373291","526","11.813","3.23099999999999","0","2.69488847638497","0.646343139663887","12.508428168",
"11/13/1994","66.5625","38.872501373291","526","14.422","4.96800000000002","0","2.92590674075268","0.584191370921892","12.510281412",
"11/14/1994","66.5625","38.872501373291","526","17.15","8.286","0","4.07558522009746","0.382756581042674","12.3783174",
"11/15/1994","66.5625","38.872501373291","526","20.683","10.301","0","5.07780455835471","0.335866284677613","12.129639552",
"11/16/1994","66.5625","38.872501373291","526","14.485","3.43299999999999","0","1.13197807925551","0.526957906985761","11.80310922",
"11/17/1994","66.5625","38.872501373291","526","17.909","7.74000000000001","0","3.01660803785557","0.581997215958279","11.434440492",
"11/18/1994","66.5625","38.872501373291","526","15.031","10.839","5.286311136","5.12932294294775","0.544002855173271","1.78998768",
"11/19/1994","66.5625","38.872501373291","526","13.093","6.71300000000002","0","2.19796508403331","0.729507870059658","9.789474168",
"11/20/1994","66.5625","38.872501373291","526","16.173","4.99599999999998","0","2.07475138779031","0.631136105667917","11.605154112",
"11/21/1994","66.5625","38.872501373291","526","19.131","10.161","0","4.37659721597618","0.350964714220228","9.60997365",
"11/22/1994","66.5625","38.872501373291","526","19.737","11.026","0","5.17358001077623","0.335446439331111","10.7105598",
"11/23/1994","66.5625","38.872501373291","526","21.639","13.859","0","5.75288491945795","0.392513044423368","7.67496915",
"11/24/1994","66.5625","38.872501373291","526","19.374","9.89299999999997","0.1012804344","4.70252426288155","0.448797448448092","5.19828372",
"11/25/1994","66.5625","38.872501373291","526","9.18200000000002","6.03899999999999","0.93040488","2.31592032058992","0.823071064287233","3.10511214",
"11/26/1994","66.5625","38.872501373291","526","18.616","7.17599999999999","2.8821944664","5.1804040311075","0.572839221786638","7.05757653",
"11/27/1994","66.5625","38.872501373291","526","13.857","8.35399999999999","0.820541664","3.99839092429754","0.691177045824715","10.08506025",
"11/28/1994","66.5625","38.872501373291","526","17.869","7.91699999999997","0","3.71845133978676","0.493133948006974","10.91918997",
"11/29/1994","66.5625","38.872501373291","526","16.281","8.74400000000003","0","3.62881730609727","0.405525245302166","10.90428435",
"11/30/1994","66.5625","38.872501373291","526","16.048","7.42099999999999","0","3.147563920973","0.45435105118686","10.37604105",
"12/1/1994","66.5625","38.872501373291","526","17.483","9.64299999999997","1.62735048","4.8419308549992","0.516993981579454","6.79887855",
"12/2/1994","66.5625","38.872501373291","526","11.313","5.95600000000002","0.7810593264","3.09743316560645","0.778193356256705","7.78190517",
"12/3/1994","66.5625","38.872501373291","526","16.422","6.88400000000001","0","4.32879593604063","0.48648064460578","10.3351491",
"12/4/1994","66.5625","38.872501373291","526","15.505","10.842","10.7597328264","8.02089875316217","0.424494305658015","1.91390616",
"12/5/1994","66.5625","38.872501373291","526","11.352","3.08199999999999","16.628841432","2.88737396957099","0.81534389926781","2.74595553",
"12/6/1994","66.5625","38.872501373291","526","5.72899999999999","-0.694000000000017","0.085830696","3.93121918028182","0.78904145127854","9.65345778",
"12/7/1994","66.5625","38.872501373291","526","-1.22800000000001","-5.654","1.5724176192","3.16757558406874","0.892409977352553","6.52393026",
"12/8/1994","66.5625","38.872501373291","526","-3.15199999999999","-10.27","1.150131204","2.48879381280579","0.849551395987821","9.2355147",
"12/9/1994","66.5625","38.872501373291","526","-0.199000000000012","-9.892","0","2.32929896541087","0.75949994570622","10.8669906",
"12/10/1994","66.5625","38.872501373291","526","2.09100000000001","-7.17200000000003","0","2.41255158821455","0.652543491070663","10.84702869",
"12/11/1994","66.5625","38.872501373291","526","4.65499999999997","-3.74700000000001","0","3.71583827628568","0.622187453668084","10.59401448",
"12/12/1994","66.5625","38.872501373291","526","5.36900000000003","-2.29000000000002","0","3.13956444234055","0.568117043732187","10.06341093",
"12/13/1994","66.5625","38.872501373291","526","7.37599999999998","0.163999999999987","0","4.54083613992104","0.579346013048557","10.1531826",
"12/14/1994","66.5625","38.872501373291","526","9.42200000000003","2.62400000000002","0.0137329056","5.15959572057908","0.575242495200878","7.85558853",
"12/15/1994","66.5625","38.872501373291","526","8.447","1.32999999999998","0.017166132","4.47127957808891","0.665188475929963","6.73295877",
"12/16/1994","66.5625","38.872501373291","526","10.44","2.29000000000002","0","3.69725212323362","0.666738825895502","10.27349415",
"12/17/1994","66.5625","38.872501373291","526","10.569","3.11599999999999","0","3.6098265527772","0.50073742844034","6.45024564",
"12/18/1994","66.5625","38.872501373291","526","12.612","5.12700000000001","0.0034332264","3.16111891036145","0.596667909491083","9.06373359",
"12/19/1994","66.5625","38.872501373291","526","13.269","3.69900000000001","0","2.58372431204071","0.653592099097096","9.78592923",
"12/20/1994","66.5625","38.872501373291","526","14.183","6.47899999999999","0.154495044","5.88045185857125","0.655583044752651","9.6077826",
"12/21/1994","66.5625","38.872501373291","526","11.515","1.024","5.6442258504","3.69825473214606","0.841936198019882","2.28667383",
"12/22/1994","66.5625","38.872501373291","526","0.41500000000002","-4.38400000000001","0.0995636304","2.16539138882262","0.862413340707938","9.17049627",
"12/23/1994","66.5625","38.872501373291","526","0.524999999999977","-5.47800000000001","0.0137329056","1.45015949610719","0.833270529895341","8.83147122",
"12/24/1994","66.5625","38.872501373291","526","-1.00700000000001","-6.94400000000002","0.0617980968","1.89665640250594","0.827921673574465","9.64575288",
"12/25/1994","66.5625","38.872501373291","526","0.307000000000016","-8.27800000000002","0","1.92889779996331","0.755699869909349","9.81658233",
"12/26/1994","66.5625","38.872501373291","526","0.548999999999978","-6.29000000000002","0.0205993584","1.73339075233344","0.799206253743187","10.06199793",
"12/27/1994","66.5625","38.872501373291","526","1.63","-4.91500000000002","0","2.31156461001556","0.73673976483271","10.2046482",
"12/28/1994","66.5625","38.872501373291","526","0.257000000000005","-5.36700000000002","0.2506257288","1.35510739585231","0.820117247005669","9.124144668",
"12/29/1994","66.5625","38.872501373291","526","2.87900000000002","-5.29599999999999","0","3.37611370124581","0.788696504476008","10.42537122",
"12/30/1994","66.5625","38.872501373291","526","6.65499999999997","-1.88400000000001","0","5.05034137665117","0.622298402046786","10.290257532",
"12/31/1994","66.5625","38.872501373291","526","7.90600000000001","0.298000000000002","0","4.13340920216693","0.594794585855597","10.342914552",
"1/1/1995","66.5625","38.872501373291","526","10.514","2.238","0","3.6679475126611","0.555848006989613","10.5036138",
"1/2/1995","66.5625","38.872501373291","526","6.30000000000001","-0.355000000000018","0.1304626464","2.09406412989973","0.619675529659243","4.64776839",
"1/3/1995","66.5625","38.872501373291","526","7.10399999999999","-0.0169999999999959","0.017166132","2.10771676147045","0.820457992810214","9.6800652",
"1/4/1995","66.5625","38.872501373291","526","8.48399999999998","-0.483000000000004","0","2.01346681473974","0.758863087193763","10.49141268",
"1/5/1995","66.5625","38.872501373291","526","10.948","2.43599999999998","0","4.66330872247092","0.626301572009036","10.40794272",
"1/6/1995","66.5625","38.872501373291","526","6.20499999999998","0.271999999999991","0.1321793424","2.4925583018153","0.686278247169901","9.308588832",
"1/7/1995","66.5625","38.872501373291","526","1.13499999999999","-2.56200000000001","1.4187809232","2.21037887321582","0.896264380335705","6.009973668",
"1/8/1995","66.5625","38.872501373291","526","0.132999999999981","-6.43000000000001","0","2.09445078803773","0.833567518551053","10.945408392",
"1/9/1995","66.5625","38.872501373291","526","0.466999999999985","-10.276","0","1.42049451456326","0.781669019915683","11.214501372",
"1/10/1995","66.5625","38.872501373291","526","2.21899999999999","-7.90699999999998","0","2.34745594013506","0.677491307361547","11.160331236",
"1/11/1995","66.5625","38.872501373291","526","7.55700000000002","-2.38999999999999","0.2162934144","6.34348669132913","0.588657232705443","10.720183248",
"1/12/1995","66.5625","38.872501373291","526","9.63200000000001","3.82100000000003","3.2924654856","5.25635757888125","0.726123094632993","10.16617914",
"1/13/1995","66.5625","38.872501373291","526","8.07499999999999","0.843999999999994","0.3982545864","2.29863469141038","0.848000947110661","10.586141748",
"1/14/1995","66.5625","38.872501373291","526","4.60700000000003","-0.264999999999986","0.224876556","1.44796237403276","0.954400970532595","5.677874028",
"1/15/1995","66.5625","38.872501373291","526","2.072","-3.95400000000001","0.22487634","1.62133766274446","0.958098134344587","5.825194812",
"1/16/1995","66.5625","38.872501373291","526","3.85500000000002","-6.38499999999999","0","2.56111237182531","0.824221849474423","11.532540888",
"1/17/1995","66.5625","38.872501373291","526","7.16699999999997","-1.274","0.193977216","6.35766998786529","0.666251955008446","10.67309766",
"1/18/1995","66.5625","38.872501373291","526","4.85300000000001","0.593000000000018","8.647438932","2.87738236195104","0.887568565039505","2.282624262",
"1/19/1995","66.5625","38.872501373291","526","1.68099999999998","-3.98899999999998","0.748443852","1.46628788617556","0.938189432083754","11.350126512",
"1/20/1995","66.5625","38.872501373291","526","3.52300000000002","-4.24599999999998","0","2.5912699421205","0.838475767632714","11.859920352",
"1/21/1995","66.5625","38.872501373291","526","4.77800000000002","-3.22500000000002","0","2.292573116309","0.626154040933541","11.822343336",
"1/22/1995","66.5625","38.872501373291","526","6.41800000000001","-1.60199999999998","0","2.6431330509885","0.629059355117278","11.95030854",
"1/23/1995","66.5625","38.872501373291","526","1.98200000000003","-5.68799999999999","0","2.3332333664692","0.787850080120173","9.255436812",
"1/24/1995","66.5625","38.872501373291","526","3.59300000000002","-3.38600000000002","0","2.81074843818077","0.868745568483243","11.30202846",
"1/25/1995","66.5625","38.872501373291","526","0.824999999999989","-4.38600000000002","6.5497418064","3.80597847848465","0.894109304282981","5.896520928",
"1/26/1995","66.5625","38.872501373291","526","3.69400000000002","-3.83699999999999","0","5.20872998998893","0.838240827139849","12.6538866",
"1/27/1995","66.5625","38.872501373291","526","3.82600000000002","-1.98099999999999","0.0635147136","2.3668092670001","0.831621181579698","9.968509332",
"1/28/1995","66.5625","38.872501373291","526","3.17200000000003","-0.625","0.1956940056","2.50042992826218","0.899842141282216","8.6293665",
"1/29/1995","66.5625","38.872501373291","526","5.00099999999998","0.494000000000028","0","3.93515773157336","0.854633026981839","13.00927446",
"1/30/1995","66.5625","38.872501373291","526","11.103","1.30799999999999","0","3.41615358915666","0.568835294669549","13.228141428",
"1/31/1995","66.5625","38.872501373291","526","11.882","2.45299999999997","0","3.26416113845161","0.487228142091558","13.02400746",
"2/1/1995","66.5625","38.872501373291","526","12.081","3.99400000000003","0","2.8584471871275","0.595821637814097","12.644609148",
"2/2/1995","66.5625","38.872501373291","526","11.055","-0.83499999999998","0","1.96980573298454","0.618985467784849","13.1151402",
"2/3/1995","66.5625","38.872501373291","526","7.90800000000002","-0.867999999999995","0","2.40308501159984","0.757033689350386","13.3671411",
"2/4/1995","66.5625","38.872501373291","526","7.50099999999998","1.589","0","4.05977968283029","0.794198959857224","13.390536888",
"2/5/1995","66.5625","38.872501373291","526","13.696","4.92399999999998","0","8.31490540628551","0.63729336844708","13.12402212",
"2/6/1995","66.5625","38.872501373291","526","11.257","5.86599999999999","17.330938812","3.7418730389627","0.826283761294272","2.26411848",
"2/7/1995","66.5625","38.872501373291","526","6.63","3.47899999999999","10.46104488","1.57493625304428","0.91309307866875","5.34588732",
"2/8/1995","66.5625","38.872501373291","526","12.684","2.38200000000001","0","3.49443046612669","0.775305745895259","13.64681286",
"2/9/1995","66.5625","38.872501373291","526","10.946","6.15899999999999","3.9447792864","4.44105904042642","0.791983356798581","2.659501188",
"2/10/1995","66.5625","38.872501373291","526","12.052","5.43400000000003","11.140828092","2.53117058562685","0.87848770154914","10.968415686",
"2/11/1995","66.5625","38.872501373291","526","7.27999999999997","2.82400000000001","1.9191743496","4.03815229654956","0.847264981575311","9.5902317",
"2/12/1995","66.5625","38.872501373291","526","3.15499999999997","-0.88900000000001","0.0617980896","1.88370655365583","0.931555753696242","13.01479218",
"2/13/1995","66.5625","38.872501373291","526","2.47699999999998","-7.142","0.0274658112","1.41561934910841","0.940734835446366","13.85853786",
"2/14/1995","66.5625","38.872501373291","526","5.48000000000002","-2.024","0.1871108712","1.63996333546712","0.856487793741926","13.0236768",
"2/15/1995","66.5625","38.872501373291","526","3.31900000000002","-6.78300000000002","0","1.7910168742503","0.881772229552272","15.43005252",
"2/16/1995","66.5625","38.872501373291","526","6.62799999999999","-2.577","0.0789642504","1.40445111498972","0.707036428625471","11.0393478",
"2/17/1995","66.5625","38.872501373291","526","1.22800000000001","-3.95999999999998","0.5596163352","2.9214569311781","0.828399377934284","13.16727792",
"2/18/1995","66.5625","38.872501373291","526","0.492999999999995","-4.92000000000002","0.305557272","2.45799144922205","0.742034678171271","13.23961686",
"2/19/1995","66.5625","38.872501373291","526","2.00900000000001","-5.95299999999997","0","2.04134162074354","0.618868468912226","16.451433",
"2/20/1995","66.5625","38.872501373291","526","1.17899999999997","-10.804","0","2.32197616507174","0.813939811149875","16.93912734",
"2/21/1995","66.5625","38.872501373291","526","5.21300000000002","-6.15199999999999","0","2.23793130739988","0.705896406480575","16.92236124",
"2/22/1995","66.5625","38.872501373291","526","2.55500000000001","-3.60599999999999","0","3.27492158997841","0.801084659047087","17.39935566",
"2/23/1995","66.5625","38.872501373291","526","4.58999999999998","-2.10199999999998","0","3.7023925812497","0.835490345966038","17.65597716",
"2/24/1995","66.5625","38.872501373291","526","5.66899999999998","-4.23500000000001","0","3.10375088394113","0.81108270562938","17.8917219",
"2/25/1995","66.5625","38.872501373291","526","1.74599999999998","-1.452","2.001571524","2.01925365006642","0.898041028175144","9.15114204",
"2/26/1995","66.5625","38.872501373291","526","0.273000000000025","-4.39299999999997","5.6064636","2.30741936148804","0.981365726521112","9.12239694",
"2/27/1995","66.5625","38.872501373291","526","0.163999999999987","-7.67000000000002","2.447891064","1.86296466032752","0.973974708200556","9.93026196",
"2/28/1995","66.5625","38.872501373291","526","0.535000000000025","-10.175","0.0892639224","2.32920327858101","0.921469563169957","15.68424186",
"3/1/1995","66.5625","38.872501373291","526","2.44799999999998","-4.84899999999999","0","2.84292526082662","0.871839541025881","18.15766812",
"3/2/1995","66.5625","38.872501373291","526","3.62799999999999","-1.05900000000003","0.00686646","4.66549934318868","0.856853270677651","18.31685472",
"3/3/1995","66.5625","38.872501373291","526","1.96600000000001","-2.85199999999998","7.559968428","2.1397884400375","0.922092013616712","6.304334112",
"3/4/1995","66.5625","38.872501373291","526","1.13900000000001","-2.85000000000002","4.885480872","2.56841605763883","0.969057941093398","11.15234676",
"3/5/1995","66.5625","38.872501373291","526","1.32799999999997","-2.82799999999997","0.886631256","2.24993658696543","0.936927037851261","13.40921628",
"3/6/1995","66.5625","38.872501373291","526","5.79599999999999","-2.87700000000001","0.8806238064","2.47346836517772","0.866265675567293","13.033070892",
"3/7/1995","66.5625","38.872501373291","526","5.78800000000001","0.0559999999999832","1.1003493888","2.232100622282","0.870095473707662","12.64933206",
"3/8/1995","66.5625","38.872501373291","526","7.60399999999999","-0.906999999999982","0","1.84987650615577","0.782883358186113","17.25192396",
"3/9/1995","66.5625","38.872501373291","526","2.375","-6.428","0.0205993584","1.26091762249784","0.918156890740791","16.1431884",
"3/10/1995","66.5625","38.872501373291","526","3.87099999999998","-1.993","0","2.66073448278231","0.857150736282313","19.87571088",
"3/11/1995","66.5625","38.872501373291","526","4.16199999999998","-9.46100000000001","0","2.12654474602185","0.872125051336766","19.93550688",
"3/12/1995","66.5625","38.872501373291","526","10.709","-0.399000000000001","0","2.52686611395549","0.641573868620847","19.79234856",
"3/13/1995","66.5625","38.872501373291","526","12.599","2.92200000000003","0","3.38443958444223","0.578244755529991","20.10318444",
"3/14/1995","66.5625","38.872501373291","526","12.496","0.944000000000017","0","1.86619564829455","0.554673150757943","20.05694892",
"3/15/1995","66.5625","38.872501373291","526","6.71199999999999","-3.85500000000002","0.0068664528","1.38399184637777","0.861078942795718","18.5792022",
"3/16/1995","66.5625","38.872501373291","526","10.069","1.66199999999998","0.0102996792","2.78929712645116","0.889846136538208","17.86011201",
"3/17/1995","66.5625","38.872501373291","526","18.517","7.88299999999998","0","3.94685158379422","0.724483293052002","19.74284604",
"3/18/1995","66.5625","38.872501373291","526","17.933","9.21199999999999","0.0841140504","3.97381030342888","0.55414850817514","12.78916569",
"3/19/1995","66.5625","38.872501373291","526","11.068","7.041","6.4956635064","1.53314766608451","0.846010172664151","6.897828258",
"3/20/1995","66.5625","38.872501373291","526","12.017","3.22300000000001","3.7336361472","2.37598563224588","0.939625755445428","16.5816603",
"3/21/1995","66.5625","38.872501373291","526","10.354","2.31099999999998","2.162932632","1.6827924554607","0.948981939152826","13.03211511",
"3/22/1995","66.5625","38.872501373291","526","11.02","-0.769000000000005","0.034332264","1.09945210790044","0.935939690743918","14.661564552",
"3/23/1995","66.5625","38.872501373291","526","9.59399999999999","2.464","0.8256912408","1.30759395469719","0.959989152252967","7.17879438",
"3/24/1995","66.5625","38.872501373291","526","11.381","3.13900000000001","0.1047134304","2.9179636790761","0.911027528014003","13.9741335",
"3/25/1995","66.5625","38.872501373291","526","14.217","3.17700000000002","0","2.80360563534522","0.777865216089009","21.99870324",
"3/26/1995","66.5625","38.872501373291","526","19.998","6.35399999999999","0.34160616","7.44819405682175","0.55792086390623","21.480973848",
"3/27/1995","66.5625","38.872501373291","526","15.468","8.60399999999999","6.5154118464","3.67973287689442","0.720678898013894","10.267311852",
"3/28/1995","66.5625","38.872501373291","526","11.442","4.15699999999998","0","3.73865712184691","0.675326725517524","19.729520352",
"3/29/1995","66.5625","38.872501373291","526","10.816","0.290999999999997","0","3.55114403571848","0.710997758028687","22.91602914",
"3/30/1995","66.5625","38.872501373291","526","11.902","0.793999999999983","0","2.48937611960922","0.756358849542465","22.701601728",
"3/31/1995","66.5625","38.872501373291","526","13.645","-2.74900000000002","0","2.04357592000382","0.691289578635705","23.815741392",
"4/1/1995","66.5625","38.872501373291","526","12.312","3.40600000000001","0","3.33569643281038","0.642839210522879","23.36659542",
"4/2/1995","66.5625","38.872501373291","526","14.548","2.993","0","2.78902632164495","0.610683251656102","23.773385448",
"4/3/1995","66.5625","38.872501373291","526","17.894","5.55900000000003","0","4.11615785804674","0.493696425606533","24.08951394",
"4/4/1995","66.5625","38.872501373291","526","20.581","6.97800000000001","0","3.57090338222407","0.432824514976957","24.29589996",
"4/5/1995","66.5625","38.872501373291","526","21.233","7.95999999999998","0","2.86315272263427","0.40288133775158","23.6026134",
"4/6/1995","66.5625","38.872501373291","526","22.163","9.52800000000002","0","2.7626047817774","0.394847223676417","24.28020144",
"4/7/1995","66.5625","38.872501373291","526","13.833","7.46300000000002","5.3627021064","2.24849653401832","0.722841291460312","5.80235652",
"4/8/1995","66.5625","38.872501373291","526","7.036","-1.368","0.9578702664","2.49544731014289","0.976830887556741","17.53064748",
"4/9/1995","66.5625","38.872501373291","526","15.713","2.48099999999999","0","3.1421652840207","0.645127928878027","24.78105288",
"4/10/1995","66.5625","38.872501373291","526","18.204","5.423","0","2.52899462536072","0.505508174761236","25.15269456",
"4/11/1995","66.5625","38.872501373291","526","20.005","5.44400000000002","0","2.66831719525869","0.412582799046029","25.63464672",
"4/12/1995","66.5625","38.872501373291","526","23.843","10.201","0","3.55965230670749","0.313502872580981","24.20746524",
"4/13/1995","66.5625","38.872501373291","526","23.501","7.62400000000002","0","2.93541443328753","0.35142140157033","25.80436332",
"4/14/1995","66.5625","38.872501373291","526","21.768","7.798","0","2.99314198545088","0.431411171683624","24.40620144",
"4/15/1995","66.5625","38.872501373291","526","20.526","7.59100000000001","0","2.51405166669646","0.418048612510011","22.45224816",
"4/16/1995","66.5625","38.872501373291","526","23.298","10.147","0","3.4668507216414","0.391033157659005","25.94728404",
"4/17/1995","66.5625","38.872501373291","526","21.934","11.861","0.44631972","2.68133392266186","0.535511106134011","14.90850396",
"4/18/1995","66.5625","38.872501373291","526","21.882","9.91000000000003","4.0615123464","2.92977510265467","0.627676411929059","21.47062284",
"4/19/1995","66.5625","38.872501373291","526","22.367","12.551","0.243759168","3.44484064558109","0.552195368158567","24.29442",
"4/20/1995","66.5625","38.872501373291","526","21.44","14.238","0.12702942","4.20399081401012","0.474114893651225","12.01240872",
"4/21/1995","66.5625","38.872501373291","526","22.596","11.035","0.18882756","2.40004435977994","0.574826870074256","24.5536344",
"4/22/1995","66.5625","38.872501373291","526","22.416","8.73899999999998","0","2.42923310511392","0.506491374179648","26.250804",
"4/23/1995","66.5625","38.872501373291","526","22.165","8.065","0","2.94766191359804","0.485823930794118","26.1073692",
"4/24/1995","66.5625","38.872501373291","526","22.29","7.92399999999998","0","2.68467588081075","0.398858197745906","22.66110855",
"4/25/1995","66.5625","38.872501373291","526","24.2","10.171","0.3004073064","3.73274680372404","0.43092200404748","25.00200126",
"4/26/1995","66.5625","38.872501373291","526","20.757","12.758","6.619262868","2.30186091262669","0.649750310094847","21.56096025",
"4/27/1995","66.5625","38.872501373291","526","20.569","12.594","0.8102416464","2.49364083859536","0.626859950737131","16.94092482",
"4/28/1995","66.5625","38.872501373291","526","24.183","11.247","0","1.95312380408588","0.529189478939472","26.47158327",
"4/29/1995","66.5625","38.872501373291","526","24.742","12.95","0","3.02108774305573","0.36989363231755","26.685781488",
"4/30/1995","66.5625","38.872501373291","526","24.974","13.54","0","2.65068014261812","0.406864471125856","27.355220352",
"5/1/1995","66.5625","38.872501373291","526","25.717","11.974","0","2.70098050880279","0.30487555720507","27.979369272",
"5/2/1995","66.5625","38.872501373291","526","26.898","14.04","0","3.26778348583932","0.282964414465718","27.2268018",
"5/3/1995","66.5625","38.872501373291","526","29.577","17.205","0","3.05983259926228","0.315264385940346","27.35133408",
"5/4/1995","66.5625","38.872501373291","526","28.172","15.403","0","2.65293940279861","0.374013894383906","27.431606088",
"5/5/1995","66.5625","38.872501373291","526","30.198","15.14","0","3.44791036556782","0.327397092117834","27.90849348",
"5/6/1995","66.5625","38.872501373291","526","31.233","15.441","0","2.47202635835052","0.355009328639082","27.64748772",
"5/7/1995","66.5625","38.872501373291","526","33.445","20.189","0","2.85990780265188","0.299802965592303","26.88007266",
"5/8/1995","66.5625","38.872501373291","526","35.951","23.205","0","3.99308389695653","0.237419587403636","26.232188472",
"5/9/1995","66.5625","38.872501373291","526","31.504","17.787","0.219726684","4.27978955334903","0.366706834107311","25.748443008",
"5/10/1995","66.5625","38.872501373291","526","26.913","13.58","0.02059938","3.89382027640854","0.347894809530106","29.485574712",
"5/11/1995","66.5625","38.872501373291","526","28.562","13.833","0","3.48812900461729","0.285721217419337","29.092670208",
"5/12/1995","66.5625","38.872501373291","526","28.493","16.319","0","4.78082023167686","0.310525933099191","29.58962706",
"5/13/1995","66.5625","38.872501373291","526","29.147","14.262","0","4.36305706521439","0.302842366609337","29.789445888",
"5/14/1995","66.5625","38.872501373291","526","29.603","16.988","0","5.13175240930503","0.317384560122607","29.40879132",
"5/15/1995","66.5625","38.872501373291","526","30.804","17.593","0","5.11451323036067","0.292279292304348","29.405029032",
"5/16/1995","66.5625","38.872501373291","526","26.467","16.106","0.86174028","4.07314783256058","0.472997559794937","18.76111974",
"5/17/1995","66.5625","38.872501373291","526","26.443","15.54","0","3.04024635345745","0.432202131551688","25.549926408",
"5/18/1995","66.5625","38.872501373291","526","25.503","13.397","0","3.24478713671246","0.380783649213265","27.092926152",
"5/19/1995","66.5625","38.872501373291","526","25.518","12.457","0","3.81631922217067","0.318320171778522","30.2539986",
"5/20/1995","66.5625","38.872501373291","526","25.231","13.77","0.0102996864","3.13528818356266","0.34039719089358","27.4442112",
"5/21/1995","66.5625","38.872501373291","526","26.353","12.943","0","2.60797421507102","0.371160302414842","28.42818732",
"5/22/1995","66.5625","38.872501373291","526","25.931","12.391","0","2.73325699837694","0.319145210305186","30.1724964",
"5/23/1995","66.5625","38.872501373291","526","25.682","9.50299999999999","0","3.21745605828773","0.25840511574721","30.62029284",
"5/24/1995","66.5625","38.872501373291","526","24.015","10.982","0","3.38007488595831","0.241336274377648","30.25172844",
"5/25/1995","66.5625","38.872501373291","526","22.596","9.892","0","3.51601516870482","0.249889806718501","29.87329248",
"5/26/1995","66.5625","38.872501373291","526","18.878","8.61099999999999","0.672912648","2.76619230006871","0.375622262207983","17.283371328",
"5/27/1995","66.5625","38.872501373291","526","22.833","8.36000000000001","0","2.92017281334981","0.317913769226992","30.564162",
"5/28/1995","66.5625","38.872501373291","526","22.675","9.61200000000002","0.748443924","3.35237827803673","0.313662801441492","16.07659596",
"5/29/1995","66.5625","38.872501373291","526","22.741","9.45100000000002","0","3.26085254352974","0.37635129334143","30.3139728",
"5/30/1995","66.5625","38.872501373291","526","24.777","9.59100000000001","0","2.94670901052602","0.303193576929169","30.79301832",
"5/31/1995","66.5625","38.872501373291","526","26.32","12.661","0","3.00341577650918","0.238749713250305","30.53772864",
"6/1/1995","66.5625","38.872501373291","526","28.216","14.219","0","3.09898715168252","0.267205732966446","30.4391754",
"6/2/1995","66.5625","38.872501373291","526","28.688","15.417","0","3.13110308946445","0.261728996997292","29.90565324",
"6/3/1995","66.5625","38.872501373291","526","27.995","15.126","0","3.16426167803571","0.322690186107199","30.06747972",
"6/4/1995","66.5625","38.872501373291","526","31.206","16.573","0","3.38280821910309","0.235890930066008","30.98606976",
"6/5/1995","66.5625","38.872501373291","526","32.554","18.075","0","4.17070238743778","0.180540556753847","31.0543092",
"6/6/1995","66.5625","38.872501373291","526","33.997","20.145","0","4.08740079641428","0.223197107810501","30.59043948",
"6/7/1995","66.5625","38.872501373291","526","33.141","16.387","0","3.00269374519917","0.309750699706614","30.83489748",
"6/8/1995","66.5625","38.872501373291","526","35.004","19.325","0","3.0134022255732","0.210443790364393","30.02478444",
"6/9/1995","66.5625","38.872501373291","526","31.046","16.527","0","2.78669635129071","0.32003900618572","30.40267824",
"6/10/1995","66.5625","38.872501373291","526","29.518","14.521","0","2.7046425869893","0.330619104880169","30.84288012",
"6/11/1995","66.5625","38.872501373291","526","32.099","17.026","0","2.88243745833541","0.242641006282189","31.37881968",
"6/12/1995","66.5625","38.872501373291","526","33.638","16.297","0","3.09378655837682","0.156909929643164","31.19408964",
"6/13/1995","66.5625","38.872501373291","526","32.524","18.338","0","2.58626631417207","0.201611605864728","31.03543224",
"6/14/1995","66.5625","38.872501373291","526","34.423","16.506","0","2.62307533441014","0.163214942708017","31.159611",
"6/15/1995","66.5625","38.872501373291","526","36.864","19.652","0","3.79505277916733","0.168253453334893","30.56422104",
"6/16/1995","66.5625","38.872501373291","526","36.65","23.648","0","4.53228106580653","0.161129686599216","30.8643696",
"6/17/1995","66.5625","38.872501373291","526","33.928","21.187","0","2.95458413305059","0.220451307878582","27.65058732",
"6/18/1995","66.5625","38.872501373291","526","34.432","21.222","0","4.52618002576255","0.170101534750406","30.80272572",
"6/19/1995","66.5625","38.872501373291","526","33.602","18.948","0","3.33710500903803","0.209698596120019","30.62497284",
"6/20/1995","66.5625","38.872501373291","526","31.013","17.835","0","2.6294936433374","0.243004165722285","27.49731012",
"6/21/1995","66.5625","38.872501373291","526","30.509","13.026","0","2.94880518645488","0.288606761568735","30.43176156",
"6/22/1995","66.5625","38.872501373291","526","32.605","18.208","0","3.28824151458741","0.258663033769596","30.6311076",
"6/23/1995","66.5625","38.872501373291","526","34.477","19.151","0","3.00076808992654","0.201809095192788","29.71658952",
"6/24/1995","66.5625","38.872501373291","526","23.038","12.932","0.835990848","3.18823351711684","0.607136564999485","21.83219892",
"6/25/1995","66.5625","38.872501373291","526","29.569","15.047","0","3.87976033799361","0.447444729036715","27.15350292",
"6/26/1995","66.5625","38.872501373291","526","30.271","15.429","0","2.2362453191104","0.397865440493518","29.41611336",
"6/27/1995","66.5625","38.872501373291","526","30.397","16.714","0","3.05908013600266","0.327363585056808","28.80101484",
"6/28/1995","66.5625","38.872501373291","526","30.469","16.783","0","2.29669546328924","0.370189114735251","30.12637824",
"6/29/1995","66.5625","38.872501373291","526","33.748","19.795","0","2.43039107870675","0.280275118654361","30.25232208",
"6/30/1995","66.5625","38.872501373291","526","35.825","22.324","0","3.34652547268776","0.211620896613172","30.66373332",
"7/1/1995","66.5625","38.872501373291","526","37.69","22.437","0","3.98414864758606","0.197816314032885","30.68302752",
"7/2/1995","66.5625","38.872501373291","526","37.803","25.671","0","3.76882219056498","0.19563335369625","30.3985152",
"7/3/1995","66.5625","38.872501373291","526","34.77","20.292","0","2.92842850047448","0.214195870023586","30.79873872",
"7/4/1995","66.5625","38.872501373291","526","34.325","22.042","0","5.11175380390651","0.26520281431523","30.32533944",
"7/5/1995","66.5625","38.872501373291","526","34.539","22.077","0","4.5125532737462","0.274710489581096","30.40959528",
"7/6/1995","66.5625","38.872501373291","526","35.147","21.398","0","4.19020986579085","0.261761277542365","30.49278552",
"7/7/1995","66.5625","38.872501373291","526","34.822","21.258","0","3.20222327177596","0.259881313408995","30.029454",
"7/8/1995","66.5625","38.872501373291","526","34.992","22.04","0","4.09961672413339","0.256617674584815","30.4594884",
"7/9/1995","66.5625","38.872501373291","526","35.429","21.855","0","4.5337787389834","0.210384770955543","30.87696744",
"7/10/1995","66.5625","38.872501373291","526","35.458","23.311","0","5.3239197390142","0.216485032507808","30.02428404",
"7/11/1995","66.5625","38.872501373291","526","35.452","21.331","0","3.70171965428981","0.197633131706709","30.87545256",
"7/12/1995","66.5625","38.872501373291","526","36.616","20.984","0","3.8221522831574","0.160432793730946","31.04926884",
"7/13/1995","66.5625","38.872501373291","526","37.225","23.067","0","4.88939064429598","0.18612842735984","30.73168728",
"7/14/1995","66.5625","38.872501373291","526","37.807","23.411","0","5.03087560985256","0.180806242173556","30.4047612",
"7/15/1995","66.5625","38.872501373291","526","38.373","24.489","0","5.17731299770703","0.182324387644616","29.849743872",
"7/16/1995","66.5625","38.872501373291","526","40.583","25.287","0","4.51397898061477","0.147612996159651","30.30867954",
"7/17/1995","66.5625","38.872501373291","526","41.892","25.878","0","4.07089482453908","0.148607366689401","29.7590616",
"7/18/1995","66.5625","38.872501373291","526","39.571","26.391","0","5.16222883077343","0.176322740168112","29.38483332",
"7/19/1995","66.5625","38.872501373291","526","35.242","23.41","0","5.69325327653499","0.17729959588017","30.044528712",
"7/20/1995","66.5625","38.872501373291","526","35.312","19.114","0","3.51219426025213","0.175919420856798","30.3491241",
"7/21/1995","66.5625","38.872501373291","526","36.323","17.656","0","2.76288193638072","0.172722161008505","29.90323458",
"7/22/1995","66.5625","38.872501373291","526","38.697","21.878","0","3.2051572884473","0.139299714875928","29.43084168",
"7/23/1995","66.5625","38.872501373291","526","38.393","20.733","0","3.82216592718913","0.188827051531542","29.367954288",
"7/24/1995","66.5625","38.872501373291","526","27.442","17.006","0","1.99154004649579","0.361102266277289","22.129931952",
"7/25/1995","66.5625","38.872501373291","526","29.447","14.598","0","3.13503752265865","0.298113740451813","29.28887244",
"7/26/1995","66.5625","38.872501373291","526","32.873","18.167","0","4.62663318707561","0.258519165488594","29.546217288",
"7/27/1995","66.5625","38.872501373291","526","34.98","20.763","0","4.10330500964471","0.174390545736127","29.555101368",
"7/28/1995","66.5625","38.872501373291","526","35.361","17.842","0","3.33266327530117","0.180352003142359","29.39929686",
"7/29/1995","66.5625","38.872501373291","526","35.901","20.831","0","4.10281325039011","0.171244719211275","29.427922152",
"7/30/1995","66.5625","38.872501373291","526","36.821","21.493","0","3.96495466748458","0.181373382613811","29.221366248",
"7/31/1995","66.5625","38.872501373291","526","37.994","22.25","0","4.166205061219","0.142603532448318","29.27525058",
"8/1/1995","66.5625","38.872501373291","526","38.569","22.451","0","4.76802871424441","0.128959685763866","29.217152952",
"8/2/1995","66.5625","38.872501373291","526","36.683","22.718","0","5.7324641162555","0.164150072496636","29.33781156",
"8/3/1995","66.5625","38.872501373291","526","36.575","22.842","0","6.70354694056627","0.173303158518604","29.047897728",
"8/4/1995","66.5625","38.872501373291","526","37.564","23.786","0","4.43376428936642","0.185112368404726","27.89617698",
"8/5/1995","66.5625","38.872501373291","526","34.885","19.045","0","2.74537798896386","0.235405625412429","28.35866556",
"8/6/1995","66.5625","38.872501373291","526","33.793","15.985","0","2.82196802897258","0.237827180540075","28.471838328",
"8/7/1995","66.5625","38.872501373291","526","33.502","16.523","0","3.16637774605731","0.253746704781881","28.278113112",
"8/8/1995","66.5625","38.872501373291","526","34.01","15.832","0","3.96532929659328","0.257778637569843","28.58782086",
"8/9/1995","66.5625","38.872501373291","526","35.475","19.936","0","3.74507782353767","0.154520008474245","28.43977635",
"8/10/1995","66.5625","38.872501373291","526","37.714","22.355","0","4.9559326527429","0.143757732618018","27.71122122",
"8/11/1995","66.5625","38.872501373291","526","36.586","23.872","0","6.09943461750759","0.176640167089323","27.72202068",
"8/12/1995","66.5625","38.872501373291","526","37.697","23.137","0","5.75558797392632","0.155814219561955","27.9139563",
"8/13/1995","66.5625","38.872501373291","526","38.989","22.966","0","4.09754540141102","0.109793331911742","28.16251704",
"8/14/1995","66.5625","38.872501373291","526","37.128","19.973","0","3.55716568433168","0.164499278588555","27.27444339",
"8/15/1995","66.5625","38.872501373291","526","36.019","20.339","0","4.8524591617712","0.165565071444494","27.27056016",
"8/16/1995","66.5625","38.872501373291","526","34.613","20.877","0","4.69131429765709","0.187883735692429","27.10856304",
"8/17/1995","66.5625","38.872501373291","526","34.527","17.696","0","3.31772289359472","0.189527038318523","27.29120796",
"8/18/1995","66.5625","38.872501373291","526","35.223","17.561","0","2.9864938575708","0.162939546898245","27.25481376",
"8/19/1995","66.5625","38.872501373291","526","36.267","18.853","0","4.05607584766599","0.14399763685702","26.63865252",
"8/20/1995","66.5625","38.872501373291","526","33.331","18.968","0","3.78294325996119","0.227879024603515","25.94801196",
"8/21/1995","66.5625","38.872501373291","526","32.086","13.774","0","3.13092881935896","0.242448949313267","26.461638",
"8/22/1995","66.5625","38.872501373291","526","33.569","18.368","0","3.28510955327627","0.148802362251372","26.72442972",
"8/23/1995","66.5625","38.872501373291","526","36.144","19.44","0","3.2375287582998","0.0991469070344899","26.382429",
"8/24/1995","66.5625","38.872501373291","526","36.242","20.712","0","4.10633244750232","0.183759951578973","25.29410724",
"8/25/1995","66.5625","38.872501373291","526","31.704","17.744","0","4.37515317367576","0.269064680552358","26.12874564",
"8/26/1995","66.5625","38.872501373291","526","33.572","17.481","0","3.5274404142057","0.194662458276491","26.11210464",
"8/27/1995","66.5625","38.872501373291","526","33.705","15.142","0","2.81415949806016","0.131981502925956","26.20249056",
"8/28/1995","66.5625","38.872501373291","526","33.321","16.651","0","3.02500998095867","0.124362926624964","25.38945396",
"8/29/1995","66.5625","38.872501373291","526","29.202","9.30599999999998","0","2.3735591536029","0.298087206443805","25.34669208",
"8/30/1995","66.5625","38.872501373291","526","30.612","16.812","0","3.01413258316932","0.229603536017411","24.78476268",
"8/31/1995","66.5625","38.872501373291","526","32.016","12.899","0","2.65017756508313","0.342811251247315","24.79932864",
"9/1/1995","66.5625","38.872501373291","526","29.888","14.42","0","3.92725620581888","0.221029670472231","25.38664236",
"9/2/1995","66.5625","38.872501373291","526","27.534","10.184","0","2.93564670504304","0.286608936901125","24.86525544",
"9/3/1995","66.5625","38.872501373291","526","26.93","10.036","0","3.36049425043435","0.245610629304541","25.32318588",
"9/4/1995","66.5625","38.872501373291","526","26.634","9.93400000000003","0","2.91546413567391","0.218153363634134","25.13632392",
"9/5/1995","66.5625","38.872501373291","526","26.534","9.38900000000001","0","2.47857415594027","0.189763451781959","24.90524532",
"9/6/1995","66.5625","38.872501373291","526","28.31","12.87","0","3.18946824517387","0.145650427576271","24.97128624",
"9/7/1995","66.5625","38.872501373291","526","29.268","12.793","0","3.1442442861542","0.123751441177528","25.05628368",
"9/8/1995","66.5625","38.872501373291","526","28.923","12.065","0","2.8336838195473","0.156063894586877","24.51397572",
"9/9/1995","66.5625","38.872501373291","526","30.481","15.923","0","2.75806225291183","0.131022777672606","23.98741992",
"9/10/1995","66.5625","38.872501373291","526","30.462","12.777","0","2.45062522886692","0.157695646453847","24.01223148",
"9/11/1995","66.5625","38.872501373291","526","29.115","11.674","0","2.26785443491166","0.151086682078986","22.7301174",
"9/12/1995","66.5625","38.872501373291","526","29.239","9.84800000000001","0","2.26268556194272","0.198454473297549","23.62489056",
"9/13/1995","66.5625","38.872501373291","526","29.41","11.552","0","2.73216035865087","0.154076011486031","23.49011484",
"9/14/1995","66.5625","38.872501373291","526","29.496","12.685","0","2.95678210658216","0.147339010679654","23.18827716",
"9/15/1995","66.5625","38.872501373291","526","29.463","10.206","0","2.47239438578568","0.18660578725758","22.6924272",
"9/16/1995","66.5625","38.872501373291","526","29.229","11.635","0","2.3351155747825","0.260778555918329","22.11232824",
"9/17/1995","66.5625","38.872501373291","526","29.732","12.849","0","3.02104547886145","0.256751869626809","22.211101512",
"9/18/1995","66.5625","38.872501373291","526","30.499","12.207","0","2.78834384239284","0.22250940222493","22.136459112",
"9/19/1995","66.5625","38.872501373291","526","32.779","14.186","0","2.87756487201484","0.164440002423407","22.210370928",
"9/20/1995","66.5625","38.872501373291","526","35.179","18.909","0","2.67614577726262","0.114829423193557","21.70726686",
"9/21/1995","66.5625","38.872501373291","526","34.533","19.252","0","2.98859899664097","0.129390774060214","20.574337608",
"9/22/1995","66.5625","38.872501373291","526","19.617","12.484","0.02059938","4.80541702415414","0.469842685440966","18.08978238",
"9/23/1995","66.5625","38.872501373291","526","22.747","11.34","0.130462524","2.55922031464829","0.475487834851382","19.157903568",
"9/24/1995","66.5625","38.872501373291","526","26.615","8.755","0","2.61776845193235","0.379450252838661","20.726665632",
"9/25/1995","66.5625","38.872501373291","526","28.998","10.492","0","2.26772894449012","0.248961105370397","20.19695184",
"9/26/1995","66.5625","38.872501373291","526","30.512","14.707","0","2.62698319029783","0.18498222363552","20.328802848",
"9/27/1995","66.5625","38.872501373291","526","27.159","11.722","0","3.36229784279899","0.2925251833603","18.82350378",
"9/28/1995","66.5625","38.872501373291","526","21.118","10.421","0.0171661464","2.0200430266881","0.449338574450275","15.87830202",
"9/29/1995","66.5625","38.872501373291","526","23.112","6.31900000000002","0","2.49264928075285","0.396549348022948","20.093569272",
"9/30/1995","66.5625","38.872501373291","526","25.448","9.86500000000001","0","2.2416648926333","0.233960804859448","19.776426408",
"10/1/1995","66.5625","38.872501373291","526","25.496","12.48","0","2.07169395756038","0.285536964056389","19.24953966",
"10/2/1995","66.5625","38.872501373291","526","18.104","4.26299999999998","0","2.27017997153095","0.668557297831083","19.31197608",
"10/3/1995","66.5625","38.872501373291","526","23.799","8.45800000000003","0","1.91397507072275","0.370336083405329","19.10142792",
"10/4/1995","66.5625","38.872501373291","526","22.491","7.17399999999998","0","3.09963960398708","0.397687239613937","19.345279032",
"10/5/1995","66.5625","38.872501373291","526","25.986","9.334","0","2.35751783713998","0.173258684273924","19.51677522",
"10/6/1995","66.5625","38.872501373291","526","26.973","12.807","0","2.80013148711347","0.138657420838353","18.75807774",
"10/7/1995","66.5625","38.872501373291","526","27.598","10.918","0","2.40948919665529","0.189892611033571","18.31910868",
"10/8/1995","66.5625","38.872501373291","526","27.811","14.038","0","2.73562836543133","0.242988515961824","17.52722208",
"10/9/1995","66.5625","38.872501373291","526","23.444","8.58600000000001","0","2.13349663806453","0.443494285527053","16.78471578",
"10/10/1995","66.5625","38.872501373291","526","16.636","2.87200000000001","0","2.87767106192638","0.680083748061857","17.27499411",
"10/11/1995","66.5625","38.872501373291","526","15.146","2.69299999999998","0","3.04641753939201","0.665359739696923","17.68556232",
"10/12/1995","66.5625","38.872501373291","526","22.934","7.041","0","2.41999793626078","0.586285600685472","15.43927068",
"10/13/1995","66.5625","38.872501373291","526","15.191","5.83600000000001","2.658176568","2.3547097362819","0.838269881886727","7.11933804",
"10/14/1995","66.5625","38.872501373291","526","9.91899999999998","0.75","1.4342309712","2.47602747958388","0.950672062409321","8.351943948",
"10/15/1995","66.5625","38.872501373291","526","9.30500000000001","2.37900000000002","0","2.88456491761413","0.888105606661981","16.8046812",
"10/16/1995","66.5625","38.872501373291","526","17.426","5.63799999999998","0","2.73114893161452","0.766860377680142","14.99467698",
"10/17/1995","66.5625","38.872501373291","526","10.266","1.93000000000001","1.8831260664","3.11545410976791","0.632760524516547","6.28622028",
"10/18/1995","66.5625","38.872501373291","526","1.13099999999997","-7.95699999999999","0","2.37542565310286","0.848808569932784","17.23190832",
"10/19/1995","66.5625","38.872501373291","526","2.84100000000001","-12.562","0.0102996792","1.53283148102161","0.874773838200374","16.06185072",
"10/20/1995","66.5625","38.872501373291","526","5.553","-4.88499999999999","0","1.54652865783391","0.779994130695891","16.04171502",
"10/21/1995","66.5625","38.872501373291","526","11.79","-3.512","0","2.32499635036931","0.703950279145597","16.23858948",
"10/22/1995","66.5625","38.872501373291","526","10.042","3.58999999999998","0","3.99925723024041","0.667850783733557","16.48975014",
"10/23/1995","66.5625","38.872501373291","526","19.739","6.55500000000001","0","3.36636841608621","0.436029499894689","16.04840706",
"10/24/1995","66.5625","38.872501373291","526","17.211","8.00299999999999","0.2437590888","1.65373094611451","0.445903533840913","8.14071978",
"10/25/1995","66.5625","38.872501373291","526","7.93000000000001","-1.642","0","1.56628395213513","0.672646999685439","15.05373642",
"10/26/1995","66.5625","38.872501373291","526","10.729","-1.38999999999999","0","2.19595753120531","0.685195079722584","15.23514708",
"10/27/1995","66.5625","38.872501373291","526","7.447","-1.584","0","2.17192526363972","0.787400839572302","14.9918031",
"10/28/1995","66.5625","38.872501373291","526","10.352","-0.375999999999976","0","1.70327552820966","0.787594962259246","15.1374375",
"10/29/1995","66.5625","38.872501373291","526","9.23399999999998","-4.27600000000001","0","1.56577181225821","0.865734537921107","14.9416893",
"10/30/1995","66.5625","38.872501373291","526","12.764","-2.36099999999999","0","1.95728301023928","0.732450571896335","14.994674388",
"10/31/1995","66.5625","38.872501373291","526","13.913","5.36700000000002","0","4.68116142679276","0.581535336427641","14.47026012",
"11/1/1995","66.5625","38.872501373291","526","16.43","3.51900000000001","0","2.26890139602267","0.608756123127406","13.968391932",
"11/2/1995","66.5625","38.872501373291","526","15.51","1.178","0","1.64471063922293","0.751357070061679","14.034199248",
"11/3/1995","66.5625","38.872501373291","526","14.47","3.18799999999999","0","2.33388090776761","0.716478137817064","13.902192432",
"11/4/1995","66.5625","38.872501373291","526","20.746","6.28800000000001","0","1.63628602869645","0.547657471156865","13.699408716",
"11/5/1995","66.5625","38.872501373291","526","19.876","5.233","0","1.39094944872148","0.542518620508656","13.61959182",
"11/6/1995","66.5625","38.872501373291","526","18.952","8.89499999999998","0","2.63806148923993","0.591816944667507","11.455877448",
"11/7/1995","66.5625","38.872501373291","526","18.426","7.786","0","2.26088327212961","0.567910717273703","13.07283336",
"11/8/1995","66.5625","38.872501373291","526","21.711","8.77100000000002","0","3.4528283160266","0.491044166825047","13.02615",
"11/9/1995","66.5625","38.872501373291","526","24.079","13.57","0","4.67686646491822","0.327695522857687","12.943806012",
"11/10/1995","66.5625","38.872501373291","526","21.103","9.20299999999997","0","2.43217077190422","0.361443729471824","12.78894798",
"11/11/1995","66.5625","38.872501373291","526","21.636","9.87200000000001","0","4.20761561012497","0.388977606789124","12.84868332",
"11/12/1995","66.5625","38.872501373291","526","22.203","8.06200000000001","0","6.69334073333624","0.429166240633037","11.513811168",
"11/13/1995","66.5625","38.872501373291","526","15.607","4.065","0","3.01096257638931","0.597825915545311","12.284210988",
"11/14/1995","66.5625","38.872501373291","526","15.739","7.50799999999998","0","3.86458474776297","0.542150524987907","11.132943012",
"11/15/1995","66.5625","38.872501373291","526","8.53199999999998","1.58699999999999","0","2.99900800578508","0.550024245175695","12.3820308",
"11/16/1995","66.5625","38.872501373291","526","8.303","-0.199999999999989","0","2.41600392882783","0.73166232887113","12.393841248",
"11/17/1995","66.5625","38.872501373291","526","10.409","-0.851999999999975","0","1.86781153558346","0.701675223222866","12.3492339",
"11/18/1995","66.5625","38.872501373291","526","12.554","-0.812999999999988","0","1.1691325704787","0.595540691251307","11.3433714",
"11/19/1995","66.5625","38.872501373291","526","11.816","1.517","0","2.65428367410408","0.629287548195055","12.01629348",
"11/20/1995","66.5625","38.872501373291","526","15.955","5.75400000000002","0","3.03205747355985","0.357658690151777","12.04120692",
"11/21/1995","66.5625","38.872501373291","526","12.284","-0.899000000000001","0","1.70828049800651","0.514410064493471","12.12243732",
"11/22/1995","66.5625","38.872501373291","526","12.314","2.79899999999998","0","2.18990522742898","0.45273284254773","11.96431938",
"11/23/1995","66.5625","38.872501373291","526","12.342","2.495","0","2.87765634923871","0.482921053627763","12.018207852",
"11/24/1995","66.5625","38.872501373291","526","15.48","4.45699999999999","0","5.54129902047169","0.377297902659794","12.060559782",
"11/25/1995","66.5625","38.872501373291","526","17.081","8.32499999999999","0","4.79092546459778","0.293382320955849","11.314514538",
"11/26/1995","66.5625","38.872501373291","526","15.717","5.03699999999998","0.126171108","4.19637789276749","0.480259016488645","11.41047702",
"11/27/1995","66.5625","38.872501373291","526","5.33499999999998","-2.84199999999998","2.793790224","2.63541817786352","0.886776033396746","6.45789276",
"11/28/1995","66.5625","38.872501373291","526","0.132000000000005","-14.793","0","1.80780778474015","0.938838596139211","11.38117212",
"11/29/1995","66.5625","38.872501373291","526","1.10899999999998","-13.725","0","1.78096800278534","0.820950641307298","11.50593939",
"11/30/1995","66.5625","38.872501373291","526","5.55000000000001","-5.74200000000002","0","2.8663441819112","0.658929131438318","11.28723462",
"12/1/1995","66.5625","38.872501373291","526","7.03800000000001","-0.732000000000028","0","3.28796695924156","0.702199554568128","11.05239546",
"12/2/1995","66.5625","38.872501373291","526","4.43900000000002","-1.83199999999999","0","2.96788900192878","0.715516044795847","10.9971027",
"12/3/1995","66.5625","38.872501373291","526","2.59199999999998","-8.185","0","2.05940298016338","0.854245331390189","9.31410135",
"12/4/1995","66.5625","38.872501373291","526","6.964","0.0710000000000264","0","3.78112948385998","0.739258568713449","10.7069643",
"12/5/1995","66.5625","38.872501373291","526","4.59800000000001","-2.25599999999997","5.817605508","2.74095031083763","0.845691922351399","2.07899982",
"12/6/1995","66.5625","38.872501373291","526","7.77800000000002","-2.197","0.0635146848","1.82117629756113","0.863857065054029","7.97129865",
"12/7/1995","66.5625","38.872501373291","526","3.56900000000002","0.15300000000002","3.41777844","1.64506514814625","0.946552558886616","4.09870845",
"12/8/1995","66.5625","38.872501373291","526","4.77699999999999","-2.327","0.693512532","1.38872559339346","0.916997792547842","10.1376522",
"12/9/1995","66.5625","38.872501373291","526","4.779","-3.94999999999999","0.1544952384","1.44845231209235","0.832413313240092","9.60215463",
"12/10/1995","66.5625","38.872501373291","526","-0.670999999999992","-10.754","0.4866600816","2.30232221382452","0.867407569874461","9.35679042",
"12/11/1995","66.5625","38.872501373291","526","-0.12700000000001","-13.569","0","1.40496753065131","0.797263301808806","10.54529973",
"12/12/1995","66.5625","38.872501373291","526","0.87299999999999","-15.526","0","1.52009243984322","0.849692230259421","10.47886668",
"12/13/1995","66.5625","38.872501373291","526","1.87799999999999","-10.944","0","1.10678655533269","0.733826606253943","9.70931358",
"12/14/1995","66.5625","38.872501373291","526","0.0419999999999732","-13.552","0.0068664528","1.24110634285325","0.841525319852432","9.6487848",
"12/15/1995","66.5625","38.872501373291","526","1.56599999999997","-8.27800000000002","0.629138772","2.26577682571546","0.842454226986678","9.85376097",
"12/16/1995","66.5625","38.872501373291","526","5.67899999999997","-3.09899999999999","0","5.10767984212576","0.722885798543133","10.11853233",
"12/17/1995","66.5625","38.872501373291","526","5.31900000000002","0.464999999999975","0.5939480304","3.5111882021428","0.793191709702478","6.0919857",
"12/18/1995","66.5625","38.872501373291","526","2.88799999999998","-6.79899999999998","2.8959298848","1.73520662275495","0.906044036524955","3.8298348",
"12/19/1995","66.5625","38.872501373291","526","2.613","-6.77600000000001","0","2.15830426839411","0.869119519703608","8.91478098",
"12/20/1995","66.5625","38.872501373291","526","2.13600000000002","-7.92599999999999","0","1.78648178543913","0.900692285555589","9.61565652",
"12/21/1995","66.5625","38.872501373291","526","2.20299999999997","-4.83800000000002","0","3.05631959844623","0.790445228282108","10.380489498",
"12/22/1995","66.5625","38.872501373291","526","2.90199999999999","-0.10899999999998","0","6.45004727564683","0.779201200318795","10.54794897",
"12/23/1995","66.5625","38.872501373291","526","2.46100000000001","-4.423","0.1647949032","3.06538825368749","0.837296862018682","7.63902801",
"12/24/1995","66.5625","38.872501373291","526","0.541999999999973","-15.259","0.0068664528","1.6208373016923","0.840829434545031","10.11993975",
"12/25/1995","66.5625","38.872501373291","526","2.55500000000001","-7.73399999999998","0","2.56836956564094","0.721983117207368","10.32069087",
"12/26/1995","66.5625","38.872501373291","526","3.04300000000001","-0.0169999999999959","0.0102996792","2.58021085223643","0.746750895387008","8.89689078",
"12/27/1995","66.5625","38.872501373291","526","3.024","0.021000000000015","0.0274658256","1.8190360411103","0.790985377649126","9.593322768",
"12/28/1995","66.5625","38.872501373291","526","3.041","-3.27499999999998","0","1.06311136924564","0.855183574486118","8.89965342",
"12/29/1995","66.5625","38.872501373291","526","3.26499999999999","-4.38799999999998","0.042057036","0.860429003649505","0.883687895596441","9.547033968",
"12/30/1995","66.5625","38.872501373291","526","3.63099999999997","-3.24799999999999","0","2.11936729762439","0.832272948954029","10.2193893",
"12/31/1995","66.5625","38.872501373291","526","4.87400000000002","-4.26900000000001","0","2.25138140508699","0.843468966404078","10.214152344",
"1/1/1996","66.5625","38.872501373291","526","6.88200000000001","3.10700000000003","0","4.20387647289548","0.779427745509901","10.364857452",
"1/2/1996","66.5625","38.872501373291","526","3.06799999999998","-4.31799999999998","0","2.07882322813063","0.865328171611599","9.5701509",
"1/3/1996","66.5625","38.872501373291","526","2.01999999999998","-8.06","0","1.58472902723767","0.944939282766083","9.957544668",
"1/4/1996","66.5625","38.872501373291","526","2.61200000000002","-7.16000000000003","0","1.48983236422108","0.832234345305836","10.565941932",
"1/5/1996","66.5625","38.872501373291","526","3.43599999999998","-5.495","0.0102996864","1.27575786365557","0.772405267272595","10.403608068",
"1/6/1996","66.5625","38.872501373291","526","8.483","3.39499999999998","0.223159896","5.32951484146492","0.792831447137539","7.060895028",
"1/7/1996","66.5625","38.872501373291","526","11.337","4.93599999999998","6.663889872","6.34805565963675","0.81726795731026","7.652925198",
"1/8/1996","66.5625","38.872501373291","526","6.72500000000002","1.48099999999999","5.874252516","2.09407764197423","0.974880146590746","2.9880585",
"1/9/1996","66.5625","38.872501373291","526","1.37200000000001","-18.609","1.4694228576","1.61091197056814","0.942571805475524","8.616656556",
"1/10/1996","66.5625","38.872501373291","526","-6.447","-21.485","0","1.77832336779175","0.842355738962809","11.267273052",
"1/11/1996","66.5625","38.872501373291","526","-5.87400000000002","-20.813","0","1.60884387375805","0.818964869500506","11.3046741",
"1/12/1996","66.5625","38.872501373291","526","-2.06799999999998","-19.125","0","1.78276934989204","0.772833505541218","11.425494564",
"1/13/1996","66.5625","38.872501373291","526","-3.471","-19.263","0.0205993656","1.56037881433307","0.825959439109315","11.463974352",
"1/14/1996","66.5625","38.872501373291","526","-5.55599999999998","-20.971","0.0068664528","1.3198818255206","0.85595273430832","11.384438832",
"1/15/1996","66.5625","38.872501373291","526","-6.56900000000002","-21.632","0.0995636304","1.2896753449984","0.860238236613556","10.571173416",
"1/16/1996","66.5625","38.872501373291","526","-2.85899999999998","-17.689","0","1.76182248871698","0.834417345786591","11.49907428",
"1/17/1996","66.5625","38.872501373291","526","1.55799999999999","-8.79000000000002","0","3.20407744155087","0.76748781019427","11.841076044",
"1/18/1996","66.5625","38.872501373291","526","1.39400000000001","-10.564","0.0102996864","1.97834841581886","0.736354710507356","10.82199204",
"1/19/1996","66.5625","38.872501373291","526","1.73500000000001","-6.63799999999998","0.964736748","1.49198140600342","0.919651147218102","10.708483248",
"1/20/1996","66.5625","38.872501373291","526","1.541","-7.334","4.281232212","1.5698661413178","0.946732132808965","6.5551491",
"1/21/1996","66.5625","38.872501373291","526","-0.86099999999999","-10.984","4.566195648","1.93721877472018","0.948110000001041","10.24205886",
"1/22/1996","66.5625","38.872501373291","526","0.773000000000025","-12.18","0","2.34343848790521","0.844613200564913","11.89524078",
"1/23/1996","66.5625","38.872501373291","526","2.25700000000001","-5.82299999999998","0","3.02176296817171","0.799747069080284","12.4658928",
"1/24/1996","66.5625","38.872501373291","526","1.65899999999999","-7.221","0","1.89136604371681","0.748457559721502","12.36088242",
"1/25/1996","66.5625","38.872501373291","526","0.411999999999978","-10.973","0","0.989923309670482","0.843527678372632","12.508987068",
"1/26/1996","66.5625","38.872501373291","526","-0.02800000000002","-11.67","0","1.87469782175757","0.881975239664804","12.404695392",
"1/27/1996","66.5625","38.872501373291","526","-0.0369999999999777","-11.681","0.1510620264","1.907887314901","0.921159382429265","10.487132352",
"1/28/1996","66.5625","38.872501373291","526","0.0509999999999877","-6.30799999999999","2.1045683448","1.84931703164607","0.953841931684079","9.716344632",
"1/29/1996","66.5625","38.872501373291","526","1.85300000000001","-2.255","0","3.65218091519258","0.85197132882598","12.661202844",
"1/30/1996","66.5625","38.872501373291","526","2.62799999999999","0.216999999999985","1.5380856288","3.34003052464165","0.865940687882541","6.841686168",
"1/31/1996","66.5625","38.872501373291","526","1.56900000000002","-7.44799999999998","0.0686645424","2.26824707887223","0.928732387988999","11.96398494",
"2/1/1996","66.5625","38.872501373291","526","3.25999999999999","-4.98099999999999","0.75531024","3.7611079639748","0.937824092080067","12.886764012",
"2/2/1996","66.5625","38.872501373291","526","8.72800000000001","0.999000000000024","2.840991192","6.8915523671187","0.818622760324559","8.833220208",
"2/3/1996","66.5625","38.872501373291","526","1.04300000000001","-3.839","11.7313362","1.69655558104954","0.967588687383176","5.2743951",
"2/4/1996","66.5625","38.872501373291","526","-0.252999999999986","-13.732","0.595665072","1.68463186574063","0.934250658732613","13.026653568",
"2/5/1996","66.5625","38.872501373291","526","5.71600000000001","-9.52100000000002","0.4806517392","3.94294477357009","0.89055372982352","12.57896574",
"2/6/1996","66.5625","38.872501373291","526","9.25299999999999","2.49000000000001","16.91550702","3.75672926827577","0.95894873310571","8.706374712",
"2/7/1996","66.5625","38.872501373291","526","6.02999999999997","-0.379999999999995","0.0703811664","3.79579546240935","0.883774265613908","13.62161052",
"2/8/1996","66.5625","38.872501373291","526","7.13200000000001","0.48599999999999","0.0240325848","2.46217455571739","0.866658709807855","12.9538692",
"2/9/1996","66.5625","38.872501373291","526","8.85300000000001","-2.97000000000003","0","3.18308138345392","0.884121631531052","13.24788678",
"2/10/1996","66.5625","38.872501373291","526","12.324","4.22000000000003","0.0102996792","7.74483489992329","0.658793507830307","11.51791776",
"2/11/1996","66.5625","38.872501373291","526","9.88600000000002","4.32299999999998","1.6016003784","3.03469993194382","0.884496219473311","5.62376196",
"2/12/1996","66.5625","38.872501373291","526","4.73599999999999","-0.500999999999976","6.241612284","2.42578795426674","0.965178332610585","5.58770886",
"2/13/1996","66.5625","38.872501373291","526","-0.72399999999999","-7.87200000000001","0.5578996104","2.36616445415506","0.94445738885109","13.399367184",
"2/14/1996","66.5625","38.872501373291","526","-3.113","-9.62400000000002","0.9132396768","2.16253810010602","0.920843616622458","12.12131754",
"2/15/1996","66.5625","38.872501373291","526","-2.68200000000002","-9.47800000000001","0.0652313016","1.99705562950048","0.901697780758244","14.12859582",
"2/16/1996","66.5625","38.872501373291","526","2.23500000000001","-9.37400000000002","0","2.07374822679795","0.748603851441432","16.36127064",
"2/17/1996","66.5625","38.872501373291","526","7.375","-2.48899999999998","0.4531862664","1.85396812550243","0.648505872057371","9.70475652",
"2/18/1996","66.5625","38.872501373291","526","11.883","1.94900000000001","0","3.32527520176412","0.720407982330904","15.36699168",
"2/19/1996","66.5625","38.872501373291","526","13.809","2.62900000000002","0","2.14900710337382","0.7436971463916","13.76239932",
"2/20/1996","66.5625","38.872501373291","526","10.32","2.19499999999999","0.1304626464","1.43535452798917","0.819103409542047","11.97061794",
"2/21/1996","66.5625","38.872501373291","526","9.96899999999999","1.42000000000002","0.1836777168","1.58332659168016","0.887891976066782","13.5855603",
"2/22/1996","66.5625","38.872501373291","526","6.923","2.59500000000003","0.5905148112","2.01764813141765","0.915669275792332","7.840404972",
"2/23/1996","66.5625","38.872501373291","526","4.78399999999999","-0.547000000000025","0.7501603896","3.46901377630123","0.892620602157611","12.513038364",
"2/24/1996","66.5625","38.872501373291","526","3.565","-0.956999999999994","0.442886256","2.81581910455194","0.845003489327989","10.46907792",
"2/25/1996","66.5625","38.872501373291","526","8.149","-1.85000000000002","0","3.42755342081513","0.687360014687286","17.26424748",
"2/26/1996","66.5625","38.872501373291","526","0.630999999999972","-6.12900000000002","4.66919352","2.91976911587062","0.79780246840748","11.20263822",
"2/27/1996","66.5625","38.872501373291","526","0.478999999999985","-10.146","0.0171661392","2.59587118067454","0.54649959958774","18.295535448",
"2/28/1996","66.5625","38.872501373291","526","1.98899999999998","-12.685","0","1.7327810085561","0.72707017085468","18.36573354",
"2/29/1996","66.5625","38.872501373291","526","5.39299999999997","-2.08199999999999","1.000785564","1.47711306868055","0.901074015145521","9.461193192",
"3/1/1996","66.5625","38.872501373291","526","1.435","-5.71100000000001","6.8578764264","2.47401476652971","0.938847531012043","5.33649276",
"3/2/1996","66.5625","38.872501373291","526","10.202","-4.42200000000003","0.2403259848","5.98044082580453","0.746830351571984","14.44111524",
"3/3/1996","66.5625","38.872501373291","526","8.86200000000002","7.37599999999998","14.076222876","5.43037023700721","0.800880449621025","1.745663112",
"3/4/1996","66.5625","38.872501373291","526","12.26","7.76299999999998","11.964794364","4.4596058942959","0.823017979964662","3.912132312",
"3/5/1996","66.5625","38.872501373291","526","9.505","5.58600000000001","14.75430174","1.88941582103918","0.902917289326138","3.77021124",
"3/6/1996","66.5625","38.872501373291","526","6.43700000000001","2.42500000000001","6.0270327504","3.42091484483129","0.92617396812924","5.402469672",
"3/7/1996","66.5625","38.872501373291","526","10.647","1.41699999999997","0.0034332264","2.07632977805886","0.807248064568742","18.67837392",
"3/8/1996","66.5625","38.872501373291","526","13.609","1.20299999999997","0","2.21400217751164","0.651428569387991","16.6516272",
"3/9/1996","66.5625","38.872501373291","526","10.8","5.27800000000002","1.2634276896","2.17221713907827","0.778853871066378","6.672537432",
"3/10/1996","66.5625","38.872501373291","526","13.68","2.678","0.130462704","1.63959477128635","0.844550147641601","15.85344348",
"3/11/1996","66.5625","38.872501373291","526","15.215","5.98500000000001","0.1991272248","2.39415164400744","0.792602211695949","14.690761632",
"3/12/1996","66.5625","38.872501373291","526","9.97500000000002","5.55200000000002","4.854580164","2.05191959713258","0.880918122777329","12.25996632",
"3/13/1996","66.5625","38.872501373291","526","16.012","5.048","0","2.80880592167574","0.683920406350138","17.11783188",
"3/14/1996","66.5625","38.872501373291","526","14.28","6.22500000000002","0.6626124","2.05867665350207","0.682499639539136","13.49082558",
"3/15/1996","66.5625","38.872501373291","526","5.83199999999999","0.0570000000000164","0.6729133464","3.24380148368399","0.869125857896715","7.26215517",
"3/16/1996","66.5625","38.872501373291","526","6.16899999999998","-1.041","0.2763747864","2.43355504628593","0.747415251874931","17.63443512",
"3/17/1996","66.5625","38.872501373291","526","6.66899999999998","-0.639999999999986","0.0720977832","2.18619757737393","0.682364337333087","18.21537972",
"3/18/1996","66.5625","38.872501373291","526","4.02300000000002","-0.735000000000014","2.0359039608","1.7492919703695","0.730568414225485","9.82518786",
"3/19/1996","66.5625","38.872501373291","526","4.84800000000001","-2.185","0.878905908","2.5589787261556","0.657893499766119","21.09414888",
"3/20/1996","66.5625","38.872501373291","526","6.50700000000001","-2.618","0","2.27453631615218","0.571817217900438","20.01115656",
"3/21/1996","66.5625","38.872501373291","526","7.51299999999998","-2.33600000000001","0","2.22763259166334","0.476127391212985","21.59217828",
"3/22/1996","66.5625","38.872501373291","526","10.647","-0.976999999999975","0","1.7478193124686","0.579034807991204","21.62356506",
"3/23/1996","66.5625","38.872501373291","526","15.378","3.20299999999997","0","3.04628168588195","0.557526905536473","21.656980512",
"3/24/1996","66.5625","38.872501373291","526","10.868","5.79599999999999","0.494384724","3.77698279577858","0.786279260203218","5.954901768",
"3/25/1996","66.5625","38.872501373291","526","15.286","5.34399999999999","0.0205993584","2.48232941811079","0.728610737676915","22.069575432",
"3/26/1996","66.5625","38.872501373291","526","20.284","8.14999999999998","0.274658004","6.02187514868533","0.52273412354073","21.7752165",
"3/27/1996","66.5625","38.872501373291","526","12.844","2.49200000000002","1.615333248","2.9272715297913","0.753022007027358","9.825638328",
"3/28/1996","66.5625","38.872501373291","526","7.137","-0.619000000000028","0.4068378648","2.53814783560405","0.720785943578637","17.27071758",
"3/29/1996","66.5625","38.872501373291","526","7.755","-2.69299999999998","0","1.93539890036925","0.624266716560514","23.455291968",
"3/30/1996","66.5625","38.872501373291","526","10.19","0.035000000000025","0.0377655264","2.73062600487423","0.576156200833915","22.28113044",
"3/31/1996","66.5625","38.872501373291","526","13.908","2.95999999999998","0.010299672","2.9807869147557","0.689999856299674","22.130887392",
"4/1/1996","66.5625","38.872501373291","526","13.056","2.94600000000003","1.8342016848","1.99948126671455","0.718684330640127","15.0942915",
"4/2/1996","66.5625","38.872501373291","526","13.05","2.86500000000001","0.075530988","2.11552262146219","0.641296652389446","23.600863512",
"4/3/1996","66.5625","38.872501373291","526","13.631","3.16000000000003","0","2.57192326211792","0.658612241748688","22.10433678",
"4/4/1996","66.5625","38.872501373291","526","9.69499999999999","-0.288000000000011","0.0274658256","2.55455030821746","0.730688478152071","19.172421",
"4/5/1996","66.5625","38.872501373291","526","8.29199999999997","-0.911000000000001","0.0137329056","2.4620013056485","0.721306518429367","20.62141632",
"4/6/1996","66.5625","38.872501373291","526","9.68599999999998","-1.16500000000002","0","2.02816662941037","0.591575172931494","24.31377612",
"4/7/1996","66.5625","38.872501373291","526","12.418","-0.34899999999999","0","2.36594969390683","0.485491543221339","24.94693368",
"4/8/1996","66.5625","38.872501373291","526","15.417","4.15800000000002","0","2.97536341323115","0.441806657989535","23.14293768",
"4/9/1996","66.5625","38.872501373291","526","13.233","3.86500000000001","0.2368927872","2.82651891667049","0.583345957816574","23.257457352",
"4/10/1996","66.5625","38.872501373291","526","18.578","3.911","0.3124236744","2.1699937695232","0.592035094860628","20.55645",
"4/11/1996","66.5625","38.872501373291","526","15.999","8.09300000000002","21.97522908","2.96734823680385","0.808693124453133","18.224155368",
"4/12/1996","66.5625","38.872501373291","526","16.592","7.41199999999998","2.794648824","2.84380272851928","0.697900426923875","20.333191752",
"4/13/1996","66.5625","38.872501373291","526","24.433","11.219","0","8.10953970822321","0.40628303397519","22.32416736",
"4/14/1996","66.5625","38.872501373291","526","29.1","17.029","0","7.00351167740989","0.304362595829939","19.819746",
"4/15/1996","66.5625","38.872501373291","526","24.457","13.541","2.090834352","2.87279387232132","0.528955327170701","15.00497136",
"4/16/1996","66.5625","38.872501373291","526","17.247","9.59500000000003","6.0974086032","2.78259734987449","0.855433456257424","5.678717112",
"4/17/1996","66.5625","38.872501373291","526","16.085","8.60399999999999","0.2145766824","2.07606992288449","0.824449919265659","14.0212692",
"4/18/1996","66.5625","38.872501373291","526","21.236","8.75599999999997","0","2.73408134329609","0.651486403681086","20.36204208",
"4/19/1996","66.5625","38.872501373291","526","25.488","14.375","0.269508312","4.5408790419772","0.540895329933185","23.69390364",
"4/20/1996","66.5625","38.872501373291","526","20.147","13.792","13.32607194","2.88853170874832","0.804110216098781","9.52030692",
"4/21/1996","66.5625","38.872501373291","526","22.632","11.274","0","4.02397996406234","0.616094075032446","26.32584996",
"4/22/1996","66.5625","38.872501373291","526","24.007","10.722","0","2.69826549566425","0.526578173201813","26.4031272",
"4/23/1996","66.5625","38.872501373291","526","23.904","14.196","9.3589797312","2.93912330768846","0.610547347720763","24.48686628",
"4/24/1996","66.5625","38.872501373291","526","21.06","10.701","0","2.69640532210334","0.585748277546337","25.77842172",
"4/25/1996","66.5625","38.872501373291","526","27.034","13.4","0.00686646","3.78038355470008","0.44587962257247","22.94482662",
"4/26/1996","66.5625","38.872501373291","526","17.989","9.83800000000002","4.60395936","3.63840793100867","0.61922415318132","22.17200193",
"4/27/1996","66.5625","38.872501373291","526","19.101","5.42399999999998","0","2.52162094385722","0.452043333817276","27.36630387",
"4/28/1996","66.5625","38.872501373291","526","21.296","6.97800000000001","0","3.10068162307147","0.485882194248763","26.757447048",
"4/29/1996","66.5625","38.872501373291","526","19.42","9.49400000000003","0","1.87879250668874","0.552983522735703","21.012406992",
"4/30/1996","66.5625","38.872501373291","526","21.114","6.07400000000001","0","2.23239904757774","0.516394938749712","28.086133032",
"5/1/1996","66.5625","38.872501373291","526","18.13","8.04000000000002","1.81789308","3.86265918542887","0.486613651863377","16.179803568",
"5/2/1996","66.5625","38.872501373291","526","16.401","3.15499999999997","0","2.59595217887505","0.385489107676258","28.664376768",
"5/3/1996","66.5625","38.872501373291","526","18.182","3.11599999999999","0","2.64006157578253","0.417410949189624","28.965095352",
"5/4/1996","66.5625","38.872501373291","526","20.009","5.28199999999998","0","2.90908828196372","0.368739156440161","28.94304096",
"5/5/1996","66.5625","38.872501373291","526","19.574","7.38099999999997","0","3.36299076530334","0.345102986988691","28.41694686",
"5/6/1996","66.5625","38.872501373291","526","21.911","8.51999999999998","0","2.56848784186358","0.323600412969452","28.591883352",
"5/7/1996","66.5625","38.872501373291","526","22.551","8.30399999999997","0","2.61512542986347","0.341778852632509","27.895556088",
"5/8/1996","66.5625","38.872501373291","526","22.532","9.72899999999999","0","3.16403253273383","0.374085219156248","28.48303962",
"5/9/1996","66.5625","38.872501373291","526","22.823","9.404","0","3.33598867848481","0.319163264112623","29.3882652",
"5/10/1996","66.5625","38.872501373291","526","23.214","9.62400000000002","0","2.99680760788637","0.291051175388814","29.112631272",
"5/11/1996","66.5625","38.872501373291","526","23.492","10.532","0","3.5422520654046","0.358878830990879","28.84320558",
"5/12/1996","66.5625","38.872501373291","526","24.612","9.488","0","3.27182706108103","0.366845804000497","29.284930728",
"5/13/1996","66.5625","38.872501373291","526","26.866","12.429","0","4.00494352928247","0.317699717867958","29.27143404",
"5/14/1996","66.5625","38.872501373291","526","25.669","9.87700000000001","0","2.27094671368955","0.312114845749021","29.750329872",
"5/15/1996","66.5625","38.872501373291","526","26.403","11.297","0","2.60945605744666","0.289546842982662","29.4720255",
"5/16/1996","66.5625","38.872501373291","526","27.586","12.716","0","2.48657621999402","0.26347409377616","29.62749024",
"5/17/1996","66.5625","38.872501373291","526","29.375","13.595","0","3.18900166044991","0.210255868650376","30.29736888",
"5/18/1996","66.5625","38.872501373291","526","29.37","14.418","0","2.982200893234","0.17793987037485","29.75462208",
"5/19/1996","66.5625","38.872501373291","526","28.471","17.081","0","2.42515829317883","0.248822178848914","26.855269848",
"5/20/1996","66.5625","38.872501373291","526","25.071","14.963","0","2.31495784122685","0.418337687207238","18.7901397",
"5/21/1996","66.5625","38.872501373291","526","26.592","12.609","0","2.00523713261179","0.444714757159532","29.32948152",
"5/22/1996","66.5625","38.872501373291","526","26.403","14.178","0","2.85070484990502","0.382291025103284","24.14261412",
"5/23/1996","66.5625","38.872501373291","526","28.086","15.922","0","2.70890203528819","0.379524735984294","25.55049492",
"5/24/1996","66.5625","38.872501373291","526","28.805","13.611","0","2.79113443072939","0.37093605444777","29.70461052",
"5/25/1996","66.5625","38.872501373291","526","29.747","12.118","0","2.68440540317956","0.359156999003342","30.54037104",
"5/26/1996","66.5625","38.872501373291","526","29.071","13.95","0","2.76904585703213","0.374827648264606","28.85326668",
"5/27/1996","66.5625","38.872501373291","526","22.291","11.503","0.5012514","2.01445779300721","0.557643753290828","20.700224928",
"5/28/1996","66.5625","38.872501373291","526","21.096","8.08499999999998","0","3.72901867852005","0.427919702596122","30.9733416",
"5/29/1996","66.5625","38.872501373291","526","25.572","9.12599999999998","0","3.78272534792361","0.356382310095453","31.25326176",
"5/30/1996","66.5625","38.872501373291","526","30.849","10.577","0","2.19326310214912","0.29566585758865","31.26801132",
"5/31/1996","66.5625","38.872501373291","526","29.223","12.729","0","2.31627959270155","0.248498677679015","30.9401892",
"6/1/1996","66.5625","38.872501373291","526","31.404","14.98","0","2.3475052844239","0.19627421376972","30.98208744",
"6/2/1996","66.5625","38.872501373291","526","34.572","16.867","0","3.92676646068285","0.176604019140713","30.3861348",
"6/3/1996","66.5625","38.872501373291","526","31.372","19.215","0","3.24889986052945","0.226953360038048","30.65349924",
"6/4/1996","66.5625","38.872501373291","526","31.685","18.435","0","4.27153467046003","0.204774580976187","30.76577244",
"6/5/1996","66.5625","38.872501373291","526","32.875","18.308","0","2.80121935486015","0.146253844499055","29.78263332",
"6/6/1996","66.5625","38.872501373291","526","34.419","17.676","0","2.31501964927976","0.170107167934234","30.10185864",
"6/7/1996","66.5625","38.872501373291","526","37.759","24.132","0","2.94887381276404","0.176907957173908","30.2985576",
"6/8/1996","66.5625","38.872501373291","526","34.668","19.012","0","2.22177527459468","0.245320214850509","30.07597788",
"6/9/1996","66.5625","38.872501373291","526","34.726","20.381","0","2.73660603368265","0.246095183763757","30.33742716",
"6/10/1996","66.5625","38.872501373291","526","36.495","22.668","0","3.59873761960208","0.222760175146528","28.60632828",
"6/11/1996","66.5625","38.872501373291","526","33.761","20.204","0","3.63373289547706","0.311127996732743","30.01179204",
"6/12/1996","66.5625","38.872501373291","526","30.574","19.685","0","4.03981249183268","0.294993872686906","24.66499752",
"6/13/1996","66.5625","38.872501373291","526","28.443","16.5","0","3.72301302631749","0.314356479322138","26.50786884",
"6/14/1996","66.5625","38.872501373291","526","29.05","14.435","0","3.55311134179938","0.230838005760675","31.19135616",
"6/15/1996","66.5625","38.872501373291","526","26.97","13.467","0","4.37731168687516","0.242434725036352","31.70772216",
"6/16/1996","66.5625","38.872501373291","526","26.005","13.414","0","4.16900360835669","0.34938670735151","29.10144636",
"6/17/1996","66.5625","38.872501373291","526","25.523","14.159","0","2.26927039361588","0.335712836755929","26.46388368",
"6/18/1996","66.5625","38.872501373291","526","28.014","15.309","0","2.90176454552096","0.2430222248489","30.799179",
"6/19/1996","66.5625","38.872501373291","526","29.311","16.054","0","3.68787872413958","0.267510712385092","30.23054928",
"6/20/1996","66.5625","38.872501373291","526","30.323","13.888","0","3.46421158083164","0.342299525277956","30.63403296",
"6/21/1996","66.5625","38.872501373291","526","33.464","18.828","0","5.16516468438464","0.246996799197417","31.04251632",
"6/22/1996","66.5625","38.872501373291","526","35.151","21.231","0","6.20464352865414","0.208477555546538","31.20746004",
"6/23/1996","66.5625","38.872501373291","526","35.44","21.84","0","5.04173672419638","0.175299256515002","31.47230988",
"6/24/1996","66.5625","38.872501373291","526","34.573","20.824","0","4.97325563823776","0.181692581351568","31.1177808",
"6/25/1996","66.5625","38.872501373291","526","34.1","20.298","0","4.45121004418184","0.232834654664051","30.45257316",
"6/26/1996","66.5625","38.872501373291","526","32.569","17.199","0","2.41084112611851","0.30536447876327","30.22132788",
"6/27/1996","66.5625","38.872501373291","526","31.333","18.742","0","2.52858179843008","0.286276296041701","22.56951708",
"6/28/1996","66.5625","38.872501373291","526","31.87","18.565","0","2.6558225201457","0.299220404493593","27.5334228",
"6/29/1996","66.5625","38.872501373291","526","31.739","18.654","0","3.45894848845811","0.302027528317875","29.21788476",
"6/30/1996","66.5625","38.872501373291","526","33.533","20.22","0","5.0545140360095","0.298478481791983","30.1808286",
"7/1/1996","66.5625","38.872501373291","526","35.532","21.495","0","5.0734881801989","0.222174303254731","30.98148696",
"7/2/1996","66.5625","38.872501373291","526","34.752","20.931","0","4.60750388629504","0.199236861467255","30.87568008",
"7/3/1996","66.5625","38.872501373291","526","33.253","18.064","0","3.93460979560348","0.194839485168545","31.31843364",
"7/4/1996","66.5625","38.872501373291","526","32.787","18.337","0","4.79796766815699","0.177902216218381","31.25623932",
"7/5/1996","66.5625","38.872501373291","526","33.619","17.232","0","3.39998910752868","0.173964434310438","31.037346",
"7/6/1996","66.5625","38.872501373291","526","35.103","20.116","0","3.27067797628957","0.160561180053091","30.69258012",
"7/7/1996","66.5625","38.872501373291","526","36.373","20.026","0","2.66324593406848","0.144514848968786","30.98622852",
"7/8/1996","66.5625","38.872501373291","526","36.65","19.065","0","2.65032586568144","0.155476490653256","30.36656664",
"7/9/1996","66.5625","38.872501373291","526","35.983","20.428","0","3.48674767705716","0.22149741345728","30.002004",
"7/10/1996","66.5625","38.872501373291","526","34.237","19.957","0","4.51960521518513","0.224068768317005","30.898359",
"7/11/1996","66.5625","38.872501373291","526","33.351","19.8","0","4.40838921212339","0.240761324362316","30.62840544",
"7/12/1996","66.5625","38.872501373291","526","33.009","17.926","0","4.03040488962734","0.258361696967423","30.25788408",
"7/13/1996","66.5625","38.872501373291","526","30.281","17.387","0","3.70412121432117","0.28388656147627","26.3544156",
"7/14/1996","66.5625","38.872501373291","526","27.534","13.118","0","2.74503413826954","0.389811865744337","29.538618408",
"7/15/1996","66.5625","38.872501373291","526","28.631","13.982","0","2.83278526647771","0.330531983255771","29.867797512",
"7/16/1996","66.5625","38.872501373291","526","30.162","18.7","0","4.08915520771319","0.237411148499799","27.408818592",
"7/17/1996","66.5625","38.872501373291","526","30.592","17.758","0","2.58474065151604","0.268723708162471","23.851855872",
"7/18/1996","66.5625","38.872501373291","526","33.105","15.64","0","3.32831350633829","0.293228302597557","29.807319312",
"7/19/1996","66.5625","38.872501373291","526","34.349","19.533","0","3.75516949301068","0.271140782265986","29.472022368",
"7/20/1996","66.5625","38.872501373291","526","32.719","19.605","0","3.30721492348456","0.28416143560948","28.142039448",
"7/21/1996","66.5625","38.872501373291","526","34.83","18.827","0","3.2482093003931","0.285233649003764","28.86839676",
"7/22/1996","66.5625","38.872501373291","526","34.606","21.665","0","4.88115959812747","0.249499632021323","29.366049528",
"7/23/1996","66.5625","38.872501373291","526","35.07","21.57","0","5.31053987130126","0.23045342315901","29.368910952",
"7/24/1996","66.5625","38.872501373291","526","36.048","21.798","0","6.4882338711408","0.204184857781768","29.32144326",
"7/25/1996","66.5625","38.872501373291","526","37.364","23.185","0","6.31504013217394","0.183570550941356","29.789218728",
"7/26/1996","66.5625","38.872501373291","526","38.389","23.403","0","4.7950704961804","0.149176471065123","29.59138296",
"7/27/1996","66.5625","38.872501373291","526","38.63","24.263","0","5.19939502276827","0.194340533198617","29.01751722",
"7/28/1996","66.5625","38.872501373291","526","39.227","25.808","0","4.88710448521475","0.192605057843313","28.625340528",
"7/29/1996","66.5625","38.872501373291","526","39.611","24.463","0","3.41731043129916","0.194420199424025","28.40596686",
"7/30/1996","66.5625","38.872501373291","526","38.808","21.263","0","3.00161748340124","0.209026342931501","28.44370854",
"7/31/1996","66.5625","38.872501373291","526","37.917","23.448","0","4.42623221855591","0.239818809388428","27.642378168",
"8/1/1996","66.5625","38.872501373291","526","36.459","24.329","0","7.03843756727162","0.217288456664698","28.2523509",
"8/2/1996","66.5625","38.872501373291","526","35.214","23.683","0","6.10735762005044","0.229411370189592","25.73943354",
"8/3/1996","66.5625","38.872501373291","526","35.704","23.371","0","3.65036570386106","0.219412373039776","26.60585904",
"8/4/1996","66.5625","38.872501373291","526","36.604","19.033","0","3.23871957875266","0.187496117377823","28.620111672",
"8/5/1996","66.5625","38.872501373291","526","37.092","22.106","0","4.96397743957387","0.142936319672245","28.79421048",
"8/6/1996","66.5625","38.872501373291","526","36.956","21.726","0","3.78173319295684","0.0937301050428569","29.001939768",
"8/7/1996","66.5625","38.872501373291","526","36.637","17.34","0","3.55601999270822","0.11606365407121","29.059482888",
"8/8/1996","66.5625","38.872501373291","526","36.291","16.319","0","2.77804689975477","0.148914845290154","28.6920036",
"8/9/1996","66.5625","38.872501373291","526","37.841","19.811","0","3.35914083859389","0.157003923071465","28.02420081",
"8/10/1996","66.5625","38.872501373291","526","37.685","22.938","0","5.67459731725608","0.159675323594946","27.84032586",
"8/11/1996","66.5625","38.872501373291","526","37.851","24.882","0","7.95816559872537","0.141350962865967","27.74712024",
"8/12/1996","66.5625","38.872501373291","526","37.702","24.939","0","7.7348804621645","0.179916843299392","27.6043563",
"8/13/1996","66.5625","38.872501373291","526","36.341","23.219","0","7.10599126495601","0.168524928346562","27.49055796",
"8/14/1996","66.5625","38.872501373291","526","33.877","22.054","0","6.19608522721274","0.2047559278641","26.69073696",
"8/15/1996","66.5625","38.872501373291","526","28.78","18.194","0","4.66570033085819","0.233363114784792","27.07655796",
"8/16/1996","66.5625","38.872501373291","526","28.145","13.347","0","4.15558204938551","0.209046888654269","27.32753916",
"8/17/1996","66.5625","38.872501373291","526","29.375","12.633","0","3.16158014589868","0.17967529349333","27.20829132",
"8/18/1996","66.5625","38.872501373291","526","28.95","14.205","0","2.96343640801913","0.157580783654471","22.44723876",
"8/19/1996","66.5625","38.872501373291","526","29.639","12.148","0","2.85610597972257","0.140808198605696","27.58904532",
"8/20/1996","66.5625","38.872501373291","526","29.214","10.402","0","3.00732565024568","0.159468164514294","27.08909676",
"8/21/1996","66.5625","38.872501373291","526","31.508","16.047","0","4.04982091139205","0.138192917023732","26.95898736",
"8/22/1996","66.5625","38.872501373291","526","31.713","14.433","0","3.8269403725663","0.111826080567062","27.00371124",
"8/23/1996","66.5625","38.872501373291","526","31.795","16.949","0","3.86831053014738","0.120577727891949","26.67223764",
"8/24/1996","66.5625","38.872501373291","526","32.149","16.154","0","2.87002735096195","0.106461867846905","26.77574016",
"8/25/1996","66.5625","38.872501373291","526","32.428","17.484","0","3.14887399590427","0.137424599866648","26.07840576",
"8/26/1996","66.5625","38.872501373291","526","33.398","13.516","0","2.79981497888047","0.191832001399249","25.9715862",
"8/27/1996","66.5625","38.872501373291","526","34.507","17.685","0","3.16154587984475","0.136614509663477","25.87927392",
"8/28/1996","66.5625","38.872501373291","526","36.136","18.124","0","3.32509427987758","0.135905511938001","25.62542208",
"8/29/1996","66.5625","38.872501373291","526","27.084","14.52","0","4.81349688394869","0.254457960464646","24.35923224",
"8/30/1996","66.5625","38.872501373291","526","25.27","11.301","0","4.09046225877755","0.240099457975131","25.3364544",
"8/31/1996","66.5625","38.872501373291","526","27.13","8.49900000000002","0","3.17321169198157","0.192920745964518","25.4854116",
"9/1/1996","66.5625","38.872501373291","526","29.083","9.31900000000002","0","2.96018929500625","0.126497028997418","26.1446112",
"9/2/1996","66.5625","38.872501373291","526","29.147","9.83600000000001","0","2.79134519156","0.107103162494448","25.16057352",
"9/3/1996","66.5625","38.872501373291","526","28.778","11.472","0","2.46669220948497","0.163252532690378","24.75056196",
"9/4/1996","66.5625","38.872501373291","526","27.973","12.741","0","2.98672095209104","0.208632374558456","24.6550464",
"9/5/1996","66.5625","38.872501373291","526","29.97","12.597","0","3.2051386421049","0.172839823099826","24.69133224",
"9/6/1996","66.5625","38.872501373291","526","31.453","14.894","0","3.02279684897579","0.147195450128023","24.58226052",
"9/7/1996","66.5625","38.872501373291","526","32.401","17.045","0","2.93777344489276","0.121884145844297","24.41469312",
"9/8/1996","66.5625","38.872501373291","526","33.869","19.512","0","3.76942831913386","0.110019925682368","24.25883328",
"9/9/1996","66.5625","38.872501373291","526","36.497","21.458","0","3.17505659867567","0.115074399060162","23.68800252",
"9/10/1996","66.5625","38.872501373291","526","36.89","21.014","0","4.64070747978129","0.0948613816862111","23.60463372",
"9/11/1996","66.5625","38.872501373291","526","35.423","19.482","0","4.14131560138097","0.112752046536029","23.35173696",
"9/12/1996","66.5625","38.872501373291","526","34.422","21.355","0","5.52381990310169","0.133708776529752","23.43796848",
"9/13/1996","66.5625","38.872501373291","526","34.806","21.491","0","5.18885722712079","0.116429053087106","23.26320108",
"9/14/1996","66.5625","38.872501373291","526","33.062","18.215","0","4.14813583974276","0.154780783000362","22.46242878",
"9/15/1996","66.5625","38.872501373291","526","30.667","14.371","0","2.9199323222223","0.214011551187709","22.74103296",
"9/16/1996","66.5625","38.872501373291","526","30.367","15.267","0","2.76400976784315","0.23636563946044","22.169873592",
"9/17/1996","66.5625","38.872501373291","526","29.247","13.474","0","2.66388607449133","0.241984378504832","22.34120382",
"9/18/1996","66.5625","38.872501373291","526","29.706","12.828","0","2.69323034074876","0.173692199264127","22.356280872",
"9/19/1996","66.5625","38.872501373291","526","31.615","17.585","0","3.25325934839941","0.122214460280635","21.786914808",
"9/20/1996","66.5625","38.872501373291","526","28.51","13.883","0","3.13766481505377","0.237920011296137","20.79596052",
"9/21/1996","66.5625","38.872501373291","526","28.002","13.688","0","2.99700744045146","0.282273290830958","20.980118808",
"9/22/1996","66.5625","38.872501373291","526","33.974","18.806","0","3.20312195385734","0.182825947920994","20.69352684",
"9/23/1996","66.5625","38.872501373291","526","30.969","17.81","0","4.05516248447402","0.220585329350018","19.90704528",
"9/24/1996","66.5625","38.872501373291","526","20.884","12.482","1.16901468","2.25909681769856","0.601874112871668","10.776258792",
"9/25/1996","66.5625","38.872501373291","526","23.549","7.92000000000002","0","2.51229891065796","0.549640907942586","20.378587248",
"9/26/1996","66.5625","38.872501373291","526","25.024","8.19499999999999","0","2.30116850682013","0.332134202218772","20.4510321",
"9/27/1996","66.5625","38.872501373291","526","25.925","10.352","0","2.61340807957046","0.204843404137421","19.896916968",
"9/28/1996","66.5625","38.872501373291","526","26.797","8.02300000000002","0","2.40960656479885","0.250890984803679","20.25804204",
"9/29/1996","66.5625","38.872501373291","526","28.552","9.82100000000003","0","2.45905054299019","0.197211590643915","20.326614912",
"9/30/1996","66.5625","38.872501373291","526","31.571","17.277","0","3.9815224593323","0.165233027331521","19.8236826",
"10/1/1996","66.5625","38.872501373291","526","19.863","8.96499999999998","0","4.47979351812015","0.395340107198935","17.582401512",
"10/2/1996","66.5625","38.872501373291","526","16.814","4.54700000000003","0","4.36480426526935","0.365549473671113","19.76001246",
"10/3/1996","66.5625","38.872501373291","526","18.407","3.31099999999998","0","3.26739940258371","0.287595559935902","19.4467527",
"10/4/1996","66.5625","38.872501373291","526","19.155","5.31900000000002","0","2.67923197364752","0.195139826160342","19.40360148",
"10/5/1996","66.5625","38.872501373291","526","20.361","8.14100000000002","0","2.80222156651499","0.173906762502432","19.24318152",
"10/6/1996","66.5625","38.872501373291","526","21.329","4.59399999999999","0","2.35488739553045","0.200492294769575","18.85353624",
"10/7/1996","66.5625","38.872501373291","526","21.606","6.18200000000002","0","2.7790883166511","0.215532105369228","17.722747512",
"10/8/1996","66.5625","38.872501373291","526","16.31","7.72000000000003","0.0068664528","2.44786257448591","0.474340194641548","10.77929892",
"10/9/1996","66.5625","38.872501373291","526","20.171","5.52699999999999","0","2.48900077736283","0.485486656002975","17.87670054",
"10/10/1996","66.5625","38.872501373291","526","22.139","9.11000000000001","0","3.96476068216927","0.325118863553248","17.29417131",
"10/11/1996","66.5625","38.872501373291","526","19.433","6.42599999999999","0","2.78083300972642","0.398254777351532","17.1210393",
"10/12/1996","66.5625","38.872501373291","526","21.968","6.56999999999999","0","2.33062870007853","0.349357544091449","17.28860796",
"10/13/1996","66.5625","38.872501373291","526","24.26","8.55399999999997","0","1.88184750128032","0.311458363446268","16.9224759",
"10/14/1996","66.5625","38.872501373291","526","26.85","12.242","0","2.90070131233152","0.279334372950516","16.42285926",
"10/15/1996","66.5625","38.872501373291","526","24.932","14.34","0","4.27665040167877","0.372415241227257","14.00939622",
"10/16/1996","66.5625","38.872501373291","526","17.551","7.51799999999997","0.1665117","2.22660824129098","0.655148218390349","10.811699892",
"10/17/1996","66.5625","38.872501373291","526","16.529","6.08800000000002","0","1.72305180217598","0.657314071489096","13.646193552",
"10/18/1996","66.5625","38.872501373291","526","17.961","6.79500000000002","0.0102996792","2.30216966602354","0.518459373937959","15.66383238",
"10/19/1996","66.5625","38.872501373291","526","14.951","2.67700000000002","0","2.64550189636612","0.431438680978499","16.21254222",
"10/20/1996","66.5625","38.872501373291","526","14.386","-0.187999999999988","0","2.71596894889798","0.368954551290326","16.14537702",
"10/21/1996","66.5625","38.872501373291","526","16.807","1.04399999999998","0","2.2517443313603","0.258163516872504","16.44097464",
"10/22/1996","66.5625","38.872501373291","526","19.915","6.25299999999999","0","2.73401063644916","0.191194313909726","16.1122518",
"10/23/1996","66.5625","38.872501373291","526","23.136","9.44799999999998","0","2.72060231979612","0.136254976516778","15.8214402",
"10/24/1996","66.5625","38.872501373291","526","25.209","12.405","0","2.66622342422367","0.107761767730453","15.72334416",
"10/25/1996","66.5625","38.872501373291","526","24.365","5.637","0","1.83617793014181","0.183095951087157","15.53996124",
"10/26/1996","66.5625","38.872501373291","526","25.85","7.90300000000002","0","2.15741919681007","0.146921688767614","15.20178462",
"10/27/1996","66.5625","38.872501373291","526","27.148","14.521","0","6.13567691427111","0.137588559714846","15.37891812",
"10/28/1996","66.5625","38.872501373291","526","21.777","10.131","0","4.07570935121988","0.278605111974612","14.464410588",
"10/29/1996","66.5625","38.872501373291","526","17.536","6.64400000000001","0","3.02924907907166","0.349657789212151","14.26736952",
"10/30/1996","66.5625","38.872501373291","526","19.411","4.25599999999997","0","1.86201105468117","0.360290670966743","14.05783224",
"10/31/1996","66.5625","38.872501373291","526","26.058","9.25200000000001","0.00686646","5.45185405254979","0.247676173466367","14.158459368",
"11/1/1996","66.5625","38.872501373291","526","12.591","4.00099999999998","0.120162816","2.54019453862383","0.621109919967898","13.3043013",
"11/2/1996","66.5625","38.872501373291","526","19.003","4.73500000000001","0","2.4651676444107","0.432344876650702","13.95849312",
"11/3/1996","66.5625","38.872501373291","526","16.282","4.18400000000003","0","1.68247379477171","0.502419825551115","12.006731952",
"11/4/1996","66.5625","38.872501373291","526","14.454","2.68700000000001","0","1.68806013801941","0.535683529856504","12.841817832",
"11/5/1996","66.5625","38.872501373291","526","15.456","2.71600000000001","0","2.15755900161771","0.520515229991609","13.25829906",
"11/6/1996","66.5625","38.872501373291","526","17.01","6.00900000000001","0","2.94470017085712","0.434320943314089","13.242884472",
"11/7/1996","66.5625","38.872501373291","526","18.415","8.09100000000001","0","2.16060476794363","0.363079098501063","12.635995788",
"11/8/1996","66.5625","38.872501373291","526","19.436","6.52300000000002","0","3.02917126718486","0.442500034295995","12.6973692",
"11/9/1996","66.5625","38.872501373291","526","19.631","8.71300000000002","0","3.46916177461843","0.344907320082318","12.8734281",
"11/10/1996","66.5625","38.872501373291","526","17.064","5.41899999999998","0","2.09218760944759","0.357153476425399","12.779945568",
"11/11/1996","66.5625","38.872501373291","526","13.015","2.93799999999999","0.109863288","2.38787679138486","0.477699630494331","11.6358759",
"11/12/1996","66.5625","38.872501373291","526","6.69799999999998","0.891999999999996","1.280594412","1.85101743278924","0.617577104813053","4.616438508",
"11/13/1996","66.5625","38.872501373291","526","3.08499999999998","-0.76400000000001","1.932907176","2.00805359383211","0.689647253644871","9.033690672",
"11/14/1996","66.5625","38.872501373291","526","6.55599999999998","-0.982000000000028","0.5115511656","2.72743270140046","0.719992444796114","11.31513948",
"11/15/1996","66.5625","38.872501373291","526","10.458","-2.53100000000001","0","2.1714403423652","0.535961643870466","12.31998498",
"11/16/1996","66.5625","38.872501373291","526","10.605","-2.63400000000001","0","1.89635657827649","0.516689897544414","12.232909728",
"11/17/1996","66.5625","38.872501373291","526","7.964","-4.28699999999998","0","1.37074122443022","0.604452003462399","12.21862788",
"11/18/1996","66.5625","38.872501373291","526","5.00200000000001","-2.96600000000001","0","1.51208350324533","0.679473630170148","10.524942792",
"11/19/1996","66.5625","38.872501373291","526","4.97500000000002","-5.04300000000001","0","1.61898437355313","0.748390835547701","11.098293408",
"11/20/1996","66.5625","38.872501373291","526","6.37900000000002","-5.339","0","1.95738086814313","0.598000194016958","11.87786034",
"11/21/1996","66.5625","38.872501373291","526","8.12200000000001","-4.13999999999999","0","1.80783555661585","0.596834425325009","11.76186942",
"11/22/1996","66.5625","38.872501373291","526","8.62099999999998","-1.30700000000002","0","2.33452769704503","0.52169340265774","11.7039942",
"11/23/1996","66.5625","38.872501373291","526","11.836","0.879000000000019","0","2.74375505706526","0.372748408198671","11.779873182",
"11/24/1996","66.5625","38.872501373291","526","10.296","-2.00999999999999","0","1.66568490258401","0.471437235878218","11.7519732",
"11/25/1996","66.5625","38.872501373291","526","9.26799999999997","0.13900000000001","0","2.48723964000198","0.425049313467485","11.550375",
"11/26/1996","66.5625","38.872501373291","526","9.71600000000001","-0.84899999999999","0","2.28588433950503","0.435868208289086","11.564433918",
"11/27/1996","66.5625","38.872501373291","526","10.186","-1.85700000000003","0","2.0420396815474","0.405836436599874","11.49215697",
"11/28/1996","66.5625","38.872501373291","526","11.959","2.42099999999999","0","2.79194298714109","0.271901067460856","11.11353768",
"11/29/1996","66.5625","38.872501373291","526","13.114","2.39800000000002","0","2.28693082109446","0.314333667884629","10.90828044",
"11/30/1996","66.5625","38.872501373291","526","8.93299999999999","0.713000000000022","0.2386093032","0.923360296629899","0.516660542750667","8.1072531",
"12/1/1996","66.5625","38.872501373291","526","7.63400000000001","1.12700000000001","1.550103408","1.56635075601445","0.749367621902284","7.65849654",
"12/2/1996","66.5625","38.872501373291","526","5.50099999999998","-2.27300000000002","0","1.83144530134694","0.797214133249541","9.79065045",
"12/3/1996","66.5625","38.872501373291","526","5.27999999999997","-4.45499999999998","0","1.51772352671945","0.750179346288104","10.65296592",
"12/4/1996","66.5625","38.872501373291","526","4.60700000000003","-4.98200000000003","0","1.66755322650451","0.665688226316415","10.66415643",
"12/5/1996","66.5625","38.872501373291","526","4.37","-3.96199999999999","0","1.93451426609657","0.750789838452995","9.49325175",
"12/6/1996","66.5625","38.872501373291","526","3.33199999999999","-3.54000000000002","1.1192324832","1.85854683378645","0.806892720435511","7.23842019",
"12/7/1996","66.5625","38.872501373291","526","5.43000000000001","-5.11700000000002","0","1.58853244426296","0.681107870199682","10.49540868",
"12/8/1996","66.5625","38.872501373291","526","6.12900000000002","-5.40699999999998","0","1.73567254806705","0.585553383592589","10.66713723",
"12/9/1996","66.5625","38.872501373291","526","7.36200000000002","-3.93299999999999","0","2.01831490277271","0.533032998054316","10.71832482",
"12/10/1996","66.5625","38.872501373291","526","10.279","-0.204999999999984","0","2.04685889101713","0.242629375088049","10.62269685",
"12/11/1996","66.5625","38.872501373291","526","12.614","0.245000000000005","0","2.10954416708598","0.248180734611891","10.25999838",
"12/12/1996","66.5625","38.872501373291","526","10.673","3.303","0.0205993584","2.97255767689084","0.351889526031974","7.79911722",
"12/13/1996","66.5625","38.872501373291","526","11.269","1.904","0","2.88247658103313","0.542163248577988","10.05204564",
"12/14/1996","66.5625","38.872501373291","526","12.595","1.16399999999999","0","1.75180125429135","0.602647228188163","9.98117055",
"12/15/1996","66.5625","38.872501373291","526","16.749","6.51999999999998","0","4.21024348334806","0.368658440937841","9.61419582",
"12/16/1996","66.5625","38.872501373291","526","8.649","5.11200000000002","9.2362463784","2.65847486423115","0.637176416860949","3.11816349",
"12/17/1996","66.5625","38.872501373291","526","15.378","5.07600000000002","0.0566482608","5.74173674668348","0.508197522339332","8.9949393",
"12/18/1996","66.5625","38.872501373291","526","8.84199999999998","3.57600000000002","0.400829112","2.18494252950675","0.653895441413038","6.77486439",
"12/19/1996","66.5625","38.872501373291","526","12.358","2.80399999999997","0","2.79798904848315","0.573047613022996","10.01154285",
"12/20/1996","66.5625","38.872501373291","526","14.553","3.75999999999999","0","3.63955575563902","0.378812022540909","10.0487844",
"12/21/1996","66.5625","38.872501373291","526","14.646","6.197","0","3.54396186877119","0.357244413947291","9.91754838",
"12/22/1996","66.5625","38.872501373291","526","16.85","7.55700000000002","0","5.27522769997369","0.388092678105843","9.92345787",
"12/23/1996","66.5625","38.872501373291","526","18.191","9.44499999999999","0","5.23095854826458","0.335825159837514","9.56272617",
"12/24/1996","66.5625","38.872501373291","526","10.501","6.12799999999999","3.4289354304","2.13786101937446","0.627022016268675","6.62726142",
"12/25/1996","66.5625","38.872501373291","526","15.609","6.69499999999999","0","6.45350857895111","0.496056667828561","9.3648393",
"12/26/1996","66.5625","38.872501373291","526","16.735","9.99099999999999","0.2798082","5.86455290514959","0.427061135772987","6.7590018",
"12/27/1996","66.5625","38.872501373291","526","16.761","9.017","0","6.74225755461052","0.486249773338117","9.36663192",
"12/28/1996","66.5625","38.872501373291","526","16.486","8.00799999999998","0","3.31695902478408","0.427538175831162","9.377602776",
"12/29/1996","66.5625","38.872501373291","526","18.54","8.17099999999999","0","4.50898672447411","0.395282887880905","10.0046808",
"12/30/1996","66.5625","38.872501373291","526","22.204","10.046","0","5.13553232494562","0.243746903747666","9.239002308",
"12/31/1996","66.5625","38.872501373291","526","13.905","3.64999999999998","0","1.2443054869218","0.531872643424978","8.995892508",
"1/1/1997","66.5625","38.872501373291","526","13.02","1.34899999999999","0","1.5857554220326","0.580862320510833","10.035392868",
"1/2/1997","66.5625","38.872501373291","526","15.477","3.84699999999998","0","1.83145565914839","0.443134851656308","9.888970032",
"1/3/1997","66.5625","38.872501373291","526","12.157","5.90699999999998","0.611114652","3.20279532054056","0.498647497832889","8.073733068",
"1/4/1997","66.5625","38.872501373291","526","10.255","3.93200000000002","2.15606772","3.33195783955361","0.718115632760399","9.554736348",
"1/5/1997","66.5625","38.872501373291","526","9.82799999999997","3.10000000000002","0.0823974336","2.70086539931445","0.624327553411745","8.412756552",
"1/6/1997","66.5625","38.872501373291","526","12.278","0.619000000000028","0","3.21581766467746","0.573516419380059","10.205038548",
"1/7/1997","66.5625","38.872501373291","526","15.22","7.28100000000001","0","6.36037995120613","0.364323044293005","10.27248318",
"1/8/1997","66.5625","38.872501373291","526","10.261","3.887","0.0034332264","2.70313964557881","0.469138628332471","9.445782348",
"1/9/1997","66.5625","38.872501373291","526","12.641","4.993","0","2.34424765759361","0.445655518785026","9.419005764",
"1/10/1997","66.5625","38.872501373291","526","16.146","6.59699999999998","0","4.11709454477838","0.411163353628699","10.48797252",
"1/11/1997","66.5625","38.872501373291","526","12.771","6.75999999999999","0.9750365208","3.65239421125103","0.517950937738477","6.482138004",
"1/12/1997","66.5625","38.872501373291","526","8.62400000000002","3.71699999999998","11.624913828","3.07696084192179","0.797325435366097","5.448994488",
"1/13/1997","66.5625","38.872501373291","526","6.83199999999999","1.03800000000001","0.774193284","1.76817169188158","0.808660856526717","10.536299136",
"1/14/1997","66.5625","38.872501373291","526","3.29500000000002","-1.755","5.1361107264","2.21940442095003","0.80803300686315","9.886161348",
"1/15/1997","66.5625","38.872501373291","526","8.202","-1.495","0","2.60905763327406","0.661837781757844","10.737618552",
"1/16/1997","66.5625","38.872501373291","526","14.286","4.52100000000002","0.0034332264","6.87996173963305","0.456139454483084","9.360335844",
"1/17/1997","66.5625","38.872501373291","526","9.64299999999997","5.56999999999999","7.268138748","3.13606693835909","0.699922407568086","2.869654608",
"1/18/1997","66.5625","38.872501373291","526","5.51799999999997","-5.36099999999999","23.57081928","2.67718163184568","0.929475542641133","1.741725252",
"1/19/1997","66.5625","38.872501373291","526","-1.89499999999998","-10.17","2.3517610056","3.87845441162499","0.775578148792752","10.599019992",
"1/20/1997","66.5625","38.872501373291","526","1.44799999999998","-7.142","0","2.69714559570585","0.599116254261507","11.934733572",
"1/21/1997","66.5625","38.872501373291","526","3.44200000000001","-7.49200000000002","0","2.16354493323303","0.632044489788305","12.174639912",
"1/22/1997","66.5625","38.872501373291","526","7.00700000000001","-1.803","0.0102996864","3.76526318670569","0.606036558378434","11.900643912",
"1/23/1997","66.5625","38.872501373291","526","3.70999999999998","-1.63499999999999","1.1226651768","4.23213228349047","0.73504836878737","11.264116032",
"1/24/1997","66.5625","38.872501373291","526","1.935","-3.721","0","2.32718479692685","0.741605719544631","12.1012875",
"1/25/1997","66.5625","38.872501373291","526","6.33499999999998","-2.76799999999997","0","2.8548712740912","0.560004982682146","12.402900468",
"1/26/1997","66.5625","38.872501373291","526","8.76100000000002","1.10300000000001","0.061798104","3.48328269860511","0.514736249345191","8.82090252",
"1/27/1997","66.5625","38.872501373291","526","10.203","2.82799999999997","0.9166720104","4.72164083172322","0.660618299041222","11.59396938",
"1/28/1997","66.5625","38.872501373291","526","9.79700000000003","3.21100000000001","0.8480067624","2.26465335318043","0.751199762752398","10.740432132",
"1/29/1997","66.5625","38.872501373291","526","3.82499999999999","-4.90600000000001","7.523918172","2.76253098910814","0.899251786825237","5.177195568",
"1/30/1997","66.5625","38.872501373291","526","8.88600000000002","-3.37200000000001","0.0720977904","5.57585478675515","0.689085873781847","12.800698272",
"1/31/1997","66.5625","38.872501373291","526","8.91300000000001","-0.220000000000027","0","3.32205064813782","0.704202908198355","12.469608612",
"2/1/1997","66.5625","38.872501373291","526","6.93599999999998","-4.97899999999999","11.35367964","4.96987976359734","0.804905419171714","3.670373484",
"2/2/1997","66.5625","38.872501373291","526","2.20299999999997","-8.16500000000002","1.6067508264","1.61834215237281","0.738998892865215","13.52672172",
"2/3/1997","66.5625","38.872501373291","526","5.17099999999999","-4.47199999999998","0","2.44351372669583","0.567352153404335","13.99437846",
"2/4/1997","66.5625","38.872501373291","526","8.48099999999999","-1.10000000000002","0","3.16651333562981","0.445911522420101","14.20515036",
"2/5/1997","66.5625","38.872501373291","526","9.57499999999999","0.02800000000002","0","4.59823376357571","0.43025459628694","14.17044582",
"2/6/1997","66.5625","38.872501373291","526","10.633","1.82799999999997","0.0137329128","3.35990582698471","0.477930563006013","14.02003098",
"2/7/1997","66.5625","38.872501373291","526","3.25299999999999","-5.15100000000001","8.32557618","3.74961300647752","0.816688319803282","4.211605692",
"2/8/1997","66.5625","38.872501373291","526","1.08300000000003","-8.41300000000001","0.0411987312","3.11114930622994","0.64844997948202","13.7198223",
"2/9/1997","66.5625","38.872501373291","526","0.369000000000028","-4.98899999999998","0.065231352","2.34050794451528","0.57597474314457","12.28033098",
"2/10/1997","66.5625","38.872501373291","526","3.69299999999998","-4.608","0","2.63516108733982","0.556354312653557","14.81624784",
"2/11/1997","66.5625","38.872501373291","526","4.625","-2.06999999999999","0","4.11390736131756","0.541603011799247","14.81034852",
"2/12/1997","66.5625","38.872501373291","526","5.12599999999998","-3.57799999999997","0","2.10977966048723","0.589791965684765","15.0498576",
"2/13/1997","66.5625","38.872501373291","526","7.65899999999999","-2.78800000000001","0","1.39864245297735","0.516299685278016","15.07905198",
"2/14/1997","66.5625","38.872501373291","526","7.79500000000002","-2.10700000000003","0","1.91672480238105","0.566882534011248","15.47736138",
"2/15/1997","66.5625","38.872501373291","526","9.50099999999998","-1.47500000000002","0","2.10038305357634","0.506279416150736","15.73155072",
"2/16/1997","66.5625","38.872501373291","526","10.333","-1.142","0","2.31929482497047","0.533014779214857","15.92415126",
"2/17/1997","66.5625","38.872501373291","526","9.89600000000002","-0.603999999999985","0","1.96113299828178","0.500722389998967","15.59261214",
"2/18/1997","66.5625","38.872501373291","526","11.117","0.603999999999985","0","2.27693100924137","0.442961128582252","16.21304946",
"2/19/1997","66.5625","38.872501373291","526","13.494","3.15300000000002","0","2.83577479813609","0.513558463492621","16.15055922",
"2/20/1997","66.5625","38.872501373291","526","6.118","2.38999999999999","5.417628876","2.73703144994853","0.804639384986494","3.53964204",
"2/21/1997","66.5625","38.872501373291","526","3.16399999999999","-1.75400000000002","2.28652884","2.67373372531386","0.894037992805126","6.58783296",
"2/22/1997","66.5625","38.872501373291","526","10.141","-1.94299999999998","0.18882774","3.29928006403173","0.668763115735312","12.464434908",
"2/23/1997","66.5625","38.872501373291","526","11.798","5.97199999999998","0.9836194104","3.46104974369364","0.774708037946374","10.165666464",
"2/24/1997","66.5625","38.872501373291","526","5.74599999999998","-0.194999999999993","1.2359619","1.60066235256789","0.864231404066405","8.971367472",
"2/25/1997","66.5625","38.872501373291","526","6.55799999999999","-1.63900000000001","0","1.76281107278243","0.656811672896465","17.336080872",
"2/26/1997","66.5625","38.872501373291","526","9.93099999999998","-0.666999999999973","0","2.29226465270769","0.526432845583467","17.81510364",
"2/27/1997","66.5625","38.872501373291","526","13.843","3.084","0","3.5854334058852","0.410750278838158","12.9886866",
"2/28/1997","66.5625","38.872501373291","526","14.122","6.39600000000002","5.5995951024","3.83313360363999","0.633006937608845","9.2209509",
"3/1/1997","66.5625","38.872501373291","526","5.91699999999997","-1.35500000000002","17.78583276","2.33095271888809","0.909484532898122","5.92239384",
"3/2/1997","66.5625","38.872501373291","526","8.536","-3.12299999999999","0.144195552","2.18411819272014","0.724978205737635","17.75233512",
"3/3/1997","66.5625","38.872501373291","526","9.32799999999997","2.334","0.0652313304","2.53614674091859","0.647443483902709","17.356448448",
"3/4/1997","66.5625","38.872501373291","526","13.941","2.29399999999998","0","2.52487324806612","0.567030697613746","16.5723174",
"3/5/1997","66.5625","38.872501373291","526","8.30099999999999","4.47300000000001","1.1870382456","2.31971592713464","0.719525739301655","8.762339448",
"3/6/1997","66.5625","38.872501373291","526","12.907","3.04399999999998","0.2042770104","1.81337491893395","0.718194524710838","13.942295352",
"3/7/1997","66.5625","38.872501373291","526","12.832","7.16000000000003","0.8205413904","4.06083191718649","0.730536918968991","5.498659728",
"3/8/1997","66.5625","38.872501373291","526","18.636","6.35300000000001","2.32086024","6.2129872080637","0.572384525037488","18.64468548",
"3/9/1997","66.5625","38.872501373291","526","6.19499999999999","-0.475999999999999","14.7165289128","3.48839002662998","0.792779160485373","17.80864236",
"3/10/1997","66.5625","38.872501373291","526","5.41800000000001","-0.752999999999986","0","3.36968041201529","0.652417373248272","17.52783552",
"3/11/1997","66.5625","38.872501373291","526","6.36399999999998","-3.20600000000002","0","2.14345031960869","0.379895864620194","20.30181156",
"3/12/1997","66.5625","38.872501373291","526","7.161","-2.71300000000002","0","2.71578924447945","0.485269952655733","20.20461048",
"3/13/1997","66.5625","38.872501373291","526","12.327","-0.216000000000008","0","2.57057886678222","0.419440104704955","20.27087208",
"3/14/1997","66.5625","38.872501373291","526","7.33100000000002","0.134999999999991","1.6891478784","3.27929602374166","0.700799777119828","13.016531592",
"3/15/1997","66.5625","38.872501373291","526","8.81200000000001","-1.45299999999997","0","1.44959490565027","0.756104334666259","17.55416583",
"3/16/1997","66.5625","38.872501373291","526","12.436","1.10300000000001","0","3.25307006624169","0.656793216067115","20.36575665",
"3/17/1997","66.5625","38.872501373291","526","12.797","5.04300000000001","0.4549025376","2.87930060574313","0.658433122920501","14.18788044",
"3/18/1997","66.5625","38.872501373291","526","14.487","5.58100000000002","19.588312692","3.84023223136639","0.704819105944009","17.424613998",
"3/19/1997","66.5625","38.872501373291","526","12.927","5.197","0.60939828","3.91643465945494","0.644716540482761","13.01394177",
"3/20/1997","66.5625","38.872501373291","526","16.113","5.30700000000002","0","4.2454295343722","0.520178140413671","21.39193242",
"3/21/1997","66.5625","38.872501373291","526","9.55099999999999","0.939999999999998","3.3113469744","4.36145577628297","0.721878869114268","11.186720568",
"3/22/1997","66.5625","38.872501373291","526","8.80000000000001","-0.158000000000015","1.5432356664","3.52348973515","0.758472050327654","14.362310808",
"3/23/1997","66.5625","38.872501373291","526","14.295","-1.14600000000002","0","3.57064514168621","0.565683592857152","22.85798094",
"3/24/1997","66.5625","38.872501373291","526","21.043","7.142","0","5.01431468604953","0.395130180079048","21.913983648",
"3/25/1997","66.5625","38.872501373291","526","23.823","11.802","0","4.91660468327337","0.387218412230199","18.28462986",
"3/26/1997","66.5625","38.872501373291","526","17.405","10.119","6.481930428","4.97861439429042","0.530370170958217","5.517281808",
"3/27/1997","66.5625","38.872501373291","526","12.59","7.375","12.167351856","2.62742422611757","0.888981497100497","7.288255962",
"3/28/1997","66.5625","38.872501373291","526","13.651","4.97199999999998","3.76110252","2.1849271723808","0.784160316467381","20.0234826",
"3/29/1997","66.5625","38.872501373291","526","19.175","6.74200000000002","0","4.35247057036413","0.590536938971466","22.850329608",
"3/30/1997","66.5625","38.872501373291","526","21.583","9.41800000000001","0","4.16834578345927","0.45204660430318","18.59259168",
"3/31/1997","66.5625","38.872501373291","526","13.214","6.59800000000001","3.837492612","3.17031632469093","0.785203554473831","12.557694924",
"4/1/1997","66.5625","38.872501373291","526","9.08999999999998","5.56299999999999","26.7105168","1.43139695475641","0.92926120050709","4.922720622",
"4/2/1997","66.5625","38.872501373291","526","12.525","4.02199999999999","1.2617113104","2.82826296424223","0.833446690788879","15.861372192",
"4/3/1997","66.5625","38.872501373291","526","13.431","3.029","0.2042773128","1.87213469864309","0.793039610524198","17.889807312",
"4/4/1997","66.5625","38.872501373291","526","16.208","5.07499999999999","0.082397448","2.81608857146272","0.684662376706277","23.614762608",
"4/5/1997","66.5625","38.872501373291","526","20.988","7.88","0","4.23905686443465","0.470758969109281","23.65003548",
"4/6/1997","66.5625","38.872501373291","526","20.676","11.699","0.8291242584","6.77427237145824","0.565584118648919","17.21030238",
"4/7/1997","66.5625","38.872501373291","526","21.287","8.73099999999999","0.1459121688","3.5982968601872","0.585593787243895","23.14642428",
"4/8/1997","66.5625","38.872501373291","526","20.228","9.24599999999998","0.424003536","3.17226080482191","0.600576453122026","22.91444964",
"4/9/1997","66.5625","38.872501373291","526","20.187","9.87","0.430870104","4.34331411187223","0.591674748386961","23.17224672",
"4/10/1997","66.5625","38.872501373291","526","26.388","13.349","0","7.36741935159804","0.400440408630916","23.24694024",
"4/11/1997","66.5625","38.872501373291","526","19.591","8.41899999999998","5.846787216","2.77295257279353","0.707956570330344","19.02521268",
"4/12/1997","66.5625","38.872501373291","526","10.607","5.89600000000002","12.757878072","2.7689121242745","0.875881810178016","5.44640724",
"4/13/1997","66.5625","38.872501373291","526","13.316","1.14699999999999","0.070381188","2.31842263872189","0.737755491597782","24.31665504",
"4/14/1997","66.5625","38.872501373291","526","12.911","0.173999999999978","0","2.32776959724721","0.729822934365522","24.95530908",
"4/15/1997","66.5625","38.872501373291","526","14.445","0.461999999999989","0","1.65512611559953","0.642724253416691","24.91959744",
"4/16/1997","66.5625","38.872501373291","526","19.93","6.59500000000003","0","3.01464134203381","0.497694792854985","24.2023554",
"4/17/1997","66.5625","38.872501373291","526","22.136","9.75099999999998","0","3.2153934084486","0.373309383281321","25.64977644",
"4/18/1997","66.5625","38.872501373291","526","21.445","11.167","0","2.64417992214243","0.44110555241739","19.21938696",
"4/19/1997","66.5625","38.872501373291","526","24.865","13.671","0","4.30658746570511","0.427909891359447","25.30783044",
"4/20/1997","66.5625","38.872501373291","526","17.908","11.896","6.7445721648","3.22245775980187","0.685752005974252","9.486675",
"4/21/1997","66.5625","38.872501373291","526","20.32","9.04399999999998","0.0068664528","3.282141203595","0.704689103978948","24.2944326",
"4/22/1997","66.5625","38.872501373291","526","23.847","10.12","0","2.60492443105956","0.579932943647541","26.12874492",
"4/23/1997","66.5625","38.872501373291","526","26.064","11.999","0","2.27949077288163","0.476368704772103","25.08186816",
"4/24/1997","66.5625","38.872501373291","526","25.824","13.637","0","2.38656599332417","0.514598478692708","25.07377824",
"4/25/1997","66.5625","38.872501373291","526","26.582","13.666","0","3.126897723229","0.462285541719286","26.48435661",
"4/26/1997","66.5625","38.872501373291","526","27.3","16.385","0","2.67460906345921","0.508538761222407","23.82581592",
"4/27/1997","66.5625","38.872501373291","526","27.556","16.037","0.0703811376","2.66200350789308","0.498872970870664","20.26939995",
"4/28/1997","66.5625","38.872501373291","526","26.645","16.909","0","2.25728051621373","0.447106399287152","23.21656695",
"4/29/1997","66.5625","38.872501373291","526","27.988","14.278","0","1.71421476872806","0.475625426177012","26.54257464",
"4/30/1997","66.5625","38.872501373291","526","20.419","14.014","5.7420736704","2.47769217658218","0.68788061073717","6.47432028",
"5/1/1997","66.5625","38.872501373291","526","23.907","13.781","1.864241856","2.28034992839575","0.658767253224807","22.526720712",
"5/2/1997","66.5625","38.872501373291","526","22.256","13.7","3.661532424","3.28536296468128","0.597195584721619","24.7353129",
"5/3/1997","66.5625","38.872501373291","526","21.029","11.093","0.18882738","2.95410614443526","0.661084649422573","25.287861888",
"5/4/1997","66.5625","38.872501373291","526","26.243","10.61","0","3.29421379150991","0.445566242199218","28.547834112",
"5/5/1997","66.5625","38.872501373291","526","31.678","17.603","0","6.5921397781386","0.247851229688812","26.104326912",
"5/6/1997","66.5625","38.872501373291","526","18.175","8.54599999999999","20.6302657464","2.93875962635983","0.84798632512816","2.74933215",
"5/7/1997","66.5625","38.872501373291","526","13.675","6.40199999999999","0.617981292","2.73166458576293","0.735787913344385","25.56158346",
"5/8/1997","66.5625","38.872501373291","526","16.971","4.40499999999997","0","2.86801034489029","0.607143319570214","27.612961272",
"5/9/1997","66.5625","38.872501373291","526","18.972","6.34300000000002","0","3.00204210656407","0.491353643038169","29.13626412",
"5/10/1997","66.5625","38.872501373291","526","21.512","8.61099999999999","0","3.81632720481022","0.477559667327007","28.82829402",
"5/11/1997","66.5625","38.872501373291","526","21.197","10.206","0.84972564","2.66731613016085","0.524596756442417","27.6156603",
"5/12/1997","66.5625","38.872501373291","526","17.503","7.91399999999999","6.105996","3.2438542485111","0.693890935283568","28.849890528",
"5/13/1997","66.5625","38.872501373291","526","20.022","8.39800000000002","0","2.62904852369485","0.544120059556609","27.442410552",
"5/14/1997","66.5625","38.872501373291","526","22.338","10.561","0","3.04976563640746","0.45544411230312","29.3793246",
"5/15/1997","66.5625","38.872501373291","526","24.473","12.691","0","3.2690854417331","0.400094084913505","28.772161272",
"5/16/1997","66.5625","38.872501373291","526","18.744","10.47","4.21428384","2.31388573451766","0.638560844245137","27.1011951",
"5/17/1997","66.5625","38.872501373291","526","20.509","7.94099999999997","0","2.69583014763048","0.391231209044673","29.70417312",
"5/18/1997","66.5625","38.872501373291","526","24.228","10.526","0","3.03989121642205","0.375760875784771","30.11631732",
"5/19/1997","66.5625","38.872501373291","526","25.958","11.415","0","2.81091071195635","0.334632656910847","30.12575148",
"5/20/1997","66.5625","38.872501373291","526","26.766","11.405","0","2.45719108806991","0.258277775610535","30.87603648",
"5/21/1997","66.5625","38.872501373291","526","27.277","15.993","0","3.36721506550496","0.285580413573574","28.04833188",
"5/22/1997","66.5625","38.872501373291","526","27.593","14.383","0","2.6252610147164","0.371248765961499","29.82481128",
"5/23/1997","66.5625","38.872501373291","526","28.747","13.813","0","2.4269852609139","0.317119107679479","30.40885908",
"5/24/1997","66.5625","38.872501373291","526","30.371","17.791","0","3.30926028501058","0.299735685717806","28.13096196",
"5/25/1997","66.5625","38.872501373291","526","29.662","18.533","0","3.11683059173308","0.324657659081903","28.82148156",
"5/26/1997","66.5625","38.872501373291","526","28.371","18.033","0","2.45041669716684","0.358401399357758","25.37438184",
"5/27/1997","66.5625","38.872501373291","526","28.484","16.506","0.15363702","2.38964270655575","0.382051504372911","29.40918984",
"5/28/1997","66.5625","38.872501373291","526","29.654","16.131","0","3.30812279567041","0.3732393050235","29.9988522",
"5/29/1997","66.5625","38.872501373291","526","30.649","18.299","0","4.30879890794451","0.293704256335671","30.2180634",
"5/30/1997","66.5625","38.872501373291","526","30.475","17.296","0","3.98917200257142","0.306218085093323","30.829518",
"5/31/1997","66.5625","38.872501373291","526","31.238","18.192","0","3.38346413642177","0.357490644903825","30.29855292",
"6/1/1997","66.5625","38.872501373291","526","31.139","18.767","0","3.14401243278467","0.366984529624302","29.9270898",
"6/2/1997","66.5625","38.872501373291","526","32.187","18.663","0","3.10072293106966","0.289612812589685","30.32178588",
"6/3/1997","66.5625","38.872501373291","526","31.306","19.998","0.0205993584","3.10748306681345","0.308502220072822","27.57982536",
"6/4/1997","66.5625","38.872501373291","526","29.185","19.493","0.92353824","3.34749531010875","0.433151017355149","29.39343624",
"6/5/1997","66.5625","38.872501373291","526","30.603","18.907","0","3.68375734506965","0.334394651498088","29.71495872",
"6/6/1997","66.5625","38.872501373291","526","31.161","18.019","0","3.19026725534206","0.369681518893848","30.34000656",
"6/7/1997","66.5625","38.872501373291","526","32.925","18.258","0","3.00898188278591","0.326197649143575","29.87212572",
"6/8/1997","66.5625","38.872501373291","526","32.792","19.287","0","2.34784126148212","0.270453575019905","28.913292",
"6/9/1997","66.5625","38.872501373291","526","31.459","18.767","0","2.39499483652752","0.211710706980484","31.02294852",
"6/10/1997","66.5625","38.872501373291","526","32.98","20.464","0","3.57905492163618","0.165430817674159","30.19167432",
"6/11/1997","66.5625","38.872501373291","526","30.392","18.641","0","2.62810964860744","0.2372534848681","29.59746444",
"6/12/1997","66.5625","38.872501373291","526","30.123","19.433","0","3.59878887659124","0.282609086061239","28.03173912",
"6/13/1997","66.5625","38.872501373291","526","31.506","16.74","0","2.67557127299145","0.280098126522962","31.15663344",
"6/14/1997","66.5625","38.872501373291","526","32.931","19.164","0","3.54559937075288","0.171914944338609","31.79105172",
"6/15/1997","66.5625","38.872501373291","526","34.105","19.534","0","3.26794319968616","0.153261051726818","31.58558712",
"6/16/1997","66.5625","38.872501373291","526","34.722","21.04","0","3.20990639591087","0.157255612926679","31.0266576",
"6/17/1997","66.5625","38.872501373291","526","34.956","21.276","0","2.70430215349598","0.165166023792197","28.69227504",
"6/18/1997","66.5625","38.872501373291","526","33.667","20.822","0","3.59322409152259","0.245104156722611","30.41538876",
"6/19/1997","66.5625","38.872501373291","526","30.02","21.364","0","2.84805119581937","0.282837200393814","19.59316992",
"6/20/1997","66.5625","38.872501373291","526","32.131","19.411","0","2.85694798117334","0.284688795921353","30.08470176",
"6/21/1997","66.5625","38.872501373291","526","32.542","19.765","0","2.74661112436143","0.230893115433657","30.37409568",
"6/22/1997","66.5625","38.872501373291","526","33.459","20.213","0","3.96775419296421","0.249081252286106","30.74714604",
"6/23/1997","66.5625","38.872501373291","526","35.179","20.551","0","4.40899867124447","0.230923766489772","30.86133984",
"6/24/1997","66.5625","38.872501373291","526","36.09","21.515","0","3.69392885576748","0.202871364039785","30.77645256",
"6/25/1997","66.5625","38.872501373291","526","36.543","23.265","0","3.67152403956677","0.200195998873986","28.67962644",
"6/26/1997","66.5625","38.872501373291","526","37.162","24.855","0","4.20179370126928","0.183400151189497","30.37478112",
"6/27/1997","66.5625","38.872501373291","526","34.941","21.744","0","4.16270051876369","0.213148293674436","30.8160036",
"6/28/1997","66.5625","38.872501373291","526","32.783","20.122","0","4.73099532586417","0.232548347251518","31.15362348",
"6/29/1997","66.5625","38.872501373291","526","31.922","18.422","0","4.62631019338678","0.239762764460694","30.97389996",
"6/30/1997","66.5625","38.872501373291","526","31.898","18.544","0","3.1286765325465","0.269956415137953","30.64213224",
"7/1/1997","66.5625","38.872501373291","526","33.639","19.199","0","3.59642522183835","0.223216356074396","30.92045652",
"7/2/1997","66.5625","38.872501373291","526","35.582","20.709","0","3.36560178756348","0.161061657879387","31.30182864",
"7/3/1997","66.5625","38.872501373291","526","36.34","19.481","0","2.61552298194011","0.154730807436831","31.05127764",
"7/4/1997","66.5625","38.872501373291","526","35.96","19.336","0","3.05404211170518","0.154287053582898","30.86161236",
"7/5/1997","66.5625","38.872501373291","526","34.381","22.049","0","4.69281334458991","0.206906908995884","30.33798876",
"7/6/1997","66.5625","38.872501373291","526","35.958","21.081","0","3.39737536711182","0.245965135501997","30.51726228",
"7/7/1997","66.5625","38.872501373291","526","37.152","20.941","0","2.66387062219943","0.229259438319174","30.49436376",
"7/8/1997","66.5625","38.872501373291","526","34.545","19.947","0","3.55660977073993","0.268935004186956","29.3717196",
"7/9/1997","66.5625","38.872501373291","526","32.174","19.486","0","5.07144335489227","0.314674573362385","30.3631866",
"7/10/1997","66.5625","38.872501373291","526","33.445","18.826","0","3.95559967916707","0.313825480362646","30.2765076",
"7/11/1997","66.5625","38.872501373291","526","35.556","19.62","0","3.134087307047","0.249797695284111","30.39564816",
"7/12/1997","66.5625","38.872501373291","526","36.05","18.868","0","3.11772387667652","0.198027519080374","30.7839924",
"7/13/1997","66.5625","38.872501373291","526","36.295","20.833","0","4.52103279648406","0.119625740858995","30.79945764",
"7/14/1997","66.5625","38.872501373291","526","36.429","22.068","0","6.02699804433105","0.161708486603893","30.90357576",
"7/15/1997","66.5625","38.872501373291","526","38.181","22.759","0","5.35054714686958","0.155458164518947","30.676276368",
"7/16/1997","66.5625","38.872501373291","526","40.611","25.194","0","4.27803288024441","0.138205131779271","30.37201632",
"7/17/1997","66.5625","38.872501373291","526","40.856","25.844","0","3.37577579909384","0.135124182833083","30.124298448",
"7/18/1997","66.5625","38.872501373291","526","42.734","27.317","0","4.91109653553917","0.134103629067547","29.7268929",
"7/19/1997","66.5625","38.872501373291","526","40.726","28.87","0","7.96931276835554","0.123884574605819","29.754666",
"7/20/1997","66.5625","38.872501373291","526","38.308","26.87","0","7.45175080219524","0.198230803672572","29.38859226",
"7/21/1997","66.5625","38.872501373291","526","33.212","21.763","0","5.79236418953667","0.217145853935408","28.501756848",
"7/22/1997","66.5625","38.872501373291","526","34.188","18.133","0","4.12017378753211","0.22716958563775","29.99254932",
"7/23/1997","66.5625","38.872501373291","526","35.812","19.414","0","3.66509700309352","0.186366477241861","30.19679856",
"7/24/1997","66.5625","38.872501373291","526","36.939","19.817","0","3.91392375277199","0.144364964857685","30.232411128",
"7/25/1997","66.5625","38.872501373291","526","37.007","21.094","0","4.97608909059065","0.143216496193649","30.14262792",
"7/26/1997","66.5625","38.872501373291","526","38.101","23.319","0","4.68773787776376","0.130126747179891","29.65674654",
"7/27/1997","66.5625","38.872501373291","526","40.231","23.771","0","4.72394543455267","0.134512758111772","29.201904072",
"7/28/1997","66.5625","38.872501373291","526","38.346","24.146","0","4.79656769533416","0.133520041989888","29.499701832",
"7/29/1997","66.5625","38.872501373291","526","36.927","20.736","0","5.05543725557962","0.127800383081996","29.93613786",
"7/30/1997","66.5625","38.872501373291","526","36.065","21.547","0","6.50015443982107","0.130229919083031","29.5928919",
"7/31/1997","66.5625","38.872501373291","526","35.69","21.364","0","5.89837950909619","0.164406864557368","28.785536568",
"8/1/1997","66.5625","38.872501373291","526","31.054","17.222","0","2.48438899554387","0.208970860633706","29.39512878",
"8/2/1997","66.5625","38.872501373291","526","28.167","13.147","0","2.99081694581987","0.251433637458619","29.076468912",
"8/3/1997","66.5625","38.872501373291","526","29.781","14.156","0","3.08378656488762","0.32276156120499","28.505422008",
"8/4/1997","66.5625","38.872501373291","526","31.442","15.757","0","3.23573559316289","0.251368812841572","28.8129852",
"8/5/1997","66.5625","38.872501373291","526","33.617","17.503","0","2.96419144201349","0.183981063462021","28.82288826",
"8/6/1997","66.5625","38.872501373291","526","35.396","18.193","0","3.35606585549284","0.134885040305495","29.00710872",
"8/7/1997","66.5625","38.872501373291","526","38.429","22.203","0","4.69978119763454","0.139412342345238","28.377676008",
"8/8/1997","66.5625","38.872501373291","526","38.771","24.038","0","5.60552653186979","0.148023517481439","27.88560342",
"8/9/1997","66.5625","38.872501373291","526","37.492","23.199","0","5.11790293530961","0.16257484904614","27.99275958",
"8/10/1997","66.5625","38.872501373291","526","36.271","21.414","0","5.09529969822401","0.149290573925381","28.68789429",
"8/11/1997","66.5625","38.872501373291","526","34.927","19.14","0","4.67116504986116","0.162088211974333","28.14766758",
"8/12/1997","66.5625","38.872501373291","526","33.328","16.405","0","3.73236931870689","0.201575989684704","28.0105848",
"8/13/1997","66.5625","38.872501373291","526","33.706","18.132","0","3.65105504655314","0.176270860019318","27.96761385",
"8/14/1997","66.5625","38.872501373291","526","35.831","17.755","0","3.37027098519465","0.0977846178266742","28.35821556",
"8/15/1997","66.5625","38.872501373291","526","38.193","20.722","0","3.60788823999177","0.0618947383297938","28.30994712",
"8/16/1997","66.5625","38.872501373291","526","39.252","19.487","0","4.14079737869287","0.0731157623715406","27.69322716",
"8/17/1997","66.5625","38.872501373291","526","36.762","22.655","0","5.41979291673638","0.155059591922443","27.06029856",
"8/18/1997","66.5625","38.872501373291","526","38.103","22.956","0","4.70782605000617","0.151421221248231","27.25115616",
"8/19/1997","66.5625","38.872501373291","526","39.424","23.625","0","4.49162706290858","0.0937453149238364","27.34498548",
"8/20/1997","66.5625","38.872501373291","526","39.787","21.871","0","3.59735751605862","0.0865566793139782","27.01338408",
"8/21/1997","66.5625","38.872501373291","526","38.544","18.752","0","3.14697594077739","0.130261899512603","26.34811524",
"8/22/1997","66.5625","38.872501373291","526","37.566","24.979","0","6.76470319013166","0.154182114123195","25.90576776",
"8/23/1997","66.5625","38.872501373291","526","35.157","21.971","0","5.25871922117957","0.172646565630729","25.97118192",
"8/24/1997","66.5625","38.872501373291","526","29.886","18.402","0","5.45369526796114","0.149203560575922","26.25232464",
"8/25/1997","66.5625","38.872501373291","526","29.96","15.337","0","4.05339851268845","0.179283687150507","26.12998332",
"8/26/1997","66.5625","38.872501373291","526","29.861","15.087","0","3.51878294077223","0.196499086139999","25.78550112",
"8/27/1997","66.5625","38.872501373291","526","30.545","14.38","0","3.57064917786718","0.198600966217759","25.4025054",
"8/28/1997","66.5625","38.872501373291","526","31.707","17.412","0","4.48964923130154","0.19350247739268","25.4600424",
"8/29/1997","66.5625","38.872501373291","526","31.409","17.109","0","3.85560528459889","0.172910982358068","25.46921088",
"8/30/1997","66.5625","38.872501373291","526","32.018","16.052","0","3.26268722710182","0.142760925422864","25.51854672",
"8/31/1997","66.5625","38.872501373291","526","33.191","18.775","0","3.34016446904315","0.11156302902758","24.95143692",
"9/1/1997","66.5625","38.872501373291","526","35.207","16.516","0","3.26162573820057","0.119421190382302","25.28420904",
"9/2/1997","66.5625","38.872501373291","526","36.365","20.831","0","3.37120805549104","0.104293510160571","25.45757172",
"9/3/1997","66.5625","38.872501373291","526","37.388","18.02","0","3.1058125687561","0.0978231224597116","25.01567064",
"9/4/1997","66.5625","38.872501373291","526","36.005","20.777","0","4.40029781604802","0.109371635851842","24.51521376",
"9/5/1997","66.5625","38.872501373291","526","32.607","16.115","0","3.96661703605029","0.194573863009804","24.12241848",
"9/6/1997","66.5625","38.872501373291","526","27.896","15.637","0","5.24535455934019","0.237258431818009","23.72872428",
"9/7/1997","66.5625","38.872501373291","526","24.726","13.484","0","4.99305060610467","0.219428193763692","23.81743116",
"9/8/1997","66.5625","38.872501373291","526","24.226","11.179","0","4.61215290159172","0.238237797074118","23.88025656",
"9/9/1997","66.5625","38.872501373291","526","25.932","8.56200000000001","0","3.26016384663366","0.242561719766669","23.6507112",
"9/10/1997","66.5625","38.872501373291","526","28.981","12.205","0","3.09325448399088","0.17835724851073","23.71540104",
"9/11/1997","66.5625","38.872501373291","526","30.819","12.032","0","2.90204007009158","0.148042291288822","23.67545364",
"9/12/1997","66.5625","38.872501373291","526","31.096","13.878","0","3.27409687571424","0.0905091111476267","23.84848008",
"9/13/1997","66.5625","38.872501373291","526","31.291","13.603","0","2.95449622480852","0.107642839980646","23.64733296",
"9/14/1997","66.5625","38.872501373291","526","31.788","14.321","0","2.98840239950654","0.107825419995118","23.32513116",
"9/15/1997","66.5625","38.872501373291","526","29.73","12.412","0","3.15967364925311","0.148722898647226","22.65434406",
"9/16/1997","66.5625","38.872501373291","526","27.332","11.947","0","3.27240727701454","0.255204190184223","22.18674672",
"9/17/1997","66.5625","38.872501373291","526","28.649","11.353","0","2.97442829517729","0.242552562364942","22.41973494",
"9/18/1997","66.5625","38.872501373291","526","28.537","9.73700000000002","0","2.64100134938262","0.214356614124383","22.37214654",
"9/19/1997","66.5625","38.872501373291","526","27.315","8.83499999999998","0","2.29739268800686","0.244236755047912","22.06304586",
"9/20/1997","66.5625","38.872501373291","526","25.955","8.77699999999999","0","2.88570460867202","0.250569801481906","21.55056102",
"9/21/1997","66.5625","38.872501373291","526","25.741","8.12099999999998","0","2.71749879612485","0.255112995177259","21.785293368",
"9/22/1997","66.5625","38.872501373291","526","26.984","9.28699999999998","0","2.6093832809983","0.184241886207545","21.85373808",
"9/23/1997","66.5625","38.872501373291","526","28.216","8.80500000000001","0","2.69592525152954","0.14718008205968","21.54729222",
"9/24/1997","66.5625","38.872501373291","526","29.965","13.461","0","3.98425585156215","0.148129652993209","20.5905969",
"9/25/1997","66.5625","38.872501373291","526","29.912","14.271","0","3.7930298840234","0.214424011784746","20.400976728",
"9/26/1997","66.5625","38.872501373291","526","30.085","16.974","0","3.69553451788667","0.193357116571755","20.48478624",
"9/27/1997","66.5625","38.872501373291","526","29.392","13.475","0","2.65906512589087","0.187405569310334","20.3861205",
"9/28/1997","66.5625","38.872501373291","526","28.164","14.428","0","2.94883886295661","0.171485551717814","20.33538678",
"9/29/1997","66.5625","38.872501373291","526","28.292","15.179","0","3.24601997652131","0.162861490758552","20.10847662",
"9/30/1997","66.5625","38.872501373291","526","29.093","13.837","0","3.04310068978098","0.153937260393911","19.82526408",
"10/1/1997","66.5625","38.872501373291","526","29.99","15.701","0","3.49613364465498","0.155100101452082","19.23108678",
"10/2/1997","66.5625","38.872501373291","526","30.089","17.301","0","3.38050111109081","0.150826118318877","19.32643116",
"10/3/1997","66.5625","38.872501373291","526","30.056","16.818","0","2.95111857879576","0.162791886639439","19.06858062",
"10/4/1997","66.5625","38.872501373291","526","30.615","14.685","0","3.21824704886655","0.181760545430411","18.001852848",
"10/5/1997","66.5625","38.872501373291","526","28.031","12.909","0","2.66157300390586","0.254215034604599","18.57020922",
"10/6/1997","66.5625","38.872501373291","526","25.281","9.12299999999999","0","2.24708877170349","0.240515280847695","18.7219143",
"10/7/1997","66.5625","38.872501373291","526","28.732","15.044","0","3.7312012823082","0.145625506968091","18.31601412",
"10/8/1997","66.5625","38.872501373291","526","21.819","11.448","3.834918","3.00249566038329","0.524998986929268","16.91729838",
"10/9/1997","66.5625","38.872501373291","526","21.413","6.685","0","2.17497709920169","0.420283785651853","18.0524808",
"10/10/1997","66.5625","38.872501373291","526","22.36","7.71199999999999","0","2.48342718467153","0.349160567451124","17.57109906",
"10/11/1997","66.5625","38.872501373291","526","23.08","10.014","0","2.81547830369482","0.334592886845913","17.386371",
"10/12/1997","66.5625","38.872501373291","526","24.54","12.129","0","3.18480238127388","0.294471907668209","17.3338866",
"10/13/1997","66.5625","38.872501373291","526","24.948","12.62","0","3.154562900012","0.197974546861666","17.55293148",
"10/14/1997","66.5625","38.872501373291","526","24.766","14.092","0","3.02254494666205","0.151007073239693","16.126365312",
"10/15/1997","66.5625","38.872501373291","526","23.206","12.596","0","2.89393216369732","0.308715628266126","14.37919002",
"10/16/1997","66.5625","38.872501373291","526","23.782","9.76999999999998","0","2.73301940384621","0.311064547258277","16.47500904",
"10/17/1997","66.5625","38.872501373291","526","23.95","11.733","0","2.58535551198344","0.293035621949273","16.4341683",
"10/18/1997","66.5625","38.872501373291","526","23.503","12.912","0","3.48278063809723","0.257057878275745","15.7799781",
"10/19/1997","66.5625","38.872501373291","526","23.242","11.591","0","2.91088819742487","0.23936479810453","16.03906974",
"10/20/1997","66.5625","38.872501373291","526","22.651","9.70699999999999","0","2.82275320774156","0.271750590267818","15.83650638",
"10/21/1997","66.5625","38.872501373291","526","23.155","11.021","0","3.34892497768581","0.315561014677411","13.93925724",
"10/22/1997","66.5625","38.872501373291","526","21.641","11.727","0","2.98468295635037","0.308239639791503","15.36778188",
"10/23/1997","66.5625","38.872501373291","526","22.4","10.593","0","2.98083355586852","0.284343612611093","15.49276794",
"10/24/1997","66.5625","38.872501373291","526","23.755","12.277","0","2.93012059220941","0.244111360246763","15.21011718",
"10/25/1997","66.5625","38.872501373291","526","18.767","9.72000000000003","1.2162208104","2.5394006654279","0.34075816886325","8.11395018",
"10/26/1997","66.5625","38.872501373291","526","16.079","10.326","0.260925264","1.85689503995994","0.598499119959148","5.77259982",
"10/27/1997","66.5625","38.872501373291","526","20.294","9.77199999999999","0","3.14305765002041","0.478668470770259","14.419012932",
"10/28/1997","66.5625","38.872501373291","526","20.932","9.209","0","2.64558046944578","0.391310741520102","14.4244116",
"10/29/1997","66.5625","38.872501373291","526","20.542","8.00099999999998","0","2.40290880802574","0.34772188850879","14.5195866",
"10/30/1997","66.5625","38.872501373291","526","20.475","10.196","0","2.86399461685791","0.360654610342612","14.000179572",
"10/31/1997","66.5625","38.872501373291","526","21.865","11.268","0","3.01140153608228","0.265651005637327","13.82107284",
"11/1/1997","66.5625","38.872501373291","526","17.406","6.09300000000002","0.9432792","4.33386366582539","0.414247315196403","12.74720688",
"11/2/1997","66.5625","38.872501373291","526","12","4.43400000000003","3.306195756","2.9651815913796","0.633930948657846","13.6411281",
"11/3/1997","66.5625","38.872501373291","526","17.569","3.28899999999999","0","2.0996377917607","0.397310807981548","13.3739442",
"11/4/1997","66.5625","38.872501373291","526","22.114","11.729","0.02746584","5.01119762757553","0.364760008826889","9.51710688",
"11/5/1997","66.5625","38.872501373291","526","24.042","15.435","0.0034332264","5.57296623236513","0.376938216352279","11.965555152",
"11/6/1997","66.5625","38.872501373291","526","18.346","5.673","15.47955684","5.10245767131971","0.662956748676374","1.15301214",
"11/7/1997","66.5625","38.872501373291","526","7.17599999999999","-0.235000000000014","0.147628836","3.4696867133583","0.558827902653253","13.610639268",
"11/8/1997","66.5625","38.872501373291","526","6.65499999999997","-2.20999999999998","0","1.96426577889045","0.5197892237239","13.6143585",
"11/9/1997","66.5625","38.872501373291","526","8.096","-2.03300000000002","0","1.69412260835563","0.405691959802547","12.95409618",
"11/10/1997","66.5625","38.872501373291","526","11.385","-1.243","0","1.91581877905406","0.380878374449068","12.678186564",
"11/11/1997","66.5625","38.872501373291","526","13.505","1.23200000000003","0","1.71171209903606","0.450927779597011","12.617942688",
"11/12/1997","66.5625","38.872501373291","526","16.202","4.25","0","2.2835441704804","0.370190303384504","12.7098648",
"11/13/1997","66.5625","38.872501373291","526","16.543","3.81400000000002","0","2.01755670657307","0.395108023798187","11.799225144",
"11/14/1997","66.5625","38.872501373291","526","15.035","7.38799999999998","1.0110854664","1.84387479281385","0.508015648222052","10.803541068",
"11/15/1997","66.5625","38.872501373291","526","10.123","4.947","1.246261716","1.2087940521117","0.763913457285694","5.959636668",
"11/16/1997","66.5625","38.872501373291","526","12.076","3.63200000000001","0.168228144","1.80925248179672","0.737268928872796","11.930067288",
"11/17/1997","66.5625","38.872501373291","526","14.847","5.85399999999999","0","4.05715882511162","0.543482564843305","11.5510446",
"11/18/1997","66.5625","38.872501373291","526","14.696","7.19900000000001","0","2.75812635721936","0.5631848232938","11.388881232",
"11/19/1997","66.5625","38.872501373291","526","14.927","5.79899999999998","0","2.26551475587268","0.51751251714139","11.601054252",
"11/20/1997","66.5625","38.872501373291","526","15.599","7.17500000000001","0.1407623184","1.74183476710308","0.457869260485082","10.601325",
"11/21/1997","66.5625","38.872501373291","526","15.807","6.97800000000001","0","2.8498249535048","0.441958609783134","11.400189732",
"11/22/1997","66.5625","38.872501373291","526","14.484","3.95800000000003","0","1.92030481180325","0.524333111384905","11.232675288",
"11/23/1997","66.5625","38.872501373291","526","12.934","4.37","0","3.14216499938766","0.548684384916305","10.948725",
"11/24/1997","66.5625","38.872501373291","526","6.67700000000002","-1.13499999999999","0","1.86418048322476","0.603469910687761","11.417341932",
"11/25/1997","66.5625","38.872501373291","526","4.23099999999999","-3.57499999999999","0","1.6336978564767","0.643828446560604","10.6044741",
"11/26/1997","66.5625","38.872501373291","526","5.245","-4.11900000000003","0","1.6226737490379","0.632567593126512","10.91565243",
"11/27/1997","66.5625","38.872501373291","526","8.83999999999998","-2.137","0","2.01986483195702","0.556491198170748","11.24763327",
"11/28/1997","66.5625","38.872501373291","526","7.49400000000003","-1.20100000000002","0.253200348","1.38149254794492","0.472356932366971","9.23512374",
"11/29/1997","66.5625","38.872501373291","526","8.72800000000001","0.23599999999999","0.0137329056","1.88837583255062","0.551393375204222","10.36456722",
"11/30/1997","66.5625","38.872501373291","526","10.422","-1.16800000000001","0","2.09092156645085","0.597951991798493","10.8669942",
"12/1/1997","66.5625","38.872501373291","526","12.183","3.911","0.0102996792","2.58203337277724","0.431935955281594","6.75742716",
"12/2/1997","66.5625","38.872501373291","526","8.16500000000002","1.90199999999999","1.9809722088","3.59914299737279","0.642213490981591","6.51481857",
"12/3/1997","66.5625","38.872501373291","526","8.51600000000002","-0.699000000000012","0","2.05127508637327","0.74449667907107","10.411479",
"12/4/1997","66.5625","38.872501373291","526","8.89999999999998","-1.32400000000001","0","1.91533236320439","0.659937947582248","10.41879852",
"12/5/1997","66.5625","38.872501373291","526","10.377","1.94499999999999","0.0137328984","1.53049658728853","0.660976106857244","8.98801893",
"12/6/1997","66.5625","38.872501373291","526","13.028","5.154","0.6917952312","3.34465633629097","0.593883278268528","7.94891403",
"12/7/1997","66.5625","38.872501373291","526","14.848","6.74599999999998","0","3.20142268669124","0.51457030115383","9.70667127",
"12/8/1997","66.5625","38.872501373291","526","13.3","3.98399999999998","0","1.44171722606332","0.650144375432739","9.68259303",
"12/9/1997","66.5625","38.872501373291","526","15.235","5.767","0","4.60002609259974","0.43177447549594","9.6690933",
"12/10/1997","66.5625","38.872501373291","526","12.508","8.83999999999998","3.8074494744","5.86763926656101","0.403144979162402","2.89614348",
"12/11/1997","66.5625","38.872501373291","526","16.032","8.483","0.0291824424","3.4766517296621","0.56733894306483","9.50636475",
"12/12/1997","66.5625","38.872501373291","526","7.63299999999998","2.13400000000001","9.2782944","2.28251114319719","0.881573402543446","2.66152401",
"12/13/1997","66.5625","38.872501373291","526","9.40899999999999","0.283000000000015","0.092697156","2.40150675593828","0.748443306299573","9.8688933",
"12/14/1997","66.5625","38.872501373291","526","12.05","4.11200000000002","0","3.57299404885047","0.598140691801943","10.04326695",
"12/15/1997","66.5625","38.872501373291","526","10.159","2.19799999999998","0","2.3705698745705","0.547046562433259","9.47638035",
"12/16/1997","66.5625","38.872501373291","526","12.559","3.40699999999998","0","4.67189847596862","0.429871113370276","9.94893858",
"12/17/1997","66.5625","38.872501373291","526","9.18400000000003","1.91699999999997","0.04119876","4.42383259563615","0.549992162409896","9.70644618",
"12/18/1997","66.5625","38.872501373291","526","4.60700000000003","-0.377999999999986","1.210213404","1.64362503251874","0.794747427077296","9.26516574",
"12/19/1997","66.5625","38.872501373291","526","6.495","-2.09899999999999","0.2832416208","1.7842944791822","0.756043452018332","9.56143179",
"12/20/1997","66.5625","38.872501373291","526","7.54700000000003","-1.06299999999999","1.1157990192","1.59179659002166","0.77332071459391","7.76221695",
"12/21/1997","66.5625","38.872501373291","526","8.01600000000002","-1.17200000000003","0","1.40931333351978","0.756905101814938","9.8825067",
"12/22/1997","66.5625","38.872501373291","526","3.161","-0.610000000000014","3.602314404","1.45222986330975","0.880250166786606","3.80311605",
"12/23/1997","66.5625","38.872501373291","526","4.33800000000002","-1.00999999999999","0.1493454096","2.1017541103647","0.823107676606576","7.88562603",
"12/24/1997","66.5625","38.872501373291","526","7.23399999999998","-1.31","0","1.7578841426216","0.629073744692593","9.941796612",
"12/25/1997","66.5625","38.872501373291","526","5.60500000000002","1.41500000000002","4.145622588","2.91590639298487","0.743856246624176","3.68414685",
"12/26/1997","66.5625","38.872501373291","526","7.34500000000003","2.00700000000001","3.355981092","1.76872658570057","0.810116538279675","5.124768012",
"12/27/1997","66.5625","38.872501373291","526","3.94600000000003","-2.68799999999999","1.10206656","2.20463446904078","0.879493792851764","4.920577308",
"12/28/1997","66.5625","38.872501373291","526","1.20600000000002","-2.91300000000001","0.1725197112","1.73216977158061","0.755428754051923","7.762047984",
"12/29/1997","66.5625","38.872501373291","526","3.47500000000002","-3.625","0","2.04996889454765","0.636825828359604","10.211003928",
"12/30/1997","66.5625","38.872501373291","526","7.95100000000002","-1.09899999999999","0","3.39535692001323","0.398458245669203","10.494445068",
"12/31/1997","66.5625","38.872501373291","526","7.21300000000002","2.649","1.782703584","4.40611397078382","0.504396965727659","3.732976116",
"1/1/1998","66.5625","38.872501373291","526","11.211","3.55500000000001","0","4.09616159631142","0.520721988114737","9.994894056",
"1/2/1998","66.5625","38.872501373291","526","9.89499999999998","4.74799999999999","0.345039408","3.90053998939068","0.573504117291363","4.194558",
"1/3/1998","66.5625","38.872501373291","526","6.70100000000002","1.423","7.90843644","4.0025044839981","0.726453516183952","2.34674991",
"1/4/1998","66.5625","38.872501373291","526","4.48200000000003","-1.495","0.10643022","1.49043109395499","0.812610092992792","10.096650252",
"1/5/1998","66.5625","38.872501373291","526","8.38900000000001","-0.51400000000001","0","2.49578348842754","0.628648890080415","9.477445032",
"1/6/1998","66.5625","38.872501373291","526","9.14800000000002","4.52600000000001","11.2575529584","3.83673438839176","0.624955417792463","4.23101124",
"1/7/1998","66.5625","38.872501373291","526","6.84100000000001","-2.17000000000002","13.29174324","3.57663844032681","0.889951455081878","2.821104432",
"1/8/1998","66.5625","38.872501373291","526","5.85899999999998","-2.11500000000001","0.3639219192","2.53587219819394","0.696625492048971","10.313105148",
"1/9/1998","66.5625","38.872501373291","526","7.89499999999998","0.41500000000002","0","2.59455794907215","0.638983083689131","9.868552632",
"1/10/1998","66.5625","38.872501373291","526","9.76600000000002","0.59899999999999","0.398254752","2.3005494121646","0.583669974708286","10.0118214",
"1/11/1998","66.5625","38.872501373291","526","7.83100000000002","0.250999999999976","0.266075244","1.99802589814591","0.757986235818585","10.204423668",
"1/12/1998","66.5625","38.872501373291","526","6.92599999999999","0.54000000000002","0.2283097104","1.87503877082228","0.757541738491132","7.872244668",
"1/13/1998","66.5625","38.872501373291","526","10.854","1.32400000000001","0","5.19327638671748","0.488564424643117","11.271711492",
"1/14/1998","66.5625","38.872501373291","526","5.06099999999998","-1.726","5.211638748","5.40540935900927","0.630221424222453","2.386293552",
"1/15/1998","66.5625","38.872501373291","526","3.29199999999997","-2.30000000000001","1.076316732","4.52335839146697","0.659516613623462","10.92526812",
"1/16/1998","66.5625","38.872501373291","526","4.83600000000001","-2.18299999999999","0","2.62783380558377","0.43034613060313","11.20280958",
"1/17/1998","66.5625","38.872501373291","526","0.0029999999999859","-2.96600000000001","2.934551016","2.22187356626857","0.791623135496969","4.47277464",
"1/18/1998","66.5625","38.872501373291","526","5.73000000000002","-2.62200000000001","0.0583648632","3.83492779935651","0.624801375904471","9.99972774",
"1/19/1998","66.5625","38.872501373291","526","1.90800000000002","-2.572","2.396392812","1.96809214720958","0.778536804765432","5.61369096",
"1/20/1998","66.5625","38.872501373291","526","0.548000000000002","-4.78100000000001","1.865100744","2.20987404121168","0.803850012628199","9.349310952",
"1/21/1998","66.5625","38.872501373291","526","6.07600000000002","-3.11099999999999","0.0068664528","2.62494350849163","0.702112941255492","11.420719884",
"1/22/1998","66.5625","38.872501373291","526","0.757000000000005","-4.47000000000003","3.61347156","2.43158940470136","0.898443710006071","5.585511816",
"1/23/1998","66.5625","38.872501373291","526","1.09399999999999","-8.56799999999998","0.0343322712","1.70671448962804","0.723738098184409","12.2437107",
"1/24/1998","66.5625","38.872501373291","526","5.245","-4.32100000000003","0.4205704248","3.93923879283657","0.664401478559608","8.738888112",
"1/25/1998","66.5625","38.872501373291","526","3.26100000000002","0.250999999999976","3.730198068","3.48799567255147","0.804565765311401","3.614400108",
"1/26/1998","66.5625","38.872501373291","526","8.62","-0.201999999999998","0.482368968","2.83272150444773","0.736854292193352","7.898008752",
"1/27/1998","66.5625","38.872501373291","526","6.62700000000001","1.27199999999999","4.092405156","2.29670091616676","0.793895997363194","6.557567508",
"1/28/1998","66.5625","38.872501373291","526","5.38799999999998","0.288000000000011","7.9453472184","1.7813113708243","0.922605648574809","7.46819676",
"1/29/1998","66.5625","38.872501373291","526","9.858","-0.0439999999999827","0","2.81740876908498","0.746205122988463","11.124169092",
"1/30/1998","66.5625","38.872501373291","526","7.49700000000001","2.916","3.5825744592","4.03266057046599","0.694493263375982","3.385907568",
"1/31/1998","66.5625","38.872501373291","526","11.175","3.53100000000001","2.7774812664","4.07442209341258","0.7484317486502","10.651784832",
"2/1/1998","66.5625","38.872501373291","526","5.26900000000001","0.755999999999972","5.3987485176","2.31647989278719","0.88460453916072","8.481543588",
"2/2/1998","66.5625","38.872501373291","526","8.618","0.01400000000001","0.0240326064","3.10907196451012","0.720847078775554","12.33393678",
"2/3/1998","66.5625","38.872501373291","526","7.899","0.144000000000005","0","2.68736911827499","0.734257463359466","12.40526718",
"2/4/1998","66.5625","38.872501373291","526","9.48500000000001","0.708000000000027","0","2.95287161171871","0.587661649274763","13.709363328",
"2/5/1998","66.5625","38.872501373291","526","7.52300000000002","2.91500000000002","2.0719563048","3.99839513441451","0.672871941648444","5.830649748",
"2/6/1998","66.5625","38.872501373291","526","10.846","2.916","0","3.87985347060437","0.66498684864029","13.374844092",
"2/7/1998","66.5625","38.872501373291","526","12.963","4.85399999999999","0","6.23887652655457","0.550239641487343","13.54910688",
"2/8/1998","66.5625","38.872501373291","526","12.522","8.65699999999998","0.068664564","9.0013254166758","0.554744930315389","8.745752628",
"2/9/1998","66.5625","38.872501373291","526","11.937","7.03699999999998","10.39066236","3.73909486226443","0.825108446240011","3.01904892",
"2/10/1998","66.5625","38.872501373291","526","7.99900000000002","-2.55200000000002","13.145823792","2.71434506292061","0.919317132255009","2.688918264",
"2/11/1998","66.5625","38.872501373291","526","4.279","-5.96199999999999","0.291824388","2.18417766355058","0.793132709704657","14.8155714",
"2/12/1998","66.5625","38.872501373291","526","10.646","0.711999999999989","5.75752176","2.36255392742285","0.796811514393679","9.491794812",
"2/13/1998","66.5625","38.872501373291","526","7.51299999999998","2.70499999999998","11.24724996","1.5102513257224","0.909069409188732","6.373857168",
"2/14/1998","66.5625","38.872501373291","526","6.62599999999998","2.24000000000001","4.69321848","4.07560485233718","0.849392538888544","6.46110126",
"2/15/1998","66.5625","38.872501373291","526","8.80700000000002","1.37799999999999","1.574135208","4.70805133945152","0.741761911405877","8.4180366",
"2/16/1998","66.5625","38.872501373291","526","1.899","-3.5","7.891271352","2.12379355691027","0.902637780883884","4.494597012",
"2/17/1998","66.5625","38.872501373291","526","-3.65199999999999","-10.695","3.016948824","2.73967720851553","0.9187243799073","8.81347032",
"2/18/1998","66.5625","38.872501373291","526","3.13400000000001","-10.349","0","4.12018056097194","0.751053660133676","16.66529784",
"2/19/1998","66.5625","38.872501373291","526","5.48099999999999","-2.39499999999998","0","4.01473006219063","0.754183656051314","16.32791268",
"2/20/1998","66.5625","38.872501373291","526","2.85700000000003","-4.76400000000001","0","1.9434544234421","0.862288870484878","15.55165728",
"2/21/1998","66.5625","38.872501373291","526","4.786","-3.92500000000001","0.0343322928","1.56112065824404","0.837207788084454","16.11792504",
"2/22/1998","66.5625","38.872501373291","526","1.94","-2.964","2.8203965928","3.38162238491311","0.850621944099365","9.343465668",
"2/23/1998","66.5625","38.872501373291","526","-0.211999999999989","-6.44900000000001","0.7827759792","3.14481386586408","0.807271522284598","15.01847298",
"2/24/1998","66.5625","38.872501373291","526","1.16199999999998","-8.76400000000001","0","2.01969186325149","0.755007782758664","17.46720036",
"2/25/1998","66.5625","38.872501373291","526","5.34399999999999","-6.315","0","2.13581585314404","0.710577936398647","17.681513688",
"2/26/1998","66.5625","38.872501373291","526","11.591","0.0649999999999977","0","4.09128983332494","0.514377196280198","17.2733022",
"2/27/1998","66.5625","38.872501373291","526","5.42399999999998","2.19499999999999","6.2690764464","3.80892384256794","0.749779835696562","3.097630368",
"2/28/1998","66.5625","38.872501373291","526","10.472","-5.37299999999999","8.6191193448","4.15970984066674","0.78895911528965","11.961446112",
"3/1/1998","66.5625","38.872501373291","526","5.05000000000001","-6.36399999999998","0.3776552784","2.19711523725393","0.717863871180901","17.07614388",
"3/2/1998","66.5625","38.872501373291","526","3.37900000000002","-1.97699999999998","10.450743228","1.96806585896529","0.904790899403703","3.527383248",
"3/3/1998","66.5625","38.872501373291","526","2.90100000000001","-3.24599999999998","0.3587726592","2.19780642918857","0.879074270290802","14.563969488",
"3/4/1998","66.5625","38.872501373291","526","1.19900000000001","-6.33800000000002","0.4617687744","1.65214613183064","0.932450242550428","11.365029",
"3/5/1998","66.5625","38.872501373291","526","5.42599999999999","-3.243","0.175094568","2.72489430121913","0.848612475689521","17.75873916",
"3/6/1998","66.5625","38.872501373291","526","2.14600000000002","-6.36000000000001","7.0089377256","4.5214402747792","0.880118691053244","9.08775252",
"3/7/1998","66.5625","38.872501373291","526","2.28899999999999","-5.41899999999998","0.281524644","3.85691359820723","0.746430383074975","17.86842972",
"3/8/1998","66.5625","38.872501373291","526","6.58600000000001","-3.80000000000001","0","2.85310634490559","0.628066129607781","19.52481852",
"3/9/1998","66.5625","38.872501373291","526","9.54700000000003","-1.77499999999998","0","2.01586309019703","0.637089722044255","19.52099964",
"3/10/1998","66.5625","38.872501373291","526","10.882","-1.85899999999998","0","2.04168126732334","0.645374476142833","19.43476992",
"3/11/1998","66.5625","38.872501373291","526","11.111","-0.521000000000015","0","1.83106446003871","0.719829109670176","19.2192246",
"3/12/1998","66.5625","38.872501373291","526","9.30500000000001","-2.435","0.0274658256","1.34912598901094","0.866098107576063","16.66816668",
"3/13/1998","66.5625","38.872501373291","526","12.439","1.85399999999998","0","3.93048897871878","0.631421822945343","19.49309856",
"3/14/1998","66.5625","38.872501373291","526","7.91199999999998","3.69200000000001","13.214494404","3.40805382177425","0.819168122259644","2.734426332",
"3/15/1998","66.5625","38.872501373291","526","15.502","2.89999999999998","0.04291542","3.22725056144258","0.704490281376605","19.25634213",
"3/16/1998","66.5625","38.872501373291","526","16.137","8.375","5.570415","4.38383574951993","0.712540222433202","15.17073903",
"3/17/1998","66.5625","38.872501373291","526","13.427","5.77800000000002","1.534652496","1.99732869725676","0.77139377658884","16.28689833",
"3/18/1998","66.5625","38.872501373291","526","18.501","9.11000000000001","3.620336652","5.91562412825856","0.570212882590286","11.504189682",
"3/19/1998","66.5625","38.872501373291","526","17.118","11.289","7.371139608","7.07363648493739","0.715970963390126","7.40362581",
"3/20/1998","66.5625","38.872501373291","526","14.743","6.97800000000001","3.444383736","3.47212220774682","0.749975932164512","15.41103723",
"3/21/1998","66.5625","38.872501373291","526","14.054","4.93000000000001","0.551032848","3.09005009573132","0.67975024634071","17.23280724",
"3/22/1998","66.5625","38.872501373291","526","9.01900000000001","1.464","0.168228216","2.38752227646676","0.690152070670591","16.552304712",
"3/23/1998","66.5625","38.872501373291","526","15.225","2.97500000000002","0","4.09806699936907","0.466078150348553","22.247600688",
"3/24/1998","66.5625","38.872501373291","526","17.579","6.983","0","4.89083104956444","0.417760418977278","22.14962262",
"3/25/1998","66.5625","38.872501373291","526","21.381","9.57299999999998","0","6.08592751427679","0.332818040691382","22.34059128",
"3/26/1998","66.5625","38.872501373291","526","13.298","5.25900000000001","4.421999052","3.9773520040284","0.648139640752878","5.947707312",
"3/27/1998","66.5625","38.872501373291","526","14.253","1.334","0","2.64733480235522","0.547972024469816","23.18315454",
"3/28/1998","66.5625","38.872501373291","526","16.587","4.48399999999998","0","2.85825825195713","0.443692989600993","22.562879112",
"3/29/1998","66.5625","38.872501373291","526","18.855","6.40899999999999","0","3.15335677033807","0.420756856635581","21.646913688",
"3/30/1998","66.5625","38.872501373291","526","22.884","11.999","0.0480651984","9.60662676752295","0.345398189479763","16.238470248",
"3/31/1998","66.5625","38.872501373291","526","22.586","9.88","0","2.82732753887252","0.519808607121596","22.2483942",
"4/1/1998","66.5625","38.872501373291","526","15.586","7.57400000000001","0.061798068","3.43141705555894","0.616672016145426","20.936467368",
"4/2/1998","66.5625","38.872501373291","526","16.719","5.238","0.8617398264","2.0895744488391","0.685044564862603","21.805708032",
"4/3/1998","66.5625","38.872501373291","526","17.257","4.834","0","1.86580079564604","0.619105372309327","20.825325",
"4/4/1998","66.5625","38.872501373291","526","22.15","9.83199999999999","0","4.10608515315209","0.453686906894761","23.60194074",
"4/5/1998","66.5625","38.872501373291","526","24.718","14.253","0","4.1372067413651","0.387592571413168","22.937842008",
"4/6/1998","66.5625","38.872501373291","526","22.888","12.867","0","2.77559318820143","0.461517711425716","17.93227284",
"4/7/1998","66.5625","38.872501373291","526","14.765","9.69400000000002","9.025956324","3.40148904115876","0.80395617203756","7.658552808",
"4/8/1998","66.5625","38.872501373291","526","16.849","7.09100000000001","0","2.12809185081285","0.708439693353795","19.77761124",
"4/9/1998","66.5625","38.872501373291","526","17.694","5.78500000000003","0","1.98128898144106","0.698428120819199","23.43431592",
"4/10/1998","66.5625","38.872501373291","526","20.069","4.875","0","2.93907470825761","0.46754328683413","25.06528512",
"4/11/1998","66.5625","38.872501373291","526","21.137","9.118","0","2.91105078673269","0.441868211791344","24.70618332",
"4/12/1998","66.5625","38.872501373291","526","21.753","6.39800000000002","0","2.86067125757541","0.40662535782399","24.77992284",
"4/13/1998","66.5625","38.872501373291","526","22.646","7.64499999999998","0","2.80673547352596","0.338753360101968","25.29292464",
"4/14/1998","66.5625","38.872501373291","526","25.679","10.749","0","2.98670346908271","0.33844545488429","25.78078044",
"4/15/1998","66.5625","38.872501373291","526","28.159","14.073","0","3.18504682830769","0.293309616431901","26.22442536",
"4/16/1998","66.5625","38.872501373291","526","29.077","16.709","0","3.54875097860759","0.293619286747041","25.7950692",
"4/17/1998","66.5625","38.872501373291","526","29.506","16.411","0","3.29279112938796","0.291343541027484","25.95582432",
"4/18/1998","66.5625","38.872501373291","526","30.184","15.425","0","2.80359631631478","0.249794990793211","25.69427064",
"4/19/1998","66.5625","38.872501373291","526","32.495","16.924","0","3.71067069870466","0.266924976042107","25.72413768",
"4/20/1998","66.5625","38.872501373291","526","26.628","16.666","0.223159968","3.29408345212372","0.459539130924462","23.17247244",
"4/21/1998","66.5625","38.872501373291","526","23.426","14.882","5.16701016","2.48409707278016","0.648703953126964","14.92925904",
"4/22/1998","66.5625","38.872501373291","526","27.816","14.712","0.39138804","3.4718605412708","0.572239187114436","24.4273482",
"4/23/1998","66.5625","38.872501373291","526","30.36","16.874","0.2403260424","3.73374311164699","0.452200571039475","24.37818336",
"4/24/1998","66.5625","38.872501373291","526","26.282","16.126","0.082397484","4.62339603723959","0.461925552934139","21.38320872",
"4/25/1998","66.5625","38.872501373291","526","15.889","6.346","11.7828319176","2.7486290469439","0.804994275814292","5.220897282",
"4/26/1998","66.5625","38.872501373291","526","15.81","4.07400000000001","2.988626472","2.36383353706841","0.724612715619038","23.09186097",
"4/27/1998","66.5625","38.872501373291","526","20.018","5.68099999999998","0","2.35288430339295","0.549357520933539","27.52908669",
"4/28/1998","66.5625","38.872501373291","526","23.066","6.51299999999998","0","2.3860051224915","0.452454801148961","27.53578656",
"4/29/1998","66.5625","38.872501373291","526","26.029","13.48","0","3.12655458930707","0.391478859458803","27.038975112",
"4/30/1998","66.5625","38.872501373291","526","21.705","12.039","0.0652313304","3.28401103224188","0.548646516655799","19.6759161",
"5/1/1998","66.5625","38.872501373291","526","21.906","11.941","2.54058858","1.53586938594308","0.683160680062564","20.0909808",
"5/2/1998","66.5625","38.872501373291","526","15.063","6.92200000000003","2.5543227528","3.1597422440439","0.782000485777024","15.35782554",
"5/3/1998","66.5625","38.872501373291","526","17.172","3.82299999999998","0","3.48170695366899","0.615228049335269","28.093333608",
"5/4/1998","66.5625","38.872501373291","526","18.817","4.084","0","3.2888539399614","0.5444363679436","28.339470432",
"5/5/1998","66.5625","38.872501373291","526","19.008","7.34399999999999","0","1.94983971431289","0.511451648114769","24.61219038",
"5/6/1998","66.5625","38.872501373291","526","18.61","9.29399999999998","0","2.71576755823057","0.423605659992687","21.838055112",
"5/7/1998","66.5625","38.872501373291","526","20.536","7.23000000000002","0","3.42694037792696","0.473084395377774","27.097763472",
"5/8/1998","66.5625","38.872501373291","526","24.048","10.176","0","3.7113130579661","0.449010504544924","28.2718116",
"5/9/1998","66.5625","38.872501373291","526","24.562","12.125","0","2.83721411235266","0.41240207711602","26.48649222",
"5/10/1998","66.5625","38.872501373291","526","25.485","13.011","0.075531024","3.55899649778413","0.416057556996791","27.847690128",
"5/11/1998","66.5625","38.872501373291","526","23.256","9.26499999999999","0","2.46552417409389","0.381462920928569","29.209219272",
"5/12/1998","66.5625","38.872501373291","526","26.115","12.107","0","2.95114462991391","0.256592717969943","27.813263328",
"5/13/1998","66.5625","38.872501373291","526","25.427","15.45","0","3.01855021919173","0.385343965637618","19.450068408",
"5/14/1998","66.5625","38.872501373291","526","32.458","17.756","0","3.83162511330649","0.405548243308938","26.1758151",
"5/15/1998","66.5625","38.872501373291","526","32.264","17.307","14.498532","4.42129303824771","0.460877437128614","23.465927052",
"5/16/1998","66.5625","38.872501373291","526","27.722","18.379","0.34332246","3.04060056992997","0.475041749455084","17.262394128",
"5/17/1998","66.5625","38.872501373291","526","27.683","15.999","0","2.62827095489477","0.419698074176529","28.51446942",
"5/18/1998","66.5625","38.872501373291","526","24.741","14.699","0","3.36818306762546","0.503775833278194","28.34437194",
"5/19/1998","66.5625","38.872501373291","526","23.843","11.976","0","4.70788157688146","0.388596983376971","30.50339508",
"5/20/1998","66.5625","38.872501373291","526","27.474","12.299","0","3.03603984543359","0.360693325451368","29.92066488",
"5/21/1998","66.5625","38.872501373291","526","29.904","17.931","0","2.68533860186888","0.328891582949794","28.24992972",
"5/22/1998","66.5625","38.872501373291","526","34.797","20.532","0","5.05469557621132","0.260858041127586","29.49643728",
"5/23/1998","66.5625","38.872501373291","526","33.26","21.123","0.04806522","5.25555293120178","0.243361081179168","29.65420872",
"5/24/1998","66.5625","38.872501373291","526","31.21","18.772","0","3.80840008745063","0.267153072506449","29.88135",
"5/25/1998","66.5625","38.872501373291","526","30.335","19.515","0","3.69044551047774","0.252805282276469","22.30914672",
"5/26/1998","66.5625","38.872501373291","526","28.044","18.219","0","2.40252183263397","0.359021064229804","28.39196448",
"5/27/1998","66.5625","38.872501373291","526","27.53","14.881","0","2.70448911435234","0.313707347890968","29.30253948",
"5/28/1998","66.5625","38.872501373291","526","23.006","13.155","0","2.15019287646106","0.445075725215299","25.74343512",
"5/29/1998","66.5625","38.872501373291","526","25.81","13.634","0","2.8342600677473","0.3466587648857","30.33624816",
"5/30/1998","66.5625","38.872501373291","526","28.075","15.353","0","2.63497140011697","0.264649254016789","27.71736624",
"5/31/1998","66.5625","38.872501373291","526","29.383","18.239","0.964737","3.20577609511921","0.31921255513401","22.2732",
"6/1/1998","66.5625","38.872501373291","526","29.028","17.188","0","2.64982148342201","0.31699440207406","29.3639598",
"6/2/1998","66.5625","38.872501373291","526","28.681","16.929","0","2.48367981908448","0.301738083684986","27.95681268",
"6/3/1998","66.5625","38.872501373291","526","27.834","16.028","0","2.34723211281373","0.289189065315533","28.27726632",
"6/4/1998","66.5625","38.872501373291","526","30.248","15.533","0","2.90929312297323","0.28661151836555","29.45323512",
"6/5/1998","66.5625","38.872501373291","526","30.378","17.033","0","2.61428712927611","0.301283254411114","29.99778696",
"6/6/1998","66.5625","38.872501373291","526","28.089","16.584","0","2.43696801944493","0.354515380824621","28.27170252",
"6/7/1998","66.5625","38.872501373291","526","28.437","16.192","0","3.12534068034064","0.383823578012305","29.22098184",
"6/8/1998","66.5625","38.872501373291","526","30.447","16.761","0","3.67062115962804","0.227322209582523","31.595049",
"6/9/1998","66.5625","38.872501373291","526","31.196","16.478","0","3.0072207282857","0.203063639836416","31.62330576",
"6/10/1998","66.5625","38.872501373291","526","28.202","17.132","0","3.6284503079473","0.266344238324514","28.32704604",
"6/11/1998","66.5625","38.872501373291","526","25.442","15.639","0.051498396","3.01250366614054","0.424909829060309","19.43735616",
"6/12/1998","66.5625","38.872501373291","526","28.402","15.772","0","3.34041079522469","0.330793158429286","28.51520724",
"6/13/1998","66.5625","38.872501373291","526","28.039","16.111","0","3.50997495879479","0.326306137878768","30.44699424",
"6/14/1998","66.5625","38.872501373291","526","26.091","13.689","0","3.78976062516589","0.384457747255669","29.81041848",
"6/15/1998","66.5625","38.872501373291","526","30.397","16.556","0","3.29511553213873","0.31937303319385","30.6127224",
"6/16/1998","66.5625","38.872501373291","526","31.346","17.802","0","3.81785818026036","0.293392509404462","30.63779388",
"6/17/1998","66.5625","38.872501373291","526","30.511","16.837","0","3.50213391535587","0.279832980997618","31.02913188",
"6/18/1998","66.5625","38.872501373291","526","29.51","14.27","0","2.04364252422524","0.28427076265028","30.82685436",
"6/19/1998","66.5625","38.872501373291","526","32.228","17.563","0","2.71266601273651","0.217338726241981","30.8158326",
"6/20/1998","66.5625","38.872501373291","526","33.283","18.539","0","2.97495391057203","0.201957177648657","30.7274652",
"6/21/1998","66.5625","38.872501373291","526","31.592","16.891","0","4.09396582293319","0.306103394067327","30.42675216",
"6/22/1998","66.5625","38.872501373291","526","29.497","17.406","0.0205993728","2.29873257396861","0.389175213516028","19.43972136",
"6/23/1998","66.5625","38.872501373291","526","31.594","19.533","0","2.67017228027963","0.309682186803398","26.72432784",
"6/24/1998","66.5625","38.872501373291","526","34.164","20.141","0","2.7527765497069","0.291131503099892","27.88588332",
"6/25/1998","66.5625","38.872501373291","526","35.267","21.566","0","1.50469491292844","0.264619212132854","25.65759708",
"6/26/1998","66.5625","38.872501373291","526","37.239","19.903","0","3.66495330452021","0.177127491465634","30.69967932",
"6/27/1998","66.5625","38.872501373291","526","37.15","22.911","0","4.4601714624173","0.19866298834322","30.7078326",
"6/28/1998","66.5625","38.872501373291","526","37.12","22.689","0","4.61426530946432","0.193647469563767","30.91797828",
"6/29/1998","66.5625","38.872501373291","526","37.9","23.052","0","5.15093979964026","0.140335798312246","31.08462264",
"6/30/1998","66.5625","38.872501373291","526","31.211","19.642","0","4.60149252879053","0.264857545393166","29.9496348",
"7/1/1998","66.5625","38.872501373291","526","31.902","16.074","0","4.23016485006465","0.26982148553468","31.48644996",
"7/2/1998","66.5625","38.872501373291","526","32.92","17.156","0","3.48908422695179","0.217148321603645","31.38590196",
"7/3/1998","66.5625","38.872501373291","526","34.229","19.055","0","3.55468292325392","0.206573907179395","31.3648866",
"7/4/1998","66.5625","38.872501373291","526","35.631","19.964","0","2.98659843445986","0.181792831181585","31.10705964",
"7/5/1998","66.5625","38.872501373291","526","36.777","21.749","0","3.17384379613058","0.135861732109144","30.97372212",
"7/6/1998","66.5625","38.872501373291","526","38.976","21.836","0","2.64244530313844","0.113792051901079","30.80502036",
"7/7/1998","66.5625","38.872501373291","526","41.044","26.428","0","4.34870837487303","0.120863491244372","30.65338332",
"7/8/1998","66.5625","38.872501373291","526","41.027","27.354","0","7.04549379987501","0.11951477747914","31.18710384",
"7/9/1998","66.5625","38.872501373291","526","41.102","26.793","0","5.34253289101264","0.119804541596661","30.39789312",
"7/10/1998","66.5625","38.872501373291","526","39.621","27.505","0","5.90761449020906","0.162982491652352","29.87454132",
"7/11/1998","66.5625","38.872501373291","526","36.529","24.567","0","5.60604572558263","0.184298799076173","30.69140904",
"7/12/1998","66.5625","38.872501373291","526","36.269","22.701","0","5.0918270539146","0.218219854792001","30.23611668",
"7/13/1998","66.5625","38.872501373291","526","35.757","22.742","0","5.48255737890015","0.167888360060739","30.76486956",
"7/14/1998","66.5625","38.872501373291","526","37.221","21.543","0","3.28259650780965","0.204271661875077","30.4372116",
"7/15/1998","66.5625","38.872501373291","526","37.533","19.556","0","3.19103906630328","0.18668218913348","30.01978188",
"7/16/1998","66.5625","38.872501373291","526","32.304","18.784","0","3.50297109842108","0.250117581801683","30.35733264",
"7/17/1998","66.5625","38.872501373291","526","34.851","18.667","0","3.09799993911445","0.21140152683272","30.236789952",
"7/18/1998","66.5625","38.872501373291","526","35.746","18.589","0","3.51542284304379","0.210994095071908","30.274253928",
"7/19/1998","66.5625","38.872501373291","526","34.704","17.267","0","3.38676344579696","0.183917891605179","30.312847368",
"7/20/1998","66.5625","38.872501373291","526","35.163","19.6","0","3.95689536012057","0.203742812262212","29.913631632",
"7/21/1998","66.5625","38.872501373291","526","35.561","21.022","0","3.7267563246441","0.224067709723702","29.477529792",
"7/22/1998","66.5625","38.872501373291","526","34.477","17.931","0","3.42354268441339","0.253012118110046","29.57214294",
"7/23/1998","66.5625","38.872501373291","526","33.549","17.151","0","2.92974325648952","0.27173796663305","28.5216156",
"7/24/1998","66.5625","38.872501373291","526","35.259","18.988","0","3.01868920206304","0.245237874176721","28.934152632",
"7/25/1998","66.5625","38.872501373291","526","31.167","19.261","0.0034332264","3.41836744721943","0.35418842013849","22.78136016",
"7/26/1998","66.5625","38.872501373291","526","29.565","17.431","0.47035188","2.48450643702513","0.444959696982843","27.485430408",
"7/27/1998","66.5625","38.872501373291","526","32.609","18.636","0","3.72678199815286","0.322426074311854","27.714985272",
"7/28/1998","66.5625","38.872501373291","526","33.62","18.485","0","3.03409336544821","0.25225628855066","27.725113872",
"7/29/1998","66.5625","38.872501373291","526","33.167","19.523","0","3.05713915613351","0.257495576948667","27.649969128",
"7/30/1998","66.5625","38.872501373291","526","35.155","19.38","0","3.93662229991539","0.23716912394225","28.40804172",
"7/31/1998","66.5625","38.872501373291","526","36.189","21.718","0","4.05438125787311","0.245234738758029","28.095583968",
"8/1/1998","66.5625","38.872501373291","526","36.095","22.096","0","4.3225347717872","0.269563889811889","28.1621295",
"8/2/1998","66.5625","38.872501373291","526","36.902","22.368","0","3.79819404588458","0.244343454658922","28.057554432",
"8/3/1998","66.5625","38.872501373291","526","36.624","21.678","0","4.1712220647856","0.232930655377103","26.11125234",
"8/4/1998","66.5625","38.872501373291","526","34.931","19.692","0","3.35887851540147","0.288540769275476","27.009101952",
"8/5/1998","66.5625","38.872501373291","526","31.808","20.411","0","2.69862258090247","0.342339949206103","25.269357888",
"8/6/1998","66.5625","38.872501373291","526","31.969","17.526","0","2.65473233636224","0.36681028293746","27.1776852",
"8/7/1998","66.5625","38.872501373291","526","31.223","21.159","0","2.17753238700191","0.337629858401524","23.01941088",
"8/8/1998","66.5625","38.872501373291","526","31.585","20.401","0","2.21929235277795","0.357610583085486","23.25138903",
"8/9/1998","66.5625","38.872501373291","526","33.778","18.719","0","3.90727406881563","0.343162288104226","26.84925378",
"8/10/1998","66.5625","38.872501373291","526","34.821","20.667","0","5.43467067095119","0.278583791070401","27.32754078",
"8/11/1998","66.5625","38.872501373291","526","36.854","21.891","0","4.21004491769463","0.222978825950877","27.42294204",
"8/12/1998","66.5625","38.872501373291","526","37.107","21.698","0","4.41128192138073","0.180727770423473","27.72854586",
"8/13/1998","66.5625","38.872501373291","526","37.162","21.488","0","4.3617945254654","0.182451704979034","27.48790251",
"8/14/1998","66.5625","38.872501373291","526","35.641","21.718","0","5.32610944085405","0.18566465889803","26.96533857",
"8/15/1998","66.5625","38.872501373291","526","31.604","16.928","0","3.72828367995841","0.272346230977829","26.99600616",
"8/16/1998","66.5625","38.872501373291","526","32.443","13.766","0","3.13848568906174","0.2738086390145","27.4808214",
"8/17/1998","66.5625","38.872501373291","526","32.987","14.409","0","2.74345515810393","0.237998078470577","26.3107098",
"8/18/1998","66.5625","38.872501373291","526","34.337","17.064","0","3.30250591447165","0.212516573526382","26.40425796",
"8/19/1998","66.5625","38.872501373291","526","33.691","18.231","0","3.51307465851211","0.227328816325153","26.08750584",
"8/20/1998","66.5625","38.872501373291","526","31.909","16.195","0","3.7817074301973","0.24183974660717","26.55883152",
"8/21/1998","66.5625","38.872501373291","526","32.147","16.35","0","3.27753752533861","0.158947814561808","26.83918584",
"8/22/1998","66.5625","38.872501373291","526","32.721","17.91","0","3.29456105880906","0.158641756298381","26.64005364",
"8/23/1998","66.5625","38.872501373291","526","32.856","14.4","0","2.69319651335915","0.184396616983923","26.33573916",
"8/24/1998","66.5625","38.872501373291","526","33.175","12.923","0","2.09736788763693","0.215346829595363","26.1817902",
"8/25/1998","66.5625","38.872501373291","526","33.271","14.149","0","2.56310621784558","0.186688544975519","25.84225944",
"8/26/1998","66.5625","38.872501373291","526","34.176","19.2","0","4.01083440915007","0.170621907375519","25.50171816",
"8/27/1998","66.5625","38.872501373291","526","34.271","19.414","0","3.3977857052294","0.141860324625639","25.67751264",
"8/28/1998","66.5625","38.872501373291","526","34.958","19.977","0","3.83914343168527","0.131732579256594","25.59825288",
"8/29/1998","66.5625","38.872501373291","526","34.201","19.434","0","4.55545088743941","0.146591100901767","25.33882608",
"8/30/1998","66.5625","38.872501373291","526","32.301","21.17","0","6.6154581234819","0.172203593878381","24.90980004",
"8/31/1998","66.5625","38.872501373291","526","34.224","19.383","0","4.15997183692785","0.196326846421283","24.67023732",
"9/1/1998","66.5625","38.872501373291","526","34.263","20.161","0","3.68178587257267","0.161952088884026","25.29185652",
"9/2/1998","66.5625","38.872501373291","526","35.908","18.681","0","3.31885109486671","0.12023244697703","25.20523404",
"9/3/1998","66.5625","38.872501373291","526","37.064","21.325","0","3.35164521703481","0.110728500026137","24.97736268",
"9/4/1998","66.5625","38.872501373291","526","36.279","19.091","0","3.14158479444167","0.128573153709739","24.44517792",
"9/5/1998","66.5625","38.872501373291","526","36.076","20.81","0","3.81014000133375","0.113684756767725","24.86559996",
"9/6/1998","66.5625","38.872501373291","526","35.138","20.868","0","3.47192978843748","0.119154649107194","24.38482356",
"9/7/1998","66.5625","38.872501373291","526","35.314","19.181","0","3.13372875625094","0.130991252662713","23.42649204",
"9/8/1998","66.5625","38.872501373291","526","29.482","15.361","0","3.80634253515814","0.27045698491329","22.8404286",
"9/9/1998","66.5625","38.872501373291","526","28.703","15.79","0","3.80905255771991","0.284203526089345","23.5526004",
"9/10/1998","66.5625","38.872501373291","526","29.35","11.505","0","3.18000639292225","0.202907277847087","23.73653952",
"9/11/1998","66.5625","38.872501373291","526","29.025","12.395","0","3.1922364680621","0.205340397472171","22.83165144",
"9/12/1998","66.5625","38.872501373291","526","20.69","9.38499999999999","0.5802156","2.57161522388255","0.337691364457218","11.29606308",
"9/13/1998","66.5625","38.872501373291","526","21.075","7.57400000000001","0","2.6657235105927","0.341630846566512","23.07087648",
"9/14/1998","66.5625","38.872501373291","526","22.744","7.26999999999998","0","2.92661686908069","0.222391470463484","23.00821776",
"9/15/1998","66.5625","38.872501373291","526","27.018","11.289","0","3.63432835754341","0.192282828686906","22.84531416",
"9/16/1998","66.5625","38.872501373291","526","27.58","12.731","0","3.07521232814525","0.171046928897591","22.885708392",
"9/17/1998","66.5625","38.872501373291","526","28.916","14.143","0","2.81061250763107","0.186985037288648","22.051356768",
"9/18/1998","66.5625","38.872501373291","526","28.53","17.211","0","2.29815154733186","0.192004410857231","13.563669672",
"9/19/1998","66.5625","38.872501373291","526","29.469","15.041","0","2.52103696766481","0.210614217615157","21.589148088",
"9/20/1998","66.5625","38.872501373291","526","28.724","14.543","0","2.77184469366256","0.19185778911867","21.466408752",
"9/21/1998","66.5625","38.872501373291","526","28.648","14.779","0","2.7210127037672","0.150829215745711","21.68151012",
"9/22/1998","66.5625","38.872501373291","526","29.143","12.087","0","2.46201654587223","0.133257428152751","21.670709328",
"9/23/1998","66.5625","38.872501373291","526","29.421","14.234","0","2.92606188994112","0.121150501534144","21.46927518",
"9/24/1998","66.5625","38.872501373291","526","30.774","14.145","0","2.35848617301346","0.120952133598617","21.47473584",
"9/25/1998","66.5625","38.872501373291","526","34.166","19.138","0","3.72441043742225","0.0799156326601459","21.345914088",
"9/26/1998","66.5625","38.872501373291","526","33.581","15.757","0","2.86220384489893","0.088089776878415","20.707200288",
"9/27/1998","66.5625","38.872501373291","526","30.613","16.741","0","3.49615553540881","0.163914601225213","18.4185576",
"9/28/1998","66.5625","38.872501373291","526","28.184","16.393","0","3.67051614722458","0.264449312904735","19.563351912",
"9/29/1998","66.5625","38.872501373291","526","26.346","11.334","0","2.90659017723291","0.244930542683997","19.190934432",
"9/30/1998","66.5625","38.872501373291","526","26.927","8.95699999999999","0","2.34905077663595","0.252027119912824","19.78520868",
"10/1/1998","66.5625","38.872501373291","526","28.224","13.969","0","2.92129087396533","0.264484022575394","19.44354294",
"10/2/1998","66.5625","38.872501373291","526","30.342","17.469","0","3.29882400901965","0.145253357656775","19.79628642",
"10/3/1998","66.5625","38.872501373291","526","27.324","15.13","0","2.72853934618711","0.178551862324831","14.90022918",
"10/4/1998","66.5625","38.872501373291","526","26.911","14.768","0","3.27714839693212","0.29787333165634","18.6604866",
"10/5/1998","66.5625","38.872501373291","526","26.892","13.914","0","2.26576959837977","0.287917006310607","18.588376368",
"10/6/1998","66.5625","38.872501373291","526","24.522","10.223","0","2.35831257571411","0.334651966897305","18.160764552",
"10/7/1998","66.5625","38.872501373291","526","25.886","11.297","0","3.11816427705659","0.296369424140594","18.312248808",
"10/8/1998","66.5625","38.872501373291","526","26.706","14.157","0","3.27048032939406","0.231371462668015","18.26493642",
"10/9/1998","66.5625","38.872501373291","526","14.134","2.50999999999999","0.396538236","3.98695690737356","0.524476497390602","12.174691932",
"10/10/1998","66.5625","38.872501373291","526","12.36","-1.34800000000001","0","2.05604268545329","0.467203987731791","18.33750108",
"10/11/1998","66.5625","38.872501373291","526","17.612","-0.0199999999999818","0","2.5913969493946","0.360236076154067","18.21110742",
"10/12/1998","66.5625","38.872501373291","526","21.474","5.34100000000001","0","2.4431920397857","0.286984678462501","17.85661992",
"10/13/1998","66.5625","38.872501373291","526","21.486","6.27499999999998","0","1.98158728974268","0.299567103247718","15.10892136",
"10/14/1998","66.5625","38.872501373291","526","21.285","6.815","0","2.23533912873196","0.316442687834628","16.58227302",
"10/15/1998","66.5625","38.872501373291","526","21.761","7.47399999999999","0","2.84413995010831","0.280790831395252","17.11484748",
"10/16/1998","66.5625","38.872501373291","526","22.221","10.625","0","3.17071906574943","0.22378358064237","17.14640364",
"10/17/1998","66.5625","38.872501373291","526","24.358","10.449","0","2.78733672275706","0.183057044170958","17.06765616",
"10/18/1998","66.5625","38.872501373291","526","23.512","7.50599999999997","0","2.41570441582882","0.219798901203531","16.704843948",
"10/19/1998","66.5625","38.872501373291","526","22.939","7.375","0","2.41726014675715","0.198792241621884","16.416845496",
"10/20/1998","66.5625","38.872501373291","526","22.611","9.41800000000001","0","2.5131006059148","0.227546827621962","16.26986106",
"10/21/1998","66.5625","38.872501373291","526","20.477","4.71300000000002","0","1.96386514654439","0.326926838402622","15.4910241",
"10/22/1998","66.5625","38.872501373291","526","20.194","9.53300000000002","0","2.58439053141129","0.326720973449212","15.5158299",
"10/23/1998","66.5625","38.872501373291","526","20.226","7.13299999999998","0","2.67559845795024","0.412946286075839","15.355123452",
"10/24/1998","66.5625","38.872501373291","526","18.257","7.46600000000001","0","3.61314253733409","0.396847511300758","14.690021292",
"10/25/1998","66.5625","38.872501373291","526","11.731","3.32499999999999","0.6763450824","1.76714154235597","0.574567215943443","10.246335552",
"10/26/1998","66.5625","38.872501373291","526","14.568","0.408000000000015","0","1.76718776566644","0.584013132398238","14.94657936",
"10/27/1998","66.5625","38.872501373291","526","16.918","6.41399999999999","0","3.25689065581722","0.536554756001127","14.82249708",
"10/28/1998","66.5625","38.872501373291","526","13.938","2.37200000000001","0","1.91629385870416","0.493658259012675","15.00834132",
"10/29/1998","66.5625","38.872501373291","526","16.403","1.666","0","2.18928169202997","0.374041854353056","14.9699835",
"10/30/1998","66.5625","38.872501373291","526","20.744","7.81099999999998","0","2.88329236412569","0.309376470131941","14.6253924",
"10/31/1998","66.5625","38.872501373291","526","23.9","8.46199999999999","0","2.76638547876427","0.128275703347783","14.87424528",
"11/1/1998","66.5625","38.872501373291","526","25.188","11.824","0","3.05407090051675","0.0700631116131894","14.818833288",
"11/2/1998","66.5625","38.872501373291","526","25.543","10.149","0","2.5434639113204","0.101365082610224","14.1804585",
"11/3/1998","66.5625","38.872501373291","526","22.883","8.46300000000002","0","2.34902976965941","0.150839642224446","13.956583284",
"11/4/1998","66.5625","38.872501373291","526","21.668","6.76499999999999","0","1.99025563549456","0.197066068615218","13.906850148",
"11/5/1998","66.5625","38.872501373291","526","21.287","7.02199999999999","0","2.39784361861736","0.156008255110547","13.737089952",
"11/6/1998","66.5625","38.872501373291","526","20.079","9.10199999999998","0","2.68760742496844","0.184814507387556","13.65181884",
"11/7/1998","66.5625","38.872501373291","526","20.413","7.572","0","2.35549793962925","0.266732473603864","13.283496",
"11/8/1998","66.5625","38.872501373291","526","19.734","8.54899999999998","0","2.46626335591429","0.28091995483033","12.392662068",
"11/9/1998","66.5625","38.872501373291","526","23.809","12.326","0","5.33570526122701","0.178321992951191","13.131235332",
"11/10/1998","66.5625","38.872501373291","526","22.703","7.02999999999997","0","3.13657866872187","0.211991975677472","12.91444002",
"11/11/1998","66.5625","38.872501373291","526","25.934","12.995","0","5.04465754293654","0.123634206888715","12.566028348",
"11/12/1998","66.5625","38.872501373291","526","16.563","6.90899999999999","0.04806522","2.00226972307784","0.413564777777321","8.15714514",
"11/13/1998","66.5625","38.872501373291","526","13.304","3.72899999999999","0","2.50662927289571","0.673460667428249","12.020959224",
"11/14/1998","66.5625","38.872501373291","526","14.419","1.25299999999999","0","2.31769285042558","0.485979941135767","12.453752916",
"11/15/1998","66.5625","38.872501373291","526","19.271","4.74200000000002","0","2.57258570882922","0.305199026340609","12.349294668",
"11/16/1998","66.5625","38.872501373291","526","20.927","10.617","0","3.5312994601216","0.24763671190443","12.244952088",
"11/17/1998","66.5625","38.872501373291","526","19.73","12.328","0","4.56017690647105","0.32559460716835","11.06910495",
"11/18/1998","66.5625","38.872501373291","526","19.239","9.50999999999999","0","2.78727896597759","0.383185684297917","11.769526368",
"11/19/1998","66.5625","38.872501373291","526","20.185","8.12299999999999","0","2.48247048401286","0.328848270049172","11.949355476",
"11/20/1998","66.5625","38.872501373291","526","21.565","8.75599999999997","0","3.03117932563758","0.157693963225376","11.84192028",
"11/21/1998","66.5625","38.872501373291","526","16.315","4.68900000000002","0","1.76027934126565","0.364718062794758","11.586932388",
"11/22/1998","66.5625","38.872501373291","526","15.485","1.13400000000001","0","1.57978732761765","0.456747817369929","11.77779393",
"11/23/1998","66.5625","38.872501373291","526","14.451","1.54000000000002","0","2.08070917341166","0.419254795495055","11.391981048",
"11/24/1998","66.5625","38.872501373291","526","12.882","1.226","0","1.85131779460675","0.547720516212997","11.093568912",
"11/25/1998","66.5625","38.872501373291","526","12.837","-0.259000000000015","0","2.04426237479521","0.398876382554492","11.44451295",
"11/26/1998","66.5625","38.872501373291","526","14.328","0.882999999999981","0","1.90253718683745","0.373613918394849","11.08620117",
"11/27/1998","66.5625","38.872501373291","526","15.776","5.39299999999997","0.127029492","4.66973894471435","0.307367792583673","11.09643129",
"11/28/1998","66.5625","38.872501373291","526","10.985","6.42899999999997","16.184236068","2.63928932150072","0.673829885124492","1.73379393",
"11/29/1998","66.5625","38.872501373291","526","6.45100000000002","1.995","4.28295888","2.30310481435976","0.852265443865275","4.05241902",
"11/30/1998","66.5625","38.872501373291","526","6.25","0.925000000000011","1.630783044","1.56270564153133","0.774700552415739","9.61531749",
"12/1/1998","66.5625","38.872501373291","526","14.917","2.23500000000001","0","3.26271640867395","0.657573959476759","10.39691205",
"12/2/1998","66.5625","38.872501373291","526","10.244","5.40199999999999","6.8407082784","3.4245354498498","0.807926943171315","0.75082527",
"12/3/1998","66.5625","38.872501373291","526","7.35599999999999","2.37200000000001","0.017166132","1.57583363288331","0.833813675434958","8.02299195",
"12/4/1998","66.5625","38.872501373291","526","11.312","1.245","0","2.08025454864547","0.690678892241497","10.35016929",
"12/5/1998","66.5625","38.872501373291","526","13.665","2.49400000000003","0","1.14524752857045","0.585480199350814","9.94764465",
"12/6/1998","66.5625","38.872501373291","526","5.024","-0.740000000000009","3.891561768","1.52761781417801","0.86697491564778","2.57586129",
"12/7/1998","66.5625","38.872501373291","526","12.283","3.20400000000001","0","3.04325540529455","0.590234316881428","10.35022203",
"12/8/1998","66.5625","38.872501373291","526","14.41","1.99599999999998","0","2.19912409103116","0.537561926272439","10.55750742",
"12/9/1998","66.5625","38.872501373291","526","16.708","6.69200000000001","0","3.28532161168367","0.460283072485735","10.40889285",
"12/10/1998","66.5625","38.872501373291","526","16.05","3.50700000000001","0","2.49007164441968","0.433453981673687","10.22399685",
"12/11/1998","66.5625","38.872501373291","526","18.946","8.78500000000003","0","4.09204204499695","0.317275280814102","10.10294892",
"12/12/1998","66.5625","38.872501373291","526","17.682","8.31299999999999","0","2.26735828442894","0.38125489231533","10.16527986",
"12/13/1998","66.5625","38.872501373291","526","16.483","5.67599999999999","0","1.71446241418005","0.438815720750666","9.45303498",
"12/14/1998","66.5625","38.872501373291","526","13.539","4.31299999999999","0","1.88403919398525","0.497277947854096","7.64201547",
"12/15/1998","66.5625","38.872501373291","526","11.584","0.805999999999983","0","1.36782031523162","0.656797503695633","10.17045",
"12/16/1998","66.5625","38.872501373291","526","15.355","5.76799999999997","0","3.34506652379995","0.393648456008716","9.11840805",
"12/17/1998","66.5625","38.872501373291","526","14.953","3.375","0","2.99800190321787","0.383932227208671","10.10683098",
"12/18/1998","66.5625","38.872501373291","526","17.769","10.477","0","4.22326871072316","0.326335979552327","8.59258251",
"12/19/1998","66.5625","38.872501373291","526","11.013","1.35500000000002","0","1.8144924016345","0.48193490173277","10.03500108",
"12/20/1998","66.5625","38.872501373291","526","8.92399999999998","-1.56","0","1.49943640229595","0.640808246052182","10.11875274",
"12/21/1998","66.5625","38.872501373291","526","14.811","2.59500000000003","0","4.60966405653226","0.344350357726476","10.27310706",
"12/22/1998","66.5625","38.872501373291","526","9.53699999999998","2.755","0.9132387048","3.28731320664222","0.535942277576415","5.17409955",
"12/23/1998","66.5625","38.872501373291","526","11.61","1.91000000000003","0","3.05633849955569","0.523126881131596","10.11870252",
"12/24/1998","66.5625","38.872501373291","526","16.791","6.57100000000003","0","5.63403937377808","0.280609109884715","9.94961556",
"12/25/1998","66.5625","38.872501373291","526","9.161","1.55700000000002","0.1682283024","1.61053395485301","0.562492415700543","9.751610952",
"12/26/1998","66.5625","38.872501373291","526","10.309","-0.391999999999996","0","1.81000138612942","0.620323345192029","10.0077174",
"12/27/1998","66.5625","38.872501373291","526","9.69200000000001","1.53199999999998","0","1.85182243480054","0.523036167601133","7.055494452",
"12/28/1998","66.5625","38.872501373291","526","10.589","0.47399999999999","0","1.72497737478878","0.508741220080887","10.060479756",
"12/29/1998","66.5625","38.872501373291","526","7.64299999999997","0.711000000000013","0.078964236","1.65136117490519","0.65780887078263","8.827876692",
"12/30/1998","66.5625","38.872501373291","526","9.22699999999998","-1.33100000000002","0","2.79936981037801","0.562153137457069","10.379981484",
"12/31/1998","66.5625","38.872501373291","526","15.909","5.66000000000003","0.5407328808","4.30649661720161","0.270138425275928","5.4365652",
"2/1/1999","66.5625","38.872501373291","526","6.577","-0.762","0.0205993584","2.61490652945399","0.757875675790145","10.211741748",
"2/2/1999","66.5625","38.872501373291","526","8.91000000000003","-0.163000000000011","0","3.54130275686112","0.569946433613849","13.430531628",
"2/3/1999","66.5625","38.872501373291","526","12.201","3.06099999999998","0","6.91287767565105","0.373496247840318","13.58516196",
"2/4/1999","66.5625","38.872501373291","526","11.202","5.49799999999999","0.995635872","6.97132292235484","0.412637552042686","4.969066608",
"2/5/1999","66.5625","38.872501373291","526","5.36099999999999","2.19999999999999","9.8396286048","1.95159665550137","0.859490547037966","2.397265524",
"2/6/1999","66.5625","38.872501373291","526","10.15","3.13200000000001","4.2331725","2.29927072169443","0.812940717557098","6.682437612",
"2/7/1999","66.5625","38.872501373291","526","6.60700000000003","1.95499999999998","4.0340424456","1.80370695339606","0.873783139898634","10.5795567",
"2/8/1999","66.5625","38.872501373291","526","13.606","2.95299999999997","0","5.53522493167617","0.612998110793401","13.5077679",
"2/9/1999","66.5625","38.872501373291","526","11.344","6.14999999999998","1.503753336","4.93905391365614","0.660956606816245","3.627224568",
"2/10/1999","66.5625","38.872501373291","526","14.914","5.39100000000002","0","2.86270886074635","0.686565314356506","13.87462212",
"2/11/1999","66.5625","38.872501373291","526","14.303","4.52800000000002","0","1.61407830697785","0.668006020810982","13.520923128",
"2/12/1999","66.5625","38.872501373291","526","11.895","1.75299999999999","0.0205993656","1.64139420928527","0.809842533989494","13.78181646",
"2/13/1999","66.5625","38.872501373291","526","14.952","5.154","0","3.50689027487027","0.61226808149119","14.15604312",
"2/14/1999","66.5625","38.872501373291","526","12.301","4.04300000000001","0","2.22251214613125","0.681265208757887","15.07944438",
"2/15/1999","66.5625","38.872501373291","526","10.636","1.21800000000002","0","2.02854560933419","0.740905022505665","14.48662842",
"2/16/1999","66.5625","38.872501373291","526","12.33","1.37599999999998","0","1.59876897085077","0.745012803290317","14.2458732",
"2/17/1999","66.5625","38.872501373291","526","15.63","4.49700000000001","0","2.43652636258623","0.555524018447054","15.57574254",
"2/18/1999","66.5625","38.872501373291","526","15.06","3.53899999999999","0.0137328984","2.2032221997227","0.505778716002503","15.74038584",
"2/19/1999","66.5625","38.872501373291","526","16.958","7.33100000000002","0.0446319864","6.18662299651587","0.442056888478062","14.57550216",
"2/20/1999","66.5625","38.872501373291","526","16.266","10.885","0.2300261688","7.08555408344046","0.427256989566243","9.3415509",
"2/21/1999","66.5625","38.872501373291","526","17.102","10.458","1.8333437904","8.65529247544067","0.524689334241748","5.21977374",
"2/22/1999","66.5625","38.872501373291","526","9.50200000000001","3.339","30.6999204264","2.61531342617388","0.753805209909213","13.3944768",
"2/23/1999","66.5625","38.872501373291","526","11.947","2.762","0","3.41428478064952","0.633647848657524","16.625753568",
"2/24/1999","66.5625","38.872501373291","526","11.435","1.39100000000002","0","2.48928068162879","0.553926384197269","16.75153422",
"2/25/1999","66.5625","38.872501373291","526","12.757","0.668000000000006","0","1.64154811156041","0.464647548706764","17.48030454",
"2/26/1999","66.5625","38.872501373291","526","15.533","3.88299999999998","0","2.99938743989154","0.429229928366935","17.66424258",
"2/27/1999","66.5625","38.872501373291","526","16.349","4.49900000000002","0","3.15958738956942","0.362215463021843","17.75120346",
"2/28/1999","66.5625","38.872501373291","526","17.913","7.51600000000002","0.8789076","5.42207077051187","0.405550761803906","16.74000108",
"3/1/1999","66.5625","38.872501373291","526","10.656","4.08199999999999","7.6629661128","2.56053561212406","0.765715908150878","12.932322192",
"3/2/1999","66.5625","38.872501373291","526","11.464","2.995","0.2094267024","2.61314691085347","0.614738071031046","13.554451008",
"3/3/1999","66.5625","38.872501373291","526","11.165","6.26100000000002","18.73513008","2.09732093503237","0.819328415522088","3.961125756",
"3/4/1999","66.5625","38.872501373291","526","7.79700000000003","4.50200000000001","7.414053804","1.78381900479834","0.908532534417562","3.34743606",
"3/5/1999","66.5625","38.872501373291","526","5.375","0.745000000000005","1.2290947488","2.63096564289529","0.85635604895413","10.06396776",
"3/6/1999","66.5625","38.872501373291","526","9.858","-0.475000000000023","0","2.55832663395446","0.760446054691159","16.52096412",
"3/7/1999","66.5625","38.872501373291","526","9.03399999999999","0.858000000000004","0","2.06186768143913","0.760421825595537","15.88049964",
"3/8/1999","66.5625","38.872501373291","526","9.493","-1.661","0","2.03209911284389","0.648411431320108","19.14502716",
"3/9/1999","66.5625","38.872501373291","526","12.669","0.5","0","2.38619717309538","0.577618905025173","19.41615324",
"3/10/1999","66.5625","38.872501373291","526","14.278","3.243","0","2.85289056896064","0.500440192234904","19.7558442",
"3/11/1999","66.5625","38.872501373291","526","14.483","2.38099999999997","0","2.22189470335143","0.457565025668556","19.82385252",
"3/12/1999","66.5625","38.872501373291","526","16.284","1.88799999999998","0","2.25856589927871","0.346276806475797","20.13665112",
"3/13/1999","66.5625","38.872501373291","526","18.684","8.38999999999999","0.60081498","6.28961795868517","0.401753162439089","14.99248656",
"3/14/1999","66.5625","38.872501373291","526","10.377","3.58499999999998","3.302766252","2.20014526995197","0.699506830828478","15.50154258",
"3/15/1999","66.5625","38.872501373291","526","11.153","3.30000000000001","0.1201629312","2.85704084719263","0.628034665472347","13.237425",
"3/16/1999","66.5625","38.872501373291","526","9.08300000000003","0.372000000000014","0","2.3705962633183","0.558834494556133","20.36502909",
"3/17/1999","66.5625","38.872501373291","526","10.911","-0.675999999999988","0","2.42085346857116","0.501103522893081","20.99170476",
"3/18/1999","66.5625","38.872501373291","526","10.368","0.180000000000007","0.0343322784","2.39932771282737","0.544633958558891","18.53977338",
"3/19/1999","66.5625","38.872501373291","526","3.06","-3.923","5.834768328","2.73863109179559","0.85570630222471","8.36088786",
"3/20/1999","66.5625","38.872501373291","526","10.208","-3.47000000000003","0","4.57229646683103","0.677767172145103","21.76391295",
"3/21/1999","66.5625","38.872501373291","526","17.15","5.40499999999997","0","7.13217214600577","0.40725957228231","18.85027383",
"3/22/1999","66.5625","38.872501373291","526","17.71","9.36399999999998","1.22051178","4.20074247407751","0.614357882746667","15.90305409",
"3/23/1999","66.5625","38.872501373291","526","13.96","6.11099999999999","9.7400658024","2.22176862030527","0.758848233583825","17.924343552",
"3/24/1999","66.5625","38.872501373291","526","14","1.90300000000002","0","1.76057410561442","0.62361671016203","21.987957672",
"3/25/1999","66.5625","38.872501373291","526","15.536","1.54700000000003","0","1.94159021926175","0.478084517170077","22.37332284",
"3/26/1999","66.5625","38.872501373291","526","18.628","4.88099999999997","0","2.83651931184667","0.399545101607879","22.413936528",
"3/27/1999","66.5625","38.872501373291","526","21.552","10.299","0.0034332264","4.18212630687372","0.381312721405348","20.739601152",
"3/28/1999","66.5625","38.872501373291","526","19.303","8.988","0.0034332264","3.98871371545345","0.534207019284651","19.47543012",
"3/29/1999","66.5625","38.872501373291","526","14.96","7.07799999999997","2.11658526","2.41178833024755","0.718587750085908","17.212216032",
"3/30/1999","66.5625","38.872501373291","526","14.742","5.89299999999997","0.0377654904","2.13672768842406","0.700945330562593","18.75116088",
"3/31/1999","66.5625","38.872501373291","526","14.035","1.40699999999998","0","1.83732159287397","0.612639724447745","23.209875648",
"4/1/1999","66.5625","38.872501373291","526","15.43","1.36500000000001","0","2.69598231993683","0.445439100973455","23.751050832",
"4/2/1999","66.5625","38.872501373291","526","19.607","4.96699999999998","0","2.71072320944618","0.390588168442899","23.856631992",
"4/3/1999","66.5625","38.872501373291","526","25.105","9.93799999999999","0","6.50955453017236","0.256267186350764","23.353820352",
"4/4/1999","66.5625","38.872501373291","526","25.583","14.204","1.891708488","5.20261059797022","0.47870238859939","20.102733936",
"4/5/1999","66.5625","38.872501373291","526","20.576","8.88900000000001","0.1888274016","1.83819491094771","0.604131204512273","22.739627088",
"4/6/1999","66.5625","38.872501373291","526","23.777","10.414","0.1201628664","3.46009617929382","0.459625818920962","20.1198348",
"4/7/1999","66.5625","38.872501373291","526","12.647","7.38299999999998","1.3921735752","3.03895499872551","0.750994732364977","14.418394128",
"4/8/1999","66.5625","38.872501373291","526","18.267","2.42399999999998","0","1.81370628253363","0.577845334540812","24.52674996",
"4/9/1999","66.5625","38.872501373291","526","22.864","11.007","0.082397412","2.53962211515052","0.523878046177355","22.82135832",
"4/10/1999","66.5625","38.872501373291","526","12.834","4.90600000000001","0.9029385","2.57529270257349","0.770174335278365","12.08159856",
"4/11/1999","66.5625","38.872501373291","526","15.045","2.13299999999998","0","3.13310542098408","0.48062449363116","25.12074312",
"4/12/1999","66.5625","38.872501373291","526","17.06","2.60399999999999","0","3.31830434365393","0.374186751220194","25.45234344",
"4/13/1999","66.5625","38.872501373291","526","17.231","2.76400000000001","0.068664564","2.08318904397947","0.49113555327468","21.68246196",
"4/14/1999","66.5625","38.872501373291","526","20.61","7.73899999999998","0","4.18561984657427","0.399227274351709","25.54278696",
"4/15/1999","66.5625","38.872501373291","526","26.039","11.788","0","3.832823023707","0.287587837148771","24.48579276",
"4/16/1999","66.5625","38.872501373291","526","25.283","10.464","0","3.11886588077995","0.30278646618652","25.78691232",
"4/17/1999","66.5625","38.872501373291","526","25.521","12.931","0","2.80223054025395","0.299247635977789","25.90408008",
"4/18/1999","66.5625","38.872501373291","526","23.182","13.6","0","4.47056602983412","0.356131162911382","25.09807284",
"4/19/1999","66.5625","38.872501373291","526","16.519","9.245","0","3.16748185254895","0.545662635670873","24.90333228",
"4/20/1999","66.5625","38.872501373291","526","21.382","5.00700000000001","0","2.4420021355463","0.422256086114447","26.96304348",
"4/21/1999","66.5625","38.872501373291","526","20.4","9.09699999999998","0","4.54319576772447","0.364319058022339","26.34682284",
"4/22/1999","66.5625","38.872501373291","526","15.488","4.67200000000003","0.47035188","3.07038276027502","0.491142559296767","22.98318516",
"4/23/1999","66.5625","38.872501373291","526","14.737","1.28800000000001","0","4.45632683587156","0.374321830515593","28.13782716",
"4/24/1999","66.5625","38.872501373291","526","17.895","1.46199999999999","0","3.21161394098379","0.323282517220946","28.22928867",
"4/25/1999","66.5625","38.872501373291","526","21.722","3.34699999999998","0","3.13343116788622","0.245829686984554","28.45569636",
"4/26/1999","66.5625","38.872501373291","526","24.332","4.85300000000001","0","2.28268137096582","0.213672583984433","26.67943386",
"4/27/1999","66.5625","38.872501373291","526","24.793","7.38900000000001","0","2.35160500144776","0.217124193798736","27.24952797",
"4/28/1999","66.5625","38.872501373291","526","24.245","9.62599999999998","0","2.77315574037015","0.229701424348462","27.5507973",
"4/29/1999","66.5625","38.872501373291","526","24.596","9.30500000000001","0","2.71293488698737","0.220075284271564","28.253869848",
"4/30/1999","66.5625","38.872501373291","526","25.633","10.85","0","3.66549781141248","0.172658579051968","27.33007536",
"5/1/1999","66.5625","38.872501373291","526","26.592","11.591","0","3.03294651664798","0.244339350881034","28.81789002",
"5/2/1999","66.5625","38.872501373291","526","26.194","11.667","0","2.78882986182322","0.167089653711043","28.04764716",
"5/3/1999","66.5625","38.872501373291","526","26.331","12.255","0","3.4612104536876","0.195793900197295","28.732163472",
"5/4/1999","66.5625","38.872501373291","526","27.929","13.406","0","2.97781457022685","0.220510392705498","26.352960192",
"5/5/1999","66.5625","38.872501373291","526","29.935","13.814","0","3.06298439502621","0.204470573915787","27.8935281",
"5/6/1999","66.5625","38.872501373291","526","25.798","13.849","0.535583772","3.20726117342488","0.3419567601931","28.4370156",
"5/7/1999","66.5625","38.872501373291","526","28.695","13.326","0","3.33204732822713","0.271812090384451","28.90051938",
"5/8/1999","66.5625","38.872501373291","526","30.57","12.315","0","2.48552181403073","0.241288602705904","28.437466392",
"5/9/1999","66.5625","38.872501373291","526","29.169","13.004","0","3.16690727078078","0.270674132512212","28.577300688",
"5/10/1999","66.5625","38.872501373291","526","29.016","13.315","0","3.39949845297873","0.266800906075562","29.028264768",
"5/11/1999","66.5625","38.872501373291","526","29.706","14.852","0.54588312","3.30279388102772","0.292964484181748","25.126426008",
"5/12/1999","66.5625","38.872501373291","526","20.847","11.238","0.051498396","2.75290757724438","0.432019679768037","28.054463328",
"5/13/1999","66.5625","38.872501373291","526","25.679","11.074","0","2.84804302508794","0.359372245758206","29.33437428",
"5/14/1999","66.5625","38.872501373291","526","28.99","11.096","0","2.79424018251347","0.245555628988771","28.019366208",
"5/15/1999","66.5625","38.872501373291","526","32.094","15.229","0","3.89331161956054","0.188619189570923","27.771015672",
"5/16/1999","66.5625","38.872501373291","526","28.329","10.257","0","2.83390244737408","0.291202865902053","29.917638648",
"5/17/1999","66.5625","38.872501373291","526","32.02","15.876","0","4.40389022806023","0.211668899468651","30.65216256",
"5/18/1999","66.5625","38.872501373291","526","33.281","16.915","0","3.32886487492645","0.161556068837742","30.55645188",
"5/19/1999","66.5625","38.872501373291","526","33.406","16.961","0","3.04821265859885","0.105141166890398","30.54481992",
"5/20/1999","66.5625","38.872501373291","526","34.628","18.38","0","3.67468980805718","0.113174593769505","30.49638084",
"5/21/1999","66.5625","38.872501373291","526","35.443","19.4","0","3.94737920609433","0.153889822588846","30.51625212",
"5/22/1999","66.5625","38.872501373291","526","19.289","11.614","0","4.50169353929905","0.496899371816044","25.25231484",
"5/23/1999","66.5625","38.872501373291","526","21.67","9.27800000000002","0","3.17859576994007","0.458125892583787","24.26230836",
"5/24/1999","66.5625","38.872501373291","526","22.685","7.56799999999998","0","3.26495168365412","0.327968738105372","31.03068096",
"5/25/1999","66.5625","38.872501373291","526","23.517","9.166","0","3.55877286264579","0.204547129005828","31.53431016",
"5/26/1999","66.5625","38.872501373291","526","23.415","6.42099999999999","0","2.99180746356059","0.210368459185394","31.35811932",
"5/27/1999","66.5625","38.872501373291","526","28.159","12.233","0","4.51213298534095","0.187819228086897","31.23564984",
"5/28/1999","66.5625","38.872501373291","526","29.786","14.349","0","4.22937393615047","0.105771571219993","32.14890828",
"5/29/1999","66.5625","38.872501373291","526","29.623","13.845","0","3.4455924024249","0.150887760752297","31.4679366",
"5/30/1999","66.5625","38.872501373291","526","29.722","11.277","0","3.0495877423183","0.14634410054895","31.4375148",
"5/31/1999","66.5625","38.872501373291","526","30.046","14.314","0","3.24287414980061","0.156869861592457","30.9644694",
"6/1/1999","66.5625","38.872501373291","526","29.483","15.672","0","3.3389844848832","0.210182727677287","29.91465252",
"6/2/1999","66.5625","38.872501373291","526","29.247","14.329","0","2.88298920775803","0.158886697403175","31.52787012",
"6/3/1999","66.5625","38.872501373291","526","29.963","15.418","0","3.30438346375071","0.137129859838834","30.9590352",
"6/4/1999","66.5625","38.872501373291","526","30.502","14.316","0","3.03433299800637","0.217118116209549","30.99008664",
"6/5/1999","66.5625","38.872501373291","526","31.329","18.736","0","2.87854957635258","0.151997669116129","24.29927424",
"6/6/1999","66.5625","38.872501373291","526","34.381","18.277","0","3.20374647894168","0.130760827451677","29.0062656",
"6/7/1999","66.5625","38.872501373291","526","33.026","22.149","0","3.23911677195746","0.151669215766649","20.49558228",
"6/8/1999","66.5625","38.872501373291","526","31.578","18.303","0","3.91011300337405","0.185129739574853","30.51837936",
"6/9/1999","66.5625","38.872501373291","526","28.661","14.465","0","2.83599029928934","0.251521964773186","31.16071656",
"6/10/1999","66.5625","38.872501373291","526","29.481","15.248","0","3.63060778848168","0.256388464223992","30.72982176",
"6/11/1999","66.5625","38.872501373291","526","31.139","15.671","0","3.25884218237246","0.241433425631341","30.68729748",
"6/12/1999","66.5625","38.872501373291","526","30.103","15.875","0","3.52708211366221","0.206515323476515","31.12577604",
"6/13/1999","66.5625","38.872501373291","526","31.472","16.078","0","3.50920984031712","0.125810588098223","32.0450652",
"6/14/1999","66.5625","38.872501373291","526","35.012","20.627","0","3.54754587509627","0.109552363680096","30.5703522",
"6/15/1999","66.5625","38.872501373291","526","37.642","24.451","0","4.68560964059445","0.115924840407566","30.60809712",
"6/16/1999","66.5625","38.872501373291","526","30.466","18.194","0","4.22570701887963","0.155011078529367","26.19325998",
"6/17/1999","66.5625","38.872501373291","526","29.395","14.974","0","5.56239222738872","0.167637323277564","32.01819012",
"6/18/1999","66.5625","38.872501373291","526","32.288","16.272","0","3.73237467484009","0.18010094123758","32.08143852",
"6/19/1999","66.5625","38.872501373291","526","32.716","16.279","0","3.14421330894214","0.145280927068749","31.97980368",
"6/20/1999","66.5625","38.872501373291","526","32.725","14.329","0","3.09909415638013","0.158290119170009","31.456962",
"6/21/1999","66.5625","38.872501373291","526","32.431","17.013","0","2.39783131345074","0.190258544552851","31.16581056",
"6/22/1999","66.5625","38.872501373291","526","33.379","19.482","0","3.50766956471683","0.140991251266234","28.82925072",
"6/23/1999","66.5625","38.872501373291","526","29.444","16.948","0","2.97241744688205","0.245621629456837","27.97885404",
"6/24/1999","66.5625","38.872501373291","526","28.387","16.108","0","2.14630083104635","0.22836654443982","29.8958616",
"6/25/1999","66.5625","38.872501373291","526","34.132","18.406","0","3.48609420238592","0.161854457267325","31.6433214",
"6/26/1999","66.5625","38.872501373291","526","38.01","24.732","0","4.75264650817341","0.106102125866854","29.68205706",
"6/27/1999","66.5625","38.872501373291","526","39.578","26.205","0","4.37529691760544","0.101069893202042","31.14504684",
"6/28/1999","66.5625","38.872501373291","526","35.899","21.768","0","3.08262675860816","0.133950390113511","31.35028104",
"6/29/1999","66.5625","38.872501373291","526","36.876","21.071","0","4.30253287254976","0.132553958723409","31.55248332",
"6/30/1999","66.5625","38.872501373291","526","38.063","22.95","0","3.92984983729396","0.118117150804028","30.53136744",
"7/1/1999","66.5625","38.872501373291","526","35.699","20.595","0","2.9551440977953","0.141138587820267","31.18330548",
"7/2/1999","66.5625","38.872501373291","526","34.967","17.484","0","3.41043870458692","0.222253215203941","30.74343696",
"7/3/1999","66.5625","38.872501373291","526","34.615","19.954","0","3.99610587130361","0.203267520662354","30.8442888",
"7/4/1999","66.5625","38.872501373291","526","34.781","19.554","0","3.54736040496142","0.201376736005279","30.39435324",
"7/5/1999","66.5625","38.872501373291","526","35.973","21.183","0","4.81149097931944","0.21316133984586","30.326742",
"7/6/1999","66.5625","38.872501373291","526","33.327","21.469","0","3.83793748670741","0.251282791594214","29.12389488",
"7/7/1999","66.5625","38.872501373291","526","33.749","18.418","0","2.82606208489584","0.22149030881266","30.38219604",
"7/8/1999","66.5625","38.872501373291","526","35.004","19.911","0","2.88979619957505","0.187646368898269","30.34866708",
"7/9/1999","66.5625","38.872501373291","526","36.011","22.95","0","3.93221915206248","0.18617094473063","30.14049528",
"7/10/1999","66.5625","38.872501373291","526","33.306","20.119","0","3.10532482843628","0.195142211797081","30.43698336",
"7/11/1999","66.5625","38.872501373291","526","31.178","16.514","0","2.52040978489006","0.293340592436848","27.52064352",
"7/12/1999","66.5625","38.872501373291","526","30.112","17.577","0","2.65175388159082","0.387490479941858","26.2053576",
"7/13/1999","66.5625","38.872501373291","526","24.733","15.647","0.061798104","4.00804630815809","0.488548749749476","21.66784092",
"7/14/1999","66.5625","38.872501373291","526","30.826","13.981","0","2.91946069325809","0.422299028038613","29.92646916",
"7/15/1999","66.5625","38.872501373291","526","32.942","18.871","0","3.6819788565513","0.243670523154348","29.958579",
"7/16/1999","66.5625","38.872501373291","526","35.192","17.841","0","3.22091254839578","0.220914679078744","29.8491687",
"7/17/1999","66.5625","38.872501373291","526","36.193","19.3","0","4.02567697793351","0.205279250187257","29.630643768",
"7/18/1999","66.5625","38.872501373291","526","33.353","21.193","0","5.81625034917096","0.197520551673755","29.841807672",
"7/19/1999","66.5625","38.872501373291","526","33.463","18.555","0","5.43947344479822","0.193111748737342","30.45887514",
"7/20/1999","66.5625","38.872501373291","526","34.034","18.663","0","4.17481826105816","0.193179052801089","30.246188688",
"7/21/1999","66.5625","38.872501373291","526","32.886","18.386","0","4.52468879796704","0.210902934980807","30.27971466",
"7/22/1999","66.5625","38.872501373291","526","33.889","18.001","0","3.56407302528617","0.187037245760049","30.559394232",
"7/23/1999","66.5625","38.872501373291","526","33.202","15.678","0","3.07957079369604","0.166920474202235","27.378502272",
"7/24/1999","66.5625","38.872501373291","526","32.96","15.624","0","3.13905589048859","0.239623360822072","29.622886632",
"7/25/1999","66.5625","38.872501373291","526","33.261","17.092","0","3.52380431854855","0.244751944479828","29.32013934",
"7/26/1999","66.5625","38.872501373291","526","32.858","17.872","0","2.74722841047552","0.248297158254892","27.8393112",
"7/27/1999","66.5625","38.872501373291","526","32.424","17.645","0","2.94765402035203","0.261719271585292","26.92451574",
"7/28/1999","66.5625","38.872501373291","526","32.037","18.593","0","3.25416557801015","0.328426379937582","26.64022752",
"7/29/1999","66.5625","38.872501373291","526","33.361","19.106","0","3.42053852318394","0.299642627177223","26.83344366",
"7/30/1999","66.5625","38.872501373291","526","35.228","20.693","0","3.58808632053701","0.276472135440937","27.547927992",
"7/31/1999","66.5625","38.872501373291","526","35.655","21.73","0","3.37769882883121","0.254037644590218","28.406527128",
"8/1/1999","66.5625","38.872501373291","526","36.715","21.657","0","3.47896586878139","0.225129048521872","28.769180472",
"8/2/1999","66.5625","38.872501373291","526","36.152","21.376","0","4.00482971640335","0.205641046473731","28.6040916",
"8/3/1999","66.5625","38.872501373291","526","37.001","22.49","0","4.20375129192303","0.204073727153491","28.707917472",
"8/4/1999","66.5625","38.872501373291","526","37.829","22.521","0","4.5797860171625","0.163486436863691","28.5855201",
"8/5/1999","66.5625","38.872501373291","526","38.929","24.149","0","6.17255071810047","0.131138647518054","28.833300072",
"8/6/1999","66.5625","38.872501373291","526","38.156","23.859","0","5.45441902872187","0.152514136752898","28.686541392",
"8/7/1999","66.5625","38.872501373291","526","38.152","24.013","0","4.27255895981708","0.183883603210817","27.935493192",
"8/8/1999","66.5625","38.872501373291","526","37.735","21.923","0","4.48424960297509","0.188683039582695","27.93015378",
"8/9/1999","66.5625","38.872501373291","526","36.901","24.257","0","6.57222773613563","0.152310657335535","27.79452747",
"8/10/1999","66.5625","38.872501373291","526","36.167","21.179","0","4.64987112753531","0.184780663096909","28.05424029",
"8/11/1999","66.5625","38.872501373291","526","35.265","20.387","0","4.18062243900622","0.183552109389222","27.9663777",
"8/12/1999","66.5625","38.872501373291","526","31.138","16.177","0","4.5835830910095","0.210803233912394","27.85438512",
"8/13/1999","66.5625","38.872501373291","526","28.968","16.955","0","4.99716595126145","0.249574717935757","27.88768152",
"8/14/1999","66.5625","38.872501373291","526","31.546","16.12","0","3.7440379169228","0.223560924585682","27.52183503",
"8/15/1999","66.5625","38.872501373291","526","33.126","17.955","0","3.22518322094624","0.161015659817631","27.10354968",
"8/16/1999","66.5625","38.872501373291","526","34.153","16.712","0","2.38164500604593","0.154746567283329","25.14543948",
"8/17/1999","66.5625","38.872501373291","526","35.213","18.729","0","2.54324661784698","0.156116435656124","26.42574888",
"8/18/1999","66.5625","38.872501373291","526","37.433","22.283","0","4.30539688193225","0.157968104517419","25.64111268",
"8/19/1999","66.5625","38.872501373291","526","37.546","23.065","0","4.61862663902793","0.0965859535793301","27.10158804",
"8/20/1999","66.5625","38.872501373291","526","37.702","22.078","0","4.31057732026657","0.122057316360982","26.7367482",
"8/21/1999","66.5625","38.872501373291","526","37.26","22.426","0","5.0161273810142","0.114749026732026","26.53126056",
"8/22/1999","66.5625","38.872501373291","526","36.289","19.741","0","2.96731691509825","0.137699055943348","26.3822634",
"8/23/1999","66.5625","38.872501373291","526","36.007","20.375","0","2.75602443251231","0.150892210779028","25.96567536",
"8/24/1999","66.5625","38.872501373291","526","36.671","17.335","0","2.69036762906765","0.161378280964365","25.96814784",
"8/25/1999","66.5625","38.872501373291","526","37.139","20.698","0","3.8039075333653","0.163567948608898","25.56596268",
"8/26/1999","66.5625","38.872501373291","526","36.29","22.43","0","4.21800581841474","0.196036999378196","24.99941376",
"8/27/1999","66.5625","38.872501373291","526","36.627","20.647","0","3.79710314999875","0.179254621492064","25.52759676",
"8/28/1999","66.5625","38.872501373291","526","36.596","21.929","0","4.80941705189062","0.126601568265538","25.28881992",
"8/29/1999","66.5625","38.872501373291","526","37.974","23.128","0","4.37200266250267","0.146683110042753","24.94389204",
"8/30/1999","66.5625","38.872501373291","526","36.249","21.472","0","3.65238076460759","0.165591737829526","23.76934056",
"8/31/1999","66.5625","38.872501373291","526","34.896","20.961","0","3.35108683780148","0.1801062196802","22.7859246",
"9/1/1999","66.5625","38.872501373291","526","30.083","15.54","0","2.59341902662157","0.264748735365456","24.92702244",
"9/2/1999","66.5625","38.872501373291","526","30.12","10.632","0","2.28279767485325","0.280756445529253","25.25214924",
"9/3/1999","66.5625","38.872501373291","526","30.782","12.167","0","2.81044580222368","0.264603492196196","24.86548404",
"9/4/1999","66.5625","38.872501373291","526","31.701","15.907","0","4.12858398907994","0.207590491353151","24.63137172",
"9/5/1999","66.5625","38.872501373291","526","25.712","13.812","0","4.04026869066048","0.229787872226469","23.78222604",
"9/6/1999","66.5625","38.872501373291","526","27.116","9.33800000000002","0","3.0934779873925","0.149164330639944","24.74212644",
"9/7/1999","66.5625","38.872501373291","526","29.343","11.474","0","3.09952389782422","0.114190432682254","24.51420108",
"9/8/1999","66.5625","38.872501373291","526","30.74","12.516","0","3.19648882885605","0.131510908415771","24.39140868",
"9/9/1999","66.5625","38.872501373291","526","30.668","14.592","0","3.28175387572819","0.152560067068877","24.23389572",
"9/10/1999","66.5625","38.872501373291","526","31.074","16.193","0","3.11470193332362","0.138028021718281","24.08680692",
"9/11/1999","66.5625","38.872501373291","526","31.259","16.604","0","3.21565207984331","0.136000873597684","23.73839676",
"9/12/1999","66.5625","38.872501373291","526","32.419","15.727","0","3.36442511338445","0.127005833447046","23.13843408",
"9/13/1999","66.5625","38.872501373291","526","34.762","19.604","0","3.80891398823564","0.137356622669068","22.91095296",
"9/14/1999","66.5625","38.872501373291","526","35.226","16.995","0","3.99240686546477","0.124898183157768","23.15339784",
"9/15/1999","66.5625","38.872501373291","526","35.169","20.051","0","4.05400754794618","0.144258357180318","22.99955616",
"9/16/1999","66.5625","38.872501373291","526","34.733","19.121","0","3.66639000301677","0.146964278825779","22.95073656",
"9/17/1999","66.5625","38.872501373291","526","34.704","19.044","0","3.37401019856094","0.13465105509705","22.90494888",
"9/18/1999","66.5625","38.872501373291","526","33.069","15.759","0","3.18865120634238","0.133786965851879","22.43874276",
"9/19/1999","66.5625","38.872501373291","526","31.564","15.282","0","3.28779162264981","0.133101997873869","22.2510438",
"9/20/1999","66.5625","38.872501373291","526","30.49","11.455","0","2.74551215583235","0.168350542292672","21.8277522",
"9/21/1999","66.5625","38.872501373291","526","31.023","14.037","0","3.39835504192166","0.239570311652251","21.14026992",
"9/22/1999","66.5625","38.872501373291","526","31.868","15.361","0","3.60662563644456","0.1790555436345","21.393673632",
"9/23/1999","66.5625","38.872501373291","526","33.271","15.347","0","3.16142827967637","0.162348283813058","21.100615272",
"9/24/1999","66.5625","38.872501373291","526","22.539","10.768","0","2.85122956407127","0.485850327214647","20.33122536",
"9/25/1999","66.5625","38.872501373291","526","24.061","10.241","0","3.0231661751954","0.407177931869088","20.477527272",
"9/26/1999","66.5625","38.872501373291","526","25.67","9.26100000000002","0","2.86190671907128","0.293811554847907","20.750395968",
"9/27/1999","66.5625","38.872501373291","526","27.747","9.45299999999997","0","2.32371980070538","0.207743111162699","20.22598242",
"9/28/1999","66.5625","38.872501373291","526","26.188","12.432","0.0283241232","2.67760548254031","0.19539602479094","14.77215576",
"9/29/1999","66.5625","38.872501373291","526","18.914","9.50999999999999","0.017166132","2.19048009389085","0.300292643233966","15.369299712",
"9/30/1999","66.5625","38.872501373291","526","22.017","7.60700000000003","0","2.47150283716759","0.440721111191987","19.47684456",
"10/1/1999","66.5625","38.872501373291","526","23.461","6.94799999999998","0","2.53354194162301","0.345199176441647","19.59912594",
"10/2/1999","66.5625","38.872501373291","526","25.861","12.4","0","3.41731699458379","0.240641501836903","19.45502586",
"10/3/1999","66.5625","38.872501373291","526","26.147","8.96499999999998","0","2.81456563108885","0.255734222884621","19.396010952",
"10/4/1999","66.5625","38.872501373291","526","25.824","12.505","0","3.18120977125606","0.194851951154031","19.31782644",
"10/5/1999","66.5625","38.872501373291","526","26.33","9.90699999999998","0","2.59416484088384","0.185240392190033","19.1654469",
"10/6/1999","66.5625","38.872501373291","526","25.762","11.651","0","2.89673861558246","0.174404844237442","18.7693272",
"10/7/1999","66.5625","38.872501373291","526","24.261","8.08699999999999","0","2.46754877840146","0.210092279852371","18.7316397",
"10/8/1999","66.5625","38.872501373291","526","22.757","7.875","0","2.76747031379982","0.214990768235305","18.60294006",
"10/9/1999","66.5625","38.872501373291","526","22.647","7.94499999999999","0","2.65774732434866","0.203088920532923","18.28327896",
"10/10/1999","66.5625","38.872501373291","526","23.34","6.98899999999998","0","2.62478150382846","0.209605668564588","17.94059766",
"10/11/1999","66.5625","38.872501373291","526","24.456","10.651","0","2.97948651396448","0.201106267946589","17.77758588",
"10/12/1999","66.5625","38.872501373291","526","24.936","10.704","0","3.05072485535379","0.177628112131685","17.92670544",
"10/13/1999","66.5625","38.872501373291","526","26.38","13.464","0","3.02076693619632","0.142997813060921","17.66660706",
"10/14/1999","66.5625","38.872501373291","526","17.693","9.50599999999997","0","2.8878207366054","0.30899852254741","9.66971304",
"10/15/1999","66.5625","38.872501373291","526","24.006","10.207","0","2.86254530100329","0.252749003178249","16.7986674",
"10/16/1999","66.5625","38.872501373291","526","27.604","14.878","0","3.17427500628717","0.179313253343831","16.67564766",
"10/17/1999","66.5625","38.872501373291","526","26.838","10.894","0","2.5866941067708","0.237599578948046","16.50358008",
"10/18/1999","66.5625","38.872501373291","526","26.695","11.471","0","2.81715780596928","0.157795200159863","16.6487652",
"10/19/1999","66.5625","38.872501373291","526","26.115","12.292","0","3.08678766276801","0.178296983587974","16.503689412",
"10/20/1999","66.5625","38.872501373291","526","25.052","10.776","0","3.06728165679261","0.18536238266261","16.0414893",
"10/21/1999","66.5625","38.872501373291","526","22.643","7.23500000000001","0","2.67739043188368","0.260878763480634","15.803042976",
"10/22/1999","66.5625","38.872501373291","526","23.297","9.79700000000003","0","2.80612476748495","0.311186241634513","15.4487304",
"10/23/1999","66.5625","38.872501373291","526","25.269","9.27600000000001","0","2.12088821147278","0.262300268309233","15.48647028",
"10/24/1999","66.5625","38.872501373291","526","25.733","14.076","0","3.4313604197423","0.20661360743803","15.19610652",
"10/25/1999","66.5625","38.872501373291","526","26.846","13.928","0","3.28376152154372","0.244196350003293","15.103467",
"10/26/1999","66.5625","38.872501373291","526","13.26","5.45499999999998","0.0411987096","2.4503298925476","0.523369390502172","10.67090526",
"10/27/1999","66.5625","38.872501373291","526","15.378","3.23000000000002","0.0480651984","2.62195804654821","0.441512047216052","14.75668098",
"10/28/1999","66.5625","38.872501373291","526","16.304","5.89100000000002","1.9071576864","2.09814241755285","0.493448198788453","14.68530036",
"10/29/1999","66.5625","38.872501373291","526","22.06","9.67099999999999","0","3.921198079953","0.344506690541126","14.69537496",
"10/30/1999","66.5625","38.872501373291","526","20.304","11.296","0","3.44725011012135","0.311553155073497","12.225534372",
"10/31/1999","66.5625","38.872501373291","526","21.615","7.88600000000002","0","2.05266374234159","0.392221420571124","14.06396178",
"11/1/1999","66.5625","38.872501373291","526","23.27","8.18599999999998","0","3.08732777108658","0.346829591972912","13.83760944",
"11/2/1999","66.5625","38.872501373291","526","18.038","6.60700000000003","9.5392277784","3.87627619753431","0.564053327194018","5.41934838",
"11/3/1999","66.5625","38.872501373291","526","10.995","2.47800000000001","0.147628656","2.89216926930379","0.694879004159573","13.891670172",
"11/4/1999","66.5625","38.872501373291","526","10.386","-1.43700000000001","0","1.90763459374317","0.697273516635015","13.650523632",
"11/5/1999","66.5625","38.872501373291","526","9.608","-0.331999999999994","0","1.72247871440461","0.652837420433357","11.784828852",
"11/6/1999","66.5625","38.872501373291","526","12.686","2.113","0","2.68542303584479","0.551130666747787","13.5663138",
"11/7/1999","66.5625","38.872501373291","526","13.218","0.105999999999995","0","2.30339787102257","0.51253819884886","13.412025684",
"11/8/1999","66.5625","38.872501373291","526","17.102","5.74599999999998","0","3.52501562369372","0.320589670961069","13.1482116",
"11/9/1999","66.5625","38.872501373291","526","11.832","6.39100000000002","4.317286212","2.50326862535777","0.591477846045844","1.952718912",
"11/10/1999","66.5625","38.872501373291","526","15.196","5.19900000000001","0.0034332264","3.12585396448806","0.664381925511128","11.896813152",
"11/11/1999","66.5625","38.872501373291","526","5.08600000000001","1.11900000000003","5.0992005024","3.22791113734958","0.79020465352257","8.5536",
"11/12/1999","66.5625","38.872501373291","526","8.25599999999997","0.0609999999999786","2.5208475192","1.62647660505877","0.7570714785856","7.43382432",
"11/13/1999","66.5625","38.872501373291","526","9.56900000000002","2.887","0.10643004","2.81596673770903","0.813588037971979","10.164148668",
"11/14/1999","66.5625","38.872501373291","526","11.966","2.32600000000002","0.0274658256","2.62008532166024","0.673015686583108","12.05335962",
"11/15/1999","66.5625","38.872501373291","526","15.421","3.858","0","2.61176946564458","0.443369611718407","12.376014264",
"11/16/1999","66.5625","38.872501373291","526","17.427","8.00900000000001","0","4.476248868249","0.297988307210214","12.360936384",
"11/17/1999","66.5625","38.872501373291","526","16.862","8.57400000000001","0.5441666184","5.18165529876262","0.330336666068119","6.5379429",
"11/18/1999","66.5625","38.872501373291","526","13.39","3.67399999999998","0.0240326064","2.2035881834607","0.482549353825624","11.814019848",
"11/19/1999","66.5625","38.872501373291","526","14.548","9.14299999999997","0.0446319432","5.07437583936579","0.423122688538021","8.637803568",
"11/20/1999","66.5625","38.872501373291","526","13.674","7.89800000000002","11.6575238448","5.67469523870236","0.575461302892367","1.6048683",
"11/21/1999","66.5625","38.872501373291","526","8.13499999999999","-1.07999999999998","5.0485652928","2.79989462513186","0.759398432198479","5.48820198",
"11/22/1999","66.5625","38.872501373291","526","7.86500000000001","-2.267","0","1.91132218452402","0.46392960252969","12.016466388",
"11/23/1999","66.5625","38.872501373291","526","10.776","0.230999999999995","0","2.2643378675614","0.312354663126875","8.477602452",
"11/24/1999","66.5625","38.872501373291","526","9.55799999999999","2.49599999999998","0.0446319144","2.19403583566126","0.696846536810982","7.1065143",
"11/25/1999","66.5625","38.872501373291","526","15.069","3.887","0","4.93172087812341","0.549103676116587","11.36908044",
"11/26/1999","66.5625","38.872501373291","526","16.192","10.305","0","6.35841820499831","0.403137171118127","9.44589303",
"11/27/1999","66.5625","38.872501373291","526","16.63","7.94","3.1002001992","3.71539861423996","0.556022212949257","10.07786457",
"11/28/1999","66.5625","38.872501373291","526","13.208","5.661","1.0720255464","2.0944736585436","0.677890895541266","4.42344411",
"11/29/1999","66.5625","38.872501373291","526","7.29599999999999","1.38900000000001","13.05484632","2.2612929593408","0.858959416349844","2.20336794",
"11/30/1999","66.5625","38.872501373291","526","3.19","-1.84500000000003","0.1476289368","2.76709749276312","0.82066356097123","8.82781623",
"12/1/1999","66.5625","38.872501373291","526","4.495","-2.495","0","2.54455343205275","0.615151743798406","11.2248612",
"12/2/1999","66.5625","38.872501373291","526","8.63799999999998","-1.61399999999998","0","2.08732652636201","0.44894775629202","11.22024483",
"12/3/1999","66.5625","38.872501373291","526","12.537","0.0190000000000055","0","1.45348670948061","0.233737854280425","10.92436407",
"12/4/1999","66.5625","38.872501373291","526","9.274","2.12400000000002","0.1819610064","2.50951341235402","0.303323184276505","4.9699089",
"12/5/1999","66.5625","38.872501373291","526","9.358","1.65600000000001","0","2.6325900722279","0.631198835377435","9.4391433",
"12/6/1999","66.5625","38.872501373291","526","8.322","-0.228999999999985","0","1.70341521445742","0.80582320405503","10.20110625",
"12/7/1999","66.5625","38.872501373291","526","10.905","-0.0670000000000073","0","1.89540059450061","0.597763149537554","10.56959694",
"12/8/1999","66.5625","38.872501373291","526","12.99","5.33100000000002","0.00686646","4.24793679593047","0.35239197203574","9.14641398",
"12/9/1999","66.5625","38.872501373291","526","9.76299999999998","0.887","0.32272344","2.00183007748115","0.60695542591132","10.16178948",
"12/10/1999","66.5625","38.872501373291","526","13.054","4.44499999999999","0.0137329056","3.19473800240231","0.512238653787793","9.0587817",
"12/11/1999","66.5625","38.872501373291","526","7.178","-1.76900000000001","0","1.76445796616195","0.718099378619332","10.33166313",
"12/12/1999","66.5625","38.872501373291","526","10.754","0.286999999999978","0","1.97996188346743","0.490562434476401","10.6324884",
"12/13/1999","66.5625","38.872501373291","526","10.575","-0.543999999999983","0","1.81403926536308","0.395293976142434","10.55564901",
"12/14/1999","66.5625","38.872501373291","526","14.317","3.983","0","4.48488917978799","0.285126109950727","10.30860135",
"12/15/1999","66.5625","38.872501373291","526","15.926","8.52999999999997","0","3.91363972441147","0.329393221392965","9.84341655",
"12/16/1999","66.5625","38.872501373291","526","12.602","4.488","0","2.8527744481097","0.656014136690134","10.10676978",
"12/17/1999","66.5625","38.872501373291","526","10.575","0.221000000000004","0","1.55806004385095","0.668600776415076","9.21256938",
"12/18/1999","66.5625","38.872501373291","526","5.41800000000001","-0.317000000000007","1.1466983376","0.944659577093401","0.833255902664577","5.19198462",
"12/19/1999","66.5625","38.872501373291","526","7.493","-0.413000000000011","0.109863288","1.62482493317054","0.787741976094607","8.53638498",
"12/20/1999","66.5625","38.872501373291","526","11.128","2.81","0","3.24880172286116","0.591442766478031","9.91726317",
"12/21/1999","66.5625","38.872501373291","526","11.472","-0.505999999999972","0","1.75667632635408","0.548224554155343","10.170444348",
"12/22/1999","66.5625","38.872501373291","526","12.606","1.88900000000001","0","2.43603865067235","0.497801195119962","10.290208608",
"12/23/1999","66.5625","38.872501373291","526","13.653","4.738","0","4.12562923179924","0.4085873337699","10.342573452",
"12/24/1999","66.5625","38.872501373291","526","9.267","-0.136000000000024","0","1.94349382815568","0.444835052526846","8.56934955",
"12/25/1999","66.5625","38.872501373291","526","5.78800000000001","-1.73000000000002","0.1476286344","1.81150718284955","0.681763134849658","9.86017455",
"12/26/1999","66.5625","38.872501373291","526","8.99200000000002","-2.30399999999997","0","2.50145408052229","0.57722065337195","10.23333903",
"12/27/1999","66.5625","38.872501373291","526","13.874","3.346","0","4.33034065561391","0.315132076431498","9.626227632",
"12/28/1999","66.5625","38.872501373291","526","15.017","6.52600000000001","0","3.0031400729968","0.285079330965046","9.826648812",
"12/29/1999","66.5625","38.872501373291","526","15.955","7.30700000000002","0","4.97320708012039","0.320934141227082","9.75515778",
"12/30/1999","66.5625","38.872501373291","526","16.319","6.70800000000003","0","2.94332387097825","0.332003813297294","9.993823884",
"12/31/1999","66.5625","38.872501373291","526","14.073","2.49400000000003","0","1.65076446594223","0.454649801772249","10.061103888",
"1/1/2000","66.5625","38.872501373291","526","13.467","2.86399999999998","0","1.86173177851729","0.479077563639279","10.046422116",
"1/2/2000","66.5625","38.872501373291","526","14.731","2.43700000000001","0","1.90924975341721","0.4725002211704","10.28244708",
"1/3/2000","66.5625","38.872501373291","526","14.972","1.88099999999997","0","1.67398195502797","0.370425158362852","10.533039768",
"1/4/2000","66.5625","38.872501373291","526","15.431","1.31700000000001","0","1.35110379642545","0.340043838742542","10.593396864",
"1/5/2000","66.5625","38.872501373291","526","15.181","6.714","0","3.44377618855735","0.293201636105335","9.071046468",
"1/6/2000","66.5625","38.872501373291","526","13.56","8.26100000000002","0","2.42549413479066","0.299698483812662","5.77006632",
"1/7/2000","66.5625","38.872501373291","526","15.394","6.80700000000002","0","4.04639119711626","0.432912423748263","9.8921241",
"1/8/2000","66.5625","38.872501373291","526","7.76100000000002","-2.37","2.3586254712","3.87218627299505","0.729802386669515","7.36087014",
"1/9/2000","66.5625","38.872501373291","526","2.74599999999998","-4.84500000000003","0","1.72694238300891","0.686761231954549","10.673207568",
"1/10/2000","66.5625","38.872501373291","526","4.226","-6.06900000000002","0","1.72166549258209","0.48644222529028","10.96149528",
"1/11/2000","66.5625","38.872501373291","526","3.44299999999998","-4.70699999999999","0.0343323","1.9432873386649","0.578505243555139","10.62163098",
"1/12/2000","66.5625","38.872501373291","526","0.615999999999985","-5.66399999999999","0.051498432","2.39856984968248","0.610979112345416","10.424475612",
"1/13/2000","66.5625","38.872501373291","526","-1.49000000000001","-6.39999999999998","0.605964384","2.14155478944332","0.648144113438215","9.2473344",
"1/14/2000","66.5625","38.872501373291","526","-0.637999999999977","-7.92399999999998","0","2.05046123751865","0.537426629395213","10.691161128",
"1/15/2000","66.5625","38.872501373291","526","-0.0559999999999832","-10.223","0","1.50226553162284","0.542783576078854","11.257648812",
"1/16/2000","66.5625","38.872501373291","526","4.87099999999998","-7.60899999999998","0","2.01392650235343","0.427097533146037","11.459755836",
"1/17/2000","66.5625","38.872501373291","526","9.92599999999999","-0.694000000000017","0.0102996864","2.75791801092482","0.291254850253787","11.304561384",
"1/18/2000","66.5625","38.872501373291","526","4.798","-0.295000000000016","9.74006676","1.97179521256561","0.80741271090185","4.07345472",
"1/19/2000","66.5625","38.872501373291","526","10.03","1.49799999999999","0","5.34789403396699","0.643937762621284","11.034227592",
"1/20/2000","66.5625","38.872501373291","526","8.05099999999999","3.69099999999997","4.8614561064","4.67800852650056","0.48321609156147","1.951761672",
"1/21/2000","66.5625","38.872501373291","526","13.605","3.149","0","4.32808590264312","0.435740179483654","11.465605332",
"1/22/2000","66.5625","38.872501373291","526","12.974","6.82799999999997","0.2128600008","5.79652988675803","0.482599443231128","9.705879072",
"1/23/2000","66.5625","38.872501373291","526","11.18","2.39400000000001","0.61798068","2.32207145536873","0.682510991062382","11.002107708",
"1/24/2000","66.5625","38.872501373291","526","8.80099999999999","-0.339999999999975","0","1.60726725887351","0.692557238788802","12.083510988",
"1/25/2000","66.5625","38.872501373291","526","7.13299999999998","-3.17500000000001","0","1.66061144791107","0.512963935542034","12.3324687",
"1/26/2000","66.5625","38.872501373291","526","8.404","-1.29000000000002","0","2.90331529586159","0.425329289239323","12.66609618",
"1/27/2000","66.5625","38.872501373291","526","13.094","2.02999999999997","0","6.15641809999494","0.265583430246241","12.486992724",
"1/28/2000","66.5625","38.872501373291","526","16.082","7.31","0","6.42760564247023","0.353820401571214","12.237921036",
"1/29/2000","66.5625","38.872501373291","526","14.046","8.036","0.0583648848","2.82375180343564","0.510046733271602","8.774883",
"1/30/2000","66.5625","38.872501373291","526","10.489","1.07499999999999","6.018450732","3.00411877080908","0.765092808157632","8.048363148",
"1/31/2000","66.5625","38.872501373291","526","2.435","-1.78100000000001","5.9875464744","2.76696565979502","0.818199272066141","8.49847374",
"2/1/2000","66.5625","38.872501373291","526","6.899","-1.512","0","2.27237861462881","0.567778537299314","13.23230976",
"2/2/2000","66.5625","38.872501373291","526","10.459","1.19","0","3.57292901155889","0.407432603502775","12.9759759",
"2/3/2000","66.5625","38.872501373291","526","5.25999999999999","-2.06099999999998","0","2.23266512380151","0.610144741560699","11.857220892",
"2/4/2000","66.5625","38.872501373291","526","7.56999999999999","-2.65899999999999","0","1.72758546685773","0.642491906393704","13.61514042",
"2/5/2000","66.5625","38.872501373291","526","10.869","0.41500000000002","0","2.43128447554217","0.442888321477903","13.88159334",
"2/6/2000","66.5625","38.872501373291","526","10.718","0.149999999999977","0","2.83820983348965","0.415592735717937","13.6510884",
"2/7/2000","66.5625","38.872501373291","526","13.436","3.10500000000002","0","3.38173481050484","0.298941371906817","14.0861763",
"2/8/2000","66.5625","38.872501373291","526","11.731","1.28399999999999","1.1363988096","3.75417916540575","0.504655815665987","13.128075972",
"2/9/2000","66.5625","38.872501373291","526","0.932999999999993","-3.149","8.9435600568","3.1144815410716","0.793843668730095","10.625231052",
"2/10/2000","66.5625","38.872501373291","526","3.32299999999998","-3.93099999999998","0","1.91304535219391","0.638751775293621","14.32198512",
"2/11/2000","66.5625","38.872501373291","526","2.10599999999999","-9.19099999999997","0","1.79242417951138","0.679093232739152","15.0850107",
"2/12/2000","66.5625","38.872501373291","526","4.61500000000001","-5.17099999999999","0","2.7337777924063","0.645777571201515","15.2177598",
"2/13/2000","66.5625","38.872501373291","526","9.09899999999999","-2.38099999999997","0","2.49192550639849","0.483754348543271","15.13192266",
"2/14/2000","66.5625","38.872501373291","526","13.541","2.43799999999999","0.32959008","4.55185658441177","0.337023051580077","11.057460048",
"2/15/2000","66.5625","38.872501373291","526","5.24799999999999","-1.89999999999998","8.51269032","3.04816201923382","0.818234161203346","3.76930728",
"2/16/2000","66.5625","38.872501373291","526","4.44099999999997","-2.44299999999998","0.288391104","1.89940715514371","0.799479981153618","13.34755746",
"2/17/2000","66.5625","38.872501373291","526","7.54599999999999","-1.20299999999997","0","2.68854674725547","0.53766332302358","15.99676848",
"2/18/2000","66.5625","38.872501373291","526","8.86599999999999","-0.384000000000015","0","2.78491657231346","0.423814288758387","16.29900522",
"2/19/2000","66.5625","38.872501373291","526","8.31200000000001","-2.12599999999998","0","2.00283634232963","0.409290370896458","16.44136992",
"2/20/2000","66.5625","38.872501373291","526","8.24700000000001","-2.41300000000001","0","2.70537414914005","0.478876813142658","16.54261272",
"2/21/2000","66.5625","38.872501373291","526","9.68799999999999","-0.555000000000007","0","2.92886353530134","0.519144822868419","16.84231776",
"2/22/2000","66.5625","38.872501373291","526","9.584","-0.569999999999993","0","2.29297191624155","0.502930440738079","16.1692326",
"2/23/2000","66.5625","38.872501373291","526","11.799","2.08600000000001","0","2.75452395664722","0.538754673726035","15.9924915",
"2/24/2000","66.5625","38.872501373291","526","13.614","3.26400000000001","0","3.69191391592554","0.383067076978363","17.42157918",
"2/25/2000","66.5625","38.872501373291","526","13.993","3.21800000000002","0","2.35260961089134","0.372970728933659","17.4549933",
"2/26/2000","66.5625","38.872501373291","526","14.682","4.11200000000002","0.0961303824","5.27643652511227","0.466848243267534","17.081939448",
"2/27/2000","66.5625","38.872501373291","526","6.91199999999998","1.43900000000002","11.04469452","3.06444789731387","0.786310294395115","14.27366646",
"2/28/2000","66.5625","38.872501373291","526","10.471","1.84899999999999","0.686645424","3.28422210719429","0.579927753104202","10.40602608",
"2/29/2000","66.5625","38.872501373291","526","8.04500000000002","-0.509999999999991","0","2.88316099973842","0.592382333792227","18.03903804",
"3/1/2000","66.5625","38.872501373291","526","8.54700000000003","-1.15100000000001","0","2.82332027369269","0.47202658357706","18.30515652",
"3/2/2000","66.5625","38.872501373291","526","9.12","-2.09300000000002","0","2.20618084368184","0.440665504628092","18.12481668",
"3/3/2000","66.5625","38.872501373291","526","10.648","1.58999999999997","0.0926972064","3.35427442569775","0.444773123815425","13.42124946",
"3/4/2000","66.5625","38.872501373291","526","5.91800000000001","-1.78399999999999","0.0205993584","2.60123689800199","0.524866018623732","18.12380508",
"3/5/2000","66.5625","38.872501373291","526","8.33699999999999","-1.92399999999998","0","3.46031486368968","0.420220150764641","18.94814784",
"3/6/2000","66.5625","38.872501373291","526","9.31","-1.90300000000002","0","1.91184987053354","0.427102494376594","18.91833732",
"3/7/2000","66.5625","38.872501373291","526","12.456","0.644999999999982","0","2.91190043044165","0.432436550665767","19.15493076",
"3/8/2000","66.5625","38.872501373291","526","16.107","5.07400000000001","0","4.60281940281297","0.388766969193008","19.15693884",
"3/9/2000","66.5625","38.872501373291","526","17.225","5.73599999999999","0","4.1919885526663","0.356664022688303","18.21481344",
"3/10/2000","66.5625","38.872501373291","526","9.35399999999999","3.10500000000002","9.904862412","4.17503681837377","0.671336552817455","4.3805232",
"3/11/2000","66.5625","38.872501373291","526","13.897","3.36200000000002","0.054931644","3.62572005044804","0.503956079483111","19.67641848",
"3/12/2000","66.5625","38.872501373291","526","16.646","4.81599999999997","0","3.10235364862202","0.360197739418313","20.18205288",
"3/13/2000","66.5625","38.872501373291","526","15.483","2.61200000000002","0","2.61873212823715","0.342340119905865","19.45495584",
"3/14/2000","66.5625","38.872501373291","526","18.45","5.25700000000001","0","4.00693906032226","0.318612104792026","19.85242176",
"3/15/2000","66.5625","38.872501373291","526","15.575","2.29000000000002","0.590515092","3.47165759910151","0.499224585399258","14.71297311",
"3/16/2000","66.5625","38.872501373291","526","5.077","-2.97000000000003","5.791852584","2.82495937240567","0.635527871232768","20.47167666",
"3/17/2000","66.5625","38.872501373291","526","8.375","-2.80599999999998","0","2.41827985002091","0.410092354365275","21.62198997",
"3/18/2000","66.5625","38.872501373291","526","11.639","-0.829000000000008","0","2.78159260442794","0.316644895446075","21.65658741",
"3/19/2000","66.5625","38.872501373291","526","16.831","3.625","0","3.72567133421174","0.24794540327319","22.1200254",
"3/20/2000","66.5625","38.872501373291","526","17.325","3.28800000000001","0","3.19602535324229","0.288635052924555","22.275110808",
"3/21/2000","66.5625","38.872501373291","526","17.688","2.23099999999999","0","2.84851839891798","0.296385285404045","22.522052088",
"3/22/2000","66.5625","38.872501373291","526","18.287","4.30500000000001","0","2.8907886684414","0.239038072936426","22.613686632",
"3/23/2000","66.5625","38.872501373291","526","22.33","8.452","0","5.15332760872139","0.229338975161614","22.578973488",
"3/24/2000","66.5625","38.872501373291","526","24.367","13.922","0","6.97056346624275","0.258993082744897","20.2220442",
"3/25/2000","66.5625","38.872501373291","526","29.231","17.088","0","7.35669366792912","0.253748711921775","20.27930274",
"3/26/2000","66.5625","38.872501373291","526","20.824","8.61500000000001","0.899506008","3.55328260574656","0.524104479954047","13.29154326",
"3/27/2000","66.5625","38.872501373291","526","11.856","4.83499999999998","5.50689696","3.76802049045687","0.706226124171952","8.7902424",
"3/28/2000","66.5625","38.872501373291","526","12.896","4.26799999999997","0.175094604","2.33618132397462","0.675262681585035","14.6996937",
"3/29/2000","66.5625","38.872501373291","526","12.541","3.17899999999997","0.841140288","1.51505779593819","0.635154048844911","10.478866752",
"3/30/2000","66.5625","38.872501373291","526","16.309","2.49099999999999","0","2.04086703620122","0.621801222274857","18.687550608",
"3/31/2000","66.5625","38.872501373291","526","19.846","6.45400000000001","0","2.94727133789807","0.358738916824619","23.82063858",
"4/1/2000","66.5625","38.872501373291","526","20.646","8.11500000000001","0","3.71395774997857","0.298366730837794","23.027228208",
"4/2/2000","66.5625","38.872501373291","526","16.887","5.69299999999998","0.0480651912","2.06358289814132","0.486942790205975","17.006460192",
"4/3/2000","66.5625","38.872501373291","526","15.635","3.08600000000001","0","2.73448820847809","0.471521675713337","23.770343952",
"4/4/2000","66.5625","38.872501373291","526","17.148","2.76600000000002","0","2.79212257046369","0.348180528097575","24.35590692",
"4/5/2000","66.5625","38.872501373291","526","19.512","4.70400000000001","0","3.16289740405995","0.249532277504214","24.95554668",
"4/6/2000","66.5625","38.872501373291","526","21.204","3.77699999999999","0","2.32568015675822","0.201692187730295","24.61798152",
"4/7/2000","66.5625","38.872501373291","526","23.698","9.08999999999998","0","3.2420943144109","0.19197544962408","24.84764748",
"4/8/2000","66.5625","38.872501373291","526","27.185","12.501","0","3.83942963703265","0.226989766986952","24.94991304",
"4/9/2000","66.5625","38.872501373291","526","29.427","16.876","0","3.57630349447261","0.210409612912723","24.744321",
"4/10/2000","66.5625","38.872501373291","526","31.764","17.555","0","5.3891455280899","0.189336023977139","24.26558148",
"4/11/2000","66.5625","38.872501373291","526","34.33","17.4","0","4.00241979671781","0.16582366740965","25.11674712",
"4/12/2000","66.5625","38.872501373291","526","28.952","13.341","0","2.61036916295324","0.275228262518968","16.6776102",
"4/13/2000","66.5625","38.872501373291","526","23.941","9.73099999999999","0.0034332264","2.75878288739077","0.355516760725483","19.35140976",
"4/14/2000","66.5625","38.872501373291","526","24.353","7.93299999999999","0","3.01380885126596","0.273077444416571","25.65849204",
"4/15/2000","66.5625","38.872501373291","526","24.328","8.46499999999998","0","2.81940075075824","0.276042990530847","25.65000648",
"4/16/2000","66.5625","38.872501373291","526","26.368","12.164","0","2.58078998893725","0.251698338547199","19.75100256",
"4/17/2000","66.5625","38.872501373291","526","27.818","11.543","0","2.20376302450175","0.312105093808457","19.34971956",
"4/18/2000","66.5625","38.872501373291","526","27.87","12.453","0","3.22714317696881","0.217983714315941","26.60591088",
"4/19/2000","66.5625","38.872501373291","526","28.028","14.834","0","2.92818348623205","0.23401031102351","23.67927828",
"4/20/2000","66.5625","38.872501373291","526","28.864","14.232","0","3.97213653373188","0.284828877399697","26.5146714",
"4/21/2000","66.5625","38.872501373291","526","29.476","15.24","0","3.96027415631097","0.244720390107985","26.86297428",
"4/22/2000","66.5625","38.872501373291","526","30.336","13.326","0","3.13771109363093","0.248590362174827","26.92017828",
"4/23/2000","66.5625","38.872501373291","526","29.959","14.615","0","3.73282387775429","0.14143566911282","26.11198404",
"4/24/2000","66.5625","38.872501373291","526","28.388","15.476","0","3.70938548920652","0.175093646833997","26.78062608",
"4/25/2000","66.5625","38.872501373291","526","28.203","12.846","0","3.73287982430974","0.16508131971198","26.5484853",
"4/26/2000","66.5625","38.872501373291","526","24.316","10.56","0","3.14199194274337","0.252637947165161","23.44499766",
"4/27/2000","66.5625","38.872501373291","526","25.091","12.103","0","4.23184690880908","0.268060725995247","27.21566322",
"4/28/2000","66.5625","38.872501373291","526","24.243","8.23899999999998","0","2.53017833090349","0.334798321626191","27.348300432",
"4/29/2000","66.5625","38.872501373291","526","26.021","12.036","0","2.87185004566938","0.254866802941875","27.418048128",
"4/30/2000","66.5625","38.872501373291","526","30.299","15.805","0","5.03178155484839","0.187169303109891","28.18940886",
"5/1/2000","66.5625","38.872501373291","526","32.623","19.667","0","7.24558587521978","0.143276538740848","27.434029752",
"5/2/2000","66.5625","38.872501373291","526","30.492","19.464","0","5.26451402643768","0.207152431307076","26.920750248",
"5/3/2000","66.5625","38.872501373291","526","31.353","19.293","0","4.34954881540544","0.199513576198411","18.60254604",
"5/4/2000","66.5625","38.872501373291","526","33.223","18.793","0","4.284740702318","0.239641170223559","26.928334872",
"5/5/2000","66.5625","38.872501373291","526","30.319","14.204","0","3.59660175504621","0.255635436510823","28.02628332",
"5/6/2000","66.5625","38.872501373291","526","31.104","13.474","0","3.53377769089919","0.231254760459715","28.344092472",
"5/7/2000","66.5625","38.872501373291","526","34.747","17.659","0","3.17113095938326","0.167492650399376","28.265512248",
"5/8/2000","66.5625","38.872501373291","526","35.297","18.022","0","3.8116621631185","0.186443269459931","27.31550994",
"5/9/2000","66.5625","38.872501373291","526","37.428","19.506","0.0034332264","3.65214838279075","0.206363041864316","26.2375308",
"5/10/2000","66.5625","38.872501373291","526","30.017","15.871","0","4.37220755897129","0.26897026554546","27.099174888",
"5/11/2000","66.5625","38.872501373291","526","28.763","12.76","0","3.39825938287702","0.302982703495561","28.8689661",
"5/12/2000","66.5625","38.872501373291","526","27.922","13.777","0","4.71003696836208","0.188739284402876","29.85610284",
"5/13/2000","66.5625","38.872501373291","526","28.865","13.26","0","4.89263091569269","0.156772943911583","30.396889728",
"5/14/2000","66.5625","38.872501373291","526","30.26","13.325","0","3.62320403801997","0.151578435275281","30.720969",
"5/15/2000","66.5625","38.872501373291","526","31.139","15.361","0","3.38919443352856","0.134211637036558","30.54304854",
"5/16/2000","66.5625","38.872501373291","526","33.399","16.502","0","3.10463456960805","0.0999606990889556","30.50060292",
"5/17/2000","66.5625","38.872501373291","526","33.384","16.184","0","3.28588240858634","0.0970499176036734","30.35750616",
"5/18/2000","66.5625","38.872501373291","526","32.641","14.091","0","3.4805936139963","0.175966044274595","30.1138974",
"5/19/2000","66.5625","38.872501373291","526","33.589","15.615","0","3.00023338823487","0.175229630410625","30.08812032",
"5/20/2000","66.5625","38.872501373291","526","36.23","20.22","0","3.29094748449642","0.119747279509457","30.10623552",
"5/21/2000","66.5625","38.872501373291","526","29.086","16.503","0","4.42024769617305","0.20289346665973","29.66765256",
"5/22/2000","66.5625","38.872501373291","526","27.986","12.778","0","3.30820886865157","0.248726228640138","28.55300184",
"5/23/2000","66.5625","38.872501373291","526","28.831","10.71","0","3.03660993924657","0.182348534313581","31.38688188",
"5/24/2000","66.5625","38.872501373291","526","29.708","13.942","0","3.39770860314243","0.115685856784454","31.67677296",
"5/25/2000","66.5625","38.872501373291","526","31.333","15.67","0","3.90335540993598","0.116643206048693","31.44995784",
"5/26/2000","66.5625","38.872501373291","526","31.307","16.801","0","4.17805741340575","0.145407727596101","30.95631324",
"5/27/2000","66.5625","38.872501373291","526","33.245","17.212","0","3.30006500812705","0.114598664696338","31.53076452",
"5/28/2000","66.5625","38.872501373291","526","35.515","18.994","0","3.8040007669002","0.101263434628255","29.73217284",
"5/29/2000","66.5625","38.872501373291","526","31.447","17.532","0","3.62099061369992","0.167146435647172","29.42949204",
"5/30/2000","66.5625","38.872501373291","526","30.016","16.66","0","3.26412845564729","0.1907741028699","24.81721164",
"5/31/2000","66.5625","38.872501373291","526","30.986","17.478","0","3.80421767553053","0.192908072736708","30.38090148",
"6/1/2000","66.5625","38.872501373291","526","29.687","15.848","0","3.73325121073972","0.203231871433879","30.09611844",
"6/2/2000","66.5625","38.872501373291","526","26.784","13.349","0","3.50526116772135","0.226495858898691","20.16596592",
"6/3/2000","66.5625","38.872501373291","526","27.987","13.324","0","5.0783066719444","0.168324806922025","31.90380552",
"6/4/2000","66.5625","38.872501373291","526","30.114","14.677","0","4.01734400368932","0.0895214880678276","31.997304",
"6/5/2000","66.5625","38.872501373291","526","31.902","16.34","0","3.78315086632768","0.0900938706200848","32.064417",
"6/6/2000","66.5625","38.872501373291","526","33.343","16.979","0","3.02040619961637","0.078000725530798","32.30976636",
"6/7/2000","66.5625","38.872501373291","526","33.869","18.222","0","3.27467152278153","0.0859801784031368","31.69568016",
"6/8/2000","66.5625","38.872501373291","526","34.957","18.203","0","3.82788564206192","0.120670096514796","31.29136488",
"6/9/2000","66.5625","38.872501373291","526","34.64","21.14","0","5.19402732977943","0.144695056662763","30.9296304",
"6/10/2000","66.5625","38.872501373291","526","32.623","17.596","0","4.01161993941176","0.12000588062238","32.17387716",
"6/11/2000","66.5625","38.872501373291","526","33.124","18.041","0","3.31243226947251","0.104791159729281","32.26730004",
"6/12/2000","66.5625","38.872501373291","526","34.227","17.567","0","2.88113098391156","0.0899343434737535","31.6631934",
"6/13/2000","66.5625","38.872501373291","526","29.154","14.039","0","4.62305670189779","0.207816411588478","28.306404",
"6/14/2000","66.5625","38.872501373291","526","24.836","11.713","0.0446319504","3.44688699544431","0.373436585981751","29.16537588",
"6/15/2000","66.5625","38.872501373291","526","29.271","12.39","0","3.80950290019188","0.205331528193946","31.52260512",
"6/16/2000","66.5625","38.872501373291","526","27.677","11.593","0","3.50921940700496","0.240469543308388","31.2140844",
"6/17/2000","66.5625","38.872501373291","526","32.02","14.885","0","3.93569446359942","0.19809170073601","31.24563552",
"6/18/2000","66.5625","38.872501373291","526","33.731","17.719","0","3.21141978103643","0.170087503403413","31.04539056",
"6/19/2000","66.5625","38.872501373291","526","34.911","19.522","0","2.61110486836291","0.155643404046306","29.56589892",
"6/20/2000","66.5625","38.872501373291","526","33.856","20.737","0","3.294763273938","0.151609349423","31.05387432",
"6/21/2000","66.5625","38.872501373291","526","34.678","18.394","0","3.24097376685156","0.176731353526772","30.96112176",
"6/22/2000","66.5625","38.872501373291","526","34.96","20.297","0","4.87522976124807","0.186023863248624","31.26072708",
"6/23/2000","66.5625","38.872501373291","526","36.296","21.245","0","4.72055950520644","0.167559370118742","31.29132384",
"6/24/2000","66.5625","38.872501373291","526","38.569","22.78","0","5.62678771105193","0.112921440649924","31.68595728",
"6/25/2000","66.5625","38.872501373291","526","39.151","22.937","0","3.4367791996185","0.0861792459014752","31.62663972",
"6/26/2000","66.5625","38.872501373291","526","38.029","21.049","0","3.45455384100379","0.113283745319125","31.43052648",
"6/27/2000","66.5625","38.872501373291","526","34.138","18.688","0","3.82964559804182","0.177627875917309","30.68246556",
"6/28/2000","66.5625","38.872501373291","526","34.586","19.02","0","4.11887058853093","0.166619275725521","31.45561056",
"6/29/2000","66.5625","38.872501373291","526","34.764","19.468","0","4.82656741312988","0.195205401505307","30.87669168",
"6/30/2000","66.5625","38.872501373291","526","35.272","21.816","0","5.46962718616851","0.231041885096328","30.58172316",
"7/1/2000","66.5625","38.872501373291","526","35.402","21.985","0","5.51131933464788","0.202256125177168","30.82752792",
"7/2/2000","66.5625","38.872501373291","526","36.09","20.905","0","4.50116669447057","0.171124684925728","31.1059206",
"7/3/2000","66.5625","38.872501373291","526","35.401","21.18","0","4.17971239670436","0.15454757069446","31.5875862",
"7/4/2000","66.5625","38.872501373291","526","35.306","19.216","0","3.18818290951277","0.131497724236479","31.34338884",
"7/5/2000","66.5625","38.872501373291","526","35.61","18.029","0","3.37425989570294","0.141596135911279","30.91100328",
"7/6/2000","66.5625","38.872501373291","526","36.59","19.828","0","3.55159207165151","0.129060812671086","31.00899204",
"7/7/2000","66.5625","38.872501373291","526","37.144","22.574","0","4.89011082353284","0.114605092743578","30.97018152",
"7/8/2000","66.5625","38.872501373291","526","37.711","23.34","0","4.86014931804472","0.151529911569249","30.79288224",
"7/9/2000","66.5625","38.872501373291","526","37.633","22.164","0","3.78317008117648","0.135801958306183","30.96763056",
"7/10/2000","66.5625","38.872501373291","526","37.141","21.901","0","4.81337036236682","0.138277908433732","30.75671232",
"7/11/2000","66.5625","38.872501373291","526","35.936","20.958","0","4.19324292306405","0.198251123888961","30.68173224",
"7/12/2000","66.5625","38.872501373291","526","35.964","21.124","0","4.64370710281339","0.201163302357826","30.45987108",
"7/13/2000","66.5625","38.872501373291","526","35.298","21.882","0","5.18998531493899","0.192477836739862","30.20293332",
"7/14/2000","66.5625","38.872501373291","526","34.167","20.805","0","4.03356199460478","0.230465073985332","30.108320712",
"7/15/2000","66.5625","38.872501373291","526","33.061","16.98","0","3.22092516733185","0.214205313442919","30.573164448",
"7/16/2000","66.5625","38.872501373291","526","30.042","15.542","0","3.30648787898496","0.325453941716608","30.038734152",
"7/17/2000","66.5625","38.872501373291","526","29.634","15.331","0","3.40669098041382","0.428293036069067","28.000917432",
"7/18/2000","66.5625","38.872501373291","526","31.703","16.566","0","3.74728907587597","0.290202876805909","29.633960592",
"7/19/2000","66.5625","38.872501373291","526","32.415","18.123","0","4.56150093417474","0.190991872049265","30.42281448",
"7/20/2000","66.5625","38.872501373291","526","33.787","17.661","0","3.87763348642307","0.186888837072202","29.87667594",
"7/21/2000","66.5625","38.872501373291","526","34.644","20.349","0","3.17927141201984","0.187266583939399","27.78564294",
"7/22/2000","66.5625","38.872501373291","526","35.252","17.671","0","3.40553280945147","0.21748297844745","28.63249236",
"7/23/2000","66.5625","38.872501373291","526","34.757","18.838","0","3.52293956900373","0.194767795020923","29.246054112",
"7/24/2000","66.5625","38.872501373291","526","32.606","19.123","0","4.51475877843527","0.171542963009045","30.000144312",
"7/25/2000","66.5625","38.872501373291","526","33.313","16.656","0","4.30256895993567","0.191409242558232","29.58265476",
"7/26/2000","66.5625","38.872501373291","526","33.993","19.16","0","4.25833400916469","0.158707123845068","29.559715992",
"7/27/2000","66.5625","38.872501373291","526","35.163","19.533","0","3.65108326976939","0.141042426548939","29.34725778",
"7/28/2000","66.5625","38.872501373291","526","36.509","19.692","0","3.28228300194155","0.153927256518588","29.042387568",
"7/29/2000","66.5625","38.872501373291","526","38.327","22.325","0","3.93303000751087","0.14898663305748","29.172317328",
"7/30/2000","66.5625","38.872501373291","526","38.972","23.481","0","4.9083078338299","0.131236125014964","29.0669157",
"7/31/2000","66.5625","38.872501373291","526","37.486","24.215","0","7.56638083323549","0.112506260658401","29.374599888",
"8/1/2000","66.5625","38.872501373291","526","37.401","23.687","0","6.91938878462706","0.15932606115703","29.118091968",
"8/2/2000","66.5625","38.872501373291","526","35.987","20.282","0","4.7180512178955","0.201329548281465","28.712247768",
"8/3/2000","66.5625","38.872501373291","526","37.191","22.803","0","4.54348835514063","0.159231959059348","28.739975112",
"8/4/2000","66.5625","38.872501373291","526","36.837","20.941","0","3.29651510856664","0.15824740781393","28.97938134",
"8/5/2000","66.5625","38.872501373291","526","36.38","21.811","0","3.79091813211593","0.134826022785025","28.66437252",
"8/6/2000","66.5625","38.872501373291","526","36.936","18.545","0","3.64337269941712","0.146993144986835","28.322721792",
"8/7/2000","66.5625","38.872501373291","526","37.668","22.148","0","4.55598838763377","0.152590731330076","28.14254874",
"8/8/2000","66.5625","38.872501373291","526","35.96","22.418","0","4.86574708991693","0.183275141667992","27.57555864",
"8/9/2000","66.5625","38.872501373291","526","33.727","21.221","0","5.76215006552941","0.191901901613127","27.71848134",
"8/10/2000","66.5625","38.872501373291","526","35.64","20.536","0","5.09714950703498","0.130232061827379","28.26483885",
"8/11/2000","66.5625","38.872501373291","526","36.258","20.872","0","4.35791471588884","0.0955233616220541","28.63777068",
"8/12/2000","66.5625","38.872501373291","526","35.44","17.46","0","3.3527007534485","0.106845711929102","28.6043553",
"8/13/2000","66.5625","38.872501373291","526","35.561","14.901","0","2.89595381208431","0.117084525195894","28.46975436",
"8/14/2000","66.5625","38.872501373291","526","35.506","17.218","0","3.48497314898364","0.109528552734158","28.00260144",
"8/15/2000","66.5625","38.872501373291","526","35.823","19.276","0","3.79938849690487","0.132118271407157","27.57358224",
"8/16/2000","66.5625","38.872501373291","526","35.161","19.522","0","3.84293797791031","0.142200929184636","26.2083924",
"8/17/2000","66.5625","38.872501373291","526","29.683","14.222","0","2.96479429007475","0.246195891472332","26.88479676",
"8/18/2000","66.5625","38.872501373291","526","31.295","15.225","0","3.91362972303981","0.233907723656036","26.7700446",
"8/19/2000","66.5625","38.872501373291","526","32.547","16.293","0","3.381793142549","0.208664974028349","26.83902168",
"8/20/2000","66.5625","38.872501373291","526","32.563","15.629","0","3.44778645715898","0.185268529543344","26.6969754",
"8/21/2000","66.5625","38.872501373291","526","33.146","17.845","0","4.94177116394146","0.184063532147991","26.3769804",
"8/22/2000","66.5625","38.872501373291","526","34.134","18.143","0","4.35563596480116","0.166137833332369","26.33108148",
"8/23/2000","66.5625","38.872501373291","526","34.099","18.981","0","4.44995329962941","0.194117909354567","25.76610468",
"8/24/2000","66.5625","38.872501373291","526","35.267","20.26","0","4.43827083735866","0.149949090674284","26.13077568",
"8/25/2000","66.5625","38.872501373291","526","35.158","19.413","0","3.44925411904559","0.135452822407786","25.99115976",
"8/26/2000","66.5625","38.872501373291","526","35.459","14.763","0","2.70819877995798","0.134252793213055","26.37359928",
"8/27/2000","66.5625","38.872501373291","526","37.318","19.658","0","4.0437240045004","0.0890862398597861","25.9414938",
"8/28/2000","66.5625","38.872501373291","526","37.651","22.216","0","4.62127557828839","0.0905665448194516","25.93574928",
"8/29/2000","66.5625","38.872501373291","526","37.98","23.035","0","5.6534415735132","0.0860914897750682","25.48130688",
"8/30/2000","66.5625","38.872501373291","526","35.44","22.345","0","6.09861898986543","0.147674656032611","25.27819128",
"8/31/2000","66.5625","38.872501373291","526","35.39","21.024","0","5.99290282587582","0.185204901509079","24.74741772",
"9/1/2000","66.5625","38.872501373291","526","34.744","19.059","0","4.07702816573955","0.164745624125511","25.49666304",
"9/2/2000","66.5625","38.872501373291","526","33.735","17.84","0","3.29150439034366","0.125519755474699","25.23526668",
"9/3/2000","66.5625","38.872501373291","526","33.97","13.321","0","2.84533796287279","0.127854882996504","24.6773268",
"9/4/2000","66.5625","38.872501373291","526","34.834","16.93","0","3.58964224499743","0.116802175531715","24.50553372",
"9/5/2000","66.5625","38.872501373291","526","32.93","14.309","0","3.1179480822377","0.129264848359788","23.29324452",
"9/6/2000","66.5625","38.872501373291","526","32.016","15.55","0","3.71860066411247","0.147007113461921","24.59756016",
"9/7/2000","66.5625","38.872501373291","526","32.173","15.746","0","3.58153971072142","0.171264536272182","24.20612244",
"9/8/2000","66.5625","38.872501373291","526","32.243","17.371","0","4.61718207517077","0.160546569439474","24.3741366",
"9/9/2000","66.5625","38.872501373291","526","31.586","17.37","0","5.28650973563239","0.107856943277891","24.62855436",
"9/10/2000","66.5625","38.872501373291","526","30.727","15.512","0","3.31078674336238","0.0815209839379117","24.15903804",
"9/11/2000","66.5625","38.872501373291","526","29.868","14.654","0","3.14770819011775","0.103817128680622","21.27999924",
"9/12/2000","66.5625","38.872501373291","526","31.29","16.338","0","3.6655142370156","0.174307273596344","22.59759636",
"9/13/2000","66.5625","38.872501373291","526","32.028","15.717","0","2.79492876299669","0.185317091968876","22.73259132",
"9/14/2000","66.5625","38.872501373291","526","32.276","14.962","0","3.14072046622795","0.170918549118284","22.73293548",
"9/15/2000","66.5625","38.872501373291","526","33.965","18.778","0","4.52748213438775","0.151260719143626","22.61778282",
"9/16/2000","66.5625","38.872501373291","526","34.79","19.526","0","4.27948812228626","0.142982398742762","22.47575706",
"9/17/2000","66.5625","38.872501373291","526","35.759","20.138","0","4.85291510401029","0.136416880721621","21.986831952",
"9/18/2000","66.5625","38.872501373291","526","33.881","19.884","0","4.38166361431196","0.124086965218755","22.293231912",
"9/19/2000","66.5625","38.872501373291","526","31.466","18.265","0","4.78061715856735","0.149940147323065","21.706362",
"9/20/2000","66.5625","38.872501373291","526","25.836","12.262","0","2.60700928026407","0.254217226241226","16.91628822",
"9/21/2000","66.5625","38.872501373291","526","25.455","8.76400000000001","0","2.60668730685349","0.260341159900331","21.53120814",
"9/22/2000","66.5625","38.872501373291","526","25.42","9.14299999999997","0","2.71430578873448","0.177206641234562","21.634148808",
"9/23/2000","66.5625","38.872501373291","526","27.743","12.872","0","3.19611933771934","0.146245696706742","21.17379276",
"9/24/2000","66.5625","38.872501373291","526","29.093","13.933","0","3.38100884150055","0.197096575261918","20.469146112",
"9/25/2000","66.5625","38.872501373291","526","21.438","8.39499999999998","0.1476291024","1.75294771328319","0.421192504090252","14.863157928",
"9/26/2000","66.5625","38.872501373291","526","20.937","2.54300000000001","0","2.30590163261118","0.324368821683765","21.0974616",
"9/27/2000","66.5625","38.872501373291","526","24.618","11.092","0","3.48349425406117","0.237348346025505","20.363067792",
"9/28/2000","66.5625","38.872501373291","526","29.004","14.784","0","3.11998291536858","0.180415480070465","20.13024114",
"9/29/2000","66.5625","38.872501373291","526","26.847","11.054","0","3.27072202888562","0.249939246663226","19.196551512",
"9/30/2000","66.5625","38.872501373291","526","23.933","7.91699999999997","0","2.47204132150728","0.376209148568414","19.11116502",
"10/1/2000","66.5625","38.872501373291","526","25.432","10.645","0","2.46519092920997","0.330862013606465","18.82395198",
"10/2/2000","66.5625","38.872501373291","526","22.465","9","0","2.52628315227994","0.269886172424493","15.26129226",
"10/3/2000","66.5625","38.872501373291","526","21.625","8.53100000000001","0","2.45413902408438","0.357003343378392","18.59500782",
"10/4/2000","66.5625","38.872501373291","526","13.571","9.74400000000003","1.1638644984","2.26704508530128","0.442451674306676","6.66506268",
"10/5/2000","66.5625","38.872501373291","526","17.67","6.368","0.068664564","2.60130399808336","0.457239861339237","18.48088476",
"10/6/2000","66.5625","38.872501373291","526","17.877","3.30399999999997","0","2.50047520198978","0.437750655020284","18.321359112",
"10/7/2000","66.5625","38.872501373291","526","17.61","5.024","0.054931644","1.97387743079462","0.36595507358466","17.05629303",
"10/8/2000","66.5625","38.872501373291","526","18.148","2.20699999999999","0","1.99787346419878","0.441449896051742","18.10422828",
"10/9/2000","66.5625","38.872501373291","526","18.372","2.56900000000002","0","2.49148229512965","0.352526608901152","18.392058072",
"10/10/2000","66.5625","38.872501373291","526","19.904","5.83300000000003","0","3.1259927091729","0.259993933911839","18.16588278",
"10/11/2000","66.5625","38.872501373291","526","22.2","7.43099999999998","0","2.85286845897421","0.21739400950402","17.93239092",
"10/12/2000","66.5625","38.872501373291","526","25.182","12.087","0","3.08728456476083","0.169461891226731","17.2582389",
"10/13/2000","66.5625","38.872501373291","526","24.574","10.178","0","2.8083105595074","0.219206764990767","16.9637643",
"10/14/2000","66.5625","38.872501373291","526","21.097","9.743","0.051498396","2.80774944080927","0.303333415515884","9.588878172",
"10/15/2000","66.5625","38.872501373291","526","10.697","6.72199999999998","2.6787751344","1.82509490016427","0.717213067070154","4.317471",
"10/16/2000","66.5625","38.872501373291","526","13.071","4.73200000000003","0.78020172","2.83213786136103","0.411265759797997","17.104720032",
"10/17/2000","66.5625","38.872501373291","526","19.824","1.05399999999997","0","2.44364088626234","0.323598609842897","17.1158067",
"10/18/2000","66.5625","38.872501373291","526","22.002","10.234","0","2.62531258713119","0.291851529251144","10.880939772",
"10/19/2000","66.5625","38.872501373291","526","20.783","5.06200000000001","0","2.13302613786228","0.407914677621258","15.93168912",
"10/20/2000","66.5625","38.872501373291","526","22.919","7.37200000000001","0","2.18708750978571","0.279964403174786","16.03653786",
"10/21/2000","66.5625","38.872501373291","526","20.264","5.38499999999999","0","2.25350313159586","0.363908516125744","15.2535897",
"10/22/2000","66.5625","38.872501373291","526","18.134","6.37900000000002","0","2.60959807006215","0.467079718202244","15.227269488",
"10/23/2000","66.5625","38.872501373291","526","19.01","5.471","0","2.37550201685798","0.433265990208455","15.14981196",
"10/24/2000","66.5625","38.872501373291","526","14.916","5.96199999999999","0.2866747464","2.52595428875527","0.533952025968324","4.91067684",
"10/25/2000","66.5625","38.872501373291","526","19.418","4.36099999999999","0","1.8754203554443","0.533254306596276","14.9874714",
"10/26/2000","66.5625","38.872501373291","526","22.739","5.70299999999997","0","2.12705598952532","0.38530855882664","14.92705854",
"10/27/2000","66.5625","38.872501373291","526","26.859","10.907","0","2.5336096764746","0.220187457596758","14.9699853",
"10/28/2000","66.5625","38.872501373291","526","24.73","7.08199999999999","0","1.86552918794876","0.28405811294269","14.71140252",
"10/29/2000","66.5625","38.872501373291","526","25.053","9.41199999999998","0","2.22199438850058","0.204432544501101","14.7103938",
"10/30/2000","66.5625","38.872501373291","526","20.15","5.44999999999999","0","2.375255113228","0.341434906807738","14.21409402",
"10/31/2000","66.5625","38.872501373291","526","20.729","6.36599999999999","0","2.36779215291015","0.317638193476054","14.215327848",
"11/1/2000","66.5625","38.872501373291","526","17.994","5.08999999999998","0","1.91291646278985","0.410147725116723","12.27076938",
"11/2/2000","66.5625","38.872501373291","526","19.383","3.57100000000003","0","2.04069648118169","0.376281467004287","14.005072188",
"11/3/2000","66.5625","38.872501373291","526","21.84","6.048","0","2.04188783016136","0.265750748550743","13.70266848",
"11/4/2000","66.5625","38.872501373291","526","21.815","10.467","0","2.33286673416906","0.365124418470339","11.795232636",
"11/5/2000","66.5625","38.872501373291","526","18.005","7.07400000000001","0","2.55013697811468","0.405289942384319","12.891880404",
"11/6/2000","66.5625","38.872501373291","526","17.939","3.71199999999999","0","1.74665650566913","0.433447128382571","12.371340816",
"11/7/2000","66.5625","38.872501373291","526","9.77999999999997","2.88499999999999","9.599301216","2.51112778148473","0.724083764244703","3.40340769",
"11/8/2000","66.5625","38.872501373291","526","7.63999999999999","2.11200000000002","2.17580796","2.008082736763","0.778843005772162","9.94218678",
"11/9/2000","66.5625","38.872501373291","526","12.133","1.76299999999998","0","2.68806494969462","0.637280050377809","12.983281632",
"11/10/2000","66.5625","38.872501373291","526","14.005","2.50700000000001","0.2025606528","1.61462884864272","0.491853552110929","10.174607568",
"11/11/2000","66.5625","38.872501373291","526","7.30599999999998","1.041","6.3840921912","2.29450405905294","0.800659884495474","3.29067819",
"11/12/2000","66.5625","38.872501373291","526","5.30700000000002","-0.415999999999997","0.3828049272","1.93299064861058","0.742718483140628","10.643061888",
"11/13/2000","66.5625","38.872501373291","526","10.366","-0.0749999999999886","0","3.02096061701095","0.492489083354261","12.801766068",
"11/14/2000","66.5625","38.872501373291","526","13.074","2.209","0","2.04572009936293","0.281165397506558","11.7319509",
"11/15/2000","66.5625","38.872501373291","526","10.195","0.615000000000009","0.2523423888","1.45227501903045","0.515605151863001","9.356116068",
"11/16/2000","66.5625","38.872501373291","526","5.95400000000001","-0.858000000000004","1.321793064","1.93470731184629","0.705943851176721","7.415718912",
"11/17/2000","66.5625","38.872501373291","526","4.66699999999997","-2.80099999999999","0","2.69621221438448","0.59408676579969","12.291072048",
"11/18/2000","66.5625","38.872501373291","526","8.02499999999998","-3.79700000000003","0","2.02559827286951","0.464559192944003","12.229879572",
"11/19/2000","66.5625","38.872501373291","526","10.608","-1.09899999999999","0","1.21066298535912","0.540640101430891","11.80917738",
"11/20/2000","66.5625","38.872501373291","526","11.629","-1.79700000000003","0","1.43858802876706","0.465719005612508","12.08508516",
"11/21/2000","66.5625","38.872501373291","526","10.902","-1.65300000000002","0","1.56419878369033","0.410812712738588","11.926687428",
"11/22/2000","66.5625","38.872501373291","526","11.883","0.651999999999987","0.0205993584","1.35532150830578","0.381149047645822","10.23097698",
"11/23/2000","66.5625","38.872501373291","526","9.92500000000001","1.142","0.59223168","1.71293494993664","0.619242644347477","6.0468156",
"11/24/2000","66.5625","38.872501373291","526","12.293","2.00599999999997","0","2.11495443346215","0.672756713715099","11.0247723",
"11/25/2000","66.5625","38.872501373291","526","12.689","0.812999999999988","0","1.67571950594127","0.634473362411769","11.10762648",
"11/26/2000","66.5625","38.872501373291","526","11.394","0.560999999999979","0","1.80168047538507","0.548749353395788","11.08046493",
"11/27/2000","66.5625","38.872501373291","526","11.389","1.18599999999998","0","2.75522550507105","0.522040673034105","11.1194442",
"11/28/2000","66.5625","38.872501373291","526","14.492","3.79000000000002","0","3.78363264763514","0.395873421444278","11.0024451",
"11/29/2000","66.5625","38.872501373291","526","6.05500000000001","-1.95100000000002","0.8909223984","1.68719386404846","0.619737783278155","10.6512741",
"11/30/2000","66.5625","38.872501373291","526","8.04599999999999","-4.10199999999998","0","2.11057418521429","0.478302822040997","11.28239883",
"12/1/2000","66.5625","38.872501373291","526","14.018","2.43799999999999","0.01373292","5.21588366618038","0.186871671304119","11.1122397",
"12/2/2000","66.5625","38.872501373291","526","8.71800000000002","3.04000000000002","6.210711","3.13818596260774","0.692022709383974","3.128175",
"12/3/2000","66.5625","38.872501373291","526","8.96800000000002","1.38900000000001","0","1.73127393861236","0.822372270440066","8.89155018",
"12/4/2000","66.5625","38.872501373291","526","5.66899999999998","0.132000000000005","4.6382916384","1.85707594753209","0.864184570520249","1.96610463",
"12/5/2000","66.5625","38.872501373291","526","7.137","-1.05700000000002","0","1.99074171857384","0.72950638718","10.5194763",
"12/6/2000","66.5625","38.872501373291","526","8.31700000000001","-1.15800000000002","0","1.97842560336846","0.618349487077988","10.57842873",
"12/7/2000","66.5625","38.872501373291","526","8.49700000000001","-1.34199999999998","0","1.52321193601701","0.575965285251676","10.4033835",
"12/8/2000","66.5625","38.872501373291","526","9.45100000000002","0.466999999999985","0","2.58998514956373","0.516570285936694","10.0897857",
"12/9/2000","66.5625","38.872501373291","526","9.42399999999998","0.0679999999999836","0.0789642648","1.29697881856476","0.567499605467132","10.17184968",
"12/10/2000","66.5625","38.872501373291","526","6.584","-1.99400000000003","0.391387356","1.6122849550297","0.711970825453787","10.49467257",
"12/11/2000","66.5625","38.872501373291","526","9.87900000000002","-1.18900000000002","0","2.4264206971763","0.471285812635154","10.55283327",
"12/12/2000","66.5625","38.872501373291","526","9.243","2.27699999999999","0.619697484","3.61479760374553","0.357536048271213","4.12543143",
"12/13/2000","66.5625","38.872501373291","526","8.15499999999997","2.93000000000001","2.083967712","2.0814273752578","0.794717875336555","2.81964033",
"12/14/2000","66.5625","38.872501373291","526","11.099","2.30700000000002","0","2.51308470296215","0.748047478426324","9.80533548",
"12/15/2000","66.5625","38.872501373291","526","12.886","1.77100000000002","0","1.30305745184325","0.609286263885747","9.90844092",
"12/16/2000","66.5625","38.872501373291","526","9.10000000000002","5.04899999999998","7.1136441792","2.3148892168518","0.693972269086375","2.8146915",
"12/17/2000","66.5625","38.872501373291","526","5.03300000000002","0.238","2.8221137928","2.39613615528142","0.853142453339617","6.86907729",
"12/18/2000","66.5625","38.872501373291","526","11.29","1.03300000000002","0","3.35455317272143","0.581118833341545","10.16808615",
"12/19/2000","66.5625","38.872501373291","526","12.158","3.33100000000002","0","3.26999696953897","0.327926785947456","10.19154105",
"12/20/2000","66.5625","38.872501373291","526","15.944","5.37299999999999","0","4.65656184068492","0.284268163765878","10.10615364",
"12/21/2000","66.5625","38.872501373291","526","16.268","8.25999999999999","0","4.11501717983167","0.267757133618772","8.46477675",
"12/22/2000","66.5625","38.872501373291","526","17.247","6.03899999999999","0","2.51883297034049","0.26008607245433","10.249029",
"12/23/2000","66.5625","38.872501373291","526","11.311","3.25","0","2.39102520395082","0.426343988863394","9.9874098",
"12/24/2000","66.5625","38.872501373291","526","12.181","0.605999999999995","0","1.77846655065657","0.487804849546248","9.00275652",
"12/25/2000","66.5625","38.872501373291","526","14.501","4.64999999999998","0.0480652056","3.74970796350399","0.44861670154332","9.541801962",
"12/26/2000","66.5625","38.872501373291","526","15.181","7.03800000000001","0","3.0411805007537","0.550108175543754","9.3391929",
"12/27/2000","66.5625","38.872501373291","526","7.51999999999998","3.29500000000002","6.1557848064","1.51722020733648","0.794139631238029","2.8807866",
"12/28/2000","66.5625","38.872501373291","526","7.14800000000002","0.315999999999974","0.3570551928","1.56914088905033","0.843892089839179","8.609509962",
"12/29/2000","66.5625","38.872501373291","526","8.29500000000002","-0.333000000000027","0","1.16874861226209","0.807015546447031","9.9403902",
"12/30/2000","66.5625","38.872501373291","526","8.49000000000001","-0.302000000000021","0","1.65308692055886","0.712707853478873","10.171410048",
"12/31/2000","66.5625","38.872501373291","526","9.25799999999998","0.0430000000000064","0","2.18885498049761","0.597518444108172","10.387462032",
"1/1/2001","66.5625","38.872501373291","526","12.247","1.35899999999998","0","1.81347391009478","0.36242297057865","10.491241572",
"1/2/2001","66.5625","38.872501373291","526","8.72000000000003","2.56099999999998","0.0343322784","3.50761812556004","0.433313453819285","7.842879648",
"1/3/2001","66.5625","38.872501373291","526","8.98700000000002","1.83100000000002","0.204276888","2.54554426330371","0.668817292700956","9.952312248",
"1/4/2001","66.5625","38.872501373291","526","12.059","2.786","0","3.39601175095933","0.506212937905381","10.538040132",
"1/5/2001","66.5625","38.872501373291","526","11.129","0.495999999999981","0","1.1533344431804","0.41434819051668","9.54596016",
"1/6/2001","66.5625","38.872501373291","526","8.10500000000002","-0.113999999999976","0","1.77253377526834","0.594048890566723","10.40214132",
"1/7/2001","66.5625","38.872501373291","526","7.07600000000002","-2.54199999999997","0","1.26170858240396","0.719136989289993","10.510257888",
"1/8/2001","66.5625","38.872501373291","526","7.87","-2.67899999999997","0","1.92599172289136","0.597940040614911","10.776997512",
"1/9/2001","66.5625","38.872501373291","526","7.279","-2.83199999999999","0","1.62849279193656","0.537738350437983","10.7688411",
"1/10/2001","66.5625","38.872501373291","526","7.35500000000002","-2.15199999999999","0","2.58387134540289","0.491615105313716","10.78903332",
"1/11/2001","66.5625","38.872501373291","526","10.853","-1.84300000000002","0","1.48660833595938","0.456770884480826","11.273740128",
"1/12/2001","66.5625","38.872501373291","526","10.603","-1.66800000000001","0","1.36305935566519","0.415468397653637","11.297196972",
"1/13/2001","66.5625","38.872501373291","526","12.194","1.41800000000001","0","2.72089430395122","0.277628779655977","11.147678172",
"1/14/2001","66.5625","38.872501373291","526","11.972","2.57100000000003","0","3.10010762077608","0.351962429446711","11.11179258",
"1/15/2001","66.5625","38.872501373291","526","13.223","2.238","0.0102996864","4.6123991237111","0.392370107403941","11.079393696",
"1/16/2001","66.5625","38.872501373291","526","2.53500000000003","-4.01100000000002","5.8485042","1.95558228418299","0.770628856363632","3.715201476",
"1/17/2001","66.5625","38.872501373291","526","3.49799999999999","-6.19099999999997","0","1.65106110640022","0.540410235023986","11.82386394",
"1/18/2001","66.5625","38.872501373291","526","7.48700000000002","-3.18900000000002","0","2.86505730027948","0.485046582192475","11.62715742",
"1/19/2001","66.5625","38.872501373291","526","7.28399999999999","0.204999999999984","0.5184173304","1.39269125795725","0.573912354292971","6.1956585",
"1/20/2001","66.5625","38.872501373291","526","7.36500000000001","-0.927999999999997","0.2660752512","1.63876089107485","0.709562967515952","9.465519564",
"1/21/2001","66.5625","38.872501373291","526","0.841999999999985","-4.09399999999999","2.67620148","2.47535659937112","0.804566731585542","7.954594776",
"1/22/2001","66.5625","38.872501373291","526","0.514999999999986","-6.01100000000002","1.510620156","2.31588160114544","0.680514589537978","10.963064628",
"1/23/2001","66.5625","38.872501373291","526","3.02800000000002","-5.79000000000002","0","2.79467993821507","0.525478415508059","12.108434544",
"1/24/2001","66.5625","38.872501373291","526","0.497000000000014","-8.601","0.017166132","3.52117875784927","0.681555485705717","11.46752226",
"1/25/2001","66.5625","38.872501373291","526","-0.913000000000011","-13.677","0","1.63095325862782","0.826432115843516","11.827348092",
"1/26/2001","66.5625","38.872501373291","526","-0.663999999999987","-14.53","0","1.60964970683189","0.805877190849009","12.195449748",
"1/27/2001","66.5625","38.872501373291","526","0.427999999999997","-11.477","0","2.16727575418372","0.776791295828326","12.4871652",
"1/28/2001","66.5625","38.872501373291","526","0.978000000000009","-10.964","1.4651300304","2.33631012103178","0.847129420444106","11.3128317",
"1/29/2001","66.5625","38.872501373291","526","-3.86700000000002","-11.196","3.155137128","2.56367444595346","0.885189261067485","9.301668012",
"1/30/2001","66.5625","38.872501373291","526","-2.39999999999998","-10.431","0.4076957952","1.93049391800941","0.878438624593952","12.0038049",
"1/31/2001","66.5625","38.872501373291","526","0.315999999999974","-10.232","0","1.99633214301316","0.837706609496606","13.0104612",
"2/1/2001","66.5625","38.872501373291","526","5.24900000000002","-5.85599999999999","0","2.83257186865237","0.680438462738485","13.584147552",
"2/2/2001","66.5625","38.872501373291","526","6.76100000000002","-3.22199999999998","0","4.3391427418031","0.742584630178023","13.53898152",
"2/3/2001","66.5625","38.872501373291","526","10.229","0.178999999999974","0","3.09269002717224","0.523609963253294","12.81160944",
"2/4/2001","66.5625","38.872501373291","526","10.623","0.85899999999998","0","4.38696062538958","0.492910378488695","13.56715512",
"2/5/2001","66.5625","38.872501373291","526","6.40300000000002","1.31099999999998","6.184959192","3.88621303749777","0.768407063589978","4.045726368",
"2/6/2001","66.5625","38.872501373291","526","4.90499999999997","-3.61200000000002","0.374221728","1.60910602876734","0.896237217233216","12.770433432",
"2/7/2001","66.5625","38.872501373291","526","5.887","-3.88900000000001","0","1.49296719783941","0.806162986341984","14.05513548",
"2/8/2001","66.5625","38.872501373291","526","7.774","-2.495","0","2.20813839175396","0.686155544994086","14.27714838",
"2/9/2001","66.5625","38.872501373291","526","4.69799999999998","-4.166","1.4745711744","2.55869277695555","0.798322756888923","12.50347086",
"2/10/2001","66.5625","38.872501373291","526","2.63499999999999","-6.11200000000002","1.75952988","2.50487597625586","0.751060088974268","14.88330324",
"2/11/2001","66.5625","38.872501373291","526","3.322","-7.88999999999999","0","2.07770444596241","0.643949609672035","15.3607482",
"2/12/2001","66.5625","38.872501373291","526","7.142","-4.88499999999999","0","2.16309112721564","0.608538571775818","15.16528368",
"2/13/2001","66.5625","38.872501373291","526","8.92399999999998","-3.41300000000001","0","1.70874576607264","0.666798822541784","15.28846956",
"2/14/2001","66.5625","38.872501373291","526","9.42700000000002","-1.92599999999999","0","2.78756885264294","0.517575900150744","15.48551214",
"2/15/2001","66.5625","38.872501373291","526","15.454","3.37400000000002","0.193977252","6.53121321038788","0.417763311756701","14.5384884",
"2/16/2001","66.5625","38.872501373291","526","8.06400000000002","2.27600000000001","4.0735240632","2.87114962379022","0.74343917816197","10.6818741",
"2/17/2001","66.5625","38.872501373291","526","7.38600000000002","1.63299999999998","4.1387548464","1.41967022131281","0.831557064352672","4.38097662",
"2/18/2001","66.5625","38.872501373291","526","12.518","2.81200000000001","0","2.98221024424874","0.626193005233127","15.47808552",
"2/19/2001","66.5625","38.872501373291","526","11.213","4.952","3.788564472","3.35026507769396","0.663043552149689","5.30066142",
"2/20/2001","66.5625","38.872501373291","526","11.664","1.84500000000003","0.187111152","3.09163788387272","0.756189548326114","15.56870328",
"2/21/2001","66.5625","38.872501373291","526","15.401","6.19400000000002","0.93727116","8.21674407561642","0.528685662418228","14.45968062",
"2/22/2001","66.5625","38.872501373291","526","12.318","5.98200000000003","2.3208623784","5.37455743950088","0.648367915391056","8.31319254",
"2/23/2001","66.5625","38.872501373291","526","9.21800000000002","3.33100000000002","0.236893176","3.45581704937231","0.683439299384549","11.04158772",
"2/24/2001","66.5625","38.872501373291","526","13.7","3.20800000000003","0","3.4309940095674","0.464145584243454","17.339796792",
"2/25/2001","66.5625","38.872501373291","526","12.707","2.88999999999999","0","3.20313705960098","0.359310003019572","17.367859728",
"2/26/2001","66.5625","38.872501373291","526","15.901","4.10000000000002","0","4.81532669339493","0.380056801701814","17.82910836",
"2/27/2001","66.5625","38.872501373291","526","14.942","2.61599999999999","0","2.38712638961866","0.33010626290829","17.67661866",
"2/28/2001","66.5625","38.872501373291","526","15.021","3.17700000000002","0","2.73613291174098","0.426202666787196","17.89452252",
"3/1/2001","66.5625","38.872501373291","526","17.13","5.69900000000001","0","3.25115929930011","0.360566934939176","18.01350396",
"3/2/2001","66.5625","38.872501373291","526","16.128","3.05900000000003","0","2.4376789279492","0.32678130410392","17.87889564",
"3/3/2001","66.5625","38.872501373291","526","18.019","2.63999999999999","0","2.28672117019203","0.370983748419911","18.41051196",
"3/4/2001","66.5625","38.872501373291","526","21.521","8.25","0","4.31817531219942","0.263830550341397","18.5818986",
"3/5/2001","66.5625","38.872501373291","526","14.286","4.68000000000001","0.195693948","2.07236947458784","0.545076513421061","14.97437316",
"3/6/2001","66.5625","38.872501373291","526","14.405","0.697999999999979","0","1.92766289966188","0.493250794384243","18.67573332",
"3/7/2001","66.5625","38.872501373291","526","17.946","5.76600000000002","0","3.14813110621269","0.416148844438487","18.72984492",
"3/8/2001","66.5625","38.872501373291","526","19.657","6.91000000000003","0","2.70161088215584","0.346670867676179","18.99944784",
"3/9/2001","66.5625","38.872501373291","526","22.431","9.96100000000001","0","4.05596578038173","0.265063872802525","19.40394204",
"3/10/2001","66.5625","38.872501373291","526","18.134","8.75299999999999","0","2.06561181722098","0.348341735115113","12.599775",
"3/11/2001","66.5625","38.872501373291","526","8.94799999999998","1.149","7.90843878","2.74485338131582","0.739543379779485","4.229102952",
"3/12/2001","66.5625","38.872501373291","526","1.24599999999998","-3.13499999999999","14.68906092","2.98500380721737","0.893572293347594","5.5043496",
"3/13/2001","66.5625","38.872501373291","526","5.64499999999998","-2.57299999999998","0.8548745184","2.22641559406924","0.727148595918306","15.2178786",
"3/14/2001","66.5625","38.872501373291","526","12.505","-0.172000000000025","0","2.48171923183351","0.469561404419413","20.42769636",
"3/15/2001","66.5625","38.872501373291","526","17.985","4.536","0","2.90700140664314","0.342004191298532","20.85558471",
"3/16/2001","66.5625","38.872501373291","526","21.317","6.755","0","2.88613961645833","0.218668671094597","21.28066866",
"3/17/2001","66.5625","38.872501373291","526","20.374","10.031","0","4.71148133687622","0.302595263626943","18.80454753",
"3/18/2001","66.5625","38.872501373291","526","18.678","7.35700000000003","2.641868748","4.62126650186117","0.526545331345555","11.876509998",
"3/19/2001","66.5625","38.872501373291","526","10.492","4.48399999999998","6.4424484","2.67576957653656","0.740427836966742","16.15263678",
"3/20/2001","66.5625","38.872501373291","526","16.423","3.64400000000001","0","2.96437704465741","0.478667538247823","21.67964604",
"3/21/2001","66.5625","38.872501373291","526","18.552","3.19099999999997","0","2.15563801311555","0.380219804883017","21.987786888",
"3/22/2001","66.5625","38.872501373291","526","20.922","7.839","0","2.8473508669586","0.273516817645184","22.06074708",
"3/23/2001","66.5625","38.872501373291","526","23.397","11.169","0","3.68198648371165","0.259631731456081","21.977719128",
"3/24/2001","66.5625","38.872501373291","526","25.586","12.798","0","3.48350996777909","0.2244620629376","20.358564048",
"3/25/2001","66.5625","38.872501373291","526","24.688","13.487","0","3.52713960170805","0.254886402184374","19.14992586",
"3/26/2001","66.5625","38.872501373291","526","26.064","15.977","0","4.24175295663196","0.284988400621719","19.829532312",
"3/27/2001","66.5625","38.872501373291","526","18.675","10.598","1.2222296136","4.00021061769917","0.490067993682839","16.916233608",
"3/28/2001","66.5625","38.872501373291","526","10.374","4.76999999999998","4.126739616","2.80050080854041","0.755275763446326","9.991735992",
"3/29/2001","66.5625","38.872501373291","526","16.223","2.67700000000002","0","2.13347027296978","0.584864589990034","21.9402",
"3/30/2001","66.5625","38.872501373291","526","19.385","6.44","0","3.06731358918633","0.411908001249667","23.44072482",
"3/31/2001","66.5625","38.872501373291","526","21.09","8.45800000000003","0","2.71021327962569","0.299011166572141","21.03491412",
"4/1/2001","66.5625","38.872501373291","526","19.833","7.23399999999998","0.0497818584","2.77766168448366","0.395290802896107","21.87100692",
"4/2/2001","66.5625","38.872501373291","526","16.051","4.72699999999998","1.35269208","3.40811794474194","0.460393787465833","24.269336352",
"4/3/2001","66.5625","38.872501373291","526","20.466","5.65499999999997","0","3.16857124981681","0.396931679160268","24.043444992",
"4/4/2001","66.5625","38.872501373291","526","27.771","11.886","0","4.38283454843063","0.209561914016044","24.3810585",
"4/5/2001","66.5625","38.872501373291","526","22.356","7.97699999999998","0","3.02890129246982","0.360457450609097","21.771730152",
"4/6/2001","66.5625","38.872501373291","526","25.11","10.214","0","2.93177957638723","0.39630149150232","23.99096016",
"4/7/2001","66.5625","38.872501373291","526","28.871","12.032","0","3.86407442894839","0.299226806946353","23.99906592",
"4/8/2001","66.5625","38.872501373291","526","30.493","14.57","0","4.14532034006798","0.247928426769626","23.433183",
"4/9/2001","66.5625","38.872501373291","526","30.153","14.579","0","3.30119834760134","0.21023715582134","23.40601452",
"4/10/2001","66.5625","38.872501373291","526","29.474","13.401","0","2.48807949661897","0.255343558592779","24.46588296",
"4/11/2001","66.5625","38.872501373291","526","29.501","14.732","0","3.18225409818051","0.24965966228363","23.22517896",
"4/12/2001","66.5625","38.872501373291","526","28.147","12.788","0","2.87336831178164","0.25693456939868","25.09368372",
"4/13/2001","66.5625","38.872501373291","526","31.046","15.993","0","3.88411378406005","0.175169644609555","25.68576924",
"4/14/2001","66.5625","38.872501373291","526","24.737","7.12099999999998","0","2.90342328025993","0.264887013568668","25.59959604",
"4/15/2001","66.5625","38.872501373291","526","25.626","9.774","0","3.28769685248206","0.282578326131931","25.38500652",
"4/16/2001","66.5625","38.872501373291","526","25.095","8.137","0","3.69204503135633","0.253730267687785","26.1961884",
"4/17/2001","66.5625","38.872501373291","526","22.284","8.74900000000002","1.306342872","2.84550747176431","0.28640471759027","25.493569848",
"4/18/2001","66.5625","38.872501373291","526","23.606","5.29500000000002","0","2.98192541721294","0.31955029660581","24.06504132",
"4/19/2001","66.5625","38.872501373291","526","19.522","3.654","0","1.65419983674671","0.417802070550855","23.51300508",
"4/20/2001","66.5625","38.872501373291","526","23.709","9.23500000000001","0","3.28435872560774","0.283359291869049","26.59623012",
"4/21/2001","66.5625","38.872501373291","526","27.071","12.262","0","3.43375394984159","0.197757410772968","26.3415906",
"4/22/2001","66.5625","38.872501373291","526","29.403","16.508","0","3.87047860660037","0.17997394153934","22.9876272",
"4/23/2001","66.5625","38.872501373291","526","25.812","14.218","0","3.49383290921827","0.289677378762286","24.81361128",
"4/24/2001","66.5625","38.872501373291","526","25.928","8.80500000000001","0","2.97274618020948","0.268644234367956","27.53696367",
"4/25/2001","66.5625","38.872501373291","526","26.967","9.53300000000002","0","2.91624822703624","0.146198741349614","27.37378026",
"4/26/2001","66.5625","38.872501373291","526","27.594","13.433","0","2.61306267093369","0.166884285730479","26.83738044",
"4/27/2001","66.5625","38.872501373291","526","29.459","12.289","0","3.4138234501507","0.160568802105078","27.49825944",
"4/28/2001","66.5625","38.872501373291","526","29.714","15.19","0","3.83981365423825","0.152815117596057","28.234858968",
"4/29/2001","66.5625","38.872501373291","526","29.437","14.171","0","3.16868161493853","0.142909986966924","27.1099125",
"4/30/2001","66.5625","38.872501373291","526","29.581","10.775","0","3.31074105399511","0.135862597481574","27.42806286",
"5/1/2001","66.5625","38.872501373291","526","27.862","13.817","0","3.1569884564082","0.203936416811532","22.115085912",
"5/2/2001","66.5625","38.872501373291","526","28.417","9.90100000000001","0","2.80296961918267","0.22648589344203","28.3972446",
"5/3/2001","66.5625","38.872501373291","526","30.741","14.399","0","3.21706670339378","0.157617689133933","27.920423448",
"5/4/2001","66.5625","38.872501373291","526","32.82","14.714","0","3.38456241178712","0.123997323406732","25.225254072",
"5/5/2001","66.5625","38.872501373291","526","34.263","18.787","0","3.05849383954955","0.159257962897019","26.697485088",
"5/6/2001","66.5625","38.872501373291","526","34.337","16.486","0","2.98944719713855","0.171010398972857","28.103679792",
"5/7/2001","66.5625","38.872501373291","526","33.139","16.452","0","3.88890265732174","0.178447967379731","19.59907338",
"5/8/2001","66.5625","38.872501373291","526","32.897","18.07","0","4.48744694277549","0.194117557049964","27.77164254",
"5/9/2001","66.5625","38.872501373291","526","34.115","20.808","0","4.94149022339865","0.138756349734994","26.31915234",
"5/10/2001","66.5625","38.872501373291","526","36.547","18.677","0","5.87864756935208","0.111075698719124","28.99406466",
"5/11/2001","66.5625","38.872501373291","526","34.44","16.434","0","3.61301145374764","0.107712717070814","29.281163688",
"5/12/2001","66.5625","38.872501373291","526","35.081","18.434","0","3.76028497449399","0.135675426582552","28.85428116",
"5/13/2001","66.5625","38.872501373291","526","33.257","18.251","0","3.90906807542334","0.147938127680366","29.8858689",
"5/14/2001","66.5625","38.872501373291","526","33.547","20.259","0","5.1867916771924","0.119689395635471","30.136126032",
"5/15/2001","66.5625","38.872501373291","526","35.656","20.23","0","5.17493965233747","0.106728782933462","30.396623832",
"5/16/2001","66.5625","38.872501373291","526","36.471","20.284","0","4.20686536523586","0.0777738868134928","30.6176238",
"5/17/2001","66.5625","38.872501373291","526","37.544","20.347","0","3.24541126739478","0.0620681230469986","30.79309428",
"5/18/2001","66.5625","38.872501373291","526","33.688","18.013","0","4.56140333612691","0.170949418017799","23.972905008",
"5/19/2001","66.5625","38.872501373291","526","29.109","14.892","0","4.19270593856633","0.288409989273742","29.18841048",
"5/20/2001","66.5625","38.872501373291","526","29.2","13.145","0","4.04708111950966","0.19188669121755","30.80513412",
"5/21/2001","66.5625","38.872501373291","526","29.344","14.052","0","2.99898671395975","0.156246296561915","30.0995316",
"5/22/2001","66.5625","38.872501373291","526","30.58","13.849","0","2.97079999723965","0.101934948177545","30.90662496",
"5/23/2001","66.5625","38.872501373291","526","31.672","14.182","0","4.33385926332411","0.157993204008105","26.19860328",
"5/24/2001","66.5625","38.872501373291","526","30.226","13.169","0","3.49325141599413","0.25056422866919","30.20338728",
"5/25/2001","66.5625","38.872501373291","526","32.157","15.797","0","3.13964356784443","0.208523741398125","30.72695904",
"5/26/2001","66.5625","38.872501373291","526","33.816","17.008","0","3.65403250586084","0.160358012522375","29.90739348",
"5/27/2001","66.5625","38.872501373291","526","33.789","19.768","0","4.52923527163529","0.161851313440075","28.05468732",
"5/28/2001","66.5625","38.872501373291","526","32.373","19.335","0","3.63154062084466","0.216877410203414","22.96214856",
"5/29/2001","66.5625","38.872501373291","526","32.834","15.906","0","2.97253323649403","0.235711423956074","30.54891924",
"5/30/2001","66.5625","38.872501373291","526","36.103","20.25","0","3.58470624488386","0.13275877783492","31.39083",
"5/31/2001","66.5625","38.872501373291","526","37.274","20.496","0","3.16879838953346","0.0811499474003039","30.97935864",
"6/1/2001","66.5625","38.872501373291","526","37.209","19.848","0","3.88958766364776","0.109079330172786","28.13208552",
"6/2/2001","66.5625","38.872501373291","526","29.935","17.061","0","4.07925156252736","0.169478853447557","31.11613668",
"6/3/2001","66.5625","38.872501373291","526","32.76","16.083","0","4.05210389868929","0.130315694740383","31.5170928",
"6/4/2001","66.5625","38.872501373291","526","32.71","15.948","0","3.44302048249966","0.130187293219351","31.61482272",
"6/5/2001","66.5625","38.872501373291","526","34.127","18.035","0","4.37959719190183","0.109834043482925","31.79183076",
"6/6/2001","66.5625","38.872501373291","526","34.287","19.914","0","4.22034078805968","0.116746155216498","31.61199456",
"6/7/2001","66.5625","38.872501373291","526","34.41","18.46","0","4.59853907199987","0.100994773180874","32.28197796",
"6/8/2001","66.5625","38.872501373291","526","36.199","19.064","0","3.98070586643515","0.0803889264871494","32.4992898",
"6/9/2001","66.5625","38.872501373291","526","36.788","20.648","0","3.82228420581336","0.0575658482715615","31.4716212",
"6/10/2001","66.5625","38.872501373291","526","36.648","22.077","0","4.63209892078441","0.081351085040188","31.14787284",
"6/11/2001","66.5625","38.872501373291","526","33.617","22.806","0","5.82283204661002","0.134191605058438","30.44728116",
"6/12/2001","66.5625","38.872501373291","526","34.624","21.454","0","4.45519393232388","0.167645893540664","29.1611862",
"6/13/2001","66.5625","38.872501373291","526","34.581","19.187","0","4.29487444211314","0.172486423521724","26.91409896",
"6/14/2001","66.5625","38.872501373291","526","32.895","22.113","0","3.80248654503363","0.206002093382904","24.67485396",
"6/15/2001","66.5625","38.872501373291","526","35.049","19.702","0","4.14079565563864","0.217679067794837","30.82151412",
"6/16/2001","66.5625","38.872501373291","526","33.438","20.55","0","5.7224422318573","0.185362900090685","30.81504996",
"6/17/2001","66.5625","38.872501373291","526","34.568","19.838","0","4.3709927413848","0.155570191730116","31.40151012",
"6/18/2001","66.5625","38.872501373291","526","35.309","20.953","0","3.58827680213944","0.117771983788658","32.00925132",
"6/19/2001","66.5625","38.872501373291","526","36.613","21.178","0","3.19088305624306","0.0827111133610764","31.86520704",
"6/20/2001","66.5625","38.872501373291","526","37.355","21.628","0","4.09449438199332","0.0968353302101839","31.2378588",
"6/21/2001","66.5625","38.872501373291","526","35.729","22.806","0","4.64316880943215","0.157826960165526","28.2420576",
"6/22/2001","66.5625","38.872501373291","526","32.287","20.06","0","5.39834727503503","0.21671746113407","29.82836124",
"6/23/2001","66.5625","38.872501373291","526","34.435","19.523","0","5.71151328663663","0.111183371832265","32.42776716",
"6/24/2001","66.5625","38.872501373291","526","36.106","21.035","0","3.88096996360607","0.0969593818385449","31.99277016",
"6/25/2001","66.5625","38.872501373291","526","37.463","21.5","0","4.59208637442491","0.0974665104464179","31.63438728",
"6/26/2001","66.5625","38.872501373291","526","38.345","22.893","0","4.27467939416398","0.085539178622302","31.7968434",
"6/27/2001","66.5625","38.872501373291","526","40.392","24.785","0","5.30667911775026","0.0746110424194075","31.15816416",
"6/28/2001","66.5625","38.872501373291","526","40.328","26.646","0","5.74876904527852","0.0986928033841162","31.13229348",
"6/29/2001","66.5625","38.872501373291","526","41.678","26.194","0","5.47416071897826","0.105955306499225","31.31922636",
"6/30/2001","66.5625","38.872501373291","526","41.779","23.911","0","3.84885721725392","0.101800200682","31.3134246",
"7/1/2001","66.5625","38.872501373291","526","36.306","22.425","0","4.78381918450738","0.146738171069695","31.12380504",
"7/2/2001","66.5625","38.872501373291","526","34.097","19.485","0","4.15261359626555","0.194885314308058","31.57421688",
"7/3/2001","66.5625","38.872501373291","526","33.674","19.652","0","4.39164413799851","0.173332876969237","30.36448044",
"7/4/2001","66.5625","38.872501373291","526","32.866","17.827","0","4.35306810533039","0.173667707515262","30.96961668",
"7/5/2001","66.5625","38.872501373291","526","32.699","17.311","0","3.92287869321202","0.16147562332779","31.6913526",
"7/6/2001","66.5625","38.872501373291","526","33.492","15.81","0","3.20362081678699","0.148937007430748","31.50745776",
"7/7/2001","66.5625","38.872501373291","526","34.731","15.714","0","3.26922499103126","0.12188520127415","31.41438048",
"7/8/2001","66.5625","38.872501373291","526","35.134","21.24","0","5.8879670750873","0.145279297139943","30.85076448",
"7/9/2001","66.5625","38.872501373291","526","36.628","20.587","0","3.96595514093637","0.119547127483592","31.63203144",
"7/10/2001","66.5625","38.872501373291","526","38.594","21.368","0","3.5780658196582","0.0857950589951429","31.32157464",
"7/11/2001","66.5625","38.872501373291","526","40.27","22.664","0","3.89025699840844","0.0774305962341114","30.8765682",
"7/12/2001","66.5625","38.872501373291","526","38.381","25.369","0","5.51561811345987","0.104933027267629","29.68553736",
"7/13/2001","66.5625","38.872501373291","526","36.672","23.641","0","5.3673598014185","0.112784576243727","29.70089892",
"7/14/2001","66.5625","38.872501373291","526","35.44","21.934","0","4.63491460589994","0.118750050586035","29.62996992",
"7/15/2001","66.5625","38.872501373291","526","33.562","19.014","0","4.99886862150433","0.132779448025667","31.010042448",
"7/16/2001","66.5625","38.872501373291","526","33.541","17.061","0","3.54995246017584","0.167213192155217","30.450488688",
"7/17/2001","66.5625","38.872501373291","526","33.003","16.419","0","2.84922937974281","0.212745655977766","27.38918754",
"7/18/2001","66.5625","38.872501373291","526","33.503","18.582","0","2.64059293288952","0.239094593369765","27.4328892",
"7/19/2001","66.5625","38.872501373291","526","35.849","22.043","0","4.96065809619031","0.241050669932855","29.082994272",
"7/20/2001","66.5625","38.872501373291","526","33.371","18.547","0","2.95406603499049","0.334123973613395","28.3550094",
"7/21/2001","66.5625","38.872501373291","526","33.021","18.863","0","3.92454126481436","0.202917757312379","30.27915306",
"7/22/2001","66.5625","38.872501373291","526","33.612","15.788","0","3.23198750256423","0.213084351838037","29.739539088",
"7/23/2001","66.5625","38.872501373291","526","33.938","15.963","0","2.82266838310112","0.266239428429891","28.9441161",
"7/24/2001","66.5625","38.872501373291","526","34.298","18.495","0","3.81706710243639","0.252228708204593","29.2939335",
"7/25/2001","66.5625","38.872501373291","526","36.379","20.538","0","4.21449688606009","0.200308354129992","29.546889768",
"7/26/2001","66.5625","38.872501373291","526","37.126","21.814","0","4.24427628622261","0.160495079201135","29.5261857",
"7/27/2001","66.5625","38.872501373291","526","36.87","22.171","0","4.75433125289401","0.171683649479224","29.200109472",
"7/28/2001","66.5625","38.872501373291","526","32.613","20.885","0","5.49162685883251","0.199716347892524","29.013535512",
"7/29/2001","66.5625","38.872501373291","526","29.325","16.396","0","5.91215754794312","0.167343150476927","30.0343464",
"7/30/2001","66.5625","38.872501373291","526","30.246","14.916","0","4.59405871091619","0.201490950177043","29.75670162",
"7/31/2001","66.5625","38.872501373291","526","32.27","16.866","0","3.76550902931178","0.151990497387973","29.432752488",
"8/1/2001","66.5625","38.872501373291","526","33.952","16.935","0","3.25066812068644","0.11791277952098","29.749160808",
"8/2/2001","66.5625","38.872501373291","526","35.437","16.759","0","2.9903015888238","0.107114010321885","29.47465854",
"8/3/2001","66.5625","38.872501373291","526","35.696","17.65","0","3.2628953277738","0.133945077750732","29.05689114",
"8/4/2001","66.5625","38.872501373291","526","37.225","19.352","0","3.67864277967725","0.160172296356195","28.337743152",
"8/5/2001","66.5625","38.872501373291","526","37.242","21.745","0","4.66490851480647","0.165825097492448","28.358323632",
"8/6/2001","66.5625","38.872501373291","526","33.536","19.459","0","4.41502388038898","0.185372606417833","28.704829608",
"8/7/2001","66.5625","38.872501373291","526","35.173","17.627","0","3.56611192680876","0.146320058556828","28.72536174",
"8/8/2001","66.5625","38.872501373291","526","34.11","16.91","0","4.12099036244847","0.145825147768387","28.44056286",
"8/9/2001","66.5625","38.872501373291","526","34.63","17.013","0","3.40081675765383","0.176273385247507","28.20993966",
"8/10/2001","66.5625","38.872501373291","526","34.813","15.837","0","3.07957602218456","0.150252367958305","27.95686443",
"8/11/2001","66.5625","38.872501373291","526","34.488","18.783","0","3.6293284111044","0.133479767244981","27.64934721",
"8/12/2001","66.5625","38.872501373291","526","33.774","18.414","0","4.25205741389664","0.198199680878329","26.98785468",
"8/13/2001","66.5625","38.872501373291","526","29.725","15.967","0","3.15840717078715","0.274613690481389","24.51329613",
"8/14/2001","66.5625","38.872501373291","526","29.501","17.328","0","3.77562962589229","0.331497540428012","24.65792136",
"8/15/2001","66.5625","38.872501373291","526","30.942","15.864","0","3.44051739003522","0.30031831063854","25.3968732",
"8/16/2001","66.5625","38.872501373291","526","32.226","17.435","0","3.57886581415612","0.25685056110389","26.78157432",
"8/17/2001","66.5625","38.872501373291","526","33.368","15.169","0","3.51793039850999","0.220133057625667","27.08038296",
"8/18/2001","66.5625","38.872501373291","526","31.947","17.879","0","3.93017741393664","0.167874519279279","26.45921016",
"8/19/2001","66.5625","38.872501373291","526","31.913","14.699","0","3.87634758681325","0.206024282203105","27.05124096",
"8/20/2001","66.5625","38.872501373291","526","33.25","15.962","0","3.33696767591148","0.176004840314279","27.00022392",
"8/21/2001","66.5625","38.872501373291","526","33.835","15.181","0","2.94345303566104","0.15248611505879","26.99471232",
"8/22/2001","66.5625","38.872501373291","526","34.209","14.038","0","3.32530373198757","0.134386327374118","26.67167244",
"8/23/2001","66.5625","38.872501373291","526","34.297","17.892","0","3.88664434920202","0.141877233810632","26.01287496",
"8/24/2001","66.5625","38.872501373291","526","34.371","19.137","0","3.32054317493022","0.199230468965735","25.68937608",
"8/25/2001","66.5625","38.872501373291","526","34.906","19.448","0","3.58571825233136","0.170968316213345","25.04716704",
"8/26/2001","66.5625","38.872501373291","526","30.15","18.167","0.0171661392","2.24359422585022","0.259796490806578","19.31157684",
"8/27/2001","66.5625","38.872501373291","526","32.684","14.325","0","2.23709051162081","0.252029969786734","24.99581736",
"8/28/2001","66.5625","38.872501373291","526","28.917","17.372","1.172447136","2.53603926847209","0.314314182455263","19.119661272",
"8/29/2001","66.5625","38.872501373291","526","29.486","12.975","0","2.91461545815108","0.257711552214302","25.24348548",
"8/30/2001","66.5625","38.872501373291","526","30.756","13.455","0","3.34208578438147","0.163267867052439","25.25529672",
"8/31/2001","66.5625","38.872501373291","526","33.563","17.505","0","3.34732631012999","0.109809132764908","25.0634268",
"9/1/2001","66.5625","38.872501373291","526","36.551","18.806","0","3.68797261143302","0.112474065427948","23.86265184",
"9/2/2001","66.5625","38.872501373291","526","33.53","20.717","0","4.68873502030874","0.174143356460385","24.10475724",
"9/3/2001","66.5625","38.872501373291","526","31.495","16.832","0","3.58154392038038","0.211350808909893","24.40704528",
"9/4/2001","66.5625","38.872501373291","526","30.719","11.431","0","2.79615053251812","0.189012651835367","25.06590252",
"9/5/2001","66.5625","38.872501373291","526","31.666","13.682","0","2.7930356914062","0.11784918572033","25.10848008",
"9/6/2001","66.5625","38.872501373291","526","32.393","13.984","0","2.78929393627093","0.143031003504397","22.6376982",
"9/7/2001","66.5625","38.872501373291","526","32.386","13.601","0","3.01914734303556","0.16351614640239","24.1909884",
"9/8/2001","66.5625","38.872501373291","526","35.322","16.814","0","3.15797745021825","0.127341212712323","23.53786524",
"9/9/2001","66.5625","38.872501373291","526","33.882","16.806","0","3.02188445020163","0.148355714716599","23.5850094",
"9/10/2001","66.5625","38.872501373291","526","30.794","10.997","0","2.33551279524642","0.201328383999895","23.8235076",
"9/11/2001","66.5625","38.872501373291","526","30.662","11.268","0","2.65553298993509","0.187541860475917","23.4413982",
"9/12/2001","66.5625","38.872501373291","526","26.795","9.19600000000003","0","3.00450083526683","0.219746129846201","23.38621848",
"9/13/2001","66.5625","38.872501373291","526","26.278","12.165","0","4.03983289445311","0.225881898441093","23.41073376",
"9/14/2001","66.5625","38.872501373291","526","25.775","9.13400000000001","0","3.14055062711022","0.209966673044651","23.32620072",
"9/15/2001","66.5625","38.872501373291","526","26.528","10.881","0","3.06895743763792","0.127864552071645","23.40168588",
"9/16/2001","66.5625","38.872501373291","526","27.044","7.88799999999998","0","2.61354559756805","0.108641148718156","23.20199388",
"9/17/2001","66.5625","38.872501373291","526","27.572","12.228","0","2.96552800766203","0.0934715389663058","22.19973804",
"9/18/2001","66.5625","38.872501373291","526","25.138","10.145","0","3.21526637859828","0.180939113621611","21.84705576",
"9/19/2001","66.5625","38.872501373291","526","20.197","5.02999999999997","0","2.87139229756054","0.264293570129692","22.108555368",
"9/20/2001","66.5625","38.872501373291","526","19.53","2.20699999999999","0","2.71758274132658","0.243953654988537","22.231798128",
"9/21/2001","66.5625","38.872501373291","526","22.227","3.40600000000001","0","2.434191037509","0.205708610164853","21.93198624",
"9/22/2001","66.5625","38.872501373291","526","22.103","4.33499999999998","0","2.19139447249015","0.192709091840206","21.495715128",
"9/23/2001","66.5625","38.872501373291","526","22.686","3.892","0","2.37867164747356","0.167625267748959","21.88119942",
"9/24/2001","66.5625","38.872501373291","526","24.617","7.19799999999998","0","2.68728867178379","0.0957214603075964","21.46140162",
"9/25/2001","66.5625","38.872501373291","526","24.907","10.02","0","2.71606219157894","0.135489672598941","20.02426938",
"9/26/2001","66.5625","38.872501373291","526","26.466","9.60000000000002","0","2.65418897034682","0.180038557007576","20.5873281",
"9/27/2001","66.5625","38.872501373291","526","29.546","15.192","0","3.42194633029473","0.142454150878407","20.4588045",
"9/28/2001","66.5625","38.872501373291","526","30.204","12.401","0","2.99993383119352","0.15877536951498","19.906254648",
"9/29/2001","66.5625","38.872501373291","526","30.423","12.538","0","3.17573755537755","0.194326229649271","19.740258288",
"9/30/2001","66.5625","38.872501373291","526","30.685","11.932","0","2.8731013884797","0.19883804437858","20.022022152",
"10/1/2001","66.5625","38.872501373291","526","31.043","15.156","0","2.98172060488153","0.0921373376716995","20.05346412",
"10/2/2001","66.5625","38.872501373291","526","26.904","10.324","0","3.75223187428512","0.217236052640817","19.401801912",
"10/3/2001","66.5625","38.872501373291","526","21.398","8.779","0","2.43653527169564","0.421004603662816","18.09787158",
"10/4/2001","66.5625","38.872501373291","526","20.998","5.84500000000003","0","2.2353494144198","0.330064219575056","18.84583404",
"10/5/2001","66.5625","38.872501373291","526","21.349","7.505","0","2.88446242143624","0.195938927636653","18.61210872",
"10/6/2001","66.5625","38.872501373291","526","24.864","7.49000000000001","0","2.48906451611869","0.289137109311521","18.41489586",
"10/7/2001","66.5625","38.872501373291","526","30.378","15.325","0","3.57734850190666","0.163787912761227","18.67950054",
"10/8/2001","66.5625","38.872501373291","526","27.621","9.90699999999998","0","2.47121043829784","0.233603026603393","18.0396558",
"10/9/2001","66.5625","38.872501373291","526","19.113","6.90499999999997","0","2.20695706592887","0.420259289144667","17.54409402",
"10/10/2001","66.5625","38.872501373291","526","13.86","1.57600000000002","0","3.14650615423378","0.331822281978749","18.21938256",
"10/11/2001","66.5625","38.872501373291","526","16.36","1.06","0","3.08064419455085","0.202148219430544","18.47682846",
"10/12/2001","66.5625","38.872501373291","526","21.383","3.68299999999999","0","2.78116285643741","0.0967469238047938","18.42469092",
"10/13/2001","66.5625","38.872501373291","526","22.895","5.15199999999999","0","2.82740416928484","0.0914811657677754","17.89616394",
"10/14/2001","66.5625","38.872501373291","526","24.54","10.988","0","3.65135581184499","0.0841222045701609","16.8083973",
"10/15/2001","66.5625","38.872501373291","526","23.506","8.08600000000001","0","1.89598503368192","0.218892567759923","16.29933948",
"10/16/2001","66.5625","38.872501373291","526","26.68","11.517","0","4.19526779292433","0.169540736041799","16.59762666",
"10/17/2001","66.5625","38.872501373291","526","18.599","9.43700000000001","0.4291536888","2.12060335671445","0.496199334960398","9.123356052",
"10/18/2001","66.5625","38.872501373291","526","18.785","4.15800000000002","0","1.9917489726517","0.454897377625901","15.61944834",
"10/19/2001","66.5625","38.872501373291","526","23.464","9.94400000000002","0.08068086","2.5708014677463","0.372514652776725","13.04027262",
"10/20/2001","66.5625","38.872501373291","526","22.89","11.573","0","2.78807367473363","0.470957767905409","14.49815544",
"10/21/2001","66.5625","38.872501373291","526","22.559","8.74700000000001","0","2.33238526329226","0.464828585671363","15.286212",
"10/22/2001","66.5625","38.872501373291","526","25.329","12.849","0","2.73880252483903","0.317501752790066","14.81529096",
"10/23/2001","66.5625","38.872501373291","526","20.204","10.668","0.4875182424","3.23131383040888","0.43190438394301","8.19259164",
"10/24/2001","66.5625","38.872501373291","526","22.367","6.83300000000003","0","2.26177187940958","0.456047761621138","15.35107554",
"10/25/2001","66.5625","38.872501373291","526","28.827","14.837","0","5.93661567721651","0.216713393002202","15.029778132",
"10/26/2001","66.5625","38.872501373291","526","28.765","13.33","0.0102996864","3.19319441370514","0.214944061833741","14.8640634",
"10/27/2001","66.5625","38.872501373291","526","15.529","6.67000000000002","0.0240326064","3.80352812396209","0.584755412891614","14.2971723",
"10/28/2001","66.5625","38.872501373291","526","14.436","5.26600000000002","0.0102996792","2.74075682642396","0.496114998587115","14.22646128",
"10/29/2001","66.5625","38.872501373291","526","16.968","1.84199999999998","0","1.95569616882577","0.443334394496129","14.48358408",
"10/30/2001","66.5625","38.872501373291","526","18.296","6.59800000000001","0.072097812","2.01564728434568","0.413841267835199","13.52525508",
"10/31/2001","66.5625","38.872501373291","526","18.196","7.19099999999997","0","2.76395197686918","0.472163665635088","10.50232356",
"11/1/2001","66.5625","38.872501373291","526","18.8","7.19400000000002","0","2.40598392851076","0.554844838068205","12.70856142",
"11/2/2001","66.5625","38.872501373291","526","11.537","3.66500000000002","5.11207452","1.88355471911335","0.802716002464664","3.776619708",
"11/3/2001","66.5625","38.872501373291","526","12.68","1.58999999999997","0","1.90628275003027","0.586883099549609","13.58561862",
"11/4/2001","66.5625","38.872501373291","526","16.206","3.95800000000003","0","2.42790456629052","0.253582256324632","13.000052088",
"11/5/2001","66.5625","38.872501373291","526","16.416","6.315","0","2.76125355356881","0.324541163507746","13.588366788",
"11/6/2001","66.5625","38.872501373291","526","16.846","4.16500000000002","0","2.21836486618121","0.328832507456987","13.486558428",
"11/7/2001","66.5625","38.872501373291","526","20.303","8.524","0","4.66293597117511","0.246247010306291","13.40274924",
"11/8/2001","66.5625","38.872501373291","526","21.545","9.31799999999998","0.130462488","3.52562160624381","0.277866740206768","11.176026948",
"11/9/2001","66.5625","38.872501373291","526","14.448","6.76900000000001","0.0446319576","1.89044977002498","0.52207059265425","8.388117",
"11/10/2001","66.5625","38.872501373291","526","15.34","4.18400000000003","0","2.14456962812488","0.61745870209251","12.358519668",
"11/11/2001","66.5625","38.872501373291","526","16.493","4.471","0","2.65062243522447","0.512879170191219","12.70445652",
"11/12/2001","66.5625","38.872501373291","526","20.773","8.54199999999997","0","3.51743391270553","0.29655367867442","12.436586712",
"11/13/2001","66.5625","38.872501373291","526","23.885","10.431","0","2.25098076940699","0.22257253710282","11.31395652",
"11/14/2001","66.5625","38.872501373291","526","21.119","7.27699999999999","0.0137328984","1.79472060773431","0.302880883265141","12.2126085",
"11/15/2001","66.5625","38.872501373291","526","17.603","6.35599999999999","0","2.2061269475727","0.467667656671998","11.95644168",
"11/16/2001","66.5625","38.872501373291","526","22.156","10.143","0","4.1662844834762","0.352315716461359","12.100607568",
"11/17/2001","66.5625","38.872501373291","526","24.741","14.109","0","4.81573951415387","0.147984260989637","12.229816932",
"11/18/2001","66.5625","38.872501373291","526","25.486","14.562","0","4.66553321445385","0.126040152170688","11.567701368",
"11/19/2001","66.5625","38.872501373291","526","24.345","14.04","0","3.76833266665588","0.149965957935049","11.73291012",
"11/20/2001","66.5625","38.872501373291","526","13.545","2.77699999999999","3.800585592","2.58861496405731","0.782219543771475","4.007646",
"11/21/2001","66.5625","38.872501373291","526","14.893","1.423","0","2.18108059653903","0.577988471438962","11.653761348",
"11/22/2001","66.5625","38.872501373291","526","20.592","9.03800000000001","0","5.00813251364939","0.213763620086747","11.70844218",
"11/23/2001","66.5625","38.872501373291","526","20.566","8.73899999999998","0","3.28096558328187","0.16948650552502","11.326388868",
"11/24/2001","66.5625","38.872501373291","526","14.892","4.399","0","1.87161724846991","0.346892899386408","11.310133158",
"11/25/2001","66.5625","38.872501373291","526","12.518","3.42700000000002","0","2.01065252065125","0.442683853113911","8.26110045",
"11/26/2001","66.5625","38.872501373291","526","12.463","1.78800000000001","0","2.05600246039564","0.526049117029189","11.16657855",
"11/27/2001","66.5625","38.872501373291","526","13.819","0.692999999999984","0","1.70291929267308","0.408332092404115","11.12709222",
"11/28/2001","66.5625","38.872501373291","526","14.829","3.38900000000001","0","1.37852393656754","0.367001564987058","10.68418215",
"11/29/2001","66.5625","38.872501373291","526","8.79000000000002","2.47399999999999","0.3862381824","1.97982516947481","0.640842803775399","9.11210769",
"11/30/2001","66.5625","38.872501373291","526","8.642","1.50599999999997","0.339889572","1.80496811276517","0.633466107843446","6.97899348",
"12/1/2001","66.5625","38.872501373291","526","8.86200000000002","0.14100000000002","0","1.20459982403982","0.65132041308819","9.9834723",
"12/2/2001","66.5625","38.872501373291","526","7.29700000000003","1.166","0.0240325848","1.45580716353807","0.630105626284089","7.4040165",
"12/3/2001","66.5625","38.872501373291","526","3.07400000000001","-3.67000000000002","0","1.78968849169181","0.554887398830396","8.27662617",
"12/4/2001","66.5625","38.872501373291","526","5.79399999999998","-4.96899999999999","0","1.60137964356974","0.627860794041048","10.83954195",
"12/5/2001","66.5625","38.872501373291","526","12.286","-0.653999999999996","0","2.64262096336067","0.463131243248076","10.2233817",
"12/6/2001","66.5625","38.872501373291","526","12.152","4.51499999999999","2.1783833712","3.95407572327489","0.538718121452329","3.54380895",
"12/7/2001","66.5625","38.872501373291","526","11.481","2.57400000000001","0","2.0157303851539","0.749681637370336","10.13630607",
"12/8/2001","66.5625","38.872501373291","526","11.373","1.142","0","1.48067749021349","0.687541460229038","10.1606589",
"12/9/2001","66.5625","38.872501373291","526","10.129","1.58300000000003","0.0102996792","2.27039568404735","0.61787604266243","9.26302563",
"12/10/2001","66.5625","38.872501373291","526","5.35199999999998","-3.185","0","2.28130933032801","0.506583824017344","10.67236335",
"12/11/2001","66.5625","38.872501373291","526","6.21100000000001","-5.03399999999999","0","1.93447166864469","0.556357702749898","10.53427572",
"12/12/2001","66.5625","38.872501373291","526","11.786","0.0830000000000268","0.5561829","3.13247403473557","0.457115988725377","9.9324594",
"12/13/2001","66.5625","38.872501373291","526","9.10899999999998","3.50599999999997","0.86860692","2.73052483114804","0.698095160591516","6.95447055",
"12/14/2001","66.5625","38.872501373291","526","11.02","2.01499999999999","0","2.71783349150743","0.572341781850197","10.22198067",
"12/15/2001","66.5625","38.872501373291","526","12.685","3.87200000000001","0","3.17414738884226","0.459299266346951","8.35559622",
"12/16/2001","66.5625","38.872501373291","526","9.22399999999999","6.33699999999999","2.6899284816","3.46038556833254","0.631320756071641","2.71029222",
"12/17/2001","66.5625","38.872501373291","526","9.065","3.12200000000001","10.10055348","3.32128089464345","0.759438851154903","3.17542464",
"12/18/2001","66.5625","38.872501373291","526","10.521","0.783000000000015","0.082397448","4.41157083418034","0.65350122534049","10.23091947",
"12/19/2001","66.5625","38.872501373291","526","15.684","6.13299999999998","0","7.65472716642885","0.264079891567801","10.42357113",
"12/20/2001","66.5625","38.872501373291","526","17.844","10.412","0","7.29104189348404","0.204146228674376","8.70052473",
"12/21/2001","66.5625","38.872501373291","526","16.124","5.69","3.4821490968","4.16859208883955","0.462057516767233","3.10612446",
"12/22/2001","66.5625","38.872501373291","526","5.52999999999997","1.83300000000003","6.0390487584","2.64048630071186","0.83886606979438","6.38876223",
"12/23/2001","66.5625","38.872501373291","526","9.63299999999998","0.910000000000025","0.068664492","1.82333823961813","0.731510353582845","9.73124883",
"12/24/2001","66.5625","38.872501373291","526","11.993","1.60899999999998","0","1.46254057136288","0.563428119451082","9.90979452",
"12/25/2001","66.5625","38.872501373291","526","14.026","4.803","0","2.91090982459549","0.478286989581637","9.26015454",
"12/26/2001","66.5625","38.872501373291","526","15.637","6.23700000000002","0","3.65559546261625","0.384550994144708","9.988031952",
"12/27/2001","66.5625","38.872501373291","526","17.599","9.09100000000001","0","5.48225727332724","0.309125819790324","10.002660048",
"12/28/2001","66.5625","38.872501373291","526","14.724","6.202","0.1029968064","2.27546852556835","0.442892573243611","6.96312918",
"12/29/2001","66.5625","38.872501373291","526","16.525","7.82600000000002","0","4.42765766035108","0.453020091287107","10.036350432",
"12/30/2001","66.5625","38.872501373291","526","18.74","10.245","0","6.15713935593101","0.346157576693519","9.665829432",
"12/31/2001","66.5625","38.872501373291","526","15.122","8.31400000000002","1.7045955144","3.22203719281121","0.441644008717447","6.97854411",
"1/1/2002","66.5625","38.872501373291","526","15.918","6.31200000000001","0","3.97606072171443","0.430065688520455","10.296565632",
"1/2/2002","66.5625","38.872501373291","526","19.537","10.265","0","4.70335873862898","0.355572137024812","9.899884512",
"1/3/2002","66.5625","38.872501373291","526","19.33","9.62400000000002","0","2.45213512647474","0.327803913182368","9.478294524",
"1/4/2002","66.5625","38.872501373291","526","18.433","7.05799999999999","0","3.01715411288715","0.368177479586134","9.507376152",
"1/5/2002","66.5625","38.872501373291","526","14.189","9.05599999999998","0.0308990664","2.86829914496681","0.429154743438617","9.789297984",
"1/6/2002","66.5625","38.872501373291","526","15.661","4.06099999999998","0","3.20883295402978","0.515156223263912","9.777097944",
"1/7/2002","66.5625","38.872501373291","526","18.334","9.27600000000001","0","6.04061545941076","0.370513032007989","10.391736348",
"1/8/2002","66.5625","38.872501373291","526","21.595","13.153","0","6.77776173187703","0.208142168245331","10.193122548",
"1/9/2002","66.5625","38.872501373291","526","15.162","6.34199999999998","13.2762944664","2.12516545780957","0.634072867613248","1.94698125",
"1/10/2002","66.5625","38.872501373291","526","9.03199999999998","1.74400000000003","0.5252840208","1.48512141988505","0.814038569008292","7.502681268",
"1/11/2002","66.5625","38.872501373291","526","9.55900000000003","1.54199999999997","4.3687803888","1.98284263427676","0.805779145161994","7.04041875",
"1/12/2002","66.5625","38.872501373291","526","5.59300000000002","2.06099999999998","5.7249074448","1.97414775300618","0.832225207489871","3.5174808",
"1/13/2002","66.5625","38.872501373291","526","1.65100000000001","-3.60399999999999","1.709747136","2.80365826569033","0.825882110934546","7.2938772",
"1/14/2002","66.5625","38.872501373291","526","1.20299999999997","-5.73000000000002","0.0068664528","1.5724013231643","0.738939143694121","10.21308678",
"1/15/2002","66.5625","38.872501373291","526","0.333000000000027","-5.423","0.4549028904","1.96898195988785","0.80052551362984","7.77144168",
"1/16/2002","66.5625","38.872501373291","526","2.18700000000001","-5.928","0","2.38862668369403","0.719852333255606","11.45149488",
"1/17/2002","66.5625","38.872501373291","526","2.15199999999999","-5.68099999999998","0","1.93293352586988","0.665612653850197","11.38342104",
"1/18/2002","66.5625","38.872501373291","526","3.78399999999999","-5.56","0","1.99791984050109","0.611389438075166","11.710187028",
"1/19/2002","66.5625","38.872501373291","526","4.101","-5.995","0","1.61851807241255","0.660460735296005","11.823301908",
"1/20/2002","66.5625","38.872501373291","526","7.00400000000002","-2.81900000000002","0","2.78928169031379","0.425845260119134","11.933271612",
"1/21/2002","66.5625","38.872501373291","526","7.20999999999998","-2.63200000000001","0","2.76428636373501","0.383534773922517","11.87640378",
"1/22/2002","66.5625","38.872501373291","526","8.87099999999998","-0.321000000000026","0.017166132","2.5510313593109","0.421862892386156","11.615118228",
"1/23/2002","66.5625","38.872501373291","526","8.16000000000003","-0.26600000000002","0.0617981184","2.78129913964797","0.53440809968365","10.90777374",
"1/24/2002","66.5625","38.872501373291","526","7.28500000000003","-1","0.0274658328","1.85127419819998","0.728283162396827","11.64988224",
"1/25/2002","66.5625","38.872501373291","526","4.20400000000001","-3.584","0","1.43530210110787","0.73835746660997","12.33848988",
"1/26/2002","66.5625","38.872501373291","526","3.80799999999999","-5.12599999999998","0","1.63909296157333","0.644046515281607","12.29990238",
"1/27/2002","66.5625","38.872501373291","526","5.47699999999998","-4.13600000000002","0","2.38826116086329","0.557399694969832","12.53666394",
"1/28/2002","66.5625","38.872501373291","526","7.20999999999998","-3.86500000000001","0","2.08065350926863","0.548827315190906","12.694614732",
"1/29/2002","66.5625","38.872501373291","526","13.1","1.25900000000001","0","4.11292813775064","0.396138545480694","13.160754468",
"1/30/2002","66.5625","38.872501373291","526","12.737","4.01600000000002","0.2368927944","2.8486811450524","0.417031268393167","12.34259946",
"1/31/2002","66.5625","38.872501373291","526","8.81999999999999","4.11700000000002","1.9947056544","2.43604160487366","0.633197833294041","6.11173332",
"2/1/2002","66.5625","38.872501373291","526","6.23099999999999","1.14299999999997","15.8185885608","4.62930125396282","0.839860191737733","2.441924712",
"2/2/2002","66.5625","38.872501373291","526","5.13","-1.19299999999998","6.6844896984","5.03258911207075","0.751304668032865","8.874793404",
"2/3/2002","66.5625","38.872501373291","526","9.14699999999999","2.44600000000003","0.7295608944","3.3396966364944","0.639244208005245","11.792301516",
"2/4/2002","66.5625","38.872501373291","526","3.26499999999999","-3.779","7.8535062","2.56905165320766","0.887761538121628","3.0150585",
"2/5/2002","66.5625","38.872501373291","526","3.637","-6.08300000000003","0.736427304","3.64898050571641","0.628734697520935","11.444848848",
"2/6/2002","66.5625","38.872501373291","526","0.0779999999999745","-4.57799999999997","4.34303316","3.4219966501021","0.807522290653911","9.091516644",
"2/7/2002","66.5625","38.872501373291","526","3.471","-5.34500000000003","0","2.47443531961777","0.684137493206581","14.0441103",
"2/8/2002","66.5625","38.872501373291","526","5.77800000000002","-3.49900000000002","0","1.97767709090746","0.559444909960111","14.47593786",
"2/9/2002","66.5625","38.872501373291","526","8.50700000000001","-1.69400000000002","0","2.30184362294423","0.414343472286343","14.64198462",
"2/10/2002","66.5625","38.872501373291","526","11.757","0.547000000000025","0","4.32902602987313","0.4134674290457","14.88222918",
"2/11/2002","66.5625","38.872501373291","526","9.983","3.24000000000001","3.278733732","5.16141904450549","0.519326758983672","7.576929396",
"2/12/2002","66.5625","38.872501373291","526","10.794","1.05399999999997","0.0343322856","5.21152797083077","0.637091560027957","15.09473988",
"2/13/2002","66.5625","38.872501373291","526","16.161","7.07999999999998","0","6.36339102754238","0.397812265921301","14.519640888",
"2/14/2002","66.5625","38.872501373291","526","16.477","9.66300000000001","4.4769301128","6.85833149495042","0.494753381003707","7.5426183",
"2/15/2002","66.5625","38.872501373291","526","12.742","6.89699999999999","1.28059326","3.31342812302845","0.750966739667196","6.06470598",
"2/16/2002","66.5625","38.872501373291","526","16.228","5.721","0.1647950544","2.73275208913493","0.636317459749686","14.210552772",
"2/17/2002","66.5625","38.872501373291","526","8.94499999999999","-0.249000000000024","10.45589688","3.83189516659234","0.836828114424369","9.34194042",
"2/18/2002","66.5625","38.872501373291","526","8.85000000000002","-1.45800000000003","0","1.49771655391296","0.757817209152633","15.61674924",
"2/19/2002","66.5625","38.872501373291","526","3.618","-0.0600000000000023","1.0316855448","2.11772225683906","0.835327640411886","8.56029276",
"2/20/2002","66.5625","38.872501373291","526","11.163","-0.716999999999985","0","2.09516530496085","0.583147445191397","16.19268228",
"2/21/2002","66.5625","38.872501373291","526","16.405","4.10500000000002","0.49953492","2.83248997449893","0.490538298989995","15.50289186",
"2/22/2002","66.5625","38.872501373291","526","11.704","3.41699999999997","0.0823974408","2.16305399417218","0.652677451935217","13.05118458",
"2/23/2002","66.5625","38.872501373291","526","12.484","1.22000000000003","0","3.51344163631279","0.590687698242641","15.2415603",
"2/24/2002","66.5625","38.872501373291","526","16.281","6.69499999999999","0.0308990304","4.40898603374833","0.429415092418197","16.58981196",
"2/25/2002","66.5625","38.872501373291","526","16.496","6.82999999999998","0.37593864","4.494596083667","0.448659234099802","16.652024568",
"2/26/2002","66.5625","38.872501373291","526","15.535","10.016","0","5.8162280321352","0.436486830212818","11.50425126",
"2/27/2002","66.5625","38.872501373291","526","19.828","10.439","0.3690719352","6.74683822096549","0.484656424184489","17.199166248",
"2/28/2002","66.5625","38.872501373291","526","14.985","5.22500000000002","7.3522604664","3.63722134285368","0.630677847364997","13.042127304",
"3/1/2002","66.5625","38.872501373291","526","7.78100000000001","-0.244000000000028","0.154495404","2.54856984619446","0.763739309951266","12.15517608",
"3/2/2002","66.5625","38.872501373291","526","12.043","0.862000000000023","0","2.64860146999263","0.621565664192521","17.71700796",
"3/3/2002","66.5625","38.872501373291","526","15.124","4.04000000000002","0","2.89387234266682","0.43013875517135","17.974467",
"3/4/2002","66.5625","38.872501373291","526","18.875","6.03699999999998","0","4.21562310863194","0.36353516570359","18.54922392",
"3/5/2002","66.5625","38.872501373291","526","21.951","10.237","0","5.22516330547181","0.235057001814418","18.7297902",
"3/6/2002","66.5625","38.872501373291","526","18.408","4.29899999999998","0.0137328984","5.07931443924044","0.348742162462855","17.89925544",
"3/7/2002","66.5625","38.872501373291","526","3.51900000000001","-3.55200000000002","9.22164804","3.99437729669503","0.877480935939503","8.131444632",
"3/8/2002","66.5625","38.872501373291","526","10.32","-3.19499999999999","0","2.52794999632554","0.561676308915783","19.379133",
"3/9/2002","66.5625","38.872501373291","526","15.864","2.553","0","3.80501276553075","0.350155360452721","19.86817284",
"3/10/2002","66.5625","38.872501373291","526","16.621","1.24599999999998","0.4291530264","6.21876103594771","0.414767168466496","19.29565944",
"3/11/2002","66.5625","38.872501373291","526","2.77100000000002","-2.28800000000001","1.8779755464","3.62487453815616","0.577681911585692","20.02601196",
"3/12/2002","66.5625","38.872501373291","526","8.86700000000002","-1.53300000000002","0","3.43626356738324","0.493954630024521","19.01384712",
"3/13/2002","66.5625","38.872501373291","526","14.912","-0.709000000000003","0","1.70875633059764","0.392647969421102","18.36466812",
"3/14/2002","66.5625","38.872501373291","526","17.27","2.55900000000003","0","2.30167213642411","0.387517120501374","20.04119604",
"3/15/2002","66.5625","38.872501373291","526","22.186","9.27600000000001","0","4.60026080673932","0.297156501741369","20.25523341",
"3/16/2002","66.5625","38.872501373291","526","24.808","14.033","0","4.7989591532558","0.299206332205499","18.78901416",
"3/17/2002","66.5625","38.872501373291","526","22.261","12.114","0.0274658256","2.70199032372468","0.345478409642511","16.11320229",
"3/18/2002","66.5625","38.872501373291","526","21.215","10.606","0.0841140792","3.62074994153134","0.430638286156609","19.23913278",
"3/19/2002","66.5625","38.872501373291","526","27.385","14.414","0","2.67891757667637","0.339893152369886","17.07795324",
"3/20/2002","66.5625","38.872501373291","526","23.123","14.645","0.157928544","3.47255179927482","0.337132802172485","16.011731898",
"3/21/2002","66.5625","38.872501373291","526","23.601","13.144","0.044631972","7.03357223601059","0.439048383004909","20.085751512",
"3/22/2002","66.5625","38.872501373291","526","16.844","10.946","21.63448368","5.00450616956618","0.716233104633866","3.72763224",
"3/23/2002","66.5625","38.872501373291","526","18.273","10.254","5.1618573864","4.11265029732659","0.67983808344978","11.143970028",
"3/24/2002","66.5625","38.872501373291","526","13.057","7.57400000000001","10.26362952","2.62752613424022","0.828908542490319","11.16197433",
"3/25/2002","66.5625","38.872501373291","526","18.348","6.637","0","3.74296384909235","0.549462161569107","21.72802032",
"3/26/2002","66.5625","38.872501373291","526","22.255","10.096","0","4.06771127139964","0.347429264202328","22.366632312",
"3/27/2002","66.5625","38.872501373291","526","24.79","11.902","0","3.89696337461154","0.290109609339969","22.93137972",
"3/28/2002","66.5625","38.872501373291","526","28.229","14.841","0","5.02713339375848","0.205568693241461","22.906183608",
"3/29/2002","66.5625","38.872501373291","526","25.628","17.263","0.161361576","7.79498289066534","0.229924542740809","11.46622374",
"3/30/2002","66.5625","38.872501373291","526","17.021","5.23899999999998","3.4521159888","2.98682094496307","0.663404573108544","5.08780566",
"3/31/2002","66.5625","38.872501373291","526","11.684","3.80399999999997","0.4789356192","2.07619273387354","0.682159471801865","13.390423272",
"4/1/2002","66.5625","38.872501373291","526","14.901","2.32999999999998","0","2.50681962480654","0.447779245276457","23.8398786",
"4/2/2002","66.5625","38.872501373291","526","18.454","5.00799999999998","0","2.89097201156998","0.361689764047058","23.51941614",
"4/3/2002","66.5625","38.872501373291","526","23.175","9.86900000000003","0","3.69928613897894","0.308895101209345","21.105395928",
"4/4/2002","66.5625","38.872501373291","526","22.48","13.376","7.11364752","6.23292838812946","0.521569111818443","12.184764516",
"4/5/2002","66.5625","38.872501373291","526","15.622","8.39600000000002","14.93453772","4.44385114546808","0.761141813274883","15.638339988",
"4/6/2002","66.5625","38.872501373291","526","17.573","7.19900000000001","0.051498432","2.65472100628482","0.619224683669622","21.26700684",
"4/7/2002","66.5625","38.872501373291","526","20.862","7.95400000000001","0","2.98568300941089","0.435543316267508","24.40085832",
"4/8/2002","66.5625","38.872501373291","526","25.929","11.975","0","4.30551909779218","0.321212637385944","24.66202932",
"4/9/2002","66.5625","38.872501373291","526","27.188","15.91","0","4.0298866243986","0.25337210301499","24.60808404",
"4/10/2002","66.5625","38.872501373291","526","28.676","12.899","0","3.36365264230801","0.213939797905256","24.88888188",
"4/11/2002","66.5625","38.872501373291","526","28.849","16.774","0","3.76192790262861","0.250532748292829","22.26920868",
"4/12/2002","66.5625","38.872501373291","526","22.059","10.806","0","2.13088594429646","0.458753940566948","13.38434532",
"4/13/2002","66.5625","38.872501373291","526","23.201","12.823","0.0480651984","2.70392446203621","0.503956059406407","19.57004424",
"4/14/2002","66.5625","38.872501373291","526","20.861","11.603","6.25533948","1.58675807596571","0.692774512818651","11.342868408",
"4/15/2002","66.5625","38.872501373291","526","17.263","9.786","2.657315988","1.8866920800849","0.722059292651412","19.752411168",
"4/16/2002","66.5625","38.872501373291","526","22.508","8.50999999999999","0","2.68815875887326","0.470292191578855","25.67390976",
"4/17/2002","66.5625","38.872501373291","526","22.685","14.314","0.0137329056","4.04183405685958","0.48409769884161","20.68257312",
"4/18/2002","66.5625","38.872501373291","526","28.739","14.513","0","4.19021499105606","0.395470080129625","25.71429492",
"4/19/2002","66.5625","38.872501373291","526","30.248","18.831","0","3.72338968400957","0.319808264410734","25.30811124",
"4/20/2002","66.5625","38.872501373291","526","32.803","19.502","0","3.48166643380726","0.272235414553113","24.38240148",
"4/21/2002","66.5625","38.872501373291","526","27.488","16.759","0.0034332264","4.47926949906458","0.339426184572662","22.12160292",
"4/22/2002","66.5625","38.872501373291","526","21.477","12.853","1.35955818","2.64772623257798","0.5394742123547","15.07241556",
"4/23/2002","66.5625","38.872501373291","526","13.211","6.79899999999998","6.588366192","2.57274897565522","0.719435858678343","13.416748632",
"4/24/2002","66.5625","38.872501373291","526","17.754","3.37900000000002","0","2.72644284804978","0.539747127952399","26.49662568",
"4/25/2002","66.5625","38.872501373291","526","19.997","5.30399999999997","0","3.21421325600124","0.454482392424099","25.59346974",
"4/26/2002","66.5625","38.872501373291","526","18.042","9.834","9.743504652","6.86042524519977","0.59981336758505","5.91361308",
"4/27/2002","66.5625","38.872501373291","526","13.77","6.28199999999998","1.5930186048","3.13142304253756","0.726273952668507","20.467407258",
"4/28/2002","66.5625","38.872501373291","526","18.486","3.993","0","2.7126157102617","0.481081586837834","28.05226587",
"4/29/2002","66.5625","38.872501373291","526","21.89","8.69600000000003","0.0377655192","3.10166802140205","0.41521861836545","21.521928312",
"4/30/2002","66.5625","38.872501373291","526","19.758","8.368","0.0068664528","2.92449826827766","0.490805902731977","26.754466032",
"5/1/2002","66.5625","38.872501373291","526","22.02","6.30900000000003","0.0274658328","2.62452774275012","0.364856289963449","24.927805368",
"5/2/2002","66.5625","38.872501373291","526","21.531","8.73899999999998","0","2.32468238490274","0.372470952493531","27.982066968",
"5/3/2002","66.5625","38.872501373291","526","23.511","8.45999999999998","0","2.83197209407063","0.32068219229183","25.2371826",
"5/4/2002","66.5625","38.872501373291","526","25.545","10.982","0","2.30824436572167","0.344719310594293","25.606179792",
"5/5/2002","66.5625","38.872501373291","526","26.546","14.548","0","3.58004326177355","0.433947000714259","23.940842688",
"5/6/2002","66.5625","38.872501373291","526","23.005","11.987","1.06773372","2.05586595822369","0.562936787179021","20.0109429",
"5/7/2002","66.5625","38.872501373291","526","25.585","10.546","0","2.97868963735873","0.355807205254043","28.73103732",
"5/8/2002","66.5625","38.872501373291","526","29.004","14.286","0","3.03312121502839","0.250946094545693","28.85518782",
"5/9/2002","66.5625","38.872501373291","526","25.594","13.725","0","3.9277432832876","0.350878488222316","28.219613472",
"5/10/2002","66.5625","38.872501373291","526","28.657","10.723","0","2.97990947451272","0.281433977844231","28.743071472",
"5/11/2002","66.5625","38.872501373291","526","34.15","16.524","0","2.34954143817567","0.185912360615672","29.0616147",
"5/12/2002","66.5625","38.872501373291","526","31.382","18.389","0","4.32106660870775","0.242376260185488","24.391863",
"5/13/2002","66.5625","38.872501373291","526","23.637","14.473","1.5071871024","2.7628269278454","0.447132965294648","12.15714042",
"5/14/2002","66.5625","38.872501373291","526","21.303","11.152","11.738206044","2.86411708926278","0.625192244523689","26.44093134",
"5/15/2002","66.5625","38.872501373291","526","23.629","9.42700000000002","0","2.84634856735413","0.427741583622871","29.498332968",
"5/16/2002","66.5625","38.872501373291","526","28.905","13.209","0","3.17923476564736","0.299950734028911","29.324533752",
"5/17/2002","66.5625","38.872501373291","526","23.544","12.937","0","3.54328086820319","0.36826739068529","27.167343552",
"5/18/2002","66.5625","38.872501373291","526","23.381","8.822","0","3.24106606015182","0.360230696273373","30.69282456",
"5/19/2002","66.5625","38.872501373291","526","23.478","6.339","0","2.17556391163301","0.264020042872517","30.90045456",
"5/20/2002","66.5625","38.872501373291","526","25.197","7.72699999999998","0","2.1023410421164","0.222997165769641","29.94427836",
"5/21/2002","66.5625","38.872501373291","526","27.362","13.748","0","3.28065522988162","0.185123607981671","28.82278836",
"5/22/2002","66.5625","38.872501373291","526","28.043","16.167","0","2.39299177171438","0.238911927526373","26.245179",
"5/23/2002","66.5625","38.872501373291","526","28.63","15.1","0","3.60320033621787","0.223939846804814","30.28061304",
"5/24/2002","66.5625","38.872501373291","526","30.265","14.954","0","3.65585027149873","0.211796375284676","30.31340184",
"5/25/2002","66.5625","38.872501373291","526","34.166","17.726","0","2.95354408245535","0.214329594463801","30.58594524",
"5/26/2002","66.5625","38.872501373291","526","32.448","18.781","0.09613044","3.92600912282808","0.19015829902135","26.86421916",
"5/27/2002","66.5625","38.872501373291","526","26.498","14.317","1.39732524","3.16565453757678","0.339685392279567","30.38951664",
"5/28/2002","66.5625","38.872501373291","526","28.62","13.176","0","2.96640299900861","0.224499309184805","30.99508992",
"5/29/2002","66.5625","38.872501373291","526","29.975","14.151","0","2.55930925448576","0.180965151777105","31.2365232",
"5/30/2002","66.5625","38.872501373291","526","34.287","19.504","0","3.1911520404232","0.128518337570938","31.05744588",
"5/31/2002","66.5625","38.872501373291","526","35.595","22.732","0","4.4310876564908","0.131524167084544","30.55145868",
"6/1/2002","66.5625","38.872501373291","526","33.987","18.237","0","3.11933897224999","0.146795009197291","31.38794028",
"6/2/2002","66.5625","38.872501373291","526","36.203","20.575","0","4.05697666649683","0.11020379535838","30.74388876",
"6/3/2002","66.5625","38.872501373291","526","34.983","23.19","0","5.07084228296031","0.138394796854438","29.50340256",
"6/4/2002","66.5625","38.872501373291","526","34.785","21.597","0","4.37295148102965","0.169288052311136","29.87049492",
"6/5/2002","66.5625","38.872501373291","526","30.637","17.255","0","2.69103398311182","0.229197421189201","29.18998152",
"6/6/2002","66.5625","38.872501373291","526","29.845","13.427","0","2.53349339795746","0.15714940039358","32.08665996",
"6/7/2002","66.5625","38.872501373291","526","38.71","19.91","0","3.72511913032407","0.0949074749308974","30.9936708",
"6/8/2002","66.5625","38.872501373291","526","27.45","15.815","0","4.22267599369493","0.219570028530879","30.6961326",
"6/9/2002","66.5625","38.872501373291","526","28.377","13.576","0","3.67525947393225","0.269573916484492","30.81829464",
"6/10/2002","66.5625","38.872501373291","526","28.599","12.446","0","3.0107345580778","0.181610355364447","31.32438516",
"6/11/2002","66.5625","38.872501373291","526","31.421","16.418","0","3.64008265642674","0.177296185831563","31.03936848",
"6/12/2002","66.5625","38.872501373291","526","33.496","17.298","0","3.27114350268212","0.135890089816685","31.68886032",
"6/13/2002","66.5625","38.872501373291","526","34.962","19.754","0","4.90876570281651","0.125799524163453","31.66545996",
"6/14/2002","66.5625","38.872501373291","526","36.856","22.751","0","5.23176287203596","0.133362478804959","28.26224856",
"6/15/2002","66.5625","38.872501373291","526","30.577","18.136","0","3.15005594991082","0.174967497237826","14.99653296",
"6/16/2002","66.5625","38.872501373291","526","28.208","14.941","0","3.17050173758271","0.214762105401628","30.96585396",
"6/17/2002","66.5625","38.872501373291","526","29.815","13.287","0","3.00576122502262","0.188372000755627","31.97519244",
"6/18/2002","66.5625","38.872501373291","526","32.072","14.422","0","3.18312620378362","0.142206758534571","31.77437076",
"6/19/2002","66.5625","38.872501373291","526","33.291","18.335","0","3.07464043429907","0.146814031543034","31.46503572",
"6/20/2002","66.5625","38.872501373291","526","34.663","18.977","0","2.9160378589605","0.121743559525359","31.65956748",
"6/21/2002","66.5625","38.872501373291","526","38.799","21.499","0","3.21326805089639","0.0938717527603695","31.41416736",
"6/22/2002","66.5625","38.872501373291","526","37.131","20.445","0","4.51995901054738","0.144720576509458","27.172467792",
"6/23/2002","66.5625","38.872501373291","526","28.844","17.123","0","3.14572318616729","0.349628413124444","30.4783308",
"6/24/2002","66.5625","38.872501373291","526","29.194","14.84","0","3.51794667965984","0.252543433670023","31.29005448",
"6/25/2002","66.5625","38.872501373291","526","31.858","16.51","0","3.56834770023412","0.229246895671595","31.19629536",
"6/26/2002","66.5625","38.872501373291","526","34.124","18.313","0","4.3955790369392","0.159402639874188","31.5447354",
"6/27/2002","66.5625","38.872501373291","526","37.218","20.958","0","4.23279411007557","0.142317629808561","31.36735692",
"6/28/2002","66.5625","38.872501373291","526","36.659","20.058","0","3.60774245402479","0.134650213263253","31.53796776",
"6/29/2002","66.5625","38.872501373291","526","34.967","17.691","0","2.70842625858923","0.135354838946833","31.313763",
"6/30/2002","66.5625","38.872501373291","526","35.561","19.798","0","3.66726860673753","0.15566999622639","30.43951848",
"7/1/2002","66.5625","38.872501373291","526","30.715","20.024","0","2.18399050570252","0.278888642838834","15.48421488",
"7/2/2002","66.5625","38.872501373291","526","31.062","17.574","0","3.57263165120703","0.244408789388618","30.97636776",
"7/3/2002","66.5625","38.872501373291","526","32.079","16.843","0","4.44469669672983","0.219351971327359","31.4371746",
"7/4/2002","66.5625","38.872501373291","526","32.46","18.455","0","5.101762016701","0.207428767735564","31.52598696",
"7/5/2002","66.5625","38.872501373291","526","32.017","16.676","0","3.54130235307986","0.234435010651032","30.88468008",
"7/6/2002","66.5625","38.872501373291","526","32.296","15.962","0","3.26138050613514","0.241149439477015","30.15573156",
"7/7/2002","66.5625","38.872501373291","526","33.185","18.848","0","3.86033972438654","0.181852007681063","31.25765916",
"7/8/2002","66.5625","38.872501373291","526","33.123","15.796","0","2.84522751694544","0.17233424124014","30.0796344",
"7/9/2002","66.5625","38.872501373291","526","31.844","17.141","0","2.00526324204364","0.221261004488998","27.41889348",
"7/10/2002","66.5625","38.872501373291","526","33.765","17.227","0","3.12824306244832","0.201748146248342","30.43321776",
"7/11/2002","66.5625","38.872501373291","526","34.454","18.757","0","3.73775028373305","0.168905126304919","30.4692768",
"7/12/2002","66.5625","38.872501373291","526","34.853","18.369","0","3.23941836842847","0.139756037914298","30.79120104",
"7/13/2002","66.5625","38.872501373291","526","36.324","20.6","0","3.80356073614389","0.130494508677237","30.69016704",
"7/14/2002","66.5625","38.872501373291","526","36.561","20.913","0","3.73889126171874","0.12004890830426","30.62671344",
"7/15/2002","66.5625","38.872501373291","526","36.768","20.229","0","2.79243380228788","0.127584599734716","30.487902192",
"7/16/2002","66.5625","38.872501373291","526","38.34","22.453","0","4.50565811446749","0.13315611524396","30.196571832",
"7/17/2002","66.5625","38.872501373291","526","38.384","23.429","0","4.44251155605415","0.150091770784907","29.953462608",
"7/18/2002","66.5625","38.872501373291","526","38.809","23.51","0","3.74429248995575","0.149648012529163","29.9759526",
"7/19/2002","66.5625","38.872501373291","526","38.931","23.752","0","3.73265834495913","0.143402546630426","30.027433968",
"7/20/2002","66.5625","38.872501373291","526","36.251","21.207","0","4.46080821717697","0.153384907617714","29.6802036",
"7/21/2002","66.5625","38.872501373291","526","31.042","15.951","0","4.19308557843992","0.175890450326902","30.7738089",
"7/22/2002","66.5625","38.872501373291","526","31.359","15.426","0","4.32014978812145","0.172925323199191","30.493795248",
"7/23/2002","66.5625","38.872501373291","526","33.016","16.526","0","3.41295193232806","0.136280911106349","30.47551344",
"7/24/2002","66.5625","38.872501373291","526","35.046","17.66","0","3.12753359782975","0.101486492039624","30.54330432",
"7/25/2002","66.5625","38.872501373291","526","36.74","16.822","0","2.83107945159271","0.102966765649599","30.38739228",
"7/26/2002","66.5625","38.872501373291","526","37.577","19.742","0","3.06459146285069","0.105638011322453","29.98343196",
"7/27/2002","66.5625","38.872501373291","526","35.755","20.098","0","3.44593819300795","0.132323362144042","29.652523488",
"7/28/2002","66.5625","38.872501373291","526","34.802","18.463","0","2.76804171159331","0.170820582352632","28.421939232",
"7/29/2002","66.5625","38.872501373291","526","35.031","18.918","0","2.92487291342987","0.166795661636953","28.41248646",
"7/30/2002","66.5625","38.872501373291","526","33.84","18.538","0","2.91201917429581","0.185802073075231","28.121284872",
"7/31/2002","66.5625","38.872501373291","526","34.525","15.996","0","2.85486656760358","0.195036046601658","28.83965688",
"8/1/2002","66.5625","38.872501373291","526","35.408","19.532","0","3.11849879653158","0.146972347345297","29.078773128",
"8/2/2002","66.5625","38.872501373291","526","35.828","18.497","0","3.04868169380114","0.158524445956815","28.53770634",
"8/3/2002","66.5625","38.872501373291","526","36.432","19.996","0","3.26245978546946","0.178360996845477","28.1366397",
"8/4/2002","66.5625","38.872501373291","526","36.855","19.259","0","3.46743784521539","0.160884340497011","28.567185192",
"8/5/2002","66.5625","38.872501373291","526","38.122","21.892","0","3.90612070420593","0.12942202212114","28.562117472",
"8/6/2002","66.5625","38.872501373291","526","38.633","22.727","0","3.67159916998082","0.122388715796733","28.55430468",
"8/7/2002","66.5625","38.872501373291","526","39.233","22.068","0","3.40760205371701","0.129060918112408","28.276197048",
"8/8/2002","66.5625","38.872501373291","526","40.211","24.404","0","4.05768402570097","0.124793832398768","28.20267648",
"8/9/2002","66.5625","38.872501373291","526","40.371","23.549","0","3.11856803069217","0.123615351636529","28.22282433",
"8/10/2002","66.5625","38.872501373291","526","41.252","20.161","0","3.53190627698523","0.123047328422609","27.90253134",
"8/11/2002","66.5625","38.872501373291","526","39.944","25.814","0","7.13221465039051","0.0860897520179672","28.58298417",
"8/12/2002","66.5625","38.872501373291","526","35.868","23.317","0","6.36914791296997","0.186544457546229","27.47486502",
"8/13/2002","66.5625","38.872501373291","526","30.505","15.461","0","3.71314747331509","0.182273340778057","26.51872671",
"8/14/2002","66.5625","38.872501373291","526","29.057","15.419","0","2.50746531865922","0.19357192002435","26.5835268",
"8/15/2002","66.5625","38.872501373291","526","31.546","15.931","0","3.42638751569553","0.18873309845072","27.50236668",
"8/16/2002","66.5625","38.872501373291","526","33.826","16.529","0","3.39798995420473","0.146767183052791","27.68838732",
"8/17/2002","66.5625","38.872501373291","526","35.51","19.793","0","3.50670552369074","0.098635298115869","27.59867064",
"8/18/2002","66.5625","38.872501373291","526","36","20.64","0","3.46994935842769","0.0909129019219418","27.3782268",
"8/19/2002","66.5625","38.872501373291","526","37.78","20.586","0","4.19463292156998","0.104116507338143","26.93053476",
"8/20/2002","66.5625","38.872501373291","526","36.238","22.022","0","4.97178179363896","0.13225009526196","26.63954568",
"8/21/2002","66.5625","38.872501373291","526","33.691","19.439","0","5.02528334944","0.169420203546778","26.66773008",
"8/22/2002","66.5625","38.872501373291","526","34.412","17.265","0","3.33113281467352","0.155965675794968","26.60968188",
"8/23/2002","66.5625","38.872501373291","526","36.423","18.549","0","3.13627586134103","0.130365032709278","26.54161704",
"8/24/2002","66.5625","38.872501373291","526","37.656","17.497","0","3.41003942914836","0.116373381218584","26.59538772",
"8/25/2002","66.5625","38.872501373291","526","37.733","22.317","0","5.04977426040719","0.101089464858787","25.86262716",
"8/26/2002","66.5625","38.872501373291","526","34.813","22.006","0","5.44396781364984","0.179415195209164","25.15438008",
"8/27/2002","66.5625","38.872501373291","526","36.778","19.945","0","4.19476875091498","0.165811966392098","25.36104528",
"8/28/2002","66.5625","38.872501373291","526","36.578","20.833","0","4.26303222380267","0.12225470607217","25.18368876",
"8/29/2002","66.5625","38.872501373291","526","35.108","19.646","0","4.4044921888982","0.150123944978909","24.67113804",
"8/30/2002","66.5625","38.872501373291","526","34.189","19.248","0","4.80667663210731","0.194649126271056","24.46138836",
"8/31/2002","66.5625","38.872501373291","526","32.454","17.894","0","4.19542249291471","0.192024886857564","24.40901412",
"9/1/2002","66.5625","38.872501373291","526","30.428","13.092","0","2.83882572493781","0.237169792636336","24.79887864",
"9/2/2002","66.5625","38.872501373291","526","28.25","9.61599999999999","0","2.49939801534","0.215118958955358","25.26868008",
"9/3/2002","66.5625","38.872501373291","526","28.607","13.826","0","3.2158114223483","0.162785984828089","25.22480508",
"9/4/2002","66.5625","38.872501373291","526","28.705","13.509","0","3.38660099650379","0.150012756978057","24.90525036",
"9/5/2002","66.5625","38.872501373291","526","29.068","13.474","0","2.9380643131213","0.137583563548616","24.91458768",
"9/6/2002","66.5625","38.872501373291","526","28.424","10.101","0","3.32858256404695","0.186948246119403","24.48275904",
"9/7/2002","66.5625","38.872501373291","526","28.64","12.493","0","3.55416136268677","0.175067703367083","24.59299896",
"9/8/2002","66.5625","38.872501373291","526","29.668","12.904","0","3.43231785746884","0.121109999946094","24.55987248",
"9/9/2002","66.5625","38.872501373291","526","29.98","13.961","0","3.45028529384148","0.0983516254755511","24.54266412",
"9/10/2002","66.5625","38.872501373291","526","30.448","13.424","0","3.14620549294351","0.0848727753328298","24.39241812",
"9/11/2002","66.5625","38.872501373291","526","31.88","15.653","0","3.3828717602151","0.0740322279835343","24.1646094",
"9/12/2002","66.5625","38.872501373291","526","33.165","16.512","0","3.6426042185551","0.0705899811258239","24.07044204",
"9/13/2002","66.5625","38.872501373291","526","34.807","18.397","0","4.07409010402667","0.0827954149782704","23.18466996",
"9/14/2002","66.5625","38.872501373291","526","35.208","20.929","0","4.8860814055625","0.099920441913965","22.97120364",
"9/15/2002","66.5625","38.872501373291","526","34.543","21.049","0","4.20145972796579","0.125019093381136","22.59709038",
"9/16/2002","66.5625","38.872501373291","526","31.666","16.12","0","3.44818340910995","0.15412815939672","22.65126228",
"9/17/2002","66.5625","38.872501373291","526","29.431","12.535","0","2.92993056917077","0.206374747740364","22.74165036",
"9/18/2002","66.5625","38.872501373291","526","29.699","14.274","0","3.37544128058431","0.147568709281053","22.350430728",
"9/19/2002","66.5625","38.872501373291","526","30.978","13.51","0","3.04068369801651","0.128024274519355","22.41455616",
"9/20/2002","66.5625","38.872501373291","526","31.876","14.451","0","3.04129938740648","0.11886635264245","22.38541776",
"9/21/2002","66.5625","38.872501373291","526","32.158","15.244","0","3.78693647165894","0.0905873916360382","22.02525162",
"9/22/2002","66.5625","38.872501373291","526","31.053","17.459","0","4.35805002747165","0.147962247288853","20.9322585",
"9/23/2002","66.5625","38.872501373291","526","28.411","11.811","0","2.82815534339814","0.269420032237723","21.056058288",
"9/24/2002","66.5625","38.872501373291","526","27.658","10.592","0","2.74139090248409","0.25150264792932","20.85805674",
"9/25/2002","66.5625","38.872501373291","526","27.25","12.518","0","2.89893654838552","0.190798686329368","20.21011506",
"9/26/2002","66.5625","38.872501373291","526","27.228","12.888","0","3.19638468463869","0.189157497281142","20.24138952",
"9/27/2002","66.5625","38.872501373291","526","27.738","11.344","0","2.82249020955338","0.237285795808389","20.034058248",
"9/28/2002","66.5625","38.872501373291","526","28.226","13.758","0","3.26199119680367","0.207783278803763","19.832796792",
"9/29/2002","66.5625","38.872501373291","526","28.506","15.162","0","2.76267577396382","0.250205414819919","19.60869564",
"9/30/2002","66.5625","38.872501373291","526","28.689","12.168","0","2.85304519496168","0.239483630311021","19.65982734",
"10/1/2002","66.5625","38.872501373291","526","29.362","15.508","0","3.42479756014782","0.146905377775265","19.633614768",
"10/2/2002","66.5625","38.872501373291","526","29.496","16.018","0","3.25194721904544","0.143924130191377","19.58984838",
"10/3/2002","66.5625","38.872501373291","526","29.983","16.159","0","3.32695682541073","0.13671838653782","19.538320392",
"10/4/2002","66.5625","38.872501373291","526","31.56","15.09","0","4.22020234789487","0.14964191727138","18.64654002",
"10/5/2002","66.5625","38.872501373291","526","31.392","18.535","0","3.44400622059879","0.153569882076186","18.80758476",
"10/6/2002","66.5625","38.872501373291","526","30.85","14.442","0","3.18341360076417","0.132305491799991","18.41016978",
"10/7/2002","66.5625","38.872501373291","526","29.444","13.323","0","3.15959493126236","0.232796223585616","18.0236241",
"10/8/2002","66.5625","38.872501373291","526","29.362","14.135","0","3.33076289406231","0.24504273633392","17.9893719",
"10/9/2002","66.5625","38.872501373291","526","28.305","11.509","0","2.23796146077106","0.25397659362566","18.02115108",
"10/10/2002","66.5625","38.872501373291","526","28.408","13.047","0","3.1183698536085","0.179428553893675","17.73478134",
"10/11/2002","66.5625","38.872501373291","526","29.072","12.908","0","3.00666594796563","0.204713408512099","17.40650724",
"10/12/2002","66.5625","38.872501373291","526","28.236","14.596","0","2.75789741111929","0.233891062960121","17.2135161",
"10/13/2002","66.5625","38.872501373291","526","27.771","14.908","0","3.23352951883344","0.260229178276411","16.94138094",
"10/14/2002","66.5625","38.872501373291","526","25.546","10.74","0","2.46508324307583","0.39252550881193","16.52619276",
"10/15/2002","66.5625","38.872501373291","526","23.66","10.528","0","3.20191445521382","0.414745725416809","16.36166232",
"10/16/2002","66.5625","38.872501373291","526","22.553","7.90699999999998","0","2.27440979675767","0.426266897981995","16.187736168",
"10/17/2002","66.5625","38.872501373291","526","23.724","9.16199999999998","0","2.05679735499935","0.421408454899567","16.10387082",
"10/18/2002","66.5625","38.872501373291","526","22.924","8.95800000000003","0","2.19036890464836","0.400659909844843","15.767556948",
"10/19/2002","66.5625","38.872501373291","526","22.427","5.59199999999998","0","2.41394335839073","0.347187285505264","16.32537864",
"10/20/2002","66.5625","38.872501373291","526","23.192","6.51299999999998","0","2.83693622460141","0.245351500773364","16.27233174",
"10/21/2002","66.5625","38.872501373291","526","23.943","11.043","0","3.23165683812173","0.222305492512362","16.03715688",
"10/22/2002","66.5625","38.872501373291","526","26.441","12.222","0","3.21940205443027","0.124663951801287","16.2763848",
"10/23/2002","66.5625","38.872501373291","526","18.313","8.68799999999999","0","3.06216270503062","0.340540670921672","15.099468048",
"10/24/2002","66.5625","38.872501373291","526","18.733","6.85599999999999","0.0377654904","1.94413587838126","0.460186807614861","14.698523052",
"10/25/2002","66.5625","38.872501373291","526","20.452","7.64699999999999","0","2.10444804057689","0.390595615857999","13.5804924",
"10/26/2002","66.5625","38.872501373291","526","22.642","10.212","0","2.97319363376016","0.331940305023624","14.56812756",
"10/27/2002","66.5625","38.872501373291","526","22.375","6.17899999999997","0","2.07129252643753","0.360336071928188","14.69536758",
"10/28/2002","66.5625","38.872501373291","526","22.685","7.66199999999998","0","2.59984254804549","0.28743536521787","14.62792428",
"10/29/2002","66.5625","38.872501373291","526","23.374","9.12","0","2.56686528755341","0.238838073819019","14.56538112",
"10/30/2002","66.5625","38.872501373291","526","24.999","8.30399999999997","0","2.41836337728123","0.233661917264067","14.46097428",
"10/31/2002","66.5625","38.872501373291","526","25.729","9.94","0","2.74305580323753","0.167018483160714","14.5721754",
"11/1/2002","66.5625","38.872501373291","526","24.677","8.65699999999998","0","2.58832569609974","0.164058576663546","14.162518152",
"11/2/2002","66.5625","38.872501373291","526","25.255","11.709","0","2.65562683810292","0.177465665704766","13.823716932",
"11/3/2002","66.5625","38.872501373291","526","17.314","10.219","0","1.66819408775309","0.505403465359705","6.83088588",
"11/4/2002","66.5625","38.872501373291","526","18.669","9.87400000000002","0","1.65173306312575","0.564687842601036","8.203331412",
"11/5/2002","66.5625","38.872501373291","526","18.453","8.02699999999999","0","1.4677738844996","0.656786427034693","10.511951688",
"11/6/2002","66.5625","38.872501373291","526","18.402","4.87599999999998","0","1.75835307133274","0.643442690554863","12.700352232",
"11/7/2002","66.5625","38.872501373291","526","19.146","7.25799999999998","0","2.35525795851883","0.546526858925493","12.870337068",
"11/8/2002","66.5625","38.872501373291","526","17.519","2.56700000000001","0","1.77284425731986","0.483435182877466","12.803512932",
"11/9/2002","66.5625","38.872501373291","526","17.033","2.62099999999998","0","1.72455322156239","0.413083843570663","12.69838692",
"11/10/2002","66.5625","38.872501373291","526","17.464","3.87599999999998","0","1.85335633125733","0.431402625856517","12.0824406",
"11/11/2002","66.5625","38.872501373291","526","20.647","9.16399999999999","0","4.49371549113649","0.28425194317237","12.8833929",
"11/12/2002","66.5625","38.872501373291","526","22.229","13.602","0","4.76172582747138","0.25193572510044","12.310987968",
"11/13/2002","66.5625","38.872501373291","526","23.863","14.16","0.45661932","5.0404120618587","0.286954475039834","10.04681232",
"11/14/2002","66.5625","38.872501373291","526","16.957","8.02300000000002","0.144195696","2.80508553876477","0.622997161453225","11.24516196",
"11/15/2002","66.5625","38.872501373291","526","10.545","5.64299999999997","0.98876988","2.51574975320518","0.778001863963551","4.523900688",
"11/16/2002","66.5625","38.872501373291","526","10.923","3.81200000000001","0","1.48964584347977","0.729316466950111","9.4240089",
"11/17/2002","66.5625","38.872501373291","526","12.384","0.911999999999978","0","1.66837991091596","0.654707739968318","12.01544982",
"11/18/2002","66.5625","38.872501373291","526","10.903","-0.958000000000027","0","1.56901823952737","0.528994654098313","12.351317832",
"11/19/2002","66.5625","38.872501373291","526","13.102","1.12400000000002","0","2.14368598206356","0.486018766223913","11.946033828",
"11/20/2002","66.5625","38.872501373291","526","13.958","0.939999999999998","0","1.67161162670856","0.423252817090833","11.87865342",
"11/21/2002","66.5625","38.872501373291","526","14.249","1.14699999999999","0","1.59735285206569","0.376102829617756","11.635367148",
"11/22/2002","66.5625","38.872501373291","526","14.073","1.16000000000003","0","1.44234582371616","0.482029345722528","11.57512995",
"11/23/2002","66.5625","38.872501373291","526","14.955","1.56900000000002","0","1.68639882087779","0.502268467972829","11.178113022",
"11/24/2002","66.5625","38.872501373291","526","16.847","5.90100000000001","0","2.84691225088986","0.379748261895176","11.408626458",
"11/25/2002","66.5625","38.872501373291","526","18.999","7.58300000000003","0","2.84035825289233","0.285774240414276","11.40429366",
"11/26/2002","66.5625","38.872501373291","526","15.798","4.101","0","2.18926974362618","0.366939304660372","11.15639424",
"11/27/2002","66.5625","38.872501373291","526","11.52","3.86000000000001","1.3681412424","2.0526787868794","0.476887656423473","9.02739177",
"11/28/2002","66.5625","38.872501373291","526","9.76299999999998","1.05799999999999","0","1.44695573959081","0.641689172836443","10.33874937",
"11/29/2002","66.5625","38.872501373291","526","10.616","-1.01499999999999","0","1.5538304293172","0.517750296044208","10.86587451",
"11/30/2002","66.5625","38.872501373291","526","10.153","-1.93099999999998","0","2.05352718183896","0.535630805968745","10.82682963",
"12/1/2002","66.5625","38.872501373291","526","14.004","4.36200000000002","0.0068664528","3.51115411848718","0.365523750442614","9.63297603",
"12/2/2002","66.5625","38.872501373291","526","5.10500000000002","-2.45499999999998","0.7999424136","2.13277117266383","0.663952424148747","6.259330422",
"12/3/2002","66.5625","38.872501373291","526","-2.78800000000001","-11.781","3.58085808","3.44500017250786","0.693673561010838","10.01784735",
"12/4/2002","66.5625","38.872501373291","526","-4.30000000000001","-13.227","0","1.89990740862566","0.417037406708107","11.21804775",
"12/5/2002","66.5625","38.872501373291","526","-1.64800000000002","-24.459","0","1.28082758619577","0.688009057424028","11.2617558",
"12/6/2002","66.5625","38.872501373291","526","1.48399999999998","-14.313","0","2.16721432540607","0.615627736474428","11.21034258",
"12/7/2002","66.5625","38.872501373291","526","3.06","-2.387","0","4.92204094970193","0.685576400241322","11.00390877",
"12/8/2002","66.5625","38.872501373291","526","6.26600000000002","0.918000000000006","0.1956938544","6.78647337410965","0.733250904576535","7.65449766",
"12/9/2002","66.5625","38.872501373291","526","12.448","5.27699999999999","0.0343323","6.68206782320976","0.550580898661762","9.60018777",
"12/10/2002","66.5625","38.872501373291","526","10.183","4.43700000000001","0.195693984","2.36351074944649","0.60243400692546","4.5620415",
"12/11/2002","66.5625","38.872501373291","526","8.41800000000001","3.24599999999998","7.247545092","1.89306879303679","0.838886384104487","4.0378482",
"12/12/2002","66.5625","38.872501373291","526","5.62900000000002","1.76400000000001","2.853014904","1.26380627142856","0.847939036042021","4.15749996",
"12/13/2002","66.5625","38.872501373291","526","10.786","2.245","0.403404084","1.86674567525859","0.809359434633129","9.3637152",
"12/14/2002","66.5625","38.872501373291","526","6.702","-1.48500000000001","18.1034265456","2.28923568032118","0.876487784463156","1.13360643",
"12/15/2002","66.5625","38.872501373291","526","4.83199999999999","-2.06999999999999","0.0205993728","1.45888023873399","0.801724695702543","10.02926358",
"12/16/2002","66.5625","38.872501373291","526","6.45699999999999","-3.88299999999998","0","1.08663572957736","0.799639228503926","9.76348062",
"12/17/2002","66.5625","38.872501373291","526","3.43299999999999","-5.822","1.208496168","1.56119223102581","0.8829742112263","9.6252777",
"12/18/2002","66.5625","38.872501373291","526","2.00700000000001","-5.24900000000002","1.002502332","1.94295336271201","0.900996974360926","8.6196402",
"12/19/2002","66.5625","38.872501373291","526","2.25099999999998","-6.63799999999998","0.0720978192","1.09362806068275","0.89405882909852","8.81589465",
"12/20/2002","66.5625","38.872501373291","526","2.52800000000002","-3.86000000000001","0.230026212","2.10666493219554","0.909718126336661","6.8033835",
"12/21/2002","66.5625","38.872501373291","526","10.617","0.732000000000028","0.0102996792","5.80547223949943","0.692387292225067","9.18501138",
"12/22/2002","66.5625","38.872501373291","526","14.241","5.37900000000002","0.1647947304","5.0840424553196","0.639418958364184","9.37113795",
"12/23/2002","66.5625","38.872501373291","526","4.65600000000001","-5.02300000000002","16.953277968","2.64403443564821","0.930827819482207","2.72509074",
"12/24/2002","66.5625","38.872501373291","526","4.47699999999998","-4.40699999999998","0","2.79027848915534","0.789847617832203","10.30988988",
"12/25/2002","66.5625","38.872501373291","526","5.851","-1.24200000000002","0","5.05078810395454","0.702493291925323","10.47690036",
"12/26/2002","66.5625","38.872501373291","526","3.98099999999999","-0.716999999999985","0.0343322928","3.00800023229286","0.819423473559395","8.15236398",
"12/27/2002","66.5625","38.872501373291","526","2.74900000000002","-2.08199999999999","1.963805616","1.35319228430325","0.907965022046438","8.574182388",
"12/28/2002","66.5625","38.872501373291","526","1.20999999999998","-5.12400000000002","0.12016296","2.17474327397641","0.811581757315082","10.38853332",
"12/29/2002","66.5625","38.872501373291","526","4.584","-3.13799999999998","0","1.36953414445101","0.80632125824492","10.184176152",
"12/30/2002","66.5625","38.872501373291","526","2.90199999999999","-4.48500000000001","0","1.4227495909857","0.823862913410345","10.1662326",
"12/31/2002","66.5625","38.872501373291","526","8.67899999999997","-1.72000000000003","0","3.56399818478057","0.525821532243805","10.511272188",
"1/1/2003","66.5625","38.872501373291","526","7.17700000000002","-0.600000000000023","0","1.951451809473","0.71984120179253","9.721459512",
"1/2/2003","66.5625","38.872501373291","526","7.52300000000002","-1.07999999999998","0","2.13062592253742","0.595829524224886","10.393315632",
"1/3/2003","66.5625","38.872501373291","526","8.90600000000001","2.04500000000002","0","3.92041418857422","0.587751703859199","10.384147116",
"1/4/2003","66.5625","38.872501373291","526","8.38499999999999","2.52100000000002","0","5.30265481503462","0.646886400077967","10.554403968",
"1/5/2003","66.5625","38.872501373291","526","10.579","3.14600000000002","0.7965089064","4.1937908758907","0.523188002516904","7.183913868",
"1/6/2003","66.5625","38.872501373291","526","9.74000000000001","4.85399999999999","2.029037724","4.13255215103464","0.672058138334469","5.91029748",
"1/7/2003","66.5625","38.872501373291","526","12.037","4.88499999999999","0","5.57457589110735","0.655605567522888","10.291108068",
"1/8/2003","66.5625","38.872501373291","526","8.73899999999998","3.661","3.6460903032","4.25597349161818","0.747169467729711","4.699633968",
"1/9/2003","66.5625","38.872501373291","526","10.212","1.47000000000003","0.082397448","4.55375441317223","0.686929383574834","10.646999712",
"1/10/2003","66.5625","38.872501373291","526","13.16","4.02300000000002","0","4.60586255721071","0.506341472230908","10.54985508",
"1/11/2003","66.5625","38.872501373291","526","6.714","1.03100000000001","0.16136172","1.44457453573338","0.751337926770305","7.714687752",
"1/12/2003","66.5625","38.872501373291","526","11.295","1.86500000000001","0","4.87806340664394","0.594928775507048","10.853379432",
"1/13/2003","66.5625","38.872501373291","526","13.781","5.58199999999999","0","7.53543049640042","0.406868022255636","9.911473488",
"1/14/2003","66.5625","38.872501373291","526","14.047","8.68599999999998","0","4.82848531385879","0.362592448973972","8.13667428",
"1/15/2003","66.5625","38.872501373291","526","13.448","7.43900000000002","0","2.95731747972999","0.358080288892047","8.733207312",
"1/16/2003","66.5625","38.872501373291","526","15.214","7.17000000000002","0.2162934","2.92910068409368","0.397634583995937","7.058704032",
"1/17/2003","66.5625","38.872501373291","526","9.19900000000001","3.84300000000002","0.2815246008","1.84934291225751","0.688147360796695","7.116465204",
"1/18/2003","66.5625","38.872501373291","526","13.434","3.21499999999998","0.624847392","1.92168144828864","0.58952085264953","8.30002248",
"1/19/2003","66.5625","38.872501373291","526","5.62","0.86099999999999","1.0093689504","1.79443766461734","0.789025157681152","6.836514588",
"1/20/2003","66.5625","38.872501373291","526","11.288","0.321000000000026","2.214432684","2.0497120929337","0.71401935447091","10.07403354",
"1/21/2003","66.5625","38.872501373291","526","5.07299999999998","0.600000000000023","2.2659277392","2.21796278301516","0.828135247468435","9.21464892",
"1/22/2003","66.5625","38.872501373291","526","6.41899999999998","-1.61599999999999","0.0205993584","1.54199073620616","0.759068473691957","11.17293642",
"1/23/2003","66.5625","38.872501373291","526","6.11900000000003","-1.54899999999998","0","1.31797329851694","0.715265863904127","11.67947136",
"1/24/2003","66.5625","38.872501373291","526","6.286","-2.62799999999999","0","1.7063535111663","0.678591348611517","12.10269222",
"1/25/2003","66.5625","38.872501373291","526","5.81","-4.416","0","1.41176180765083","0.687515230328128","12.1923513",
"1/26/2003","66.5625","38.872501373291","526","5.29899999999998","-3.80200000000002","0","1.40144973815607","0.618874101142375","11.27671992",
"1/27/2003","66.5625","38.872501373291","526","5.30599999999998","-1.69","0.6660464544","1.58293483346983","0.727417681954486","6.9990732",
"1/28/2003","66.5625","38.872501373291","526","10.507","-0.370999999999981","0","4.46774990954627","0.565218725257187","12.51450054",
"1/29/2003","66.5625","38.872501373291","526","7.50400000000002","2.00599999999997","21.4027400664","7.32815517506596","0.62878733249026","1.363725432",
"1/30/2003","66.5625","38.872501373291","526","6.185","0.0690000000000168","1.586151216","1.85745744891862","0.817426903120423","12.225824712",
"1/31/2003","66.5625","38.872501373291","526","5.73599999999999","-0.40100000000001","0.0377655264","1.94252348244655","0.762944260003501","10.239239592",
"2/1/2003","66.5625","38.872501373291","526","8.923","-0.466000000000008","0","2.07617082315649","0.650361690312198","13.0219335",
"2/2/2003","66.5625","38.872501373291","526","12.964","2.44400000000002","0","5.08237849594049","0.364056008451628","13.656826908",
"2/3/2003","66.5625","38.872501373291","526","15.061","5.483","0","5.46043445750148","0.332916818099934","13.56643656",
"2/4/2003","66.5625","38.872501373291","526","17.535","8.10399999999999","0","6.51934275886639","0.306513445801157","13.30852068",
"2/5/2003","66.5625","38.872501373291","526","17.833","10.184","0.41542056","4.84480345527682","0.405556661061867","11.76636816",
"2/6/2003","66.5625","38.872501373291","526","12.326","2.23000000000002","17.9489150784","3.51782902896128","0.808414892228689","1.66713696",
"2/7/2003","66.5625","38.872501373291","526","8.67500000000001","0.187000000000012","0.2025603","3.46989036311611","0.704463199795025","13.68478476",
"2/8/2003","66.5625","38.872501373291","526","10.004","1.697","0","3.1609304149713","0.51997538900393","14.2817076",
"2/9/2003","66.5625","38.872501373291","526","11.196","2.15300000000002","0","2.78252064515587","0.502948350504053","14.45422266",
"2/10/2003","66.5625","38.872501373291","526","14.644","4.11399999999998","0","4.12975852599386","0.365112237439511","14.5978299",
"2/11/2003","66.5625","38.872501373291","526","16.421","6.32600000000002","0","3.26753450282821","0.362935482980115","14.28457284",
"2/12/2003","66.5625","38.872501373291","526","11.587","1.58499999999998","2.0702367504","3.99695995876088","0.627215343188817","12.616818948",
"2/13/2003","66.5625","38.872501373291","526","3.346","-1.17500000000001","3.543089364","3.61993971098934","0.726504051280822","14.84324802",
"2/14/2003","66.5625","38.872501373291","526","11.779","-0.146000000000015","0.415420704","4.20388360944399","0.528060208014451","13.774667508",
"2/15/2003","66.5625","38.872501373291","526","8.66399999999999","3.77999999999997","2.9319741144","3.30833111308104","0.734044149709325","9.764440488",
"2/16/2003","66.5625","38.872501373291","526","7.75","1.20699999999999","1.07116704","2.29122321315465","0.809817179401239","8.246870712",
"2/17/2003","66.5625","38.872501373291","526","1.94999999999999","-4.238","1.8985753872","3.0058419883705","0.850370181960716","11.43241542",
"2/18/2003","66.5625","38.872501373291","526","0.314000000000021","-5.29899999999998","0.0514984104","2.85746464109847","0.753795557057046","13.40561412",
"2/19/2003","66.5625","38.872501373291","526","6.01100000000002","-6.899","0.0274657968","3.10861270532335","0.691806561530368","16.06067064",
"2/20/2003","66.5625","38.872501373291","526","8.637","1.98899999999998","0.223159752","6.00691195095375","0.714728838117478","11.14925922",
"2/21/2003","66.5625","38.872501373291","526","9.15899999999999","3.012","6.5917962","7.63068232853116","0.712428365314573","4.40206938",
"2/22/2003","66.5625","38.872501373291","526","9.49799999999999","0.0520000000000209","0","2.95425294550039","0.655457549286116","15.57776646",
"2/23/2003","66.5625","38.872501373291","526","10.042","-3.20400000000001","0","1.83407875938256","0.698431495647528","16.59656322",
"2/24/2003","66.5625","38.872501373291","526","6.375","-1.63900000000001","0.5252835456","1.79776989389763","0.793270414863023","10.71197388",
"2/25/2003","66.5625","38.872501373291","526","9.33600000000001","-4.577","0","1.75783508855934","0.704156469264035","16.756703928",
"2/26/2003","66.5625","38.872501373291","526","13.309","4.10899999999998","0.286674264","3.09531269143702","0.627895235110345","15.5581371",
"2/27/2003","66.5625","38.872501373291","526","7.88200000000001","2.63900000000001","9.11521998","3.02123771632893","0.860454995999052","2.888887104",
"2/28/2003","66.5625","38.872501373291","526","6.21800000000002","-0.0910000000000082","0.0411987312","2.03118029431053","0.818380797851341","15.78150738",
"3/1/2003","66.5625","38.872501373291","526","3.79700000000003","-1.32900000000001","0.3089905344","3.02381951220294","0.801976694993715","11.791572408",
"3/2/2003","66.5625","38.872501373291","526","0.838999999999999","-5.13900000000001","0.4634856648","2.84471509848481","0.672067658709703","16.17243498",
"3/3/2003","66.5625","38.872501373291","526","-1.54700000000003","-5.06400000000002","1.6479503064","3.1963175239799","0.67739290604553","9.51243876",
"3/4/2003","66.5625","38.872501373291","526","5.86500000000001","-6.18700000000001","0","3.61601671336804","0.429727023095621","18.89032068",
"3/5/2003","66.5625","38.872501373291","526","8.30900000000003","-2.40600000000001","0","2.40830700811452","0.310412263112868","18.10012212",
"3/6/2003","66.5625","38.872501373291","526","10.129","-0.391999999999996","0","2.63903016594436","0.431507382363144","18.49590108",
"3/7/2003","66.5625","38.872501373291","526","12.775","2.36500000000001","0","4.72161220287893","0.498067414817874","18.82805652",
"3/8/2003","66.5625","38.872501373291","526","13.104","6.16800000000001","2.899362852","5.57979467121873","0.559208041593695","5.770631592",
"3/9/2003","66.5625","38.872501373291","526","5.618","1.64400000000001","3.27873168","5.25091205200558","0.85965864690906","6.60183768",
"3/10/2003","66.5625","38.872501373291","526","9.47300000000001","1.322","0.796508568","2.45123272210115","0.738690387110482","18.43064424",
"3/11/2003","66.5625","38.872501373291","526","12.14","0.00900000000001455","0","2.09710253253809","0.558907730377438","19.77547572",
"3/12/2003","66.5625","38.872501373291","526","16.058","4.452","0","3.2175686446103","0.414151814309295","18.76111236",
"3/13/2003","66.5625","38.872501373291","526","19.739","8.58100000000002","0.33645636","5.76659347418631","0.456350700104738","16.20821376",
"3/14/2003","66.5625","38.872501373291","526","14.201","2.05200000000002","23.124500892","3.97449926383945","0.742967828179073","3.94880832",
"3/15/2003","66.5625","38.872501373291","526","10.69","0.788000000000011","0.7038114984","3.99421405557438","0.70011716971776","16.87241196",
"3/16/2003","66.5625","38.872501373291","526","11.557","3.62","2.046204288","3.57752272139481","0.721191695598322","16.86374577",
"3/17/2003","66.5625","38.872501373291","526","16.803","4.971","0","3.37631485344709","0.539308357374924","20.81547756",
"3/18/2003","66.5625","38.872501373291","526","14.862","5.70800000000003","0.1613616768","4.12764695061761","0.501086898164786","10.94146794",
"3/19/2003","66.5625","38.872501373291","526","15.889","2.29899999999998","0.04806522","2.60871014335218","0.653758342883294","20.72812689",
"3/20/2003","66.5625","38.872501373291","526","20.808","11.655","0.0205993728","8.06460054548575","0.383558627548893","16.08648759",
"3/21/2003","66.5625","38.872501373291","526","25.011","13.749","0.044631972","7.29410723616301","0.387107392393517","20.068710408",
"3/22/2003","66.5625","38.872501373291","526","16.998","11.89","2.7843496128","4.0231471142833","0.686950016331764","6.15515832",
"3/23/2003","66.5625","38.872501373291","526","20.83","10.105","0.0240325704","4.15888518780694","0.553859312251603","17.92608948",
"3/24/2003","66.5625","38.872501373291","526","17.745","9.26799999999997","2.95601202","3.07980086144514","0.674794020355651","18.541521072",
"3/25/2003","66.5625","38.872501373291","526","20.469","8.45999999999998","0","3.0986658569173","0.574344562089197","21.43794492",
"3/26/2003","66.5625","38.872501373291","526","24.918","12.367","0","6.6072072347634","0.402801666328334","20.57293494",
"3/27/2003","66.5625","38.872501373291","526","19.161","8.38","35.547621084","7.00614662162058","0.620201713858788","2.180812536",
"3/28/2003","66.5625","38.872501373291","526","12.371","4.64800000000002","2.2350321864","3.18610560533954","0.683314438394679","22.0318335",
"3/29/2003","66.5625","38.872501373291","526","16.024","3.78500000000003","0","1.93575627231196","0.644578474796634","22.22386074",
"3/30/2003","66.5625","38.872501373291","526","15.926","2.976","4.4082672264","3.25197124477917","0.726199760185512","20.812269528",
"3/31/2003","66.5625","38.872501373291","526","9.01900000000001","0.310000000000002","0.9647368056","2.95044101777331","0.74652547962572","18.741543768",
"4/1/2003","66.5625","38.872501373291","526","11.891","-1.73099999999999","0","1.90479960894657","0.507606687546956","23.242219128",
"4/2/2003","66.5625","38.872501373291","526","13.874","1.07299999999998","0","2.34498637541243","0.488185709307451","23.403209832",
"4/3/2003","66.5625","38.872501373291","526","13.648","-0.358000000000004","0","2.33467285800532","0.374325778692078","24.49682154",
"4/4/2003","66.5625","38.872501373291","526","16.894","3.72899999999999","0","3.83723447796476","0.355998881217413","24.217762752",
"4/5/2003","66.5625","38.872501373291","526","19.042","9.64999999999998","0.0102996792","5.12761150311755","0.405317775381458","18.216620208",
"4/6/2003","66.5625","38.872501373291","526","24.196","12.539","0.88920612","7.09395649696379","0.441440057700292","23.486736312",
"4/7/2003","66.5625","38.872501373291","526","31.347","17.111","0","4.7040906800868","0.292819600230337","22.565242872",
"4/8/2003","66.5625","38.872501373291","526","31.134","17.93","0","2.69417106218599","0.239687953748883","23.98865868",
"4/9/2003","66.5625","38.872501373291","526","30.305","17.912","0","3.21419124725931","0.27599296707731","23.58556596",
"4/10/2003","66.5625","38.872501373291","526","27.926","14.709","0","2.53946036156381","0.325000884909002","24.03225396",
"4/11/2003","66.5625","38.872501373291","526","27.698","11.783","0","2.35445797772831","0.365593849896185","24.3862326",
"4/12/2003","66.5625","38.872501373291","526","27.868","11.184","0","1.93543033416252","0.329912274689686","24.52842972",
"4/13/2003","66.5625","38.872501373291","526","25.805","10.402","0","2.34496079113187","0.39159199954574","24.7606272",
"4/14/2003","66.5625","38.872501373291","526","16.82","9.00700000000001","2.904512256","2.64893443413345","0.687287834858094","11.707990272",
"4/15/2003","66.5625","38.872501373291","526","14.909","5.82900000000001","4.6382879664","2.81353449707933","0.795654449714721","10.11616884",
"4/16/2003","66.5625","38.872501373291","526","13.423","0.894999999999982","0.367355736","2.31755856664098","0.678466239609411","24.28132104",
"4/17/2003","66.5625","38.872501373291","526","17.679","4.51999999999998","0.0308990376","2.61268388224837","0.595712861306405","21.44087136",
"4/18/2003","66.5625","38.872501373291","526","9.85399999999999","-0.0559999999999832","7.223511528","3.23295774913023","0.776212129079966","6.25274892",
"4/19/2003","66.5625","38.872501373291","526","6.577","-0.952999999999975","1.9363404888","2.92084737112249","0.770377320227917","18.128196072",
"4/20/2003","66.5625","38.872501373291","526","14.076","-2.322","0","1.64661633628107","0.573686907689832","26.60090544",
"4/21/2003","66.5625","38.872501373291","526","23.68","6.988","0.0068664528","2.71627548006627","0.423544271037392","25.9142004",
"4/22/2003","66.5625","38.872501373291","526","25.109","15.237","0","3.41949552849444","0.394517140926215","18.14714136",
"4/23/2003","66.5625","38.872501373291","526","26.321","13.602","0.209426904","3.5205455747698","0.485003717001671","20.7785808",
"4/24/2003","66.5625","38.872501373291","526","20.401","10.952","1.7234790264","2.09193144611339","0.645741181379002","24.301521648",
"4/25/2003","66.5625","38.872501373291","526","21.854","6.94","0","2.76780192414513","0.460688809432492","27.23067594",
"4/26/2003","66.5625","38.872501373291","526","25.947","10.473","0","2.81179513087543","0.359311025118656","27.60733566",
"4/27/2003","66.5625","38.872501373291","526","30.359","14.396","0","3.44296264670916","0.246992949074462","28.36563687",
"4/28/2003","66.5625","38.872501373291","526","30.911","14.836","0","3.19131808736301","0.194967378900426","27.82136943",
"4/29/2003","66.5625","38.872501373291","526","27.167","12.082","0","2.66943871991528","0.300199955202518","27.35932248",
"4/30/2003","66.5625","38.872501373291","526","18.12","6.32799999999997","0","3.72604177704868","0.417900072520292","27.907599672",
"5/1/2003","66.5625","38.872501373291","526","10.597","1.73200000000003","0.4325868864","2.68945284852952","0.438406135939981","17.419668048",
"5/2/2003","66.5625","38.872501373291","526","13.58","0.65100000000001","0","4.24555279595202","0.42513238086439","28.02515742",
"5/3/2003","66.5625","38.872501373291","526","16.705","2.709","0","3.93675410335678","0.340594786391202","28.40962446",
"5/4/2003","66.5625","38.872501373291","526","19.536","5.27800000000002","0","2.86670290381372","0.354722630150684","28.21337118",
"5/5/2003","66.5625","38.872501373291","526","19.865","5.72399999999999","0.092697156","2.21193047448684","0.417749121058724","26.300864088",
"5/6/2003","66.5625","38.872501373291","526","24.672","9.31700000000001","0","3.34527231512247","0.266291076536708","29.107627992",
"5/7/2003","66.5625","38.872501373291","526","27.346","8.69600000000003","0","2.89278630908037","0.218473315931142","29.789039808",
"5/8/2003","66.5625","38.872501373291","526","29.057","11.827","0","2.8304168124798","0.166178579731594","29.67186258",
"5/9/2003","66.5625","38.872501373291","526","26.194","11.936","0.169944732","3.95873451324157","0.259984070498865","18.847567728",
"5/10/2003","66.5625","38.872501373291","526","20.982","5.94999999999999","0.441170064","2.28059563986412","0.449982645397448","28.859175648",
"5/11/2003","66.5625","38.872501373291","526","21.455","6.03699999999998","0","2.33270778931251","0.302346164196647","29.216021472",
"5/12/2003","66.5625","38.872501373291","526","21.42","8.73899999999998","0","2.40625551441666","0.304830080665987","27.80983242",
"5/13/2003","66.5625","38.872501373291","526","24.131","9.44400000000002","0","2.95937532934273","0.311199549399048","29.043058608",
"5/14/2003","66.5625","38.872501373291","526","22.844","11.786","0.0454902552","1.86923285062241","0.34183359712707","23.90180436",
"5/15/2003","66.5625","38.872501373291","526","24.22","12.193","0","3.09320172257171","0.347991695595478","27.5713362",
"5/16/2003","66.5625","38.872501373291","526","26.268","13.535","0","3.28861789497823","0.280427309456626","29.614279608",
"5/17/2003","66.5625","38.872501373291","526","27.681","13.058","0","2.78932617174881","0.209206889039885","29.5475094",
"5/18/2003","66.5625","38.872501373291","526","28.003","11.798","0","2.77428229063859","0.262142752061004","28.29650796",
"5/19/2003","66.5625","38.872501373291","526","28.287","13.849","0","2.82486509777509","0.310200726450676","29.68835868",
"5/20/2003","66.5625","38.872501373291","526","29.497","15.122","0","2.96625987010138","0.27535226521101","29.67468696",
"5/21/2003","66.5625","38.872501373291","526","30.067","15.701","0","3.20050251662137","0.263372262681495","29.59858476",
"5/22/2003","66.5625","38.872501373291","526","29.602","16","0","2.83456269626359","0.261790895084616","29.76784704",
"5/23/2003","66.5625","38.872501373291","526","30.17","14.386","0","2.20850768910971","0.235104429632859","29.49839316",
"5/24/2003","66.5625","38.872501373291","526","30.861","17.723","0","3.83269391239751","0.211673361395547","29.06004384",
"5/25/2003","66.5625","38.872501373291","526","25.726","15.281","0","2.49833622653049","0.27098129997087","17.27509968",
"5/26/2003","66.5625","38.872501373291","526","18.828","12.614","3.5207764704","2.80659386758084","0.598525379932569","12.764643048",
"5/27/2003","66.5625","38.872501373291","526","19.218","12.611","0.8943561","4.25749604154276","0.541072439372331","18.69102504",
"5/28/2003","66.5625","38.872501373291","526","24.851","12.906","0","3.45471355174494","0.394002673457499","29.75444388",
"5/29/2003","66.5625","38.872501373291","526","27.888","14.793","0","3.33488680312442","0.313610281834975","30.37877244",
"5/30/2003","66.5625","38.872501373291","526","30.792","18.255","0","3.28638677495078","0.248228332781295","25.63222068",
"5/31/2003","66.5625","38.872501373291","526","30.484","21.089","0.192260664","3.05816928867104","0.300086484389748","22.90527972",
"6/1/2003","66.5625","38.872501373291","526","32.621","19.384","0","2.9366296499607","0.271380905486453","29.69224308",
"6/2/2003","66.5625","38.872501373291","526","33.257","20.187","0","3.9601717877834","0.228486344564088","29.2118634",
"6/3/2003","66.5625","38.872501373291","526","30.582","17.507","0","3.27641778903501","0.263022510715695","30.71188044",
"6/4/2003","66.5625","38.872501373291","526","32.463","18.011","0","3.12043218394714","0.205575199033159","30.9529188",
"6/5/2003","66.5625","38.872501373291","526","34.191","19.176","0","2.53091337060468","0.166556395060489","30.93516216",
"6/6/2003","66.5625","38.872501373291","526","31.536","16.224","0","4.19074319114519","0.269280222014558","30.07861416",
"6/7/2003","66.5625","38.872501373291","526","24.168","13.186","0.1888276104","4.39452154503051","0.503087265212572","29.29381632",
"6/8/2003","66.5625","38.872501373291","526","26.825","11.26","0","2.87357752891244","0.347232249831542","31.32647352",
"6/9/2003","66.5625","38.872501373291","526","29.042","11.597","0","2.59973686327797","0.195962900008967","31.84951212",
"6/10/2003","66.5625","38.872501373291","526","30.385","12.399","0","2.67969922652136","0.190114465066578","31.72731516",
"6/11/2003","66.5625","38.872501373291","526","24.786","14.077","0","2.6728404933991","0.3001256641186","23.13759096",
"6/12/2003","66.5625","38.872501373291","526","26.396","10.755","0","2.2684915208787","0.309692373121323","31.34031552",
"6/13/2003","66.5625","38.872501373291","526","29.787","11.996","0","2.44672495141654","0.221169941204615","31.6133208",
"6/14/2003","66.5625","38.872501373291","526","31.867","15.665","0","2.84050968339619","0.167648628825162","29.93878008",
"6/15/2003","66.5625","38.872501373291","526","30.122","14.867","0","2.41604357398351","0.192477470992853","31.56254352",
"6/16/2003","66.5625","38.872501373291","526","33.332","14.032","0","2.81838978195757","0.163953789766293","31.62743172",
"6/17/2003","66.5625","38.872501373291","526","34.748","19.48","0","4.27167362577679","0.198096070354197","30.87737352",
"6/18/2003","66.5625","38.872501373291","526","34.988","21.023","0","3.28959601862769","0.223852935268562","30.82055616",
"6/19/2003","66.5625","38.872501373291","526","34.405","17.782","0","2.89547876652524","0.217381111553488","31.07248812",
"6/20/2003","66.5625","38.872501373291","526","33.202","17.888","0","3.79999330529315","0.199890533887824","30.08711376",
"6/21/2003","66.5625","38.872501373291","526","31.81","19.124","0","3.32005182710819","0.280552493344585","29.02736196",
"6/22/2003","66.5625","38.872501373291","526","32.418","18.14","0","4.10147220553985","0.242190049346506","31.3528968",
"6/23/2003","66.5625","38.872501373291","526","33.611","17.962","0","2.97623279488547","0.217078481112535","31.45472208",
"6/24/2003","66.5625","38.872501373291","526","34.698","18.702","0","2.67604855420287","0.159441926208771","31.61408436",
"6/25/2003","66.5625","38.872501373291","526","36.795","18.649","0","3.40564671461991","0.153123320645553","30.97328004",
"6/26/2003","66.5625","38.872501373291","526","31.464","19.391","0","4.00421030870074","0.255020174192333","30.50038296",
"6/27/2003","66.5625","38.872501373291","526","33.614","15.923","0","2.46030954244835","0.267331557625546","31.177071",
"6/28/2003","66.5625","38.872501373291","526","32.829","14.537","0","3.28248529348446","0.195428919717065","31.60155564",
"6/29/2003","66.5625","38.872501373291","526","32.275","18.239","0","5.08333152954383","0.236583539194996","31.02631704",
"6/30/2003","66.5625","38.872501373291","526","34.067","19.511","0","5.37633410413726","0.200491551048089","29.26254348",
"7/1/2003","66.5625","38.872501373291","526","35.934","21.528","0","3.69413212451672","0.186804206656495","30.752496",
"7/2/2003","66.5625","38.872501373291","526","38.067","22.577","0","3.20863435616572","0.136109810253229","31.12273368",
"7/3/2003","66.5625","38.872501373291","526","39.851","24.758","0","4.02669795508256","0.118759849297265","31.08381336",
"7/4/2003","66.5625","38.872501373291","526","32.304","19.243","0","3.63644498977925","0.202271537402442","30.67644564",
"7/5/2003","66.5625","38.872501373291","526","32.16","15.068","0","3.54605518101481","0.314114381190689","30.75727104",
"7/6/2003","66.5625","38.872501373291","526","34.866","19.346","0","3.41355286940149","0.238317568863531","30.80964852",
"7/7/2003","66.5625","38.872501373291","526","35.885","20.194","0","3.29088487169666","0.173962140137476","31.28702652",
"7/8/2003","66.5625","38.872501373291","526","36.486","20.441","0","3.69329971526883","0.157024199345773","31.07743992",
"7/9/2003","66.5625","38.872501373291","526","35.647","20.382","0","3.78079833384849","0.197901320989094","30.53109456",
"7/10/2003","66.5625","38.872501373291","526","37.146","22.174","0","4.98640919917873","0.180896971396887","30.58667136",
"7/11/2003","66.5625","38.872501373291","526","37.105","23.356","0","5.62266523352776","0.180100325080037","30.1410522",
"7/12/2003","66.5625","38.872501373291","526","32.563","19.979","0","4.2281495089754","0.244606012262916","30.47749272",
"7/13/2003","66.5625","38.872501373291","526","33.148","18.131","0","3.82157271405855","0.284273835674775","30.6729612",
"7/14/2003","66.5625","38.872501373291","526","35.606","19.132","0","3.42192886848497","0.235348018290058","30.8625732",
"7/15/2003","66.5625","38.872501373291","526","36.437","18.892","0","3.44293480877987","0.209446674834035","30.198091032",
"7/16/2003","66.5625","38.872501373291","526","35.869","21.485","0","4.56727495102299","0.194075059926088","30.316509288",
"7/17/2003","66.5625","38.872501373291","526","37.191","19.837","0","3.03823445551838","0.179619798154054","30.48726978",
"7/18/2003","66.5625","38.872501373291","526","39.529","22.881","0","3.54613550437585","0.134827126874975","30.366334728",
"7/19/2003","66.5625","38.872501373291","526","41.09","25.164","0","4.81211020750558","0.124375256374062","29.772440208",
"7/20/2003","66.5625","38.872501373291","526","42.601","27.596","0","5.20468864509484","0.115055617955999","29.832864912",
"7/21/2003","66.5625","38.872501373291","526","40.504","26.547","0","6.58812542335876","0.159116815619576","29.59739766",
"7/22/2003","66.5625","38.872501373291","526","35.024","22.673","0","4.88512784770914","0.228383744724759","29.71602504",
"7/23/2003","66.5625","38.872501373291","526","32.785","18.524","0","4.37770623411673","0.224579814295279","29.812107672",
"7/24/2003","66.5625","38.872501373291","526","33.517","17.111","0","4.03721618990668","0.220304471600533","30.16766394",
"7/25/2003","66.5625","38.872501373291","526","33.974","15.667","0","3.12140854919556","0.180298607818479","29.87848026",
"7/26/2003","66.5625","38.872501373291","526","35.397","17.581","0","3.12447094423229","0.157224151544737","28.45226484",
"7/27/2003","66.5625","38.872501373291","526","36.07","18.08","0","3.51432988038021","0.163390047570654","29.34995922",
"7/28/2003","66.5625","38.872501373291","526","35.884","20.144","0","4.32876227455941","0.11999565721424","29.71676646",
"7/29/2003","66.5625","38.872501373291","526","35.159","15.806","0","3.22863017446058","0.118773494574956","30.156859872",
"7/30/2003","66.5625","38.872501373291","526","35.512","15.84","0","2.87802698644534","0.105422968560028","28.230352488",
"7/31/2003","66.5625","38.872501373291","526","37.347","16.158","0","2.61822578903511","0.105153344344299","28.97426376",
"8/1/2003","66.5625","38.872501373291","526","38.386","22.208","0","3.06775525477294","0.137724855709086","22.69411056",
"8/2/2003","66.5625","38.872501373291","526","35.478","19.904","0","3.34981832174042","0.179076459632686","29.586203928",
"8/3/2003","66.5625","38.872501373291","526","33.366","18.455","0","4.58890241603925","0.160727257674261","28.853771328",
"8/4/2003","66.5625","38.872501373291","526","29.794","15.611","0","3.57769937366763","0.235631718581843","28.602557928",
"8/5/2003","66.5625","38.872501373291","526","30.544","11.311","0","2.90634613104802","0.236877848509534","29.14176708",
"8/6/2003","66.5625","38.872501373291","526","32.283","16.111","0","3.74153581761743","0.186442641370248","28.863449712",
"8/7/2003","66.5625","38.872501373291","526","32.441","16.933","0","4.49352885459923","0.20358986717472","28.613135808",
"8/8/2003","66.5625","38.872501373291","526","33.283","16.099","0","3.51415600475034","0.207963174182685","28.45485432",
"8/9/2003","66.5625","38.872501373291","526","34.078","16.803","0","3.54311588703867","0.16695267114948","28.38864663",
"8/10/2003","66.5625","38.872501373291","526","34.692","17.997","0","3.59680648107322","0.126349447424436","28.52420409",
"8/11/2003","66.5625","38.872501373291","526","35.275","19.168","0","3.92107803967595","0.116985720799902","28.35922662",
"8/12/2003","66.5625","38.872501373291","526","35.402","19.57","0","3.77307494072055","0.109612497696296","28.23418305",
"8/13/2003","66.5625","38.872501373291","526","34.928","19.423","0","3.54987252453338","0.101548855862997","28.10727756",
"8/14/2003","66.5625","38.872501373291","526","36.18","18.823","0","3.19460006777285","0.103301948353567","27.85167963",
"8/15/2003","66.5625","38.872501373291","526","38.276","20.501","0","3.84417457149873","0.11212317150811","27.66503592",
"8/16/2003","66.5625","38.872501373291","526","39.476","22.098","0","4.76507961617848","0.0859507599763336","27.9513",
"8/17/2003","66.5625","38.872501373291","526","39.566","23.013","0","5.2192993583931","0.0852808536459566","27.47739528",
"8/18/2003","66.5625","38.872501373291","526","37.651","21.385","0","4.43237311516351","0.14402426553978","26.916129",
"8/19/2003","66.5625","38.872501373291","526","34.862","20.407","0","4.1907285156779","0.18567809273047","26.2886616",
"8/20/2003","66.5625","38.872501373291","526","31.251","17.164","0","3.51368182191788","0.217085537412415","26.354421",
"8/21/2003","66.5625","38.872501373291","526","31.21","15.262","0","3.32548641037199","0.234009820723685","26.10247392",
"8/22/2003","66.5625","38.872501373291","526","30.56","15.455","0","3.55986478530555","0.217993700588715","26.03261304",
"8/23/2003","66.5625","38.872501373291","526","31.998","13.888","0","3.51075153317747","0.26337935829477","26.02929384",
"8/24/2003","66.5625","38.872501373291","526","33.05","16.971","0","3.80057456539796","0.232984662268851","25.68054456",
"8/25/2003","66.5625","38.872501373291","526","32.981","16.194","0","3.69085647613404","0.217684871198232","25.4905272",
"8/26/2003","66.5625","38.872501373291","526","33.011","16.624","0","3.3260463798672","0.220808653686867","25.179075",
"8/27/2003","66.5625","38.872501373291","526","34.167","18.483","0","3.42001680378307","0.215869368635451","25.30518624",
"8/28/2003","66.5625","38.872501373291","526","34.755","17.732","0","3.2779504713173","0.203624139005922","25.29377028",
"8/29/2003","66.5625","38.872501373291","526","33.326","15.287","0","2.89500968749507","0.193016957880464","25.23228192",
"8/30/2003","66.5625","38.872501373291","526","32.751","14.208","0","2.93018801757561","0.209833171277627","24.90024276",
"8/31/2003","66.5625","38.872501373291","526","33.918","18.563","0","3.60318112258352","0.211147230729748","24.73942896",
"9/1/2003","66.5625","38.872501373291","526","33.895","18.133","0","2.9873092646789","0.188115382236867","25.31413188",
"9/2/2003","66.5625","38.872501373291","526","34.074","15.19","0","2.41261507871675","0.174780585762246","25.19842032",
"9/3/2003","66.5625","38.872501373291","526","34.304","15.494","0","2.75868244926069","0.191655383651111","24.63986556",
"9/4/2003","66.5625","38.872501373291","526","33.585","15.081","0","2.41840491693372","0.230619499629443","24.00406956",
"9/5/2003","66.5625","38.872501373291","526","33.657","17.756","0","2.73524296658678","0.261235194600119","23.57984376",
"9/6/2003","66.5625","38.872501373291","526","31.805","21.146","0","2.58626303280456","0.316335769789538","17.49420144",
"9/7/2003","66.5625","38.872501373291","526","33.45","20.897","0","3.39128123574819","0.187895541948514","23.45489748",
"9/8/2003","66.5625","38.872501373291","526","34.427","16.53","0","2.73792564302388","0.211810748663072","22.87737828",
"9/9/2003","66.5625","38.872501373291","526","35.179","18.659","0","4.10357674832646","0.205832370352693","23.22551448",
"9/10/2003","66.5625","38.872501373291","526","35.094","21.078","0","3.90432396393314","0.180844294242457","23.32270836",
"9/11/2003","66.5625","38.872501373291","526","34.416","15.785","0","2.62078812046264","0.203965489231828","23.16752388",
"9/12/2003","66.5625","38.872501373291","526","29.965","13.941","0","3.24814344496535","0.23955708834887","22.7415924",
"9/13/2003","66.5625","38.872501373291","526","28.664","13.044","0","4.02943756052432","0.258078720267508","22.80059604",
"9/14/2003","66.5625","38.872501373291","526","29.818","14.069","0","4.22891896464775","0.231165534025061","22.46804856",
"9/15/2003","66.5625","38.872501373291","526","26.363","11.746","0","2.97763105056867","0.281244231442298","22.14972486",
"9/16/2003","66.5625","38.872501373291","526","25.526","7.44999999999999","0","2.33932363206803","0.267236288122218","22.4262",
"9/17/2003","66.5625","38.872501373291","526","27.585","9.51799999999997","0","2.87414013101186","0.202666886065316","22.63995072",
"9/18/2003","66.5625","38.872501373291","526","30.523","13.073","0","3.02708253911427","0.144446808709621","22.52265858",
"9/19/2003","66.5625","38.872501373291","526","32.419","17.861","0","3.53402973669622","0.118803453733335","22.3506612",
"9/20/2003","66.5625","38.872501373291","526","33.583","17.98","0","3.22338082159006","0.107507006812718","21.63881646",
"9/21/2003","66.5625","38.872501373291","526","29.142","12.12","0","2.98440625907723","0.233540067175764","21.395083032",
"9/22/2003","66.5625","38.872501373291","526","26.857","11.605","0","3.54668502785053","0.323685038286251","20.968709472",
"9/23/2003","66.5625","38.872501373291","526","23.679","11.82","0","4.08627887501446","0.356633596311774","20.057508648",
"9/24/2003","66.5625","38.872501373291","526","22.652","7.41500000000002","0","2.80943538780003","0.392082481274613","20.94907572",
"9/25/2003","66.5625","38.872501373291","526","23.001","5.47199999999998","0","2.30824607804248","0.313884792266794","20.84185962",
"9/26/2003","66.5625","38.872501373291","526","19.855","5.05000000000001","0","2.54005941217607","0.21032081645814","20.85266538",
"9/27/2003","66.5625","38.872501373291","526","20.757","3.51900000000001","0","2.86966094193298","0.243218776000573","20.6315406",
"9/28/2003","66.5625","38.872501373291","526","21.704","6.69299999999998","0","3.09512982594335","0.204337022580988","20.37453624",
"9/29/2003","66.5625","38.872501373291","526","22.155","8.54399999999998","0","3.12174903059233","0.172163934039617","20.5124661",
"9/30/2003","66.5625","38.872501373291","526","23.015","7.09699999999998","0","2.73695411599447","0.166084350355729","20.364128712",
"10/1/2003","66.5625","38.872501373291","526","24.356","7.04399999999998","0","2.71353117490234","0.142077266038077","20.1390228",
"10/2/2003","66.5625","38.872501373291","526","25.505","9.887","0","3.1216234624153","0.127748370199155","19.475722728",
"10/3/2003","66.5625","38.872501373291","526","29.005","16.016","0","2.91863658642048","0.162210158178092","18.76230036",
"10/4/2003","66.5625","38.872501373291","526","30.045","16.934","0","3.65213904242795","0.152937669415079","16.090313796",
"10/5/2003","66.5625","38.872501373291","526","28.515","14.643","0","2.63382911241226","0.243059079730903","14.0752782",
"10/6/2003","66.5625","38.872501373291","526","23.183","13.072","0","2.36392069524278","0.365003520381503","16.494525",
"10/7/2003","66.5625","38.872501373291","526","20.205","9.565","0","2.13014125828459","0.431433857781415","17.7798933",
"10/8/2003","66.5625","38.872501373291","526","21.732","9.36399999999998","0","3.28716655889798","0.417946080953021","17.89295652",
"10/9/2003","66.5625","38.872501373291","526","21.403","8.46300000000002","0","3.00372640623226","0.339269867159999","18.25115742",
"10/10/2003","66.5625","38.872501373291","526","21.641","6.96100000000001","0","2.97592456290008","0.222280321705874","18.22134474",
"10/11/2003","66.5625","38.872501373291","526","22.923","6.19999999999999","0","2.35169163644018","0.179321140234515","18.27826578",
"10/12/2003","66.5625","38.872501373291","526","21.6","6.36000000000001","0","2.95124925078894","0.181245004647813","18.02024712",
"10/13/2003","66.5625","38.872501373291","526","21.888","9.57400000000001","0","3.25046386755802","0.167064133865939","17.92530306",
"10/14/2003","66.5625","38.872501373291","526","21.88","4.00900000000001","0","2.10971747456454","0.192057347921253","17.69979816",
"10/15/2003","66.5625","38.872501373291","526","21.621","4.25999999999999","0","2.26101001282823","0.216180475884116","17.35976484",
"10/16/2003","66.5625","38.872501373291","526","20.851","3.10399999999999","0","2.37137662757616","0.171616015917348","17.59904946",
"10/17/2003","66.5625","38.872501373291","526","22.13","5.13799999999998","0","2.87637959879539","0.152990975005327","17.3823165",
"10/18/2003","66.5625","38.872501373291","526","23.731","4.29599999999999","0","2.26400611386083","0.192449328010653","17.24641866",
"10/19/2003","66.5625","38.872501373291","526","25.323","8.46699999999998","0","2.63095255223727","0.138631860570568","16.5677139",
"10/20/2003","66.5625","38.872501373291","526","27.854","12.139","0","3.63139955934134","0.160353525198916","16.0773183",
"10/21/2003","66.5625","38.872501373291","526","21.434","10.214","0.0102996864","2.07200013929035","0.412922830700651","14.52723786",
"10/22/2003","66.5625","38.872501373291","526","23.104","7.34899999999999","0","1.70047264042365","0.442235195703637","15.34775058",
"10/23/2003","66.5625","38.872501373291","526","23.861","9.02999999999997","0","2.462964374135","0.362156773159046","15.03163116",
"10/24/2003","66.5625","38.872501373291","526","24.084","9.34399999999999","0","2.4213924522991","0.292861509588008","15.35850288",
"10/25/2003","66.5625","38.872501373291","526","25.7","9.21499999999998","0","2.36809822908782","0.294718238825233","15.3957942",
"10/26/2003","66.5625","38.872501373291","526","28.31","15.562","0","5.09792319329035","0.170795146381699","15.289533",
"10/27/2003","66.5625","38.872501373291","526","29.039","15.492","0","4.08435836887273","0.128513724059842","13.9411728",
"10/28/2003","66.5625","38.872501373291","526","26.801","19.099","0","4.03791045411208","0.132904806147034","10.312374168",
"10/29/2003","66.5625","38.872501373291","526","30.762","19.77","0","4.72629728238125","0.149691004880893","14.460689952",
"10/30/2003","66.5625","38.872501373291","526","30.481","17.743","0","3.62680461454176","0.137542534863893","14.242332132",
"10/31/2003","66.5625","38.872501373291","526","29.686","13.996","0","1.68318338021398","0.18335789896328","14.011870968",
"11/1/2003","66.5625","38.872501373291","526","27.582","14.414","0","2.54326192629333","0.195797833337938","12.810604572",
"11/2/2003","66.5625","38.872501373291","526","21.979","15.333","0.2128602744","2.3988813106502","0.369985058162602","5.35679766",
"11/3/2003","66.5625","38.872501373291","526","24.697","14.737","0.4703523984","1.93882228311897","0.464021508082895","12.80137572",
"11/4/2003","66.5625","38.872501373291","526","15.392","6.62","18.3883716","2.87179277730197","0.774137052340907","1.39168134",
"11/5/2003","66.5625","38.872501373291","526","9.57100000000003","6.47199999999998","8.466343848","5.0317278788846","0.732854016581346","4.78688256",
"11/6/2003","66.5625","38.872501373291","526","9.85700000000003","4.029","0.0892638936","3.14308348480114","0.772334264440322","8.5947759",
"11/7/2003","66.5625","38.872501373291","526","7.10899999999998","1.447","0.139045716","2.07742418066477","0.795417721074385","10.051141068",
"11/8/2003","66.5625","38.872501373291","526","9.05500000000001","2.10599999999999","0.2403260424","1.95506321630015","0.713186986328721","12.409146",
"11/9/2003","66.5625","38.872501373291","526","14.162","1.00799999999998","0","2.51162639526705","0.425084190245362","13.159068768",
"11/10/2003","66.5625","38.872501373291","526","20.372","7.995","0","4.92455356487504","0.265644007498505","12.447954432",
"11/11/2003","66.5625","38.872501373291","526","22.19","11.488","0","3.99366934083353","0.288922368468847","12.510504",
"11/12/2003","66.5625","38.872501373291","526","18.899","10.291","1.865100456","3.91439596293977","0.451580159550827","5.589002952",
"11/13/2003","66.5625","38.872501373291","526","15.648","6.983","0","2.12656056067692","0.675586953729191","11.87820108",
"11/14/2003","66.5625","38.872501373291","526","17.707","9.39699999999999","0","4.20150103937171","0.530694486601721","10.1892366",
"11/15/2003","66.5625","38.872501373291","526","12.494","4.99200000000002","16.36448148","3.68051455494446","0.742705323250063","1.88977563",
"11/16/2003","66.5625","38.872501373291","526","4.21300000000002","-2.87099999999998","13.9440555","2.9192121521685","0.91912809917438","4.135893696",
"11/17/2003","66.5625","38.872501373291","526","4.93200000000002","-3.73899999999998","0","1.95808894928218","0.725804116747233","12.18690288",
"11/18/2003","66.5625","38.872501373291","526","7.55799999999999","-1.18400000000003","0","2.01997623634541","0.552803016012363","12.301819632",
"11/19/2003","66.5625","38.872501373291","526","10.894","0.401999999999987","0","3.93134185522168","0.364956918385215","12.1750902",
"11/20/2003","66.5625","38.872501373291","526","15.724","6.24000000000001","0","6.01469575975726","0.325456230258389","11.728914768",
"11/21/2003","66.5625","38.872501373291","526","14.979","7.55500000000001","0","5.62811382054478","0.313912014626432","11.35456848",
"11/22/2003","66.5625","38.872501373291","526","13.423","4.65800000000002","4.78077318","3.23078623694465","0.540000735956606","7.26013053",
"11/23/2003","66.5625","38.872501373291","526","4.95400000000001","0.569999999999993","1.13811516","2.35654254214184","0.778444816302403","10.56430818",
"11/24/2003","66.5625","38.872501373291","526","10.877","0.771999999999991","0","3.08291462033415","0.51034668553372","11.5528518",
"11/25/2003","66.5625","38.872501373291","526","12.907","2.15199999999999","0","2.3362897908806","0.289429460387189","11.5291098",
"11/26/2003","66.5625","38.872501373291","526","12.142","1.24900000000002","0","1.85183023472409","0.313935260914647","11.352033648",
"11/27/2003","66.5625","38.872501373291","526","11.986","0.702999999999975","0","1.82119637906435","0.385416974966368","11.23897401",
"11/28/2003","66.5625","38.872501373291","526","12.829","1.69299999999998","0","1.60330239175057","0.413856897773978","11.24466057",
"11/29/2003","66.5625","38.872501373291","526","11.594","2.04899999999998","0","1.11852581391388","0.489604390915564","9.26190027",
"11/30/2003","66.5625","38.872501373291","526","10.459","1.315","0","1.16394845467213","0.570507112997821","10.47735513",
"12/1/2003","66.5625","38.872501373291","526","9.618","0.458000000000027","0","0.893521826135479","0.727985290448724","9.57009663",
"12/2/2003","66.5625","38.872501373291","526","9.75200000000001","-0.699000000000012","0","1.35096930992938","0.721627921021486","10.53882558",
"12/3/2003","66.5625","38.872501373291","526","9.18400000000003","-0.488999999999976","0","1.48294157052383","0.602908736981008","9.75616542",
"12/4/2003","66.5625","38.872501373291","526","8.72399999999999","-0.550999999999988","0","1.34262343598931","0.568802642628653","10.15267392",
"12/5/2003","66.5625","38.872501373291","526","8.05000000000001","0.173000000000002","0.0240325992","1.58220927923975","0.718592079133529","9.11373732",
"12/6/2003","66.5625","38.872501373291","526","15.565","3.45600000000002","0","4.72910268491527","0.595514542743178","9.93251115",
"12/7/2003","66.5625","38.872501373291","526","15.826","9.65300000000002","1.1810304","5.47672223353803","0.524554730765381","1.79083161",
"12/8/2003","66.5625","38.872501373291","526","13.153","5.86200000000002","1.3750083","2.35909037779687","0.756880490961268","9.93099573",
"12/9/2003","66.5625","38.872501373291","526","14.271","5.44200000000001","0","4.03000239354775","0.542721044260101","10.18024038",
"12/10/2003","66.5625","38.872501373291","526","13.477","6.01299999999998","0","4.3495717370452","0.444388991772712","10.09429353",
"12/11/2003","66.5625","38.872501373291","526","5.702","-3.334","10.4473143648","2.93828928423813","0.819792434678698","2.45576214",
"12/12/2003","66.5625","38.872501373291","526","-3.80399999999997","-6.74900000000002","8.75644776","4.17658028142931","0.90894866308109","3.45352671",
"12/13/2003","66.5625","38.872501373291","526","-2.68599999999998","-10.922","0.0034332264","2.03965413020919","0.817566658637085","10.46745135",
"12/14/2003","66.5625","38.872501373291","526","0.761000000000024","-9.243","0","1.83489808643802","0.677981946949685","10.7840205",
"12/15/2003","66.5625","38.872501373291","526","6.70299999999997","-3.67500000000001","0","3.30898321022262","0.500745588312508","10.6922826",
"12/16/2003","66.5625","38.872501373291","526","9.25099999999998","-2.11399999999998","0","2.68258246349875","0.33110199886897","10.635138",
"12/17/2003","66.5625","38.872501373291","526","11.765","2.51299999999998","0","4.2545230707532","0.363525340505626","10.10767608",
"12/18/2003","66.5625","38.872501373291","526","13.041","4.565","0","4.43676367598457","0.535133341014965","9.64856394",
"12/19/2003","66.5625","38.872501373291","526","15.915","7.411","0","6.51923917657169","0.47373715758301","9.37822725",
"12/20/2003","66.5625","38.872501373291","526","16.694","8.00099999999998","0","4.48176373037265","0.419633833676322","8.97581493",
"12/21/2003","66.5625","38.872501373291","526","10.037","1.358","0.8119583064","1.90221253479698","0.666660269310209","3.53750796",
"12/22/2003","66.5625","38.872501373291","526","1.09800000000001","-3.988","0.1081466352","2.65628000987948","0.7717743858559","9.3359259",
"12/23/2003","66.5625","38.872501373291","526","1.976","-4.5","0","1.80811740564458","0.685768065800704","10.044840348",
"12/24/2003","66.5625","38.872501373291","526","5.791","-3.49599999999998","0","2.20964579946028","0.511058625282513","10.333465038",
"12/25/2003","66.5625","38.872501373291","526","6.59399999999999","-2.74400000000003","0.0137329056","1.44257357400233","0.413902315875474","9.33187176",
"12/26/2003","66.5625","38.872501373291","526","3.77300000000002","-2.43099999999998","0.0205993584","1.84731161384673","0.7054157624626","9.20401632",
"12/27/2003","66.5625","38.872501373291","526","8.024","-2.565","0","2.94981152941345","0.576858854135191","10.254092832",
"12/28/2003","66.5625","38.872501373291","526","8.01999999999998","2.94499999999999","2.7019485504","3.88889463064738","0.520081796498662","2.84287329",
"12/29/2003","66.5625","38.872501373291","526","4.87900000000002","-0.45999999999998","0.1922609376","1.77219382937016","0.858657767217173","5.69676798",
"12/30/2003","66.5625","38.872501373291","526","3","-1.16399999999999","1.9191747456","1.60722803567295","0.867137753678924","7.24696875",
"12/31/2003","66.5625","38.872501373291","526","2.02800000000002","-1.56099999999998","3.17401848","2.54423570230864","0.854798580032742","6.0657201",
"1/1/2004","66.5625","38.872501373291","526","1.72800000000001","-2.27199999999999","1.92174912","2.41706344134821","0.853003712145153","6.570838512",
"1/2/2004","66.5625","38.872501373291","526","2.53199999999998","-3.07400000000001","0.429153588","1.72671748250168","0.690373625233779","10.064872332",
"1/3/2004","66.5625","38.872501373291","526","4.70600000000002","-3.77499999999998","0","2.8062131739887","0.408891317473602","10.503903888",
"1/4/2004","66.5625","38.872501373291","526","8.55700000000002","-0.495999999999981","0.8016583464","3.6419912497049","0.477631485565804","6.267997728",
"1/5/2004","66.5625","38.872501373291","526","5.19299999999998","2.66899999999998","3.774835008","4.4999446835438","0.77121279109309","4.89678516",
"1/6/2004","66.5625","38.872501373291","526","10.527","3.06400000000002","0.2180098008","6.91900470768638","0.595050063085835","6.344210772",
"1/7/2004","66.5625","38.872501373291","526","10.411","5.42500000000001","4.355052048","4.58766426313377","0.687481857863927","7.382475036",
"1/8/2004","66.5625","38.872501373291","526","8.71100000000001","5.589","7.80373098","5.4985526642165","0.723894396689335","1.18141857",
"1/9/2004","66.5625","38.872501373291","526","14.459","7.83199999999999","0.8445743064","4.76618064010763","0.700293853764924","7.28094024",
"1/10/2004","66.5625","38.872501373291","526","12.983","9.238","2.39982624","3.56285401662174","0.74742119140435","4.131905832",
"1/11/2004","66.5625","38.872501373291","526","9.09500000000003","5.99400000000003","4.22544528","2.88464907025714","0.877155573659081","3.680096562",
"1/12/2004","66.5625","38.872501373291","526","7.37799999999999","1.59500000000003","0.159645096","2.51523372791478","0.755033848954155","10.739474784",
"1/13/2004","66.5625","38.872501373291","526","9.118","0.300999999999988","0","1.97470949715504","0.643289806351338","10.874925288",
"1/14/2004","66.5625","38.872501373291","526","14.715","4.67000000000002","0.73127808","4.29679779985597","0.479892665432106","9.36584712",
"1/15/2004","66.5625","38.872501373291","526","15.171","7.91500000000002","0.815391576","3.46907274815189","0.651360964342228","10.4319576",
"1/16/2004","66.5625","38.872501373291","526","9.11200000000002","3.416","29.9754985104","2.08765578546736","0.903412650925226","1.91941902",
"1/17/2004","66.5625","38.872501373291","526","9.96100000000001","0.839999999999975","0","1.63148712326986","0.635345502303967","11.301246648",
"1/18/2004","66.5625","38.872501373291","526","12.504","3.28899999999999","0","2.82800579107313","0.464196478809363","11.599204752",
"1/19/2004","66.5625","38.872501373291","526","9.72399999999999","1.86000000000001","0","0.926302256697027","0.472718615199856","9.060466572",
"1/20/2004","66.5625","38.872501373291","526","7.30399999999997","1.25799999999998","0.0549316512","1.6402113177038","0.784074869643496","9.05917824",
"1/21/2004","66.5625","38.872501373291","526","5.56299999999999","-0.213999999999999","0.0961303896","2.15506400515804","0.873183863215406","9.55563876",
"1/22/2004","66.5625","38.872501373291","526","6.774","-1.60300000000001","0","1.13097422762396","0.774443685382712","11.745227952",
"1/23/2004","66.5625","38.872501373291","526","9.43000000000001","-0.742000000000019","0","3.10356106588572","0.653008496779183","12.107810844",
"1/24/2004","66.5625","38.872501373291","526","11.359","3.28199999999998","0.4343031864","6.19097763998708","0.406621414496957","6.9098616",
"1/25/2004","66.5625","38.872501373291","526","12.277","5.20699999999999","0.1012802328","3.53651775742878","0.510233335409788","9.793352592",
"1/26/2004","66.5625","38.872501373291","526","12.246","4.75","0","3.99166083651354","0.556741567454129","11.009586312",
"1/27/2004","66.5625","38.872501373291","526","12.659","4.41699999999997","0","3.01857819810133","0.655558250483962","11.8715634",
"1/28/2004","66.5625","38.872501373291","526","7.238","5.13499999999999","5.060580804","3.286970999745","0.725251744897988","3.302102484",
"1/29/2004","66.5625","38.872501373291","526","4.84100000000001","0.209000000000003","3.546524448","3.03340166603458","0.859882637642507","4.056976008",
"1/30/2004","66.5625","38.872501373291","526","1.947","-0.456999999999994","1.0883343384","2.70206025616277","0.910422069157622","5.117119344",
"1/31/2004","66.5625","38.872501373291","526","3.31400000000002","-2.73099999999999","0.24719238","1.76037875424038","0.891026762465781","9.385085592",
"2/1/2004","66.5625","38.872501373291","526","4.63299999999998","-3.77800000000002","0","1.86544020684463","0.792383806793352","12.54616812",
"2/2/2004","66.5625","38.872501373291","526","8.43599999999998","-1.25299999999999","0","3.59372579006482","0.54523290579472","13.4318286",
"2/3/2004","66.5625","38.872501373291","526","8.452","1.68700000000001","0.2780915832","2.5618177607668","0.475554686737742","6.235253928",
"2/4/2004","66.5625","38.872501373291","526","8.47699999999998","1.00799999999998","0.0240326064","2.99120688603434","0.722532310747873","13.0983759",
"2/5/2004","66.5625","38.872501373291","526","8.262","-0.995000000000005","0","1.61272799264203","0.728609051032332","13.335809112",
"2/6/2004","66.5625","38.872501373291","526","12.64","2.46899999999999","0","6.1079739089911","0.477312447346712","13.75650144",
"2/7/2004","66.5625","38.872501373291","526","9.38799999999998","6.10899999999998","10.08339228","5.40993601685683","0.615597928755123","1.84708071",
"2/8/2004","66.5625","38.872501373291","526","8.08199999999999","1.98099999999999","0.2918244024","3.16417938197517","0.83430375286259","9.028178532",
"2/9/2004","66.5625","38.872501373291","526","9.899","-1.01900000000001","0","2.48894719651215","0.756895645862912","14.21043498",
"2/10/2004","66.5625","38.872501373291","526","13.796","3.839","0","4.65029738855556","0.468127797477783","14.4509067",
"2/11/2004","66.5625","38.872501373291","526","17.899","6.733","0","5.35463575230748","0.350323775655436","14.99697864",
"2/12/2004","66.5625","38.872501373291","526","19.679","7.94900000000001","0","5.71663509821291","0.294154574497858","14.8199616",
"2/13/2004","66.5625","38.872501373291","526","14.059","3.29000000000002","0","1.83878785736704","0.568735015099818","14.5947933",
"2/14/2004","66.5625","38.872501373291","526","18.235","5.41500000000002","0","4.04566995193185","0.468774782705803","14.57853894",
"2/15/2004","66.5625","38.872501373291","526","21.235","12.116","0","8.17266450325047","0.324924428787002","10.68811758",
"2/16/2004","66.5625","38.872501373291","526","17.691","7.69400000000002","5.57556246","6.5120298344411","0.518447784665607","2.87189982",
"2/17/2004","66.5625","38.872501373291","526","7.20800000000003","1.11700000000002","0.0205993656","2.5268057960947","0.499403524879074","15.7411674",
"2/18/2004","66.5625","38.872501373291","526","11.32","1.50799999999998","0","3.02259822021173","0.325010404459692","14.27135904",
"2/19/2004","66.5625","38.872501373291","526","9.04300000000001","-0.838999999999999","0","1.67603823352965","0.449630576224663","16.15927356",
"2/20/2004","66.5625","38.872501373291","526","14.649","1.947","0.0514984104","1.86701595205083","0.435912888108188","15.1475049",
"2/21/2004","66.5625","38.872501373291","526","11.634","3.48200000000003","0.339889212","1.40170776356938","0.595062394227378","15.2740125",
"2/22/2004","66.5625","38.872501373291","526","14.827","3.13299999999998","0","2.4343499253266","0.575681967683543","16.24027392",
"2/23/2004","66.5625","38.872501373291","526","17.465","3.83999999999998","0","2.86046335059243","0.422758934673087","15.24825342",
"2/24/2004","66.5625","38.872501373291","526","16.634","6.84199999999998","1.57585104","4.62979334609799","0.400010477455133","4.392338328",
"2/25/2004","66.5625","38.872501373291","526","12.836","2.08499999999998","0","1.92073094224597","0.650086693842044","15.6344616",
"2/26/2004","66.5625","38.872501373291","526","10.616","-1.25","0","1.43557951883625","0.639546851400129","17.47118664",
"2/27/2004","66.5625","38.872501373291","526","12.442","-0.358000000000004","0","2.2526895455954","0.506865316892811","17.73888552",
"2/28/2004","66.5625","38.872501373291","526","12.638","0.576999999999998","0","2.1099948386065","0.469413276057685","17.74389564",
"2/29/2004","66.5625","38.872501373291","526","13.324","4.51299999999998","0.593948556","3.4453794890364","0.498918625569036","14.9947326",
"3/1/2004","66.5625","38.872501373291","526","12.832","0.298000000000002","0","1.76904856108906","0.515040386750332","17.96468544",
"3/2/2004","66.5625","38.872501373291","526","16.102","4.14400000000001","0","3.06391468441534","0.412162052243887","18.20115072",
"3/3/2004","66.5625","38.872501373291","526","15.514","8.245","0.5887989864","2.04484976956328","0.48951997879587","12.57305436",
"3/4/2004","66.5625","38.872501373291","526","15.886","5.30599999999998","0","2.49960097368484","0.627632074459363","16.61394564",
"3/5/2004","66.5625","38.872501373291","526","19.294","7.42599999999999","0","3.65275259307161","0.523344015765732","17.48626596",
"3/6/2004","66.5625","38.872501373291","526","25.481","12.664","0","7.04143428621444","0.29567368178394","18.3589272",
"3/7/2004","66.5625","38.872501373291","526","29.047","14.7","0","5.80229478399917","0.209960803513949","16.99964892",
"3/8/2004","66.5625","38.872501373291","526","16.909","7.46199999999999","0","2.98485293045916","0.502809695388328","17.66318256",
"3/9/2004","66.5625","38.872501373291","526","11.763","4.00400000000002","0.0205993584","2.84833580831377","0.574396323595198","18.35285724",
"3/10/2004","66.5625","38.872501373291","526","14.34","1.12099999999998","0","2.05976392061761","0.478040410073809","19.24830108",
"3/11/2004","66.5625","38.872501373291","526","17.02","4.12400000000002","0","2.09528373356748","0.460338087292427","19.50350616",
"3/12/2004","66.5625","38.872501373291","526","22.169","7.69099999999997","0.038623824","2.4305675025786","0.374929792513975","18.6726906",
"3/13/2004","66.5625","38.872501373291","526","18.944","6.38999999999999","1.2514131864","1.75857305867155","0.52318134164627","16.94548386",
"3/14/2004","66.5625","38.872501373291","526","17.501","7.17399999999998","0","1.76044687838178","0.606625534900281","15.37711452",
"3/15/2004","66.5625","38.872501373291","526","12.267","6.91500000000002","8.7547319064","1.73134088295906","0.772576949286892","5.805788688",
"3/16/2004","66.5625","38.872501373291","526","11.274","0.62700000000001","23.176000836","2.96997820158906","0.858221628923383","14.266463292",
"3/17/2004","66.5625","38.872501373291","526","5.27499999999998","-0.576000000000022","3.3748630992","3.07331672489932","0.838729281373874","15.2002638",
"3/18/2004","66.5625","38.872501373291","526","11.173","-0.723000000000013","0","2.45732761542216","0.673036834279916","20.68739874",
"3/19/2004","66.5625","38.872501373291","526","14.265","0.153999999999996","0","1.99269746297082","0.620662606699313","20.78482527",
"3/20/2004","66.5625","38.872501373291","526","14.653","4.11000000000001","2.6967987864","1.96433159384541","0.711423470747695","17.40802572",
"3/21/2004","66.5625","38.872501373291","526","8.089","2.34899999999999","1.641940452","2.98737277743088","0.816251804766407","17.06428161",
"3/22/2004","66.5625","38.872501373291","526","11.209","-0.622000000000014","0","2.46478779129126","0.635012120071646","21.82606452",
"3/23/2004","66.5625","38.872501373291","526","13.134","0.382000000000005","0","2.18679163567675","0.544180928954564","22.071540168",
"3/24/2004","66.5625","38.872501373291","526","16.207","5.27600000000001","0","3.12511262652774","0.40699278984332","22.14461412",
"3/25/2004","66.5625","38.872501373291","526","16.53","3.38299999999998","0","2.17728341165557","0.437486717571212","22.47699258",
"3/26/2004","66.5625","38.872501373291","526","19.14","3.96600000000001","0","2.6685424259901","0.472036838823895","22.68663678",
"3/27/2004","66.5625","38.872501373291","526","20.067","4.32600000000002","0","2.03336445538817","0.429993308628821","22.93678386",
"3/28/2004","66.5625","38.872501373291","526","21.151","3.44799999999998","0","2.11360835419397","0.35956718074137","23.44179168",
"3/29/2004","66.5625","38.872501373291","526","23.339","6.67700000000002","0","2.88443294362692","0.294932894722579","23.30909532",
"3/30/2004","66.5625","38.872501373291","526","24.808","8.613","0","2.53662737396573","0.290896404515376","23.72478336",
"3/31/2004","66.5625","38.872501373291","526","27.69","12.084","0","3.10976825880728","0.270632736083224","22.527333648",
"4/1/2004","66.5625","38.872501373291","526","24.046","11.671","0.0308990304","2.47558855570691","0.410358131206481","12.290344632",
"4/2/2004","66.5625","38.872501373291","526","13.264","4.71800000000002","21.0748668264","3.1492912138032","0.848098323319949","3.994765668",
"4/3/2004","66.5625","38.872501373291","526","20.963","3.95600000000002","0.0411987312","4.49629777924271","0.518809656867024","23.60407698",
"4/4/2004","66.5625","38.872501373291","526","26.739","13.566","0","4.06708495942076","0.288880667778198","23.1995259",
"4/5/2004","66.5625","38.872501373291","526","27.635","10.362","1.18789668","4.98636325417694","0.430233915793646","21.60202284",
"4/6/2004","66.5625","38.872501373291","526","11.324","4.62","2.7929306664","3.4094045744311","0.881099228813164","8.578858212",
"4/7/2004","66.5625","38.872501373291","526","13.592","3.41699999999997","0","1.97319651946551","0.759010941805227","18.78862302",
"4/8/2004","66.5625","38.872501373291","526","16.394","5.05599999999998","0.0034332264","2.01141353449702","0.668576298196162","23.58630072",
"4/9/2004","66.5625","38.872501373291","526","16.374","1.54000000000002","0","2.11547294183928","0.6054381102242","25.01229924",
"4/10/2004","66.5625","38.872501373291","526","18.465","2.31799999999998","0","2.92300817712339","0.53544348596387","25.30187136",
"4/11/2004","66.5625","38.872501373291","526","20.538","5.62099999999998","0","4.04266342760724","0.386879727642841","25.777692",
"4/12/2004","66.5625","38.872501373291","526","20.589","5.452","0","2.9423811599025","0.350377383773255","25.80035904",
"4/13/2004","66.5625","38.872501373291","526","22.379","6.82600000000002","0","2.72997605595935","0.373809841405008","25.50577536",
"4/14/2004","66.5625","38.872501373291","526","23.731","8.77199999999999","0","2.88576440479617","0.33441136087874","26.078067",
"4/15/2004","66.5625","38.872501373291","526","25.657","8.68099999999998","0","2.37548113087671","0.363804583910615","25.86897396",
"4/16/2004","66.5625","38.872501373291","526","25.419","15.793","0.0240325992","3.37127959582647","0.388544688957828","23.64935652",
"4/17/2004","66.5625","38.872501373291","526","26.633","11.133","0","4.01280629285392","0.374354140082088","25.54543152",
"4/18/2004","66.5625","38.872501373291","526","20.53","4.37","6.3428892264","5.22476960807555","0.520615070732322","11.25680436",
"4/19/2004","66.5625","38.872501373291","526","17.149","1.685","0","2.98438384047588","0.491635585668048","26.51113404",
"4/20/2004","66.5625","38.872501373291","526","24.254","5.04599999999999","0","2.64436215495423","0.386978484320748","26.49537972",
"4/21/2004","66.5625","38.872501373291","526","25.857","14.72","0.1184462424","3.5035284490427","0.366333765191358","13.56322572",
"4/22/2004","66.5625","38.872501373291","526","18.959","9.07600000000002","0","3.4416927669423","0.477561283456506","24.95430972",
"4/23/2004","66.5625","38.872501373291","526","25.627","10.949","0","3.3571277657815","0.366218744757687","27.04809528",
"4/24/2004","66.5625","38.872501373291","526","32.965","16.349","0","6.07426127921481","0.2176440693192","26.27376264",
"4/25/2004","66.5625","38.872501373291","526","28.154","16.445","0.192260664","2.45582242744496","0.37450151093732","19.63890045",
"4/26/2004","66.5625","38.872501373291","526","21.406","10.556","0.5441668056","2.67245410311173","0.602849369993247","21.0853683",
"4/27/2004","66.5625","38.872501373291","526","21.603","5.82799999999997","0","2.34726919282626","0.521990138251721","27.52211286",
"4/28/2004","66.5625","38.872501373291","526","20.388","7.96800000000002","0","3.75387802041761","0.464631203580353","24.68076012",
"4/29/2004","66.5625","38.872501373291","526","18.603","5.762","0","4.11672592481571","0.37079318132382","28.01395512",
"4/30/2004","66.5625","38.872501373291","526","19.487","4.65800000000002","0","3.93563012188827","0.294387299049093","28.97904078",
"5/1/2004","66.5625","38.872501373291","526","22.14","6.96199999999999","0","2.96942031561036","0.261676143615362","28.81485666",
"5/2/2004","66.5625","38.872501373291","526","25.487","9.15600000000001","0","3.06444187865807","0.220921986790223","29.252399472",
"5/3/2004","66.5625","38.872501373291","526","26.844","7.81299999999999","0","2.43634517063144","0.191227720389371","28.696281192",
"5/4/2004","66.5625","38.872501373291","526","28.874","12.065","0","2.80471887683568","0.181785621977498","28.79133444",
"5/5/2004","66.5625","38.872501373291","526","31.411","16.9","0","3.05858836390815","0.204056603966984","28.225177128",
"5/6/2004","66.5625","38.872501373291","526","25.3","13.134","2.0084370264","4.10788483816629","0.463019670295505","10.285930152",
"5/7/2004","66.5625","38.872501373291","526","21.418","12.407","4.39453188","2.68005181593974","0.543928767672726","25.9436268",
"5/8/2004","66.5625","38.872501373291","526","24.139","8.81900000000002","0","2.49500599844452","0.336724846712616","29.28138822",
"5/9/2004","66.5625","38.872501373291","526","27.105","9.62900000000002","0","2.34464128450982","0.242485584193592","29.36767158",
"5/10/2004","66.5625","38.872501373291","526","28.821","13.255","0","3.60444133230275","0.223367332283583","27.541573128",
"5/11/2004","66.5625","38.872501373291","526","29.925","13.519","0","2.56725479792424","0.257680164169736","29.068372008",
"5/12/2004","66.5625","38.872501373291","526","33.309","17.641","0","3.35485770105408","0.15394177108777","29.384784648",
"5/13/2004","66.5625","38.872501373291","526","35.329","18.341","0","3.51487698687177","0.141972358826461","29.836345608",
"5/14/2004","66.5625","38.872501373291","526","36.237","20.197","0","3.06577742544014","0.130703857035668","29.358619848",
"5/15/2004","66.5625","38.872501373291","526","36.739","22.182","0.06866442","3.01372782104067","0.152230612855486","26.694666792",
"5/16/2004","66.5625","38.872501373291","526","33.916","21.558","0.15106194","3.69073787080437","0.256817669583032","27.802858752",
"5/17/2004","66.5625","38.872501373291","526","34.264","19.446","0","3.77695745030639","0.14914548868706","30.4787088",
"5/18/2004","66.5625","38.872501373291","526","34.103","20.075","0","4.2023564822559","0.143821480751575","29.75287896",
"5/19/2004","66.5625","38.872501373291","526","28.276","16.28","0","3.24712987620797","0.249008266237354","29.6324406",
"5/20/2004","66.5625","38.872501373291","526","27.036","12.819","0","2.73055522455867","0.216420834649946","30.41426412",
"5/21/2004","66.5625","38.872501373291","526","30.718","14.969","0","3.14690400956773","0.181639420524584","29.1391236",
"5/22/2004","66.5625","38.872501373291","526","21.809","13.232","0.401687532","3.82195192374217","0.447013596062941","29.49480216",
"5/23/2004","66.5625","38.872501373291","526","24.948","11.052","0","4.24618591242979","0.34948162600883","30.43400472",
"5/24/2004","66.5625","38.872501373291","526","28.004","13.977","0","3.96045497174412","0.279199906928683","30.47493636",
"5/25/2004","66.5625","38.872501373291","526","30.599","15.39","0","3.20938806549599","0.196868596742901","30.8700522",
"5/26/2004","66.5625","38.872501373291","526","29.136","15.671","0","3.56746760518437","0.191333691161749","30.54206484",
"5/27/2004","66.5625","38.872501373291","526","28.136","14.213","0","2.82240016453035","0.252728948945094","30.20118588",
"5/28/2004","66.5625","38.872501373291","526","28.453","13.606","0","3.01836662065631","0.206756568787476","31.05675972",
"5/29/2004","66.5625","38.872501373291","526","29.506","12.079","0","3.05255986992628","0.171159606579154","31.01783724",
"5/30/2004","66.5625","38.872501373291","526","29.47","13.033","0","2.42583504694257","0.167210113669729","28.05743952",
"5/31/2004","66.5625","38.872501373291","526","30.342","17.97","0","2.79893258527187","0.20772939150513","27.15873948",
"6/1/2004","66.5625","38.872501373291","526","31.611","19.205","0","3.53583648839442","0.187086523373889","29.90920284",
"6/2/2004","66.5625","38.872501373291","526","31.861","16.759","0","2.3133470336031","0.207416116145726","30.35283552",
"6/3/2004","66.5625","38.872501373291","526","34.531","18.883","0","2.95341859325456","0.153895749720234","31.12528464",
"6/4/2004","66.5625","38.872501373291","526","36.139","21.984","0","3.1390806587379","0.122931402102567","26.62728192",
"6/5/2004","66.5625","38.872501373291","526","33.074","20.002","0","4.14678997924738","0.175545196825282","30.53098152",
"6/6/2004","66.5625","38.872501373291","526","28.921","16.872","0","4.12942850952059","0.268925427831682","30.42006228",
"6/7/2004","66.5625","38.872501373291","526","29.601","14.485","0","3.72883078131777","0.259997325592977","31.3772022",
"6/8/2004","66.5625","38.872501373291","526","31.228","15.596","0","3.82098759959798","0.188902907684276","31.3945416",
"6/9/2004","66.5625","38.872501373291","526","32.245","16.31","0","3.16930003687063","0.167348613513046","31.52609604",
"6/10/2004","66.5625","38.872501373291","526","34.326","18.489","0","3.17696008535183","0.136285828455937","31.63542696",
"6/11/2004","66.5625","38.872501373291","526","36.006","18.31","0","3.13539989661404","0.136256478992569","31.5468162",
"6/12/2004","66.5625","38.872501373291","526","37.296","22.467","0","5.02131815918382","0.0957383559825229","31.75471008",
"6/13/2004","66.5625","38.872501373291","526","36.001","21.916","0","5.46042588796923","0.159570651345021","31.22440668",
"6/14/2004","66.5625","38.872501373291","526","29.779","18.216","0","4.98491473867043","0.329118240069049","30.82927932",
"6/15/2004","66.5625","38.872501373291","526","32.996","17.705","0","3.7465610932114","0.254280313031988","31.118166",
"6/16/2004","66.5625","38.872501373291","526","35.686","17.852","0","3.63614552156871","0.18814706992063","31.3167114",
"6/17/2004","66.5625","38.872501373291","526","36.651","21.565","0","4.91020591261539","0.115853759574148","31.5983898",
"6/18/2004","66.5625","38.872501373291","526","36.288","21.355","0","3.845807886174","0.122913265120927","31.83508764",
"6/19/2004","66.5625","38.872501373291","526","37.337","18.467","0","3.71787010001119","0.118976014224115","31.41056304",
"6/20/2004","66.5625","38.872501373291","526","37.136","22.95","0","4.94149419321561","0.142839811676581","30.866508",
"6/21/2004","66.5625","38.872501373291","526","36.63","22.206","0","4.59786407083483","0.137565812558036","31.13045028",
"6/22/2004","66.5625","38.872501373291","526","37.027","21.715","0","4.52004647097781","0.135684040553391","31.0360482",
"6/23/2004","66.5625","38.872501373291","526","35.38","23.131","0","5.84878147447267","0.116870149094459","31.18882428",
"6/24/2004","66.5625","38.872501373291","526","34.573","20.374","0","4.96229226333245","0.135416506053856","31.84988472",
"6/25/2004","66.5625","38.872501373291","526","34.263","18.299","0","4.40895334585948","0.167454511361262","31.66198668",
"6/26/2004","66.5625","38.872501373291","526","33.384","20.223","0","5.99963789320719","0.140487901124873","31.82163408",
"6/27/2004","66.5625","38.872501373291","526","34.025","18.792","0","4.42047563205017","0.141332389901189","31.78767348",
"6/28/2004","66.5625","38.872501373291","526","35.008","20.067","0","3.37707407509146","0.125087373117694","31.67083116",
"6/29/2004","66.5625","38.872501373291","526","36.322","18.987","0","3.25072903574783","0.124933052774335","31.23693",
"6/30/2004","66.5625","38.872501373291","526","37.207","22.853","0","4.98936293330495","0.160168776511033","30.70287792",
"7/1/2004","66.5625","38.872501373291","526","37.177","22.685","0","4.08164950944601","0.168726485320646","30.57862572",
"7/2/2004","66.5625","38.872501373291","526","36.791","23.07","0","4.58665462769086","0.170452711523622","30.846375",
"7/3/2004","66.5625","38.872501373291","526","37.356","18.776","0","3.57330291826166","0.17584153527233","31.16315196",
"7/4/2004","66.5625","38.872501373291","526","35.069","21.814","0","4.74702449461526","0.189340551788662","30.91567572",
"7/5/2004","66.5625","38.872501373291","526","30.744","17.899","0","4.00740749055774","0.208137912162501","31.28038956",
"7/6/2004","66.5625","38.872501373291","526","32.733","15.323","0","3.17207989974076","0.259845174754178","30.98525904",
"7/7/2004","66.5625","38.872501373291","526","33.708","17.206","0","3.4995890195249","0.216344610491111","30.3121044",
"7/8/2004","66.5625","38.872501373291","526","31.098","18.137","0","4.9828446660857","0.174151554049418","31.00685112",
"7/9/2004","66.5625","38.872501373291","526","34.091","18.84","0","4.04620199693499","0.177677523546992","31.13381016",
"7/10/2004","66.5625","38.872501373291","526","35.403","19.488","0","3.35826562421346","0.118925381540709","30.80280024",
"7/11/2004","66.5625","38.872501373291","526","36.095","21.709","0","4.30822575108266","0.171879310007079","29.92258116",
"7/12/2004","66.5625","38.872501373291","526","32.278","18.724","0.212860332","3.52717570584546","0.299827844959966","26.05432104",
"7/13/2004","66.5625","38.872501373291","526","30.741","16.7","0","2.94974154205237","0.311536258559056","25.44266376",
"7/14/2004","66.5625","38.872501373291","526","30.517","16.644","0","3.41506236520213","0.240075319861094","29.455712208",
"7/15/2004","66.5625","38.872501373291","526","30.206","15.601","0","2.54450288128587","0.266338686621132","27.19097316",
"7/16/2004","66.5625","38.872501373291","526","29.854","15.075","0","2.4629796292886","0.266958487559275","28.053904608",
"7/17/2004","66.5625","38.872501373291","526","28.979","15.705","0","2.47086091352291","0.311537776505905","26.706935592",
"7/18/2004","66.5625","38.872501373291","526","28.688","16.175","0","3.24235521102119","0.351575941523845","28.364515992",
"7/19/2004","66.5625","38.872501373291","526","26.892","15.379","0","2.30779528921935","0.462972673470656","22.91680818",
"7/20/2004","66.5625","38.872501373291","526","29.354","16.403","0","2.79907737870179","0.404648588485941","25.473535128",
"7/21/2004","66.5625","38.872501373291","526","30.725","17.878","0","2.4880349002821","0.348425159392811","26.14955004",
"7/22/2004","66.5625","38.872501373291","526","33.396","19.638","0","2.17712722588596","0.290358476897175","28.449794232",
"7/23/2004","66.5625","38.872501373291","526","34.991","19.789","0","3.29394266353031","0.207286675720021","29.14632954",
"7/24/2004","66.5625","38.872501373291","526","35.583","21.016","0","4.02741889843943","0.241172791285704","28.737848592",
"7/25/2004","66.5625","38.872501373291","526","36.801","22.693","0","4.79429567920191","0.200782569985618","29.2525362",
"7/26/2004","66.5625","38.872501373291","526","37.375","22.724","0","5.42043007992162","0.175623565498485","29.10993246",
"7/27/2004","66.5625","38.872501373291","526","36.585","23.366","0","5.50199067175892","0.179121339102443","29.24707086",
"7/28/2004","66.5625","38.872501373291","526","36.704","23.31","0","5.31504199329555","0.168631704764422","29.15212266",
"7/29/2004","66.5625","38.872501373291","526","36.257","23.334","0","4.8036211388245","0.178943226561976","28.58878746",
"7/30/2004","66.5625","38.872501373291","526","34.28","19.789","0","4.27904613562619","0.23855067898978","28.66381722",
"7/31/2004","66.5625","38.872501373291","526","32.663","18.518","0","3.36053004668488","0.201925918558856","28.50199452",
"8/1/2004","66.5625","38.872501373291","526","30.326","17.68","0","3.04997303447526","0.290340702248087","26.62070976",
"8/2/2004","66.5625","38.872501373291","526","29.068","14.022","0","3.23755158337497","0.294213992510321","28.689073632",
"8/3/2004","66.5625","38.872501373291","526","30.862","14.044","0","3.26095107953485","0.252612738525062","28.707802488",
"8/4/2004","66.5625","38.872501373291","526","33.822","15.052","0","2.71095156228794","0.200766721838948","28.94523516",
"8/5/2004","66.5625","38.872501373291","526","36.577","16.048","0","2.81694284509532","0.189136478739163","28.028875392",
"8/6/2004","66.5625","38.872501373291","526","33.079","17.637","0","3.51088656009181","0.235121991175052","28.28441124",
"8/7/2004","66.5625","38.872501373291","526","31.457","14.855","0","4.27699440962203","0.25583991199075","28.7543844",
"8/8/2004","66.5625","38.872501373291","526","31.216","14.758","0","3.10743329153536","0.278593946625943","28.35691767",
"8/9/2004","66.5625","38.872501373291","526","32.05","13.28","0","2.69119122435613","0.288405700708259","27.93200391",
"8/10/2004","66.5625","38.872501373291","526","32.659","16.163","0","2.93652172854626","0.227207540302485","27.94905729",
"8/11/2004","66.5625","38.872501373291","526","33.113","13.958","0","2.45187434975985","0.213405732342962","27.77878458",
"8/12/2004","66.5625","38.872501373291","526","34.235","18.002","0","3.42974555978654","0.127333885466085","28.17248013",
"8/13/2004","66.5625","38.872501373291","526","37.443","20.546","0","3.48832486539976","0.0856528432074649","28.38059892",
"8/14/2004","66.5625","38.872501373291","526","39.041","20.502","0","4.2466991405647","0.0736568059461516","27.25002396",
"8/15/2004","66.5625","38.872501373291","526","36.954","22.052","0","4.4459866786492","0.16048096840273","27.0771732",
"8/16/2004","66.5625","38.872501373291","526","36.542","17.575","0","3.36803908308056","0.196800781963444","27.14961996",
"8/17/2004","66.5625","38.872501373291","526","35.639","16.268","0","3.62237613189606","0.215410636918457","26.69051484",
"8/18/2004","66.5625","38.872501373291","526","36.082","20.961","0","4.99849998516286","0.189608767477862","26.5670982",
"8/19/2004","66.5625","38.872501373291","526","35.182","20.62","0","4.44333658101818","0.183924933389551","26.7387732",
"8/20/2004","66.5625","38.872501373291","526","34.394","20.224","0","4.24874064305528","0.202550414496912","26.26897788",
"8/21/2004","66.5625","38.872501373291","526","34.849","19.527","0","3.33631381934685","0.232987284873101","26.01117972",
"8/22/2004","66.5625","38.872501373291","526","36.099","20.968","0","4.43269175736518","0.179764608659017","26.23072248",
"8/23/2004","66.5625","38.872501373291","526","36.508","20.727","0","3.71235750015617","0.134262356195523","26.02558296",
"8/24/2004","66.5625","38.872501373291","526","35.623","18.128","0","2.9013997705841","0.167222095517647","25.83371736",
"8/25/2004","66.5625","38.872501373291","526","33.664","19.46","0","3.41051580327525","0.145274628245084","25.93748268",
"8/26/2004","66.5625","38.872501373291","526","33.408","19.159","0","3.49963764583348","0.147704014487538","25.44794568",
"8/27/2004","66.5625","38.872501373291","526","32.986","15.695","0","2.58114599338624","0.189681281962371","25.39203588",
"8/28/2004","66.5625","38.872501373291","526","33.012","17.046","0","2.72071438335365","0.1819765885376","25.00380108",
"8/29/2004","66.5625","38.872501373291","526","32.869","15.472","0","2.595354521951","0.195481997140253","24.77885076",
"8/30/2004","66.5625","38.872501373291","526","32.615","17.368","0","3.63653506730382","0.197421668973359","24.57371196",
"8/31/2004","66.5625","38.872501373291","526","30.75","13.125","0","3.0173963607893","0.23118869630782","24.89540796",
"9/1/2004","66.5625","38.872501373291","526","29.088","14.687","0","3.12851827158843","0.222634245031227","24.79128876",
"9/2/2004","66.5625","38.872501373291","526","29.246","14.846","0","3.13759442507802","0.221714033829206","24.85400364",
"9/3/2004","66.5625","38.872501373291","526","29.696","13.43","0","2.60426338962399","0.202429198272585","24.87362976",
"9/4/2004","66.5625","38.872501373291","526","30.156","13.632","0","2.66897384763178","0.169986147429086","24.27659604",
"9/5/2004","66.5625","38.872501373291","526","31.336","15.042","0","2.77697716694721","0.18773047799818","23.84493732",
"9/6/2004","66.5625","38.872501373291","526","33.767","17.701","0","3.14409168202585","0.166127097489417","24.11578728",
"9/7/2004","66.5625","38.872501373291","526","36.039","19.65","0","4.15100839148442","0.146580832504672","23.72096988",
"9/8/2004","66.5625","38.872501373291","526","31.775","18.57","0","3.55674183946301","0.251250651068723","23.47082388",
"9/9/2004","66.5625","38.872501373291","526","31.38","17.008","0","4.08068278714024","0.262351549200104","23.5584018",
"9/10/2004","66.5625","38.872501373291","526","33.794","16.335","0","3.81832986357207","0.202490561245057","23.66415036",
"9/11/2004","66.5625","38.872501373291","526","34.531","18.744","0","3.31346147270945","0.1408882074761","23.76944676",
"9/12/2004","66.5625","38.872501373291","526","33.626","14.501","0","2.86606228351394","0.141303090873135","23.52436236",
"9/13/2004","66.5625","38.872501373291","526","33.024","14.277","0","2.94552476536929","0.187653974295817","23.05142712",
"9/14/2004","66.5625","38.872501373291","526","29.451","11.951","0","2.93859078414589","0.245408182742604","22.53369312",
"9/15/2004","66.5625","38.872501373291","526","26","10.748","0","2.8345093599785","0.26643164544987","22.208796072",
"9/16/2004","66.5625","38.872501373291","526","25.916","8.911","0","2.30183747721048","0.297561262272739","22.149669528",
"9/17/2004","66.5625","38.872501373291","526","26.091","12.324","0","2.89313755542109","0.221176525827654","22.041736128",
"9/18/2004","66.5625","38.872501373291","526","28.015","8.81900000000002","0","2.1297439073555","0.25133663078604","22.12694802",
"9/19/2004","66.5625","38.872501373291","526","27.822","9.72800000000001","0","2.47225787710167","0.195987027700267","21.916297728",
"9/20/2004","66.5625","38.872501373291","526","24.957","9.31999999999999","0","2.38222279979152","0.269964358713402","21.37297788",
"9/21/2004","66.5625","38.872501373291","526","23.481","8.07799999999997","0","2.74321525989596","0.28363523640946","21.054880368",
"9/22/2004","66.5625","38.872501373291","526","24.283","9.726","0","2.91260709036976","0.249290889739384","21.257775072",
"9/23/2004","66.5625","38.872501373291","526","26.477","9.26999999999998","0","2.75152026112576","0.217514123976079","21.2308263",
"9/24/2004","66.5625","38.872501373291","526","27.674","12.822","0","2.8725067265702","0.183208547182636","21.065063472",
"9/25/2004","66.5625","38.872501373291","526","27.988","8.96899999999999","0","2.25173593570569","0.223015222202398","20.850976008",
"9/26/2004","66.5625","38.872501373291","526","28.245","13.32","0","3.15741103092406","0.188532728515548","20.34349092",
"9/27/2004","66.5625","38.872501373291","526","29.125","10.428","0","3.00973167381083","0.186152136056894","20.380392432",
"9/28/2004","66.5625","38.872501373291","526","28.167","11.267","0","3.26460394255088","0.143938673894916","20.34078714",
"9/29/2004","66.5625","38.872501373291","526","27.789","14.19","0","2.94706465914287","0.144173436552526","20.02522392",
"9/30/2004","66.5625","38.872501373291","526","27.174","11.112","0","2.73243786317334","0.170073458716243","19.72946322",
"10/1/2004","66.5625","38.872501373291","526","25.892","8.82799999999997","0","2.31085533528271","0.218443702884564","18.21138426",
"10/2/2004","66.5625","38.872501373291","526","26.244","8.33199999999999","0","2.13992391703014","0.243683792634144","19.107454392",
"10/3/2004","66.5625","38.872501373291","526","27.101","10.908","0","2.81007597275438","0.213006978109372","19.31833332",
"10/4/2004","66.5625","38.872501373291","526","28.484","11.801","0","2.85429118934363","0.171496223599019","19.32137136",
"10/5/2004","66.5625","38.872501373291","526","28.082","12.032","0","2.86717226827404","0.144853726643562","18.95883822",
"10/6/2004","66.5625","38.872501373291","526","21.953","7.84399999999999","0","2.95339636536917","0.374510959979012","17.81224038",
"10/7/2004","66.5625","38.872501373291","526","16.631","4.243","0","2.77481339357898","0.455163838182149","18.47936754",
"10/8/2004","66.5625","38.872501373291","526","15.037","0.274999999999977","0","2.86735510250272","0.436704286730042","18.39807666",
"10/9/2004","66.5625","38.872501373291","526","15.748","0.547000000000025","0","2.10954089259668","0.470176780615758","17.46534366",
"10/10/2004","66.5625","38.872501373291","526","16.867","4.05700000000002","0","2.45684717092372","0.327680820277748","17.32246848",
"10/11/2004","66.5625","38.872501373291","526","20.624","7.66199999999998","0","2.9153519476638","0.258882540229643","17.5756509",
"10/12/2004","66.5625","38.872501373291","526","21.489","8.29500000000002","0","2.47658901807458","0.261128989389438","14.9949036",
"10/13/2004","66.5625","38.872501373291","526","23.787","11.7","0","3.23229021534122","0.257848446785186","17.10438336",
"10/14/2004","66.5625","38.872501373291","526","23.77","9","0.075530916","3.17755262546783","0.318350117977596","16.25799924",
"10/15/2004","66.5625","38.872501373291","526","13.699","5.43400000000003","0.6892209504","2.70887654872299","0.614244891987099","15.41756088",
"10/16/2004","66.5625","38.872501373291","526","15.452","1.09699999999998","0","2.04280120856073","0.544485495766455","16.67086794",
"10/17/2004","66.5625","38.872501373291","526","17.041","3.80900000000003","0","2.59678846724035","0.4289057744011","16.242306732",
"10/18/2004","66.5625","38.872501373291","526","16.641","3.95800000000003","0","1.79474061811491","0.402863027633789","14.70482028",
"10/19/2004","66.5625","38.872501373291","526","16.78","4.69","0","2.58810153419265","0.333583793988447","15.68019132",
"10/20/2004","66.5625","38.872501373291","526","17.66","1.52300000000002","0","2.27016994615636","0.367960711635134","16.216480548",
"10/21/2004","66.5625","38.872501373291","526","22.074","8.79300000000001","0","3.20770951213761","0.275087328858554","16.016907708",
"10/22/2004","66.5625","38.872501373291","526","27.319","12.91","0","5.29682891105299","0.122149623869501","15.81991542",
"10/23/2004","66.5625","38.872501373291","526","25.693","12.196","0.0068664528","4.11301457678214","0.17989976742452","13.33423296",
"10/24/2004","66.5625","38.872501373291","526","13.273","7.04500000000002","2.4513230088","2.75703508496213","0.721038014793246","5.48190486",
"10/25/2004","66.5625","38.872501373291","526","16.88","4.00900000000001","0","2.21094038034462","0.583005885920872","15.13575648",
"10/26/2004","66.5625","38.872501373291","526","19.739","8.072","0","3.30945905877243","0.461909085131579","14.79504726",
"10/27/2004","66.5625","38.872501373291","526","13.755","4.20699999999999","0.09956358","1.99384075404678","0.631745057408697","12.672391248",
"10/28/2004","66.5625","38.872501373291","526","15.964","1.935","0","2.34639406987451","0.51035401142748","14.63484168",
"10/29/2004","66.5625","38.872501373291","526","19.959","4.46499999999998","0","2.3401854859403","0.323815061247958","14.56998174",
"10/30/2004","66.5625","38.872501373291","526","20.164","7.35199999999998","0","2.94307083075869","0.276688964125116","14.490729",
"10/31/2004","66.5625","38.872501373291","526","19.076","4.18099999999998","0","1.96041761344885","0.326085317068509","14.463287532",
"11/1/2004","66.5625","38.872501373291","526","18.772","4.11099999999999","0","1.99994786391811","0.287910917016999","14.0306022",
"11/2/2004","66.5625","38.872501373291","526","20.593","8.81","0","2.52174962570023","0.233726472861306","13.66245144",
"11/3/2004","66.5625","38.872501373291","526","22.556","9.49400000000003","0","2.6449307161062","0.234162568968949","12.9449241",
"11/4/2004","66.5625","38.872501373291","526","22.396","10.353","0","2.62325988651041","0.27343664843269","12.827641032",
"11/5/2004","66.5625","38.872501373291","526","17.832","8.971","0.427437252","2.39414038289685","0.513061735225251","11.8707138",
"11/6/2004","66.5625","38.872501373291","526","18.595","5.38900000000001","0","1.81836625929474","0.610453459598559","12.843621288",
"11/7/2004","66.5625","38.872501373291","526","19.04","5.75799999999998","0","1.77082012614085","0.57893068121717","12.7341",
"11/8/2004","66.5625","38.872501373291","526","19.825","5.89600000000002","0","1.64889615833555","0.500723031511246","12.609448812",
"11/9/2004","66.5625","38.872501373291","526","14.592","5.39499999999998","0.0102996792","1.53313882612595","0.640559157460795","6.172256232",
"11/10/2004","66.5625","38.872501373291","526","14.95","3.286","0","2.11368416171056","0.603493359667107","12.83456052",
"11/11/2004","66.5625","38.872501373291","526","15.316","2.53100000000001","0","2.13489658675649","0.56836756559787","12.4982442",
"11/12/2004","66.5625","38.872501373291","526","14.659","3.66800000000001","0","2.41123588196095","0.609601239283131","12.53716938",
"11/13/2004","66.5625","38.872501373291","526","14.875","1.28500000000003","0","1.93258322189181","0.610467405145637","12.2464683",
"11/14/2004","66.5625","38.872501373291","526","15.943","1.88900000000001","0","1.63753484070578","0.628498241729556","12.104885232",
"11/15/2004","66.5625","38.872501373291","526","16.916","3.88999999999999","0.4317285024","1.41944851589495","0.634162138254361","11.175184782",
"11/16/2004","66.5625","38.872501373291","526","14.344","5.11900000000003","0","1.42803460209691","0.675839267878165","8.117212536",
"11/17/2004","66.5625","38.872501373291","526","19.598","7.77600000000001","0","4.54108489743645","0.435419710429498","11.96499132",
"11/18/2004","66.5625","38.872501373291","526","19.419","14.587","0.66261294","5.83135610902585","0.375915673240379","4.279498812",
"11/19/2004","66.5625","38.872501373291","526","16.94","10.381","3.359413332","4.30904176239388","0.639586110465328","5.037184008",
"11/20/2004","66.5625","38.872501373291","526","15.568","9.10500000000002","6.5059652664","2.95023849009678","0.813375146565388","7.466008518",
"11/21/2004","66.5625","38.872501373291","526","17.434","9.19600000000003","0.3450394584","2.98117270356953","0.698521399901326","10.72040733",
"11/22/2004","66.5625","38.872501373291","526","16.95","8.09800000000001","0.96817032","3.03363133314911","0.632355930453847","11.307656628",
"11/23/2004","66.5625","38.872501373291","526","20.58","10.001","0","5.95961781872641","0.335153241364037","11.630243988",
"11/24/2004","66.5625","38.872501373291","526","20.918","10.501","1.8384948","6.11170016773686","0.37092866004249","4.46202864",
"11/25/2004","66.5625","38.872501373291","526","11.315","4.91300000000001","0.6334303464","1.58758085934887","0.733834066972169","10.44061479",
"11/26/2004","66.5625","38.872501373291","526","14.689","3.392","0","3.33711614302824","0.541908835166087","11.39293107",
"11/27/2004","66.5625","38.872501373291","526","21.011","9.73599999999999","0","7.26546197017773","0.273505304447654","10.91289123",
"11/28/2004","66.5625","38.872501373291","526","18.074","7.435","9.57356028","6.13078663934545","0.443915336382185","2.05919973",
"11/29/2004","66.5625","38.872501373291","526","6.99200000000002","2.18799999999999","7.94277072","2.86411097617785","0.833550101967266","9.44510913",
"11/30/2004","66.5625","38.872501373291","526","6.98399999999998","0.273000000000025","0.017166132","1.99677234406319","0.775051433129288","7.83140895",
"12/1/2004","66.5625","38.872501373291","526","9.64699999999999","-0.100000000000023","0","2.0362289334471","0.646193857872078","10.84342338",
"12/2/2004","66.5625","38.872501373291","526","12.596","4.22199999999998","0.069522876","3.99059614155665","0.355337872408719","7.00464222",
"12/3/2004","66.5625","38.872501373291","526","5.94400000000002","-4.71800000000002","7.9951271688","2.32042469986648","0.865336306053321","2.57158296",
"12/4/2004","66.5625","38.872501373291","526","6.40100000000001","-5.29300000000001","0","2.28110278003182","0.635070214204911","10.78689087",
"12/5/2004","66.5625","38.872501373291","526","10.838","1.66199999999998","0","4.45296559873959","0.479937715991557","10.86389865",
"12/6/2004","66.5625","38.872501373291","526","8.77699999999999","1.10899999999998","0","2.81635844275061","0.447665351493942","10.56616587",
"12/7/2004","66.5625","38.872501373291","526","7.50700000000001","-2.17700000000002","0","1.96092286870523","0.605901068778176","10.33329447",
"12/8/2004","66.5625","38.872501373291","526","10.539","1.82100000000003","0.0102996792","2.50333596144434","0.436320984415447","8.29816767",
"12/9/2004","66.5625","38.872501373291","526","12.229","1.68599999999998","0","2.36907323866961","0.49810107899767","9.84504609",
"12/10/2004","66.5625","38.872501373291","526","14.16","6.64299999999997","0.695228544","4.70768332306726","0.527802954387758","4.79430333",
"12/11/2004","66.5625","38.872501373291","526","12.854","3.78500000000003","0","2.55996871641871","0.680994698192473","10.00732293",
"12/12/2004","66.5625","38.872501373291","526","13.954","6.76299999999998","9.5160519864","4.25325546628882","0.700236570563678","6.89096727",
"12/13/2004","66.5625","38.872501373291","526","12.192","4.70100000000002","13.3706993184","3.95636631566291","0.784512843774709","1.22894982",
"12/14/2004","66.5625","38.872501373291","526","10.659","5.61099999999999","3.2641383024","1.9902574889569","0.834250064182259","5.1060987",
"12/15/2004","66.5625","38.872501373291","526","14.799","5.11599999999999","0","4.0715329251045","0.691163462242725","9.92199672",
"12/16/2004","66.5625","38.872501373291","526","11.273","7.90499999999997","1.4505396264","2.90297407035426","0.69197142964324","1.74926196",
"12/17/2004","66.5625","38.872501373291","526","10.681","7.00900000000001","8.409691404","1.99619140249417","0.860616533679528","2.06791866",
"12/18/2004","66.5625","38.872501373291","526","6.18700000000001","-2.65699999999998","8.836269552","2.99815353933793","0.92781855692628","2.66917563",
"12/19/2004","66.5625","38.872501373291","526","2.20600000000002","-5.96100000000001","0.0343322712","1.73190392025635","0.685609042291488","9.78733233",
"12/20/2004","66.5625","38.872501373291","526","6.56799999999998","-1.60000000000002","0","2.66189313641816","0.535947516388908","10.1467656",
"12/21/2004","66.5625","38.872501373291","526","7.18599999999998","0.781999999999982","0.0617981184","1.81822995214062","0.617536172787369","8.12986785",
"12/22/2004","66.5625","38.872501373291","526","5.09100000000001","-0.944000000000017","0.0720977688","1.73276720347462","0.833671187759606","8.79963642",
"12/23/2004","66.5625","38.872501373291","526","4.03399999999999","-1.78699999999998","0","1.93518483721428","0.815796985353398","9.56828925",
"12/24/2004","66.5625","38.872501373291","526","6.49799999999999","-1.07400000000001","0","2.50983103527776","0.621791990867615","9.9393723",
"12/25/2004","66.5625","38.872501373291","526","8.577","0.151999999999987","0","3.65252646191412","0.572791310398032","10.16825832",
"12/26/2004","66.5625","38.872501373291","526","10.168","1.46300000000002","0","3.09268766695062","0.563177214446323","9.8388018",
"12/27/2004","66.5625","38.872501373291","526","5.73500000000001","1.11399999999998","0.109863288","1.84007305335596","0.653679000953322","5.86670382",
"12/28/2004","66.5625","38.872501373291","526","2.96300000000002","-0.271999999999991","2.111435064","2.17968094269574","0.887290294441049","4.89729186",
"12/29/2004","66.5625","38.872501373291","526","0.0480000000000018","-2.37","6.105146184","2.53973357906751","0.922011363979738","4.6402299",
"12/30/2004","66.5625","38.872501373291","526","2.07400000000001","-8.52499999999998","0.36220536","2.14579343561413","0.867014983544239","9.894993588",
"12/31/2004","66.5625","38.872501373291","526","4.84899999999999","-3.649","0","2.41633082452014","0.615583472671451","10.606328352",
"1/1/2005","66.5625","38.872501373291","526","3.69","-2.428","0.0720977688","2.09184345288287","0.67199423616235","6.604764588",
"1/2/2005","66.5625","38.872501373291","526","4.29700000000003","-4.68200000000002","0.017166132","1.58656374992741","0.831040008842545","9.911643408",
"1/3/2005","66.5625","38.872501373291","526","7.60300000000001","0.312000000000012","0.40168764","5.75377925511011","0.693020063506071","9.3957795",
"1/4/2005","66.5625","38.872501373291","526","6.971","3.65699999999998","5.0863256856","3.98675751640197","0.759338613503401","3.88732464",
"1/5/2005","66.5625","38.872501373291","526","4.964","0.322000000000003","6.2896716","2.37520481965619","0.89939377705685","8.9461152",
"1/6/2005","66.5625","38.872501373291","526","8.197","1.87200000000001","0","4.99600923972729","0.695886891514219","10.4928237",
"1/7/2005","66.5625","38.872501373291","526","6.40300000000002","1.84699999999998","5.946354144","2.79038529399368","0.772545870573582","2.3469183",
"1/8/2005","66.5625","38.872501373291","526","4.30000000000001","-0.562999999999988","0.5973815376","1.73595013534759","0.899261815266726","8.530652628",
"1/9/2005","66.5625","38.872501373291","526","4.30900000000003","-1.26299999999998","0","1.40329922918968","0.867058718471778","9.419396544",
"1/10/2005","66.5625","38.872501373291","526","5.024","-1.47000000000003","0","1.75558324847325","0.798538496184326","10.278278928",
"1/11/2005","66.5625","38.872501373291","526","8.70699999999999","0.88900000000001","0.1579286304","3.40319414816289","0.57142907924922","8.187978996",
"1/12/2005","66.5625","38.872501373291","526","5.40800000000002","0.035000000000025","1.8127442808","3.86617416975949","0.811710348856182","8.76391758",
"1/13/2005","66.5625","38.872501373291","526","3.02300000000002","-1.25099999999998","0.3124236168","1.9239771749024","0.818834637382966","5.961657168",
"1/14/2005","66.5625","38.872501373291","526","3.93000000000001","-0.59899999999999","0.648880344","4.3184281976463","0.729559904300026","6.31175886",
"1/15/2005","66.5625","38.872501373291","526","4.84699999999998","-0.276999999999987","0.5630490504","2.43386147253004","0.68409353549011","11.085019416",
"1/16/2005","66.5625","38.872501373291","526","4.52300000000002","-2.12","0","1.3625327662745","0.668094444014993","11.240155764",
"1/17/2005","66.5625","38.872501373291","526","2.15800000000002","-4.03300000000002","0","1.58982297617616","0.478960932148619","11.800630908",
"1/18/2005","66.5625","38.872501373291","526","4.66199999999998","-3.32900000000001","0","2.22707993772295","0.348307029353596","11.91430764",
"1/19/2005","66.5625","38.872501373291","526","8.23599999999999","-1.03399999999999","0","4.02010231605354","0.392671978529664","11.872915596",
"1/20/2005","66.5625","38.872501373291","526","10.479","2.971","1.1672972064","4.4436798947203","0.520941449616472","8.646810084",
"1/21/2005","66.5625","38.872501373291","526","4.88099999999997","-0.291999999999973","1.3441083048","3.70601779697601","0.796527548857571","9.871030548",
"1/22/2005","66.5625","38.872501373291","526","3.38499999999999","-1.03699999999998","0.3210067584","2.03513051945715","0.803803478495211","8.584313544",
"1/23/2005","66.5625","38.872501373291","526","8.625","0.0860000000000127","0.0034332264","3.77528516663834","0.568924527534089","9.225506808",
"1/24/2005","66.5625","38.872501373291","526","5.38799999999998","3.28500000000003","6.24160836","5.61998271174791","0.762051813303178","2.831960628",
"1/25/2005","66.5625","38.872501373291","526","10.944","3.59399999999999","0.38795472","5.18963480130069","0.657330457196141","9.799540884",
"1/26/2005","66.5625","38.872501373291","526","4.45999999999998","-1.435","10.773464472","2.56862348783465","0.898642273187656","2.90430198",
"1/27/2005","66.5625","38.872501373291","526","0.24799999999999","-3.70999999999998","0.36735534","2.29294711085357","0.810358833620091","10.60115598",
"1/28/2005","66.5625","38.872501373291","526","0.408000000000015","-4.46600000000001","0.3192901416","2.76443896809379","0.733310599397511","9.247391748",
"1/29/2005","66.5625","38.872501373291","526","1.07299999999998","-5.54899999999998","0.0034332264","2.29649120033909","0.714464148029248","11.880337392",
"1/30/2005","66.5625","38.872501373291","526","1.80900000000003","-5.30900000000003","0.1819610064","2.14535319498961","0.701603323166528","11.97315648",
"1/31/2005","66.5625","38.872501373291","526","6.03899999999999","-3.48200000000003","0.372505392","4.19409107801935","0.687863104887125","9.777542796",
"2/1/2005","66.5625","38.872501373291","526","10.107","3.69499999999999","2.3483280024","6.41636213808174","0.647438148743232","11.372907564",
"2/2/2005","66.5625","38.872501373291","526","8.80900000000003","4.83600000000001","5.9806796688","4.02375345420605","0.73630806297171","3.30136182",
"2/3/2005","66.5625","38.872501373291","526","4.52600000000001","-2.01999999999998","9.980393004","2.21937769548464","0.912964040543972","5.4428661",
"2/4/2005","66.5625","38.872501373291","526","0.0629999999999882","-5.38400000000001","2.0565031464","2.17474358911303","0.826991902407603","12.02264856",
"2/5/2005","66.5625","38.872501373291","526","3.39699999999999","-4.322","0","2.60157976165737","0.690174405549593","13.94538696",
"2/6/2005","66.5625","38.872501373291","526","2.53500000000003","-3.06999999999999","0","1.94122260387185","0.721513583132722","11.083164192",
"2/7/2005","66.5625","38.872501373291","526","2.81099999999998","-4.49400000000003","0","1.67326619301481","0.718764513812528","14.02341012",
"2/8/2005","66.5625","38.872501373291","526","4.54399999999998","-4.21199999999999","0","2.16794384198065","0.681496208197231","14.35545126",
"2/9/2005","66.5625","38.872501373291","526","6.79500000000002","-2.32400000000001","0","2.05984591664853","0.564092438504476","14.49866394",
"2/10/2005","66.5625","38.872501373291","526","4.28800000000001","-1.214","4.301836344","2.36874956764976","0.841235788461036","12.142570788",
"2/11/2005","66.5625","38.872501373291","526","1.15699999999998","-5.51900000000001","4.593657384","2.74451538297398","0.877567440088925","9.737553384",
"2/12/2005","66.5625","38.872501373291","526","0.778999999999996","-8.36200000000002","0.1167297624","1.47269609357913","0.787074194250834","13.48722972",
"2/13/2005","66.5625","38.872501373291","526","1.97199999999998","-5.43200000000002","0.2128600656","1.73340351008847","0.778181924035583","14.06913912",
"2/14/2005","66.5625","38.872501373291","526","4.25","-5.16000000000003","0","2.51208274846897","0.706160096919378","15.61510944",
"2/15/2005","66.5625","38.872501373291","526","0.810999999999979","-6.238","0","2.13191581646476","0.642821847424027","15.79763772",
"2/16/2005","66.5625","38.872501373291","526","-0.187999999999988","-6.86599999999999","0.1853942472","2.12093515655442","0.800674606480911","13.31875944",
"2/17/2005","66.5625","38.872501373291","526","-0.59899999999999","-8.02600000000001","0","1.87095629698348","0.731641055588683","15.00339042",
"2/18/2005","66.5625","38.872501373291","526","0.990999999999985","-7.90499999999997","0","1.71187459131433","0.68161714075329","16.00172532",
"2/19/2005","66.5625","38.872501373291","526","4.45699999999999","-6.899","0","1.79229936462054","0.6302435506053","16.55742006",
"2/20/2005","66.5625","38.872501373291","526","10.354","-1.40699999999998","0","3.17994286291229","0.56048785418489","16.89226686",
"2/21/2005","66.5625","38.872501373291","526","15.143","3.02600000000001","0","5.9654168200351","0.373648081278383","16.4742156",
"2/22/2005","66.5625","38.872501373291","526","13.438","5.64999999999998","1.4282232768","3.71651253238213","0.563696253199167","11.86588314",
"2/23/2005","66.5625","38.872501373291","526","5.577","-1.50299999999999","6.004719108","3.18172041187325","0.901939369994229","5.89460742",
"2/24/2005","66.5625","38.872501373291","526","3.97500000000002","-3.505","0","1.60501294668076","0.787008387566625","16.37195328",
"2/25/2005","66.5625","38.872501373291","526","8.55399999999997","-1.72000000000003","0","1.9486464286355","0.604166880968041","17.7253929",
"2/26/2005","66.5625","38.872501373291","526","13.448","2.03800000000001","0","3.08825205075603","0.535568757492727","16.8926049",
"2/27/2005","66.5625","38.872501373291","526","12.485","2.87700000000001","0.04806522","2.15598223867903","0.648483701744859","17.45481942",
"2/28/2005","66.5625","38.872501373291","526","14.567","3.85399999999999","0","2.78549061023449","0.618519155540018","17.01461484",
"3/1/2005","66.5625","38.872501373291","526","18.254","6.93900000000002","0","3.41025753498116","0.499736821054029","17.62419924",
"3/2/2005","66.5625","38.872501373291","526","18.881","7.86099999999999","0","3.24846965860993","0.399467427021359","17.6492844",
"3/3/2005","66.5625","38.872501373291","526","16.975","7.33300000000003","0.0171661464","2.36225887944909","0.466582807949328","11.10318462",
"3/4/2005","66.5625","38.872501373291","526","18.195","10.352","0.3089904624","2.20098887365996","0.646321742006016","15.255892008",
"3/5/2005","66.5625","38.872501373291","526","20.146","7.30599999999998","0","1.97991033733817","0.608528327003389","17.8544268",
"3/6/2005","66.5625","38.872501373291","526","18.457","8.202","0","2.96266122231974","0.562913240447226","17.0604",
"3/7/2005","66.5625","38.872501373291","526","15.534","7.14100000000002","5.060578032","1.87273928721447","0.729280102528533","12.47146686",
"3/8/2005","66.5625","38.872501373291","526","15.75","7.10700000000003","0.4669186104","2.63474948222296","0.723638504031125","16.3231326",
"3/9/2005","66.5625","38.872501373291","526","18.25","8.08600000000001","0.652313592","4.09352484780583","0.588178085924468","18.31735944",
"3/10/2005","66.5625","38.872501373291","526","20.553","11.698","0.04806522","5.32545591729591","0.53688946205668","18.69631416",
"3/11/2005","66.5625","38.872501373291","526","22.801","12.874","0","5.14478324028462","0.440375592537873","16.44199308",
"3/12/2005","66.5625","38.872501373291","526","24.72","14.955","4.73098212","4.06227615226035","0.471483462452454","15.93686304",
"3/13/2005","66.5625","38.872501373291","526","21.031","12.663","5.49659538","2.66412295322965","0.716054100880347","14.556823128",
"3/14/2005","66.5625","38.872501373291","526","17.923","10.376","0.9887700096","1.85198661694992","0.827030639908765","14.252681088",
"3/15/2005","66.5625","38.872501373291","526","19.909","8.76499999999999","9.712598292","3.19664709957531","0.830554234182505","13.444986258",
"3/16/2005","66.5625","38.872501373291","526","12.096","4.25","1.369857672","2.41053402557664","0.800590971459221","14.42475702",
"3/17/2005","66.5625","38.872501373291","526","13.25","5.577","0.6179805504","2.14051831646134","0.726400513590845","15.35821857",
"3/18/2005","66.5625","38.872501373291","526","13.058","5.08499999999998","0","3.18898006464899","0.721775569396147","19.21134078",
"3/19/2005","66.5625","38.872501373291","526","12.226","2.48200000000003","0.0961303896","1.85094119489833","0.715424477337063","14.34453687",
"3/20/2005","66.5625","38.872501373291","526","18.491","7.048","0","3.18680165131222","0.56100161783852","20.05278903",
"3/21/2005","66.5625","38.872501373291","526","17.705","5.45100000000002","0","2.24632686762744","0.527892063868266","21.51528408",
"3/22/2005","66.5625","38.872501373291","526","17.646","5.00700000000001","0","2.46689070656626","0.414303132877146","21.717164808",
"3/23/2005","66.5625","38.872501373291","526","18.563","5.89499999999998","0","3.04394725126778","0.461536054752499","21.854477232",
"3/24/2005","66.5625","38.872501373291","526","21.631","9.02999999999997","0.0034332264","4.57487051767297","0.413473694887685","21.2811156",
"3/25/2005","66.5625","38.872501373291","526","12.761","1.541","21.413059704","2.80053691988139","0.746864218253597","5.664204432",
"3/26/2005","66.5625","38.872501373291","526","10.204","0.464999999999975","0.0926972208","4.02409440011593","0.68661214485505","21.33641664",
"3/27/2005","66.5625","38.872501373291","526","7.79199999999997","-1.77800000000002","0.73471086","2.79929191422405","0.703456117971268","21.53446866",
"3/28/2005","66.5625","38.872501373291","526","11.919","-1.52600000000001","0","2.20587197674103","0.524233949716869","23.236366968",
"3/29/2005","66.5625","38.872501373291","526","14.936","0.23599999999999","0","2.0805956612981","0.455989110925965","23.459456088",
"3/30/2005","66.5625","38.872501373291","526","20.588","6.78300000000002","0","5.6751174988905","0.336314928240531","23.108962608",
"3/31/2005","66.5625","38.872501373291","526","23.404","11.247","0","3.05563413084464","0.301075954390246","22.83575526",
"4/1/2005","66.5625","38.872501373291","526","23.946","11.44","0","3.00376758900621","0.311495758604046","21.932213112",
"4/2/2005","66.5625","38.872501373291","526","25.913","10.174","0","3.01208935804252","0.265500020928442","23.58765432",
"4/3/2005","66.5625","38.872501373291","526","26.878","13.269","0","5.10488440787867","0.306543710312406","18.080719488",
"4/4/2005","66.5625","38.872501373291","526","23.719","8.40199999999999","2.0582234928","3.54756854822362","0.530272289022336","22.902070608",
"4/5/2005","66.5625","38.872501373291","526","7.47300000000001","-0.870000000000005","0.017166132","2.98877229501514","0.69797216111177","20.946714408",
"4/6/2005","66.5625","38.872501373291","526","7.18200000000002","-2.78199999999998","0","3.88569164580404","0.509905123583732","24.93400284",
"4/7/2005","66.5625","38.872501373291","526","9.53199999999998","-1.22699999999998","0","4.07738912082953","0.501828582312006","24.39084276",
"4/8/2005","66.5625","38.872501373291","526","9.14100000000002","-2.67099999999999","0.065231316","2.20159596485472","0.592437876570398","20.48388588",
"4/9/2005","66.5625","38.872501373291","526","10.677","-2.15899999999999","0","2.21519949496271","0.600655245083084","22.77736272",
"4/10/2005","66.5625","38.872501373291","526","13.096","0.439999999999998","0","2.74379307259229","0.502547936804077","24.98619492",
"4/11/2005","66.5625","38.872501373291","526","16.357","3.32600000000002","0","2.86643103109907","0.410615422993786","24.18559632",
"4/12/2005","66.5625","38.872501373291","526","16.878","2.66500000000002","0","2.46293229684526","0.428811470600721","24.92932608",
"4/13/2005","66.5625","38.872501373291","526","18.457","3.69999999999999","0","2.8163446953197","0.432971930159142","25.07000544",
"4/14/2005","66.5625","38.872501373291","526","19.088","5.36399999999998","0","3.59035040086702","0.292450490046696","26.13802572",
"4/15/2005","66.5625","38.872501373291","526","23.01","5.79000000000002","0","3.20504089092235","0.277344872281158","26.50455216",
"4/16/2005","66.5625","38.872501373291","526","25.287","7.01400000000001","0","2.68501412438419","0.266205986029394","26.75193696",
"4/17/2005","66.5625","38.872501373291","526","29.402","13.185","0","3.51592703694421","0.184977516625288","27.31854348",
"4/18/2005","66.5625","38.872501373291","526","30.496","16.836","0","4.18596843173407","0.156522922633141","25.69483908",
"4/19/2005","66.5625","38.872501373291","526","24.679","14.184","0.64716282","2.66538448825438","0.426518458869647","24.8394312",
"4/20/2005","66.5625","38.872501373291","526","27.826","11.74","0","2.90528363073158","0.265875491886602","27.00956412",
"4/21/2005","66.5625","38.872501373291","526","29.069","9.01600000000002","0","2.6952482276978","0.215379139689858","27.51896268",
"4/22/2005","66.5625","38.872501373291","526","29.902","13.931","0","4.12316025013963","0.20330824437039","26.53346412",
"4/23/2005","66.5625","38.872501373291","526","28.735","14.45","0","3.72815775017621","0.277937141199565","25.6428594",
"4/24/2005","66.5625","38.872501373291","526","25.918","11.328","0","3.42902279807232","0.292412006231711","27.49736655",
"4/25/2005","66.5625","38.872501373291","526","24.846","11.974","0","3.07461042727128","0.324899459956914","25.46296614",
"4/26/2005","66.5625","38.872501373291","526","24.786","12.72","0","2.65628170145835","0.35311233180286","24.64745562",
"4/27/2005","66.5625","38.872501373291","526","23.296","13.234","0","2.14670156433593","0.45222726488845","20.95757235",
"4/28/2005","66.5625","38.872501373291","526","26.234","12.218","0","2.62341799926878","0.464612981259852","24.84269604",
"4/29/2005","66.5625","38.872501373291","526","28.71","12.215","0","3.14196879810389","0.417272120497406","27.477450288",
"4/30/2005","66.5625","38.872501373291","526","30.537","15.671","0","4.41691660691197","0.309132802414902","27.44353404",
"5/1/2005","66.5625","38.872501373291","526","29.339","18.125","0","3.98352313407793","0.363299657703912","23.542929792",
"5/2/2005","66.5625","38.872501373291","526","29.06","16.727","0","4.46782756597777","0.357564171319897","25.33303116",
"5/3/2005","66.5625","38.872501373291","526","28.493","16.833","0","2.91065706981289","0.326409556342038","25.698541248",
"5/4/2005","66.5625","38.872501373291","526","30.265","17.936","0","3.40731995319609","0.29615334024055","26.23229766",
"5/5/2005","66.5625","38.872501373291","526","27.655","16.585","0.0446319576","3.53096169359355","0.304874197704177","19.422107928",
"5/6/2005","66.5625","38.872501373291","526","30.108","14.179","0","2.34338535326918","0.25134752632489","28.15672806",
"5/7/2005","66.5625","38.872501373291","526","23.146","14.607","0.47035224","3.14549112251297","0.417940326727807","19.06666344",
"5/8/2005","66.5625","38.872501373291","526","18.933","11.185","1.551819132","2.15840433445777","0.491478683705999","18.3324978",
"5/9/2005","66.5625","38.872501373291","526","23.26","7.69900000000001","0","2.21059988341805","0.378880179628356","28.962790848",
"5/10/2005","66.5625","38.872501373291","526","26.829","9.822","0","3.26206428309964","0.261108874800702","29.485970568",
"5/11/2005","66.5625","38.872501373291","526","27.59","13.05","0","4.00607875491023","0.244163878604358","28.829809008",
"5/12/2005","66.5625","38.872501373291","526","24.778","10.726","0","3.21626750396117","0.360747780963907","27.86793336",
"5/13/2005","66.5625","38.872501373291","526","22.935","10.235","0","2.61585850727959","0.417571830340429","28.795671288",
"5/14/2005","66.5625","38.872501373291","526","24.259","9.024","0","2.49277932597411","0.319901310398196","29.114039448",
"5/15/2005","66.5625","38.872501373291","526","24.467","10.109","0","2.55341976217787","0.306912021339822","29.746797912",
"5/16/2005","66.5625","38.872501373291","526","26.403","10.523","0","4.21432547100465","0.240206056501169","30.70500336",
"5/17/2005","66.5625","38.872501373291","526","27.515","12.876","0","3.96385427788752","0.177796215487035","28.31624784",
"5/18/2005","66.5625","38.872501373291","526","25.168","10.893","0","3.96316123716491","0.1771215958198","29.94118524",
"5/19/2005","66.5625","38.872501373291","526","19.425","6.34199999999998","0","2.35256362289104","0.324447646532818","29.84624424",
"5/20/2005","66.5625","38.872501373291","526","20.682","8.53300000000002","0.0240325992","2.75197817936373","0.296127931979706","26.95556628",
"5/21/2005","66.5625","38.872501373291","526","24.357","9.839","0","3.25928356598244","0.305134568978012","30.22171092",
"5/22/2005","66.5625","38.872501373291","526","25.725","10.48","0","2.86673356075113","0.270572889535479","29.79713988",
"5/23/2005","66.5625","38.872501373291","526","24.575","8.92099999999999","0.00686646","1.96350765297762","0.365939327444457","26.56360728",
"5/24/2005","66.5625","38.872501373291","526","22.272","13.584","1.179313524","2.52950184784156","0.490890251572791","24.0724701",
"5/25/2005","66.5625","38.872501373291","526","24.559","12.392","0","2.99807713913852","0.42345963955843","29.14846776",
"5/26/2005","66.5625","38.872501373291","526","24.79","12.289","0","3.04303046761433","0.377227521067704","27.36619128",
"5/27/2005","66.5625","38.872501373291","526","26.944","14.132","0","3.45255256762389","0.373568964225001","29.92713264",
"5/28/2005","66.5625","38.872501373291","526","28.897","14.723","0","3.75222527837414","0.322349536920973","29.41661628",
"5/29/2005","66.5625","38.872501373291","526","30.523","15.866","0","4.18866414206501","0.219796287400615","30.57727788",
"5/30/2005","66.5625","38.872501373291","526","30.782","17.003","0","3.94646347365759","0.234532848478177","29.82476448",
"5/31/2005","66.5625","38.872501373291","526","30.773","16.895","0","3.89765327447215","0.252371771134715","28.64407536",
"6/1/2005","66.5625","38.872501373291","526","31.674","18.249","0","3.91418362143648","0.254861416447752","28.2674268",
"6/2/2005","66.5625","38.872501373291","526","32.758","18.727","0","3.84937259992089","0.243248743224914","29.9463732",
"6/3/2005","66.5625","38.872501373291","526","33.062","19.147","0","2.90406719840642","0.243192766840767","30.2428134",
"6/4/2005","66.5625","38.872501373291","526","33.263","16.197","0","2.64971903571092","0.185196607421765","28.85732136",
"6/5/2005","66.5625","38.872501373291","526","32.003","17.459","0","2.87855345807636","0.17433509557226","30.79620144",
"6/6/2005","66.5625","38.872501373291","526","32.256","17.977","0","3.28618922798017","0.192082173072654","30.77313804",
"6/7/2005","66.5625","38.872501373291","526","33.9","18.794","0","4.01228681881372","0.182264219303717","31.06355112",
"6/8/2005","66.5625","38.872501373291","526","34.001","18.626","0","5.11857886699192","0.189765920370393","27.94831668",
"6/9/2005","66.5625","38.872501373291","526","22.578","15.79","0.6763459464","3.6432548405048","0.444845060120379","16.28465724",
"6/10/2005","66.5625","38.872501373291","526","20.314","14.091","4.2949655784","1.92643655001021","0.625205132017643","11.34663336",
"6/11/2005","66.5625","38.872501373291","526","26.928","12.441","0","2.49840200404599","0.473986171190575","26.06512572",
"6/12/2005","66.5625","38.872501373291","526","29.844","15.963","0","3.80091340346373","0.244588844374888","31.13245548",
"6/13/2005","66.5625","38.872501373291","526","30.25","17.546","0","3.64579356599897","0.260705350678624","29.11787532",
"6/14/2005","66.5625","38.872501373291","526","32.018","18.952","0","2.95977983992428","0.311209686710167","29.33776404",
"6/15/2005","66.5625","38.872501373291","526","35.292","20.021","0","4.24158048402931","0.228054786969361","30.95949168",
"6/16/2005","66.5625","38.872501373291","526","36.69","21.668","0","5.18138989729218","0.161579765574938","31.2621894",
"6/17/2005","66.5625","38.872501373291","526","36.748","22.796","0","5.66701914930212","0.128625271181868","31.23973656",
"6/18/2005","66.5625","38.872501373291","526","36.01","23.101","0","5.25288488467935","0.136644235423004","30.96871848",
"6/19/2005","66.5625","38.872501373291","526","33.672","21.442","0","4.14288255814371","0.210077087994689","28.72496268",
"6/20/2005","66.5625","38.872501373291","526","36.565","20.976","0","3.63514585484798","0.208737091723528","30.18594924",
"6/21/2005","66.5625","38.872501373291","526","37.282","21.811","0","3.70502233904173","0.152288693415812","31.34541096",
"6/22/2005","66.5625","38.872501373291","526","40.215","24.609","0","3.55687341250809","0.116844608173211","30.66103368",
"6/23/2005","66.5625","38.872501373291","526","40.43","24.885","0","3.52171533869675","0.121841988114916","30.94318404",
"6/24/2005","66.5625","38.872501373291","526","32.695","20.994","0","4.72743063722659","0.227566376072019","30.31880868",
"6/25/2005","66.5625","38.872501373291","526","30.586","16.99","0","4.5535980870574","0.199288806931256","32.35567896",
"6/26/2005","66.5625","38.872501373291","526","32.877","16.723","0","4.01457026783601","0.172979974601347","31.40414568",
"6/27/2005","66.5625","38.872501373291","526","34.185","18.526","0","4.08468469245181","0.188893758308579","29.69550432",
"6/28/2005","66.5625","38.872501373291","526","32.835","21.101","0","5.17055130948461","0.199332294516731","29.1211308",
"6/29/2005","66.5625","38.872501373291","526","33.522","19.643","0","4.86603473474745","0.19206515898609","30.88125216",
"6/30/2005","66.5625","38.872501373291","526","34.879","18.908","0","4.54611800184431","0.173802793184311","31.37880168",
"7/1/2005","66.5625","38.872501373291","526","36.177","20.152","0","3.99466463927594","0.159824264578542","31.27028832",
"7/2/2005","66.5625","38.872501373291","526","35.511","20.415","0","4.29760248470987","0.140575968857763","31.119984",
"7/3/2005","66.5625","38.872501373291","526","35.687","21.473","0","4.58989585287926","0.146248298561854","31.02069636",
"7/4/2005","66.5625","38.872501373291","526","36.657","20.944","0","4.0130507678348","0.1555250865038","30.6998388",
"7/5/2005","66.5625","38.872501373291","526","37.26","21.786","0","3.59628467478182","0.166716201949592","30.8455902",
"7/6/2005","66.5625","38.872501373291","526","38.398","22.441","0","3.16241845190433","0.14474158693937","30.68679024",
"7/7/2005","66.5625","38.872501373291","526","39.399","22.861","0","3.32648751807348","0.133952510283052","30.81655872",
"7/8/2005","66.5625","38.872501373291","526","39.985","24.769","0","4.80728436678451","0.100267948913092","30.85582248",
"7/9/2005","66.5625","38.872501373291","526","38.532","24.725","0","5.00229341245824","0.160405181288377","29.95256556",
"7/10/2005","66.5625","38.872501373291","526","37.906","22.321","0","4.72946788987447","0.199278342196891","30.29557968",
"7/11/2005","66.5625","38.872501373291","526","37.812","24.003","0","5.22720796979811","0.178978011990287","30.37905468",
"7/12/2005","66.5625","38.872501373291","526","37.54","22.296","0","3.6257482380787","0.158457163557396","30.55145616",
"7/13/2005","66.5625","38.872501373291","526","36.109","18.688","0","3.28950890124307","0.183821753282789","30.21440652",
"7/14/2005","66.5625","38.872501373291","526","33.046","19.243","0","3.85394673024379","0.217788259237344","29.95234326",
"7/15/2005","66.5625","38.872501373291","526","32.57","17.184","0","3.83270863631347","0.204559469082925","30.155514408",
"7/16/2005","66.5625","38.872501373291","526","30.866","17.84","0","5.1110173335083","0.168102520095155","30.969727632",
"7/17/2005","66.5625","38.872501373291","526","33.863","18.299","0","4.39463615675619","0.171065608764277","30.92533092",
"7/18/2005","66.5625","38.872501373291","526","35.073","19.037","0","3.38056219309193","0.164509912663384","30.867303168",
"7/19/2005","66.5625","38.872501373291","526","35.983","19.965","0","4.19393443374395","0.161796144047336","30.3572862",
"7/20/2005","66.5625","38.872501373291","526","36.571","21.671","0","4.95972450889556","0.151344758510581","30.16130436",
"7/21/2005","66.5625","38.872501373291","526","35.722","22.103","0","4.32607943875747","0.15539036349114","28.0941201",
"7/22/2005","66.5625","38.872501373291","526","33.323","18.395","0","3.11981444369934","0.207365101656022","29.475454392",
"7/23/2005","66.5625","38.872501373291","526","34.354","15.874","0","2.94840073685067","0.246501228784249","29.326049208",
"7/24/2005","66.5625","38.872501373291","526","36.463","18.789","0","3.50525611162344","0.223781574053459","29.37982824",
"7/25/2005","66.5625","38.872501373291","526","35.109","21.073","0","4.75279531206528","0.211652105473138","29.498571792",
"7/26/2005","66.5625","38.872501373291","526","34.533","21.177","0","5.26355435394939","0.218556619598789","29.28627882",
"7/27/2005","66.5625","38.872501373291","526","35.465","21.808","0","5.23166044150443","0.186720692597827","29.35951416",
"7/28/2005","66.5625","38.872501373291","526","34.708","20.122","0","4.7933930110598","0.182915093573016","29.247303672",
"7/29/2005","66.5625","38.872501373291","526","34.367","21.049","0","5.06546279788889","0.208820935674477","28.860078312",
"7/30/2005","66.5625","38.872501373291","526","35.504","20.707","0","4.44578671997927","0.209056184107897","28.69616088",
"7/31/2005","66.5625","38.872501373291","526","33.472","20.598","0","3.63970042702529","0.203077116036177","28.52488224",
"8/1/2005","66.5625","38.872501373291","526","32.38","17.742","0","2.87478022322668","0.232152836000587","28.849161528",
"8/2/2005","66.5625","38.872501373291","526","31.77","14.962","0","2.82703249693669","0.209453551437379","28.821715632",
"8/3/2005","66.5625","38.872501373291","526","31.968","15.088","0","2.82871209232354","0.269853396655929","28.27164186",
"8/4/2005","66.5625","38.872501373291","526","32.859","17.356","0","3.39546728692383","0.303867777998363","28.225125",
"8/5/2005","66.5625","38.872501373291","526","35.228","18.822","0","3.23827548322721","0.260324318351769","28.2116862",
"8/6/2005","66.5625","38.872501373291","526","36.078","21.77","0","4.74253207170431","0.197683970666622","28.084385088",
"8/7/2005","66.5625","38.872501373291","526","34.409","21.371","0","4.89374075501317","0.192551250296524","27.93549879",
"8/8/2005","66.5625","38.872501373291","526","35.463","19.891","0","4.14874729595824","0.188034425327941","27.93156039",
"8/9/2005","66.5625","38.872501373291","526","36.138","21.934","0","3.87296365628587","0.163994652856297","27.92728341",
"8/10/2005","66.5625","38.872501373291","526","35.629","20.822","0","4.02956703189171","0.204024438960177","26.57351862",
"8/11/2005","66.5625","38.872501373291","526","31.159","17.233","0","1.92066756411276","0.310970255053069","23.45647014",
"8/12/2005","66.5625","38.872501373291","526","31.037","16.948","0","2.88347528503403","0.315671558491574","26.32449006",
"8/13/2005","66.5625","38.872501373291","526","33.393","19.447","0","3.6431502979775","0.302704558971302","26.66834289",
"8/14/2005","66.5625","38.872501373291","526","33.971","18.954","0","3.4017819141656","0.22236807403611","27.02738592",
"8/15/2005","66.5625","38.872501373291","526","33.718","14.648","0","2.83191267736607","0.249964082878791","26.82320292",
"8/16/2005","66.5625","38.872501373291","526","34.015","18.116","0","3.51554902086778","0.187663178681709","27.12892464",
"8/17/2005","66.5625","38.872501373291","526","33.195","17.206","0","3.69415760198658","0.127188623396358","27.32843808",
"8/18/2005","66.5625","38.872501373291","526","33.355","18.108","0","3.83220328184563","0.120014853301319","27.3949308",
"8/19/2005","66.5625","38.872501373291","526","34.265","19.045","0","4.09916129173878","0.116425126709397","26.97574968",
"8/20/2005","66.5625","38.872501373291","526","34.358","19.979","0","3.34433105880111","0.121404549031121","26.88148728",
"8/21/2005","66.5625","38.872501373291","526","34.262","19.441","0","3.00911823114427","0.13279247406125","26.6118192",
"8/22/2005","66.5625","38.872501373291","526","31.359","16.723","0","3.21000418242305","0.197856543502106","25.76143368",
"8/23/2005","66.5625","38.872501373291","526","31.133","14.35","0","2.42014008752599","0.251702740491531","23.92886196",
"8/24/2005","66.5625","38.872501373291","526","28.244","13.712","0.0171661392","2.44356224978075","0.247423883783772","25.30310364",
"8/25/2005","66.5625","38.872501373291","526","29.49","12.367","0","2.65496506817086","0.223022831911494","26.09049492",
"8/26/2005","66.5625","38.872501373291","526","30.494","13.977","0","4.40436576596538","0.184744626228829","25.46757792",
"8/27/2005","66.5625","38.872501373291","526","22.66","7.423","0","2.58955261078733","0.290151096884466","25.88709564",
"8/28/2005","66.5625","38.872501373291","526","25.285","7.05900000000003","0","2.52300712916479","0.239134733537453","25.76210472",
"8/29/2005","66.5625","38.872501373291","526","25.36","11.049","0","2.99905918947076","0.219375235145748","21.88000908",
"8/30/2005","66.5625","38.872501373291","526","26.749","7.74099999999999","0","2.66585049478903","0.256414958284491","25.10938224",
"8/31/2005","66.5625","38.872501373291","526","29.06","12.358","0","2.84994615495486","0.233636327398929","24.47060544",
"9/1/2005","66.5625","38.872501373291","526","30.077","12.903","0","3.4799303718469","0.221843160660528","24.59418804",
"9/2/2005","66.5625","38.872501373291","526","32.371","15.837","0","2.67240775440704","0.217756181417558","24.71079456",
"9/3/2005","66.5625","38.872501373291","526","33.217","13.927","0","2.82436795138821","0.192584343951991","24.92853552",
"9/4/2005","66.5625","38.872501373291","526","35.299","19.527","0","3.64726630460555","0.174178729213722","24.58401264",
"9/5/2005","66.5625","38.872501373291","526","36.738","21.78","0","3.61642014192526","0.138471788821478","24.54412788",
"9/6/2005","66.5625","38.872501373291","526","36.592","17.752","0","2.8320409627417","0.130391239629789","24.66100836",
"9/7/2005","66.5625","38.872501373291","526","34.707","20.096","0","4.23155573123623","0.160112349204248","24.05536524",
"9/8/2005","66.5625","38.872501373291","526","31.216","19.076","0","4.44417365470293","0.2435056105916","23.2437348",
"9/9/2005","66.5625","38.872501373291","526","29.842","16.835","0","4.02669871068617","0.215963750069267","23.54473116",
"9/10/2005","66.5625","38.872501373291","526","28.841","13.655","0","3.42472494043792","0.219275594701437","23.47937136",
"9/11/2005","66.5625","38.872501373291","526","29.368","15.946","0","3.48085251701356","0.224212521102876","23.14963296",
"9/12/2005","66.5625","38.872501373291","526","30.275","16.96","0","3.35817158319204","0.198012789389751","23.22596052",
"9/13/2005","66.5625","38.872501373291","526","31.909","15.064","0","2.8941175024797","0.157173535802404","23.3211942",
"9/14/2005","66.5625","38.872501373291","526","32.187","14.517","0","2.96048402881006","0.13813260696904","23.13123696",
"9/15/2005","66.5625","38.872501373291","526","32.919","18.918","0","3.65469292130513","0.120570653044506","22.73973732",
"9/16/2005","66.5625","38.872501373291","526","34.344","17.83","0","3.43124056215797","0.121226993929699","22.34969748",
"9/17/2005","66.5625","38.872501373291","526","32.047","14.388","0","2.75291063432051","0.184139340582007","21.984806592",
"9/18/2005","66.5625","38.872501373291","526","28.885","12.643","0","2.65771131680605","0.219094947960712","22.168628712",
"9/19/2005","66.5625","38.872501373291","526","28.983","11.326","0","2.53732211318601","0.207196582929514","21.95886654",
"9/20/2005","66.5625","38.872501373291","526","29.694","14.416","0","3.10493037838386","0.186278698066607","21.674138472",
"9/21/2005","66.5625","38.872501373291","526","29.762","15.184","0","2.82195904966297","0.180525536641576","21.48716142",
"9/22/2005","66.5625","38.872501373291","526","29.67","12.281","0","2.67638307543625","0.183333011830944","21.337253208",
"9/23/2005","66.5625","38.872501373291","526","29.054","12.073","0","2.66399295921977","0.190055548619966","21.033504792",
"9/24/2005","66.5625","38.872501373291","526","27.85","10.337","0","2.39005135170822","0.250666198680863","20.778689592",
"9/25/2005","66.5625","38.872501373291","526","27.563","11.036","0","2.79611444890887","0.269222293230384","20.21720364",
"9/26/2005","66.5625","38.872501373291","526","27.217","13.628","0","3.66674449023445","0.248361603292446","20.58024888",
"9/27/2005","66.5625","38.872501373291","526","26.512","13.031","0","3.10897604680531","0.243679776997645","20.279193552",
"9/28/2005","66.5625","38.872501373291","526","26.184","11.602","0","2.80777114218035","0.197274240031587","20.255289192",
"9/29/2005","66.5625","38.872501373291","526","27.144","10.006","0","2.75152942225703","0.168994844058187","20.17484946",
"9/30/2005","66.5625","38.872501373291","526","27.999","11.341","0","2.95939008158146","0.121335072009131","20.015996112",
"10/1/2005","66.5625","38.872501373291","526","30.649","14.612","0","2.95296845224457","0.119785588455418","19.501260192",
"10/2/2005","66.5625","38.872501373291","526","28.509","14.005","0","3.32742079768428","0.17243648778188","18.07081614",
"10/3/2005","66.5625","38.872501373291","526","24.18","9.41000000000003","0","2.56723815832527","0.278735993667819","18.50860782",
"10/4/2005","66.5625","38.872501373291","526","24.094","8.46100000000001","0","2.59976164532823","0.270888297765222","18.72686232",
"10/5/2005","66.5625","38.872501373291","526","25.365","8.98000000000002","0","2.56568058155336","0.254509314246467","18.68450706",
"10/6/2005","66.5625","38.872501373291","526","29.536","11.122","0","2.98048965979854","0.213951690064229","17.85398058",
"10/7/2005","66.5625","38.872501373291","526","29.048","11.889","0","2.3251087092193","0.227524447032518","18.0901683",
"10/8/2005","66.5625","38.872501373291","526","26.991","14.097","0","3.6270464948575","0.207107576001478","15.58867662",
"10/9/2005","66.5625","38.872501373291","526","26.648","12.712","0","3.36710625130649","0.243872098087962","17.44886376",
"10/10/2005","66.5625","38.872501373291","526","26.077","11.864","0","3.19542051486457","0.267472644420128","17.4052746",
"10/11/2005","66.5625","38.872501373291","526","23.048","7.79599999999999","0","2.58793628968006","0.295899921902958","17.42799024",
"10/12/2005","66.5625","38.872501373291","526","20.916","5.346","0","2.15386514332854","0.294379562675315","17.58380004",
"10/13/2005","66.5625","38.872501373291","526","19.308","3.20600000000002","0","2.28280785422189","0.322283080268252","17.419217472",
"10/14/2005","66.5625","38.872501373291","526","16.009","5.51299999999998","0","3.00600682799017","0.250464421757447","17.31133188",
"10/15/2005","66.5625","38.872501373291","526","15.332","5.27499999999998","0","3.33925443318146","0.225152483645147","17.2500759",
"10/16/2005","66.5625","38.872501373291","526","17.16","5.82600000000002","0","3.31723962375156","0.179115454367879","17.04526776",
"10/17/2005","66.5625","38.872501373291","526","20.742","7.24099999999999","0","3.37604702730814","0.131149355848491","17.25671538",
"10/18/2005","66.5625","38.872501373291","526","23.26","7.41199999999998","0","2.85384266345059","0.105292874963226","17.21604024",
"10/19/2005","66.5625","38.872501373291","526","24.369","6.55000000000001","0","2.62603083357895","0.139118461103924","16.9971705",
"10/20/2005","66.5625","38.872501373291","526","26.124","11.656","0","3.34626299044249","0.0542408652028093","17.03036052",
"10/21/2005","66.5625","38.872501373291","526","29.839","15.899","0","4.45788109050097","0.0640730298069876","16.20798372",
"10/22/2005","66.5625","38.872501373291","526","23.866","8.762","0","2.00551954494415","0.2155105733984","15.59221902",
"10/23/2005","66.5625","38.872501373291","526","14.711","6.15699999999998","0.432586872","3.59732049052154","0.533827731155087","7.86352266",
"10/24/2005","66.5625","38.872501373291","526","12.953","2.91000000000003","0.08239752","2.42216009038984","0.478362242451809","13.73450652",
"10/25/2005","66.5625","38.872501373291","526","15.022","2.58600000000001","0","2.76102497692657","0.420489087901292","15.31564362",
"10/26/2005","66.5625","38.872501373291","526","18.169","3.07299999999998","0","2.26205717374533","0.373138602621734","15.26523804",
"10/27/2005","66.5625","38.872501373291","526","17.54","1.916","0","2.44572880286974","0.29710584363155","15.3194103",
"10/28/2005","66.5625","38.872501373291","526","22.967","5.577","0","3.84070802062221","0.0976980363050764","15.191155152",
"10/29/2005","66.5625","38.872501373291","526","25.024","12.287","0","3.6531614147358","0.130281268514195","14.817375",
"10/30/2005","66.5625","38.872501373291","526","22.319","7.34300000000002","0","2.2100545468071","0.238709516705668","14.118020892",
"10/31/2005","66.5625","38.872501373291","526","16.686","2.05000000000001","0","1.63829110768225","0.465385384663896","14.050466172",
"11/1/2005","66.5625","38.872501373291","526","16.436","0.831000000000017","0","1.79785765568135","0.469326056255568","14.06014326",
"11/2/2005","66.5625","38.872501373291","526","16.747","1.05700000000002","0","1.92062172697506","0.426317861428192","14.04010854",
"11/3/2005","66.5625","38.872501373291","526","18.315","6.125","0","3.10575823036467","0.279666899297364","13.98099384",
"11/4/2005","66.5625","38.872501373291","526","18.616","5.03100000000001","0","2.53122175643366","0.229830141891891","13.96496448",
"11/5/2005","66.5625","38.872501373291","526","18.039","2.20100000000002","0","2.52455946152619","0.28748549520115","13.880419812",
"11/6/2005","66.5625","38.872501373291","526","21.198","8.541","0","3.08684184392152","0.133071756329046","13.7729295",
"11/7/2005","66.5625","38.872501373291","526","12.277","7.60700000000003","4.0821084","2.03672657603877","0.643134560001878","2.7300366",
"11/8/2005","66.5625","38.872501373291","526","15.747","4.565","0","2.15592982704415","0.629254144817885","12.606466932",
"11/9/2005","66.5625","38.872501373291","526","16.56","8.37299999999999","1.3492567008","2.88737732927503","0.560228869009427","7.148642148",
"11/10/2005","66.5625","38.872501373291","526","9.00400000000002","3.738","13.74836004","4.296876975595","0.84926657127624","1.795387428",
"11/11/2005","66.5625","38.872501373291","526","8.32799999999997","1.56799999999998","0.0274658256","1.90879226454377","0.746687530552388","11.83983642",
"11/12/2005","66.5625","38.872501373291","526","10.481","0.461999999999989","0","2.27490539068675","0.643882992421304","12.251592",
"11/13/2005","66.5625","38.872501373291","526","11.928","1.346","0","2.17726820631055","0.615493770986352","12.106517652",
"11/14/2005","66.5625","38.872501373291","526","9.38999999999999","0.543999999999983","0","1.85632512170458","0.671966323904012","12.27419802",
"11/15/2005","66.5625","38.872501373291","526","9.58499999999998","-1.55099999999999","0.0205993656","1.95353416432945","0.51961421342347","11.87425782",
"11/16/2005","66.5625","38.872501373291","526","10.255","-0.168999999999983","0","2.09183653100353","0.45636365545625","12.336187752",
"11/17/2005","66.5625","38.872501373291","526","14.759","3.42700000000002","0","3.20226370749169","0.380755274207776","12.41499168",
"11/18/2005","66.5625","38.872501373291","526","16.98","3.84300000000002","0","2.2120651377542","0.0918468133401092","12.69371232",
"11/19/2005","66.5625","38.872501373291","526","17.125","4.387","0.15449508","1.57753565504307","0.248166147612309","10.64317608",
"11/20/2005","66.5625","38.872501373291","526","20.381","9.89499999999998","0.0137329128","3.47531124740785","0.39015978916844","11.59351902",
"11/21/2005","66.5625","38.872501373291","526","14.127","10.235","1.1295320544","3.09179634697756","0.448925572193991","2.486700792",
"11/22/2005","66.5625","38.872501373291","526","18.784","9.49000000000001","0","3.94496175383475","0.487669842476839","11.151952632",
"11/23/2005","66.5625","38.872501373291","526","18.604","9.65899999999999","0","3.71931401083514","0.432350772174447","11.226317112",
"11/24/2005","66.5625","38.872501373291","526","9.84300000000002","3.17899999999997","0.0171661392","2.91885189460095","0.609028636512075","6.51780252",
"11/25/2005","66.5625","38.872501373291","526","7.54199999999997","0.0629999999999882","0.078964236","1.6083136712448","0.588003133819286","10.80540549",
"11/26/2005","66.5625","38.872501373291","526","7.18200000000002","-2.87700000000001","0","1.66417749267379","0.664288815889237","11.09160783",
"11/27/2005","66.5625","38.872501373291","526","7.221","-3.16199999999998","0","1.76659726025754","0.653357496906604","11.21006268",
"11/28/2005","66.5625","38.872501373291","526","7.351","-2.75","0","2.09153267980534","0.627577569743511","10.99878408",
"11/29/2005","66.5625","38.872501373291","526","9.08300000000003","-3.26499999999999","0","1.71855256684394","0.499133337844015","11.01779865",
"11/30/2005","66.5625","38.872501373291","526","9.41399999999999","-3.35700000000003","0","1.88833297959178","0.431539595560653","11.24353278",
"12/1/2005","66.5625","38.872501373291","526","11.804","0.65300000000002","0","2.35131982373335","0.30142469136943","11.20989375",
"12/2/2005","66.5625","38.872501373291","526","10.438","-1.245","0","1.72578866260389","0.368024081722337","10.35253395",
"12/3/2005","66.5625","38.872501373291","526","11.751","2.82100000000003","0.0068664528","2.41698832020086","0.300685788438567","9.79537005",
"12/4/2005","66.5625","38.872501373291","526","13.832","3.86200000000002","0.1373292504","2.57998619514578","0.568386805415146","9.01355625",
"12/5/2005","66.5625","38.872501373291","526","12.217","4.37599999999998","1.33209216","2.45042481485169","0.729780093780578","9.78524568",
"12/6/2005","66.5625","38.872501373291","526","14.3","5.64100000000002","0","1.97344685619283","0.656902041482637","8.78039955",
"12/7/2005","66.5625","38.872501373291","526","13.887","6.09899999999999","0.06179814","3.26734256006131","0.664825788794253","9.1921509",
"12/8/2005","66.5625","38.872501373291","526","5.98000000000002","-0.144999999999982","0.116729784","1.8650193144389","0.807119292185215","8.54027298",
"12/9/2005","66.5625","38.872501373291","526","8.46800000000002","-2.245","0","1.66927269381784","0.671127394838634","10.49838615",
"12/10/2005","66.5625","38.872501373291","526","11.061","-0.672000000000025","0","2.3635591731919","0.403090495857315","10.6634853",
"12/11/2005","66.5625","38.872501373291","526","9.83100000000002","-1.66899999999998","0","1.10743626352931","0.45329727615643","10.4651955",
"12/12/2005","66.5625","38.872501373291","526","8.14699999999999","-2.99700000000001","0","0.980106840437552","0.549947638433088","10.32479757",
"12/13/2005","66.5625","38.872501373291","526","9.48000000000002","-3.214","0","1.35823669731654","0.47528540250897","10.37390652",
"12/14/2005","66.5625","38.872501373291","526","6.06400000000002","-0.399000000000001","0.0686645352","2.44707642439693","0.543849168193016","6.79128678",
"12/15/2005","66.5625","38.872501373291","526","9.74099999999999","-2.28399999999999","0","2.21929073075819","0.494498426177317","10.22715648",
"12/16/2005","66.5625","38.872501373291","526","14.549","3.28300000000002","0","4.15926118431814","0.268539943074078","10.40574645",
"12/17/2005","66.5625","38.872501373291","526","18.215","8.35500000000002","0","5.84320158944268","0.158002227376","10.23423768",
"12/18/2005","66.5625","38.872501373291","526","19.001","7.24700000000001","0","2.82321510497266","0.204352004602891","8.64500895",
"12/19/2005","66.5625","38.872501373291","526","13.27","2.51999999999998","0","0.864732749387282","0.412621185059691","9.12931533",
"12/20/2005","66.5625","38.872501373291","526","12.788","3.15300000000002","0","2.09089450383389","0.411497327996893","9.88661628",
"12/21/2005","66.5625","38.872501373291","526","12.638","1.68599999999998","0","1.5884879625865","0.431233291979143","7.27374024",
"12/22/2005","66.5625","38.872501373291","526","11.665","0.819999999999993","0","1.90812081662574","0.531994191766317","9.99055872",
"12/23/2005","66.5625","38.872501373291","526","12.002","2.529","0","2.58704882575139","0.449278259432618","10.05052104",
"12/24/2005","66.5625","38.872501373291","526","16.193","5.43700000000001","0.0171661464","5.75751100905427","0.261547839495601","8.73022851",
"12/25/2005","66.5625","38.872501373291","526","13.929","8.89999999999998","0.889205904","2.5026538165995","0.514610383667879","5.12262693",
"12/26/2005","66.5625","38.872501373291","526","14.842","10.109","2.2659299784","4.89506765087682","0.565082414492003","3.34040778",
"12/27/2005","66.5625","38.872501373291","526","11.887","1.05900000000003","4.492380924","5.09503141759001","0.711007840927615","2.591044632",
"12/28/2005","66.5625","38.872501373291","526","3.32999999999998","-3.11399999999998","0","3.30447134696435","0.636737118041237","10.13528862",
"12/29/2005","66.5625","38.872501373291","526","1.56900000000002","-5.23599999999999","0","1.70949847942839","0.793970410870526","9.64873152",
"12/30/2005","66.5625","38.872501373291","526","2.16500000000002","-6.572","0","1.68028032778091","0.729839061652393","10.03657068",
"12/31/2005","66.5625","38.872501373291","526","1.20400000000001","-7.25200000000001","0","1.80247548166065","0.692240599220682","10.199927268",
"1/1/2006","66.5625","38.872501373291","526","-0.274999999999977","-8.50400000000002","0","2.17967832179733","0.588007729728474","10.493212716",
"1/2/2006","66.5625","38.872501373291","526","-2.10599999999999","-10.274","0","1.67441454127021","0.648111878494368","10.618308648",
"1/3/2006","66.5625","38.872501373291","526","-3.54899999999998","-10.777","0.072097812","2.12897972692865","0.660120472216637","9.912767112",
"1/4/2006","66.5625","38.872501373291","526","-3.28399999999999","-15.533","0","2.82281630711229","0.612865113012827","10.777104288",
"1/5/2006","66.5625","38.872501373291","526","-1.38400000000001","-11.732","0","2.27420684597758","0.454441712276839","10.740426768",
"1/6/2006","66.5625","38.872501373291","526","3.863","-7.52300000000002","0","3.51844698078988","0.323472893957888","11.034054468",
"1/7/2006","66.5625","38.872501373291","526","9.50200000000001","-1.37700000000001","0","4.56736548788506","0.276195833708584","9.436778784",
"1/8/2006","66.5625","38.872501373291","526","11.184","1.88","0","4.01266103175651","0.343603076875295","9.8736741",
"1/9/2006","66.5625","38.872501373291","526","8.72699999999998","2.60399999999999","0.40512042","3.14404411934374","0.392489816760399","7.53620778",
"1/10/2006","66.5625","38.872501373291","526","2.08300000000003","-2.97500000000002","6.29996724","1.34798821936968","0.853994521818106","3.28978098",
"1/11/2006","66.5625","38.872501373291","526","3.23099999999999","-4.07600000000002","0.0034332264","1.6553658442769","0.796815089784979","9.312976332",
"1/12/2006","66.5625","38.872501373291","526","2.56700000000001","-4.226","0.1098633168","1.61241418547039","0.813447303503519","8.57615616",
"1/13/2006","66.5625","38.872501373291","526","2.868","-4.233","0.0034332264","1.49175228646152","0.826634297123509","8.17160778",
"1/14/2006","66.5625","38.872501373291","526","2.76999999999998","-5.06599999999997","0.21629322","1.48288079578613","0.887808856662955","8.291304648",
"1/15/2006","66.5625","38.872501373291","526","-1.73200000000003","-5.61399999999998","1.8745416","1.66113034459725","0.911292384374362","7.105108608",
"1/16/2006","66.5625","38.872501373291","526","1.18700000000001","-7.24200000000002","0.00686646","1.66945407762144","0.837868228923721","10.814733468",
"1/17/2006","66.5625","38.872501373291","526","1.96300000000002","-8.40199999999999","0","2.48021006789639","0.805067512274691","11.279646432",
"1/18/2006","66.5625","38.872501373291","526","3.548","-7.108","0","2.97516607473814","0.732653441873936","11.277899316",
"1/19/2006","66.5625","38.872501373291","526","2.32100000000003","-7.37299999999999","0","2.6544196964398","0.787655624680966","10.854784512",
"1/20/2006","66.5625","38.872501373291","526","2.90600000000001","-6.69400000000002","0","2.28861587205424","0.761523067302398","10.157172948",
"1/21/2006","66.5625","38.872501373291","526","6.81200000000001","-2.048","0","4.6654412004445","0.694949218368387","11.903178348",
"1/22/2006","66.5625","38.872501373291","526","6.64699999999999","-0.815999999999974","0.61798086","3.11264574823558","0.705684021106631","8.87102172",
"1/23/2006","66.5625","38.872501373291","526","2.99799999999999","-2.97300000000001","1.3835909304","2.22930616144661","0.878901492447717","9.505347228",
"1/24/2006","66.5625","38.872501373291","526","5.94","-0.894999999999982","0.0205993728","4.6908365219079","0.756189045749837","7.59549096",
"1/25/2006","66.5625","38.872501373291","526","5.49900000000002","-2.39400000000001","0.0034332264","2.13865143393855","0.850415001776147","10.778344164",
"1/26/2006","66.5625","38.872501373291","526","6.68900000000002","-2.91500000000002","0.909805572","2.37850144189464","0.881205466226312","9.28304982",
"1/27/2006","66.5625","38.872501373291","526","5.39800000000002","0.831000000000017","19.05784524","2.99908291000379","0.951425464665963","1.339199892",
"1/28/2006","66.5625","38.872501373291","526","0.836000000000013","-3.84300000000002","3.103637508","1.7177058549275","0.924596457139681","7.87050162",
"1/29/2006","66.5625","38.872501373291","526","-0.262999999999977","-8.91800000000001","0.2574921096","1.80427013461357","0.890240099906205","6.984168588",
"1/30/2006","66.5625","38.872501373291","526","2.20800000000003","-9.75599999999997","1.63078308","1.82821198667293","0.911431243027817","5.852249712",
"1/31/2006","66.5625","38.872501373291","526","3.13","-1.55900000000003","0.274658256","2.37649947799927","0.908185022204485","7.6000464",
"2/1/2006","66.5625","38.872501373291","526","6.68599999999998","0.213999999999999","0","5.43728332968777","0.831088355843342","12.89430198",
"2/2/2006","66.5625","38.872501373291","526","6.91800000000001","-1.27300000000002","0.179386344","3.31610732867911","0.845783022641231","12.647140308",
"2/3/2006","66.5625","38.872501373291","526","14.018","3.95499999999998","0","5.75573941954753","0.606402673363163","12.733478352",
"2/4/2006","66.5625","38.872501373291","526","16.713","9.548","0","7.03282725724511","0.419140868891168","13.44465054",
"2/5/2006","66.5625","38.872501373291","526","13.402","8.04199999999997","2.05907832","4.17311849989075","0.538909612606255","4.694401296",
"2/6/2006","66.5625","38.872501373291","526","13.007","4.30700000000002","0.34160616","2.12610827262116","0.73312815350642","13.3819254",
"2/7/2006","66.5625","38.872501373291","526","16.159","4.065","0","3.43975572749692","0.624157889214181","13.61897046",
"2/8/2006","66.5625","38.872501373291","526","18.135","9.49799999999999","0","6.32858559413011","0.482052516475523","13.8786165",
"2/9/2006","66.5625","38.872501373291","526","19.5","12.641","1.1235235464","8.09281961873696","0.398404562746661","9.746944848",
"2/10/2006","66.5625","38.872501373291","526","17.559","9.07299999999998","19.01665044","6.22692459810522","0.654139253957162","1.293637608",
"2/11/2006","66.5625","38.872501373291","526","10.397","4.012","0","2.62097863242791","0.567976471746336","14.7326643",
"2/12/2006","66.5625","38.872501373291","526","15.069","3.483","0.010299672","2.29691454217763","0.468117918213894","13.11536052",
"2/13/2006","66.5625","38.872501373291","526","16.014","8.03800000000001","3.28731768","2.34599928307434","0.638559249656894","10.7775603",
"2/14/2006","66.5625","38.872501373291","526","16.604","6.48700000000002","0","1.82160842335721","0.630040682220441","13.36944258",
"2/15/2006","66.5625","38.872501373291","526","15.667","5.91000000000003","0","2.18219601698022","0.667538578382848","14.97127554",
"2/16/2006","66.5625","38.872501373291","526","16.511","9.19499999999999","0.2042770968","5.8205216503201","0.576732198118614","12.94812864",
"2/17/2006","66.5625","38.872501373291","526","13.143","8.63600000000002","9.317776428","3.16714313894919","0.719133455115542","4.324049748",
"2/18/2006","66.5625","38.872501373291","526","9.31999999999999","3.40699999999998","10.6043814","3.7657989962774","0.848768604597749","7.555722552",
"2/19/2006","66.5625","38.872501373291","526","7.60700000000003","1.05799999999999","0.2952576288","2.46312167432333","0.73093105165442","9.50079096",
"2/20/2006","66.5625","38.872501373291","526","10.979","0.677999999999997","0.0068664528","2.40685694632309","0.702503494322187","15.730029792",
"2/21/2006","66.5625","38.872501373291","526","10.691","-0.221000000000004","0","1.90569183334919","0.578372252130375","16.217217792",
"2/22/2006","66.5625","38.872501373291","526","10.451","0.79000000000002","0","1.92975125852972","0.705261619249313","14.66826048",
"2/23/2006","66.5625","38.872501373291","526","7.15499999999997","1.96300000000002","1.2282369912","2.01480773631714","0.765525647118232","12.451724568",
"2/24/2006","66.5625","38.872501373291","526","7.02999999999997","-0.100000000000023","0","3.24627523543705","0.672871907154502","13.11912576",
"2/25/2006","66.5625","38.872501373291","526","7.21100000000001","-1.43400000000003","0","1.84363768301905","0.662660348578252","17.23353588",
"2/26/2006","66.5625","38.872501373291","526","14.485","2.08699999999999","0","4.96459018355484","0.421386351277683","17.56305162",
"2/27/2006","66.5625","38.872501373291","526","17.4","7.04899999999998","0","4.90985838388636","0.379740015168924","17.53964766",
"2/28/2006","66.5625","38.872501373291","526","19.206","7.81299999999999","0","4.31234645450662","0.407447959655206","17.17509636",
"3/1/2006","66.5625","38.872501373291","526","16.061","7.618","3.728486844","4.29574395424808","0.564467313781261","9.89746632",
"3/2/2006","66.5625","38.872501373291","526","16.949","4.78899999999999","0","3.23109805828794","0.616694475756569","17.28703188",
"3/3/2006","66.5625","38.872501373291","526","16.924","9.53899999999999","0.52185078","3.69210293505749","0.548836817296413","7.5573549",
"3/4/2006","66.5625","38.872501373291","526","16.014","8.75","3.89328102","4.16960599316444","0.65742572111738","12.88777068",
"3/5/2006","66.5625","38.872501373291","526","15.421","6.46300000000002","0","3.96850423264299","0.606247132503727","17.09207136",
"3/6/2006","66.5625","38.872501373291","526","12.197","5.048","1.6342169184","1.75309663435326","0.709260726639338","14.30662788",
"3/7/2006","66.5625","38.872501373291","526","13.189","2.74700000000001","0","1.56653511257762","0.715042043052169","16.34158332",
"3/8/2006","66.5625","38.872501373291","526","16.192","3.58699999999999","0","2.40725514297721","0.519618520270486","19.11611448",
"3/9/2006","66.5625","38.872501373291","526","20.983","7.37900000000002","0","4.68240984774112","0.32745859279493","19.69053948",
"3/10/2006","66.5625","38.872501373291","526","24.616","11.486","0","5.71595048580559","0.248884036908532","19.43083764",
"3/11/2006","66.5625","38.872501373291","526","22.5","11.009","0","2.47426976622702","0.207593552938994","19.22742936",
"3/12/2006","66.5625","38.872501373291","526","18.517","4.75999999999999","0","2.70949474742993","0.468669810592686","17.75564496",
"3/13/2006","66.5625","38.872501373291","526","6.88999999999999","1.745","14.350888872","3.27666013341884","0.867332891365267","5.969021112",
"3/14/2006","66.5625","38.872501373291","526","8.476","-1.55799999999999","0","2.2636128286695","0.682709339323894","18.0619848",
"3/15/2006","66.5625","38.872501373291","526","9.74000000000001","2.62700000000001","0.2574920448","2.41638071366935","0.621021720162861","15.03258993",
"3/16/2006","66.5625","38.872501373291","526","12.304","1.21699999999998","0","2.71045839484412","0.548276465609301","20.47803381",
"3/17/2006","66.5625","38.872501373291","526","16.463","4.846","0.0137329056","2.78571646976774","0.428938332159175","19.27997208",
"3/18/2006","66.5625","38.872501373291","526","14.035","1.98399999999998","0","1.6976968690431","0.562272112408959","17.48609766",
"3/19/2006","66.5625","38.872501373291","526","16.487","2.09899999999999","0","1.82112809975042","0.544199357309293","20.5074585",
"3/20/2006","66.5625","38.872501373291","526","19.49","6.20400000000001","0","2.50023135036681","0.488632358969144","20.78662464",
"3/21/2006","66.5625","38.872501373291","526","21.631","7.97899999999999","0.0411987384","5.11209535759611","0.460573744541884","18.4846518",
"3/22/2006","66.5625","38.872501373291","526","13.891","3.51499999999999","0","3.25088176519259","0.55336355362837","21.807846072",
"3/23/2006","66.5625","38.872501373291","526","16.591","3.43099999999998","0","2.54998509598338","0.522288294926598","20.89248642",
"3/24/2006","66.5625","38.872501373291","526","17.591","2.83800000000002","0","2.31271071258621","0.523674612322245","21.891935808",
"3/25/2006","66.5625","38.872501373291","526","19.275","6.78699999999998","2.684785104","2.87377006484389","0.577154050794123","18.8495991",
"3/26/2006","66.5625","38.872501373291","526","15.648","8.14100000000002","7.07588388","1.91104562840488","0.755023908669413","17.95167963",
"3/27/2006","66.5625","38.872501373291","526","18.483","5.28500000000003","0","2.5410588425339","0.591040460556448","21.909204792",
"3/28/2006","66.5625","38.872501373291","526","22.197","10.646","0","3.36867539993717","0.450834381073236","21.719025072",
"3/29/2006","66.5625","38.872501373291","526","24.464","11.052","0","2.15473951311231","0.381117723955352","20.70337446",
"3/30/2006","66.5625","38.872501373291","526","24.148","13.604","0","2.18496103941742","0.359565575488129","15.49113588",
"3/31/2006","66.5625","38.872501373291","526","14.01","7.012","3.9379143888","1.61239026029271","0.729760906573477","9.40314366",
"4/1/2006","66.5625","38.872501373291","526","15.773","2.45699999999999","0","2.59815307847307","0.526395651918975","23.6632518",
"4/2/2006","66.5625","38.872501373291","526","18.756","3.45499999999998","0","2.30447600113216","0.369261338090932","24.00879438",
"4/3/2006","66.5625","38.872501373291","526","21.4","4.50700000000001","0","2.55393584142765","0.340255043367382","24.32930526",
"4/4/2006","66.5625","38.872501373291","526","25.879","11.848","0","3.92652222229257","0.279481357479259","23.183553312",
"4/5/2006","66.5625","38.872501373291","526","24.452","13.304","0","4.15528745954676","0.352967425985883","23.366535048",
"4/6/2006","66.5625","38.872501373291","526","24.309","7.31700000000001","0","1.93892948949886","0.349205546417448","24.55936596",
"4/7/2006","66.5625","38.872501373291","526","25.419","10.435","0","2.61975914305297","0.28444636320404","24.31333404",
"4/8/2006","66.5625","38.872501373291","526","19.648","10.337","0.7844926608","3.40503059866733","0.539918823175875","12.68539146",
"4/9/2006","66.5625","38.872501373291","526","10.081","1.14100000000002","1.623917088","4.14759475353357","0.675194123746576","22.251372552",
"4/10/2006","66.5625","38.872501373291","526","12.505","-0.870000000000005","0","2.15236803516181","0.553048153012856","23.36231268",
"4/11/2006","66.5625","38.872501373291","526","16.898","2.15199999999999","0","3.27536617803371","0.375754649403041","25.83179388",
"4/12/2006","66.5625","38.872501373291","526","17.654","4.40100000000001","0","3.21901593845531","0.326346380005121","25.99475112",
"4/13/2006","66.5625","38.872501373291","526","18.864","4.37400000000002","0","2.96596590304125","0.329475885303223","25.4380554",
"4/14/2006","66.5625","38.872501373291","526","19.725","4.673","0","2.43075254878068","0.363837322900095","25.78291848",
"4/15/2006","66.5625","38.872501373291","526","21.741","7.358","0","3.12172328855238","0.334568386889876","25.97411484",
"4/16/2006","66.5625","38.872501373291","526","22.723","6.46199999999999","0","3.16692475655183","0.30394038472272","26.07068664",
"4/17/2006","66.5625","38.872501373291","526","23.374","10.039","0","3.26938745843904","0.287329770880132","26.39227464",
"4/18/2006","66.5625","38.872501373291","526","25.342","11.061","0","2.93489594928132","0.262937216929575","26.14994856",
"4/19/2006","66.5625","38.872501373291","526","27.888","13.828","0","2.65948171024018","0.266839632208599","26.13700908",
"4/20/2006","66.5625","38.872501373291","526","21.278","8.96800000000002","0.1132966584","2.79537219827553","0.440238018007782","21.32319168",
"4/21/2006","66.5625","38.872501373291","526","20.443","4.16000000000003","0","2.19484145404919","0.475545274965965","26.57918664",
"4/22/2006","66.5625","38.872501373291","526","23.337","6.85500000000002","0","2.68604472048231","0.35932508123435","26.32404168",
"4/23/2006","66.5625","38.872501373291","526","28.067","12.236","0","2.44046503344598","0.296103301351068","26.54173008",
"4/24/2006","66.5625","38.872501373291","526","30.989","14.357","0","3.23110428805934","0.224654280819678","27.2012598",
"4/25/2006","66.5625","38.872501373291","526","32.071","15.733","0","3.91739888607065","0.212963881480921","26.89836174",
"4/26/2006","66.5625","38.872501373291","526","33.072","19.381","0","3.50506403183659","0.230088285823837","27.60074658",
"4/27/2006","66.5625","38.872501373291","526","34.023","16.678","0","2.76365330978127","0.212598431322692","27.32906007",
"4/28/2006","66.5625","38.872501373291","526","28.663","14.96","0.02059938","3.6902273629063","0.369063697562374","23.63631327",
"4/29/2006","66.5625","38.872501373291","526","27.182","10.793","0","3.12732618602054","0.394970322065875","26.491219992",
"4/30/2006","66.5625","38.872501373291","526","26.04","11.768","0","3.05342094743424","0.348217131261199","26.867368872",
"5/1/2006","66.5625","38.872501373291","526","26.7","10.036","0","2.37228078444127","0.323593941504497","27.834466032",
"5/2/2006","66.5625","38.872501373291","526","25.585","11.806","0","3.05854251826424","0.306945469550545","25.22002338",
"5/3/2006","66.5625","38.872501373291","526","28.414","11.634","0","3.42235195242498","0.293539877968764","27.531845712",
"5/4/2006","66.5625","38.872501373291","526","25.646","14.174","0","2.65667800483144","0.332237373633356","21.775725792",
"5/5/2006","66.5625","38.872501373291","526","28.733","15.164","0","3.17859622129871","0.346221013775716","27.39701124",
"5/6/2006","66.5625","38.872501373291","526","25.356","15.045","0.068664564","3.31226210804559","0.318113479945277","15.53422716",
"5/7/2006","66.5625","38.872501373291","526","26.93","13.418","0","3.41897797322479","0.292973606557147","27.98224308",
"5/8/2006","66.5625","38.872501373291","526","29.375","10.8","0","2.52823630661587","0.324683466705284","28.68581286",
"5/9/2006","66.5625","38.872501373291","526","31.035","13.403","0","2.70728895720537","0.253418728284707","29.158936848",
"5/10/2006","66.5625","38.872501373291","526","32.612","15.638","0","3.5550367346254","0.174497195440493","29.32834734",
"5/11/2006","66.5625","38.872501373291","526","34.035","16.034","0","3.09705594561451","0.139690131407825","29.9166777",
"5/12/2006","66.5625","38.872501373291","526","34.203","16.058","0","4.33284410481777","0.179708168719538","29.01386646",
"5/13/2006","66.5625","38.872501373291","526","34.825","19.43","0","4.46292125551893","0.16819568253071","29.4990237",
"5/14/2006","66.5625","38.872501373291","526","35.589","21.792","0","3.50777291170891","0.180615835716945","28.34831178",
"5/15/2006","66.5625","38.872501373291","526","35.805","20.152","0","3.51062405297875","0.189957412476965","27.32580234",
"5/16/2006","66.5625","38.872501373291","526","35.553","21.88","0","4.50840230678982","0.168964573379695","27.838571472",
"5/17/2006","66.5625","38.872501373291","526","31.17","20.627","0","5.71903939908342","0.234012265257501","27.08836362",
"5/18/2006","66.5625","38.872501373291","526","31.743","16.207","0","3.20307134320075","0.247507295278114","30.27536604",
"5/19/2006","66.5625","38.872501373291","526","33.035","19.172","0","3.6253609936328","0.186584693348494","30.14421912",
"5/20/2006","66.5625","38.872501373291","526","33.384","18.593","0","3.4482269626152","0.167362581317567","29.42533944",
"5/21/2006","66.5625","38.872501373291","526","29.028","13.003","0","3.05323075975688","0.257745701157416","30.016125",
"5/22/2006","66.5625","38.872501373291","526","32.182","14.464","0","2.86571065522471","0.179780276478575","26.4290742",
"5/23/2006","66.5625","38.872501373291","526","31.592","15.353","0","3.11321268073676","0.198135416214865","29.78527104",
"5/24/2006","66.5625","38.872501373291","526","30.47","13.836","0","2.89932353904031","0.253714322958629","29.99480796",
"5/25/2006","66.5625","38.872501373291","526","29.625","13.495","0","3.05691268347742","0.224961254689744","30.05993628",
"5/26/2006","66.5625","38.872501373291","526","31.839","13.972","0","3.20514291109959","0.235573580386325","29.67823656",
"5/27/2006","66.5625","38.872501373291","526","30.578","15.459","0","2.97491921607493","0.228399755925163","30.3425406",
"5/28/2006","66.5625","38.872501373291","526","30.111","14.696","0","3.10497966168276","0.198592341308627","30.51135432",
"5/29/2006","66.5625","38.872501373291","526","30.809","16.822","0","3.14360877571262","0.203700214898372","30.32213184",
"5/30/2006","66.5625","38.872501373291","526","29.361","16.988","0","4.08111813924045","0.22825666873226","28.314513",
"5/31/2006","66.5625","38.872501373291","526","25.796","10.74","0","2.60958017988721","0.370012125999572","30.2312826",
"6/1/2006","66.5625","38.872501373291","526","28.888","11.986","0","3.73910525029576","0.366714848077519","30.18290796",
"6/2/2006","66.5625","38.872501373291","526","31.39","17.31","0","4.71014506213708","0.292668820683488","29.95920648",
"6/3/2006","66.5625","38.872501373291","526","30.44","18.776","0","6.07980993021587","0.216556327645968","30.8362896",
"6/4/2006","66.5625","38.872501373291","526","31.602","17.353","0","4.84167959449977","0.168190061949261","30.9591072",
"6/5/2006","66.5625","38.872501373291","526","32.461","17.528","0","5.60505463188866","0.106219275473452","31.4524026",
"6/6/2006","66.5625","38.872501373291","526","31.601","17.16","0","4.66182982151512","0.169597852816674","31.77837216",
"6/7/2006","66.5625","38.872501373291","526","29.402","13.32","0","3.19956615361154","0.210827956305657","31.24203552",
"6/8/2006","66.5625","38.872501373291","526","29.323","14.458","0","3.24356848661605","0.222871757339183","30.74225148",
"6/9/2006","66.5625","38.872501373291","526","30.053","14.356","0","2.9793713064547","0.206178529967737","30.96864684",
"6/10/2006","66.5625","38.872501373291","526","30.105","14.489","0","3.0353187829185","0.215305726860542","30.17261772",
"6/11/2006","66.5625","38.872501373291","526","30.029","15.705","0","3.25868023637857","0.265907875315871","29.8384236",
"6/12/2006","66.5625","38.872501373291","526","32.027","19.087","0","4.15710803278161","0.23851589378393","30.5205732",
"6/13/2006","66.5625","38.872501373291","526","34.289","19.453","0","4.23629175503752","0.218122422216322","30.85757388",
"6/14/2006","66.5625","38.872501373291","526","35.265","20.906","0","5.2513919903375","0.181354458480776","31.15026432",
"6/15/2006","66.5625","38.872501373291","526","32.073","19.106","0","6.13896954052014","0.167505381079831","32.28878124",
"6/16/2006","66.5625","38.872501373291","526","34.073","19.88","0","4.73221997651431","0.0996868433008586","32.14035936",
"6/17/2006","66.5625","38.872501373291","526","35.73","17.868","0","4.25120934059454","0.0794671159521917","32.7483288",
"6/18/2006","66.5625","38.872501373291","526","36.614","20.712","0","4.03717111477847","0.0825474072132683","32.20098876",
"6/19/2006","66.5625","38.872501373291","526","38.011","21.49","0","3.98901786814184","0.0738387088463924","32.40315072",
"6/20/2006","66.5625","38.872501373291","526","37.795","21.576","0","3.82070012209716","0.104066732611698","31.95850248",
"6/21/2006","66.5625","38.872501373291","526","37.23","22.784","0","4.45849994530283","0.130788336794978","31.10951052",
"6/22/2006","66.5625","38.872501373291","526","35.779","22.43","0","4.10722097409604","0.182608864503992","30.79968192",
"6/23/2006","66.5625","38.872501373291","526","34.921","20.789","0","4.00264498277337","0.1918450576309","30.96889272",
"6/24/2006","66.5625","38.872501373291","526","34.984","20.813","0","4.36022165312998","0.192989921385637","30.48828444",
"6/25/2006","66.5625","38.872501373291","526","35.669","20.596","0","4.64339582490486","0.172436651816459","31.03087176",
"6/26/2006","66.5625","38.872501373291","526","36.33","21.831","0","4.90870697453824","0.160009462449857","31.10080212",
"6/27/2006","66.5625","38.872501373291","526","35.585","22.285","0","4.44436714485373","0.184557482954804","30.61080324",
"6/28/2006","66.5625","38.872501373291","526","34.584","21.155","0","4.25290323750974","0.191450759954639","30.7911996",
"6/29/2006","66.5625","38.872501373291","526","35.127","20.948","0","3.75003718970357","0.209407768861426","29.98732104",
"6/30/2006","66.5625","38.872501373291","526","33.916","20.18","0","2.89714014401537","0.23252554275795","29.73909924",
"7/1/2006","66.5625","38.872501373291","526","32.505","21.757","0","4.29753411086815","0.280084505239062","22.94555616",
"7/2/2006","66.5625","38.872501373291","526","32.667","19.521","0","3.27989249322095","0.286712394302513","30.15810324",
"7/3/2006","66.5625","38.872501373291","526","34.342","18.389","0","2.85841388777656","0.20800062874394","30.50938872",
"7/4/2006","66.5625","38.872501373291","526","35.929","21.639","0","3.65465917434127","0.232796040791195","29.5283268",
"7/5/2006","66.5625","38.872501373291","526","36.9","23.014","0","4.79554972763158","0.250096785581604","29.3241366",
"7/6/2006","66.5625","38.872501373291","526","35.86","22.921","0","4.87362692035996","0.234332661551414","30.28792824",
"7/7/2006","66.5625","38.872501373291","526","35.829","20.885","0","5.22246606107176","0.190944325430681","31.22384148",
"7/8/2006","66.5625","38.872501373291","526","37.053","21.617","0","5.32232749673428","0.138488730443139","30.92365908",
"7/9/2006","66.5625","38.872501373291","526","37.249","23.349","0","6.15681150632378","0.098049234240712","31.1999508",
"7/10/2006","66.5625","38.872501373291","526","35.131","23.416","0","5.28181837574415","0.114714180723712","30.393675",
"7/11/2006","66.5625","38.872501373291","526","31.887","18.95","0","5.10551067162891","0.136404168256264","30.64005",
"7/12/2006","66.5625","38.872501373291","526","27.709","14.08","0","3.8952619643515","0.211154684122267","31.14578952",
"7/13/2006","66.5625","38.872501373291","526","26.033","11.642","0","3.29651344366456","0.288900329264151","30.79404648",
"7/14/2006","66.5625","38.872501373291","526","27.833","10.944","0","2.82684075021194","0.282696693408688","30.40784316",
"7/15/2006","66.5625","38.872501373291","526","29.93","12.628","0","3.33285732127884","0.28067633915358","30.3262902",
"7/16/2006","66.5625","38.872501373291","526","32.625","15.576","0","3.57478248062138","0.237310569431119","30.587175648",
"7/17/2006","66.5625","38.872501373291","526","33.989","18.823","0","4.06799108437873","0.202338474673757","30.47292936",
"7/18/2006","66.5625","38.872501373291","526","33.177","19.261","0","4.48126121167629","0.214693514975428","29.9633526",
"7/19/2006","66.5625","38.872501373291","526","34.558","20.745","0","5.18012142894428","0.191383520467732","29.96898516",
"7/20/2006","66.5625","38.872501373291","526","36.623","21.769","0","4.554696320172","0.160291175712875","30.114730872",
"7/21/2006","66.5625","38.872501373291","526","38.019","22.516","0","4.50955142561331","0.132923254980745","30.12598494",
"7/22/2006","66.5625","38.872501373291","526","39.571","23.751","0","4.82392453789219","0.118902125162802","30.016176048",
"7/23/2006","66.5625","38.872501373291","526","38.167","26.047","0","7.51134190543968","0.138219968277092","29.594592072",
"7/24/2006","66.5625","38.872501373291","526","39.371","24.357","0","4.99347173628419","0.126992049532305","29.91149874",
"7/25/2006","66.5625","38.872501373291","526","38.806","23.04","0","4.57508413070385","0.120264470341812","29.8126701",
"7/26/2006","66.5625","38.872501373291","526","38.178","22.964","0","4.58970086329663","0.125656899294455","29.453736528",
"7/27/2006","66.5625","38.872501373291","526","36.649","21.747","0","4.42215958238054","0.138081636771924","29.43647424",
"7/28/2006","66.5625","38.872501373291","526","34.806","16.911","0","3.41745297536453","0.179905932372158","29.55751884",
"7/29/2006","66.5625","38.872501373291","526","36.959","21.272","0","3.57379790443688","0.142759487678521","29.49175746",
"7/30/2006","66.5625","38.872501373291","526","40.26","24.18","0","4.22884027913294","0.116787580691329","29.027420712",
"7/31/2006","66.5625","38.872501373291","526","38.669","23.425","0","5.11943514862195","0.162178472572073","28.488204",
"8/1/2006","66.5625","38.872501373291","526","37.716","22.758","0","4.45877009658464","0.182906992262258","28.497880008",
"8/2/2006","66.5625","38.872501373291","526","38.547","21.616","0","3.44076738741902","0.14810122774225","28.964140272",
"8/3/2006","66.5625","38.872501373291","526","37.761","19.605","0","3.91640768771232","0.139178748143706","28.997550072",
"8/4/2006","66.5625","38.872501373291","526","37.191","22.726","0","5.22576420887093","0.125409377468293","28.702742832",
"8/5/2006","66.5625","38.872501373291","526","37.089","22.37","0","4.50591692384186","0.149814836891457","28.509300072",
"8/6/2006","66.5625","38.872501373291","526","36.307","18.458","0","3.77831388731059","0.169018467515479","28.27772532",
"8/7/2006","66.5625","38.872501373291","526","36.789","22.12","0","4.66847859081442","0.144436309219005","28.1427741",
"8/8/2006","66.5625","38.872501373291","526","36.842","21.774","0","4.23043011050414","0.152821571482485","28.11516039",
"8/9/2006","66.5625","38.872501373291","526","37.849","22.912","0","4.42422776224003","0.138327651892935","28.08005931",
"8/10/2006","66.5625","38.872501373291","526","38.086","23.339","0","4.67186819009074","0.115384194259854","27.94859937",
"8/11/2006","66.5625","38.872501373291","526","37.711","21.883","0","3.89893552986308","0.143960055155348","27.57240072",
"8/12/2006","66.5625","38.872501373291","526","37.942","22.375","0","3.95029111371514","0.159584499431165","27.17824653",
"8/13/2006","66.5625","38.872501373291","526","38.454","24.031","0","5.57159561400088","0.121450147493547","27.40324905",
"8/14/2006","66.5625","38.872501373291","526","36.936","24.055","0","7.54227879393836","0.116917614790351","27.51401385",
"8/15/2006","66.5625","38.872501373291","526","33.867","18.708","0","4.73299110816581","0.184570404336596","27.51294384",
"8/16/2006","66.5625","38.872501373291","526","32.631","14.941","0","3.84305450732972","0.213367932469306","27.3050532",
"8/17/2006","66.5625","38.872501373291","526","32.036","16.993","0","4.82013799299655","0.167031909734751","27.57424608",
"8/18/2006","66.5625","38.872501373291","526","33.356","17.007","0","3.36507647415294","0.139901270426701","27.51075468",
"8/19/2006","66.5625","38.872501373291","526","34.322","13.581","0","2.84190936415577","0.156980698328998","27.12538296",
"8/20/2006","66.5625","38.872501373291","526","34.263","14.862","0","3.01414147517055","0.11216025649364","26.945325",
"8/21/2006","66.5625","38.872501373291","526","35.105","18.912","0","2.94847565983221","0.106284548533784","25.67885292",
"8/22/2006","66.5625","38.872501373291","526","35.088","18.155","0","3.39348486318732","0.121902898019648","26.42085",
"8/23/2006","66.5625","38.872501373291","526","35.716","18.414","0","3.0248279091215","0.154703221751356","25.84935432",
"8/24/2006","66.5625","38.872501373291","526","36.041","20.354","0","4.62908326818536","0.161445583614993","25.720758",
"8/25/2006","66.5625","38.872501373291","526","36.677","22.718","0","5.50816297586284","0.148962896713546","25.68797136",
"8/26/2006","66.5625","38.872501373291","526","35.045","18.863","0","3.7544326564548","0.184275129545659","25.71080436",
"8/27/2006","66.5625","38.872501373291","526","33.708","14.635","0","3.2486226768751","0.225481686375437","25.34799492",
"8/28/2006","66.5625","38.872501373291","526","32.979","17.988","0","4.56873448545671","0.175901065122426","25.6148532",
"8/29/2006","66.5625","38.872501373291","526","32.222","18.137","0","5.46271879524317","0.135016675912354","25.49007936",
"8/30/2006","66.5625","38.872501373291","526","34.439","18.985","0","4.12819102123582","0.104684174626893","25.6786308",
"8/31/2006","66.5625","38.872501373291","526","35.112","19.501","0","4.99194281874493","0.098262222773193","25.33049892",
"9/1/2006","66.5625","38.872501373291","526","32.496","19.136","0","4.80044215341766","0.159490885618528","25.27402068",
"9/2/2006","66.5625","38.872501373291","526","29.957","15.683","0","3.87470346475046","0.159539683656164","25.03023192",
"9/3/2006","66.5625","38.872501373291","526","29.621","11.195","0","3.5561167631485","0.142320123846108","25.45194528",
"9/4/2006","66.5625","38.872501373291","526","25.942","10.521","0","3.06922439491527","0.178772087127455","24.89068152",
"9/5/2006","66.5625","38.872501373291","526","26.951","13.77","0","3.67902987979174","0.168866699151831","24.65414604",
"9/6/2006","66.5625","38.872501373291","526","29.73","12.43","0","3.79379312313556","0.182039558954944","24.5925",
"9/7/2006","66.5625","38.872501373291","526","32.015","15.15","0","3.15979929036501","0.124744177487141","24.89073804",
"9/8/2006","66.5625","38.872501373291","526","33.245","16.283","0","3.68982559056607","0.114414145109868","24.52573008",
"9/9/2006","66.5625","38.872501373291","526","33.542","17.373","0","4.09269331334052","0.115512161690465","24.07640256",
"9/10/2006","66.5625","38.872501373291","526","30.685","16.1","0","3.93279492107642","0.203206348148383","23.4847674",
"9/11/2006","66.5625","38.872501373291","526","29.975","13.274","0","3.20845149569182","0.253998197632401","23.39398152",
"9/12/2006","66.5625","38.872501373291","526","29.728","12.048","0","2.85090919990657","0.250130185093518","23.29678188",
"9/13/2006","66.5625","38.872501373291","526","30.347","12.014","0","2.70442487198741","0.235961060112161","22.9225464",
"9/14/2006","66.5625","38.872501373291","526","26.808","14.65","0","2.71858217802235","0.339211766735313","21.234883752",
"9/15/2006","66.5625","38.872501373291","526","27.259","10.392","0","2.34114460720722","0.355192939763481","21.83816034",
"9/16/2006","66.5625","38.872501373291","526","32.785","13.495","0","2.3332884353892","0.254495090805628","22.02463242",
"9/17/2006","66.5625","38.872501373291","526","30.175","15.702","0","3.65884331383692","0.219885834110101","20.462962032",
"9/18/2006","66.5625","38.872501373291","526","20.33","13.057","0","4.46670803104828","0.398910662536353","20.23746192",
"9/19/2006","66.5625","38.872501373291","526","21.533","8.755","0","3.56137190120791","0.414414331667234","21.5625438",
"9/20/2006","66.5625","38.872501373291","526","23.589","6.88900000000001","0","2.74413522193569","0.37126952619862","21.581941032",
"9/21/2006","66.5625","38.872501373291","526","24.873","8.07100000000003","0","2.59845364669669","0.321396553641719","21.41206506",
"9/22/2006","66.5625","38.872501373291","526","25.898","11.07","0","3.02610218744683","0.248524326236092","21.47377626",
"9/23/2006","66.5625","38.872501373291","526","26.723","12.033","0","2.71186308110984","0.233714233867611","21.1825098",
"9/24/2006","66.5625","38.872501373291","526","26.216","10.736","0","2.64175254859656","0.225439081005157","21.05206434",
"9/25/2006","66.5625","38.872501373291","526","25.349","10.325","0","2.76071319292489","0.197700304778125","20.60021664",
"9/26/2006","66.5625","38.872501373291","526","27.179","13.541","0","3.24349859317404","0.163861562530505","20.87280162",
"9/27/2006","66.5625","38.872501373291","526","29.936","15.763","0","3.66613089519167","0.111018523829441","20.54705454",
"9/28/2006","66.5625","38.872501373291","526","29.906","15.229","0","3.39391429256613","0.254144428573089","18.327041352",
"9/29/2006","66.5625","38.872501373291","526","26.56","11.986","0","2.32474696909333","0.348840767200391","18.99303696",
"9/30/2006","66.5625","38.872501373291","526","25.479","8.25599999999997","0","1.79819373675196","0.32844033276307","19.6774902",
"10/1/2006","66.5625","38.872501373291","526","26.663","10.564","0","2.726568893257","0.205326866501836","19.55638944",
"10/2/2006","66.5625","38.872501373291","526","26.514","10.067","0","2.71797218956119","0.175278165633748","19.74330198",
"10/3/2006","66.5625","38.872501373291","526","29.185","14.247","0","3.19428232258477","0.176166319943035","18.49471974",
"10/4/2006","66.5625","38.872501373291","526","27.354","12.296","0","2.50865034715233","0.302372940271645","18.39262392",
"10/5/2006","66.5625","38.872501373291","526","26.168","11.045","0","2.19911951937739","0.3971848132415","18.00157248",
"10/6/2006","66.5625","38.872501373291","526","26.279","8.846","0","2.49072537840877","0.412919748742636","18.52329708",
"10/7/2006","66.5625","38.872501373291","526","26.842","9.85700000000003","0","2.19637229800807","0.354861674919853","18.20773134",
"10/8/2006","66.5625","38.872501373291","526","26.791","10.271","0","2.57055532960779","0.312699524905582","18.10614402",
"10/9/2006","66.5625","38.872501373291","526","28.556","13.225","0","2.60773850438156","0.219771894280878","17.90268858",
"10/10/2006","66.5625","38.872501373291","526","28.616","14.695","0","2.82244507492523","0.196241665808187","17.33900652",
"10/11/2006","66.5625","38.872501373291","526","27.527","11.105","0","2.287069953304","0.240897550254534","16.9799625",
"10/12/2006","66.5625","38.872501373291","526","26.627","9.74400000000003","0","2.19794658518066","0.2533128250096","17.11270908",
"10/13/2006","66.5625","38.872501373291","526","25.819","14.461","0","2.76311840865539","0.318377148353047","16.00526286",
"10/14/2006","66.5625","38.872501373291","526","21.118","11.535","0.38623824","1.73605225579917","0.427449148168045","12.9609621",
"10/15/2006","66.5625","38.872501373291","526","22.211","7.726","0","2.3133870946193","0.408812417880569","14.580845208",
"10/16/2006","66.5625","38.872501373291","526","27.924","13.404","0","3.84978023807722","0.325369799123015","15.952779108",
"10/17/2006","66.5625","38.872501373291","526","28.946","17.172","0","3.96841757104899","0.324389360498683","14.973803172",
"10/18/2006","66.5625","38.872501373291","526","24.996","11.805","0","2.14327179535268","0.374377472367369","15.7679469",
"10/19/2006","66.5625","38.872501373291","526","24.659","9.63400000000001","0","2.17884496802946","0.387656050941328","15.87617154",
"10/20/2006","66.5625","38.872501373291","526","19.577","7.90199999999999","0.3124235664","3.38091002408492","0.437955902418856","6.294148128",
"10/21/2006","66.5625","38.872501373291","526","20.644","6.673","0","2.64499883710061","0.442600699614796","16.06916538",
"10/22/2006","66.5625","38.872501373291","526","23.92","9.53399999999999","0.036048888","2.48961578595322","0.278716988095951","15.449450616",
"10/23/2006","66.5625","38.872501373291","526","21.793","10.575","0.7209772704","2.17259778855749","0.452758453316505","9.366135156",
"10/24/2006","66.5625","38.872501373291","526","17.871","8.553","0","2.01652700844283","0.683142120297099","11.496095532",
"10/25/2006","66.5625","38.872501373291","526","18.715","7.37599999999998","0","1.77499747653937","0.650487453004877","10.859120352",
"10/26/2006","66.5625","38.872501373291","526","20.25","6.44900000000001","0","2.10252424397585","0.505118076174004","14.8294143",
"10/27/2006","66.5625","38.872501373291","526","21.645","8.82799999999997","0","2.4196836264019","0.423540537007698","14.542150428",
"10/28/2006","66.5625","38.872501373291","526","24.176","12.439","0","2.29737863736879","0.368510688406888","13.75031574",
"10/29/2006","66.5625","38.872501373291","526","21.319","12.519","0.657463032","3.18612662656247","0.518704348018963","8.082449964",
"10/30/2006","66.5625","38.872501373291","526","25.149","11.782","0","2.73565332381949","0.515455271615859","13.83226992",
"10/31/2006","66.5625","38.872501373291","526","28.315","16.457","0","3.23199113290709","0.325155750790702","13.90274694",
"11/1/2006","66.5625","38.872501373291","526","24.314","10.976","0","2.57644865840779","0.352569854586682","11.682395568",
"11/2/2006","66.5625","38.872501373291","526","24.509","9.50999999999999","0","2.08548112631578","0.395555480694012","13.736303928",
"11/3/2006","66.5625","38.872501373291","526","27.9","14.69","0","4.23793976967213","0.319963860172694","12.744223308",
"11/4/2006","66.5625","38.872501373291","526","28.693","17.695","0","3.97014103915744","0.268252970303853","13.25295126",
"11/5/2006","66.5625","38.872501373291","526","28.233","16.106","0","3.71885571634834","0.265633739437579","13.092130368",
"11/6/2006","66.5625","38.872501373291","526","26.19","11.965","0","2.22246874011607","0.290866690995628","13.273593912",
"11/7/2006","66.5625","38.872501373291","526","25.505","11.108","0","2.19585027240617","0.347172362005208","12.465508752",
"11/8/2006","66.5625","38.872501373291","526","26.786","15.118","0","3.842481689033","0.225594930974744","11.560724712",
"11/9/2006","66.5625","38.872501373291","526","18.685","5.65199999999999","17.243383428","2.39972256710692","0.656034847546011","1.161225324",
"11/10/2006","66.5625","38.872501373291","526","12.798","2.00099999999998","0","2.14735566247784","0.697727145297856","12.7329759",
"11/11/2006","66.5625","38.872501373291","526","15.24","2.798","0","1.75016551840906","0.629317741635865","12.474063",
"11/12/2006","66.5625","38.872501373291","526","18.001","7.553","0","3.02401063187012","0.494360072301583","12.356946",
"11/13/2006","66.5625","38.872501373291","526","16.649","8.86500000000001","0","3.26946244564685","0.402932516401749","11.965051548",
"11/14/2006","66.5625","38.872501373291","526","17.943","8.18000000000001","0","3.07810232808421","0.357213380002312","10.26663822",
"11/15/2006","66.5625","38.872501373291","526","16.741","10.05","0.2832413616","4.48144755219313","0.546218821588456","6.95868552",
"11/16/2006","66.5625","38.872501373291","526","13.087","10.035","7.817459652","2.59856161046051","0.696062838275037","2.32391214",
"11/17/2006","66.5625","38.872501373291","526","10.019","7.34199999999998","6.96430224","2.81663658788333","0.805165110000516","4.63376232",
"11/18/2006","66.5625","38.872501373291","526","18.269","7.68400000000003","0","6.1660204970338","0.467667920248306","11.803728132",
"11/19/2006","66.5625","38.872501373291","526","11.386","4.59500000000003","10.9760282856","2.05693677130726","0.70992453459279","1.782956088",
"11/20/2006","66.5625","38.872501373291","526","6.55000000000001","1.51400000000001","2.9319793272","1.54320506457354","0.833379285403264","3.07175634",
"11/21/2006","66.5625","38.872501373291","526","2.048","-2.05500000000001","2.368927152","2.42435582348372","0.794304930523819","8.226617832",
"11/22/2006","66.5625","38.872501373291","526","0.0740000000000123","-12.842","0.0240326064","2.14919266245761","0.877270603025414","10.922460462",
"11/23/2006","66.5625","38.872501373291","526","2.58499999999998","-6.28199999999998","0","2.84636050038173","0.818637417724954","11.895639768",
"11/24/2006","66.5625","38.872501373291","526","4.07400000000001","-10.38","0","1.76637145020635","0.706842761230161","11.67513912",
"11/25/2006","66.5625","38.872501373291","526","4.08800000000002","-6.072","0","1.60805687252441","0.693714977732056","11.67412248",
"11/26/2006","66.5625","38.872501373291","526","5.55700000000002","-4.613","0","1.82261011416397","0.656583496751306","11.36964294",
"11/27/2006","66.5625","38.872501373291","526","5.21600000000001","-3.08100000000002","0","2.84811618800519","0.596115124297362","11.09987208",
"11/28/2006","66.5625","38.872501373291","526","8.18700000000001","-0.317000000000007","0.211143492","4.19425991994352","0.52150548460717","8.94397482",
"11/29/2006","66.5625","38.872501373291","526","8.452","0.512","0.8737564824","3.75778689497339","0.597859827751944","4.58505405",
"11/30/2006","66.5625","38.872501373291","526","1.767","-1.25","2.859021","1.63478224655317","0.816217168721256","4.94645634",
"12/1/2006","66.5625","38.872501373291","526","1.84199999999998","-3.08800000000002","1.1964800232","1.53658987877404","0.696643148542664","7.89221016",
"12/2/2006","66.5625","38.872501373291","526","1.65199999999999","-6.49900000000002","0.04119876","1.46176288682926","0.809794660631481","10.68367635",
"12/3/2006","66.5625","38.872501373291","526","2.72300000000001","-7.05799999999999","0","1.80034310648771","0.888469858894393","10.4399433",
"12/4/2006","66.5625","38.872501373291","526","1.27499999999998","-4.91399999999999","0.151062084","1.69909691307302","0.770764372233767","5.59906407",
"12/5/2006","66.5625","38.872501373291","526","2.38600000000002","-5.84199999999998","0","1.67147578725599","0.671518949952744","10.35197406",
"12/6/2006","66.5625","38.872501373291","526","5.60500000000002","-3.02999999999997","0","2.94007245613636","0.612951948023973","10.76371893",
"12/7/2006","66.5625","38.872501373291","526","6.368","-4.89999999999998","0","1.76794031624836","0.586197354517996","10.75348134",
"12/8/2006","66.5625","38.872501373291","526","7.62200000000001","-4.43700000000001","0","1.40156570934443","0.55570158004761","10.74301542",
"12/9/2006","66.5625","38.872501373291","526","9.13400000000001","-2.73899999999998","0","1.69260450546847","0.488472867986351","9.80735814",
"12/10/2006","66.5625","38.872501373291","526","4.93099999999998","-2.25799999999998","0","1.63367854273939","0.557133058147916","9.33103395",
"12/11/2006","66.5625","38.872501373291","526","5.85599999999999","-4.50099999999998","0","1.15238219736159","0.555117013112182","10.5861348",
"12/12/2006","66.5625","38.872501373291","526","5.57600000000002","-3.84399999999999","0","1.65542919227484","0.639818641595317","10.30161879",
"12/13/2006","66.5625","38.872501373291","526","7.39100000000002","-3.745","0","1.46383341654174","0.590334725968012","10.12618251",
"12/14/2006","66.5625","38.872501373291","526","7.53500000000003","-1.47300000000001","0.0686645856","1.15392224942438","0.670966088446057","8.71694865",
"12/15/2006","66.5625","38.872501373291","526","7.17099999999999","-0.572999999999979","0.4978178064","0.946447322011406","0.762010145364061","6.70021695",
"12/16/2006","66.5625","38.872501373291","526","7.47800000000001","-0.783999999999992","0","1.50116713885475","0.787995323470143","8.82888408",
"12/17/2006","66.5625","38.872501373291","526","7.28800000000001","-2.45999999999998","0","1.66625696149711","0.755630689470345","10.03646412",
"12/18/2006","66.5625","38.872501373291","526","10.578","-0.0869999999999891","0","1.64308519439032","0.583784268711872","10.33441623",
"12/19/2006","66.5625","38.872501373291","526","7.81099999999998","0.0500000000000114","0.6317135424","1.12513346376961","0.492559793070286","4.00983831",
"12/20/2006","66.5625","38.872501373291","526","7.68000000000001","-0.733000000000004","0","1.39626626176213","0.824888147268908","8.31076578",
"12/21/2006","66.5625","38.872501373291","526","13.076","1.399","0","4.2265178987196","0.560530818468963","9.875977938",
"12/22/2006","66.5625","38.872501373291","526","9.55599999999998","3.08300000000003","0","2.82928667289055","0.628277068562735","9.428398812",
"12/23/2006","66.5625","38.872501373291","526","8.85700000000003","0.935999999999979","1.12609908","1.61034228693887","0.685946156957145","7.2034353",
"12/24/2006","66.5625","38.872501373291","526","3.92099999999999","-0.764999999999986","4.97818368","1.84409594565032","0.864497097027306","4.193941932",
"12/25/2006","66.5625","38.872501373291","526","1.82900000000001","-2.18099999999998","2.62298556","1.7634360370174","0.810777583499091","4.20232815",
"12/26/2006","66.5625","38.872501373291","526","10.081","-1.923","0","3.9530539676709","0.598858425752383","10.249257168",
"12/27/2006","66.5625","38.872501373291","526","11.042","3.37400000000002","0","5.03782233027445","0.481955828759524","10.2238335",
"12/28/2006","66.5625","38.872501373291","526","12.75","4.31299999999999","0.0034332264","3.48161765250661","0.361687558822443","8.827761276",
"12/29/2006","66.5625","38.872501373291","526","7.35399999999999","-0.0219999999999914","8.81652816","3.01270615918995","0.768027490486651","3.76554357",
"12/30/2006","66.5625","38.872501373291","526","2.755","-4.35500000000002","3.028106448","1.76113630842565","0.80947217171241","10.238390532",
"12/31/2006","66.5625","38.872501373291","526","1.72500000000002","-4.18400000000003","0.01373292","1.3862137439174","0.798035738382084","10.155376062",
"1/1/2007","66.5625","38.872501373291","526","-0.533999999999992","-4.68400000000003","0.2334595176","2.86021769471804","0.840310107621847","7.674075",
"1/2/2007","66.5625","38.872501373291","526","-0.682999999999993","-6.82600000000002","0.1356125112","1.8299810995818","0.844127524120521","10.515037968",
"1/3/2007","66.5625","38.872501373291","526","1.70600000000002","-7.37","0","1.6129066471022","0.544128078400796","10.836335844",
"1/4/2007","66.5625","38.872501373291","526","2.02699999999999","-8.29300000000001","0","1.18584066464051","0.57462437296206","10.8821808",
"1/5/2007","66.5625","38.872501373291","526","4.53399999999999","-6.43400000000003","0","1.2417384539593","0.551120835105954","10.725353172",
"1/6/2007","66.5625","38.872501373291","526","9.04399999999998","-1.12","0","4.78944507404901","0.353267013305899","11.24375472",
"1/7/2007","66.5625","38.872501373291","526","8.26799999999997","1.92500000000001","0.017166132","2.29272597080015","0.47436588688658","8.434242756",
"1/8/2007","66.5625","38.872501373291","526","4.53199999999998","-2.41500000000002","0.6986615904","1.24928214326971","0.721195122004617","6.458120532",
"1/9/2007","66.5625","38.872501373291","526","3.44499999999999","-3.26499999999999","0.4488945264","1.14922243232245","0.871799984186086","6.06071142",
"1/10/2007","66.5625","38.872501373291","526","4.64800000000002","-1.94200000000001","0.8299826928","1.57754899989046","0.865854605223112","7.982943732",
"1/11/2007","66.5625","38.872501373291","526","3.94","-2.858","0.357056064","1.06099554922328","0.81398521478744","9.534041712",
"1/12/2007","66.5625","38.872501373291","526","2.94200000000001","-3.01499999999999","0.3313065096","1.20313336174227","0.788733502852459","9.848927988",
"1/13/2007","66.5625","38.872501373291","526","5.39800000000002","-1.84300000000002","0.14076234","1.89126922925515","0.678039231706499","10.842245892",
"1/14/2007","66.5625","38.872501373291","526","6.30399999999997","-0.755999999999972","0.556182792","4.41224815678179","0.536827505611398","6.751460016",
"1/15/2007","66.5625","38.872501373291","526","8.52699999999999","1.97800000000001","3.759389064","3.53470333824335","0.719881436021103","9.612445752",
"1/16/2007","66.5625","38.872501373291","526","4.77100000000002","0.73399999999998","2.24704728","2.85145727238129","0.822716896030167","10.3927464",
"1/17/2007","66.5625","38.872501373291","526","8.61399999999998","0.98399999999998","0.2214433584","3.65242158935263","0.554318910650779","5.895169452",
"1/18/2007","66.5625","38.872501373291","526","2.45600000000002","-4.101","6.37893504","2.91379863570439","0.869470109406353","3.00059964",
"1/19/2007","66.5625","38.872501373291","526","5.214","-3.31","0","3.53398994105883","0.587999262886092","11.552628852",
"1/20/2007","66.5625","38.872501373291","526","10.004","-0.427000000000021","0","4.14071857061526","0.407361644697319","12.051568332",
"1/21/2007","66.5625","38.872501373291","526","12.683","2.66500000000002","0","4.77837129760148","0.329889147884013","11.920727988",
"1/22/2007","66.5625","38.872501373291","526","10.77","0.829999999999984","0","2.07956622534998","0.275809064395783","11.529391968",
"1/23/2007","66.5625","38.872501373291","526","9.36500000000001","1.81599999999997","0.7398613584","1.63012379684424","0.503473531479002","8.816403816",
"1/24/2007","66.5625","38.872501373291","526","8.28899999999999","-0.680999999999983","0","1.93496869277223","0.695567788295424","12.00386628",
"1/25/2007","66.5625","38.872501373291","526","10.634","-0.47399999999999","0","1.60410223285074","0.585171045606344","12.48153336",
"1/26/2007","66.5625","38.872501373291","526","12.53","0.165999999999997","0","1.58114267272531","0.526484780736954","12.51747774",
"1/27/2007","66.5625","38.872501373291","526","13.813","1.55000000000001","0","2.47124170087383","0.31679079316717","12.826348668",
"1/28/2007","66.5625","38.872501373291","526","17.86","6.40199999999999","0","5.61911493305262","0.297043339041343","12.78483606",
"1/29/2007","66.5625","38.872501373291","526","18.856","8.25","0","5.21170273956071","0.310590791291631","12.81757572",
"1/30/2007","66.5625","38.872501373291","526","18.969","9.32600000000002","0","3.96073344342515","0.308526410623616","12.537112212",
"1/31/2007","66.5625","38.872501373291","526","19.939","9.93000000000001","0","5.31962854540431","0.299723236930127","12.067646688",
"2/1/2007","66.5625","38.872501373291","526","18.365","8.40199999999999","0.4274374104","5.6524372120999","0.42414141817929","9.487911096",
"2/2/2007","66.5625","38.872501373291","526","11.707","4.92099999999999","0.7055288568","1.95226439688797","0.735560139865333","7.242917688",
"2/3/2007","66.5625","38.872501373291","526","14.983","4.24599999999998","0","2.89965677316612","0.594334712187922","11.873923524",
"2/4/2007","66.5625","38.872501373291","526","13.327","7.45600000000002","1.41277266","5.00535775403376","0.596550911049105","13.1172759",
"2/5/2007","66.5625","38.872501373291","526","13.996","7.714","4.6880693784","5.3150213092125","0.534512161772698","2.874771252",
"2/6/2007","66.5625","38.872501373291","526","12.558","5.94600000000003","1.56297582","2.57504568562415","0.703625813599216","11.72194182",
"2/7/2007","66.5625","38.872501373291","526","15.617","5.39400000000001","0","3.61196081710729","0.56791883439456","13.03098588",
"2/8/2007","66.5625","38.872501373291","526","16.432","7.93200000000002","0.1733780664","3.18940930727252","0.439157923505616","11.55386682",
"2/9/2007","66.5625","38.872501373291","526","12.551","5.529","0.86174064","1.63990583935049","0.694300208787613","9.361636308",
"2/10/2007","66.5625","38.872501373291","526","11.59","3.85899999999998","0.0720977832","1.80384809110488","0.756255029834259","11.30929002",
"2/11/2007","66.5625","38.872501373291","526","8.10899999999998","3.06400000000002","1.3475423664","1.90862665960526","0.795071173791782","8.058879792",
"2/12/2007","66.5625","38.872501373291","526","8.45699999999999","1.05099999999999","1.50890328","2.26666175411427","0.752013533552744","12.9942063",
"2/13/2007","66.5625","38.872501373291","526","8.69999999999999","-0.836000000000013","0","1.44773327778436","0.687924917421321","14.12054982",
"2/14/2007","66.5625","38.872501373291","526","10.861","1.17899999999997","0","2.19357273072699","0.586037050703531","15.27412032",
"2/15/2007","66.5625","38.872501373291","526","11.377","0.242000000000019","0","1.59274451181923","0.602137216099434","15.24465306",
"2/16/2007","66.5625","38.872501373291","526","12.445","3.053","0","2.63305691212295","0.603962634852674","14.5255527",
"2/17/2007","66.5625","38.872501373291","526","12.85","4.25400000000002","0.204277356","2.95671508536482","0.640266905498783","14.35179672",
"2/18/2007","66.5625","38.872501373291","526","7.16300000000001","1.68599999999998","3.7671092784","1.84332440659198","0.743642920416966","8.2260009",
"2/19/2007","66.5625","38.872501373291","526","1.71699999999998","-3.32999999999998","2.104569288","2.23686017954951","0.823738143233222","8.44272846",
"2/20/2007","66.5625","38.872501373291","526","9.63","-2.95299999999997","0.0034332264","2.60313822549099","0.580144023649813","15.66500868",
"2/21/2007","66.5625","38.872501373291","526","7.87799999999999","2.07600000000002","4.1061389184","4.63014598384421","0.718013023668877","12.46342518",
"2/22/2007","66.5625","38.872501373291","526","12.734","4.38999999999999","0.131320836","6.76808478249075","0.602428248044273","15.49732554",
"2/23/2007","66.5625","38.872501373291","526","14.793","4.72899999999999","0","3.37306573578082","0.54294783569534","16.446263688",
"2/24/2007","66.5625","38.872501373291","526","11.516","3.97500000000002","1.7080317","2.07892099043346","0.767525212577609","8.756719128",
"2/25/2007","66.5625","38.872501373291","526","15.152","2.52300000000002","12.5604607896","6.52408184659967","0.652458218841356","10.390049676",
"2/26/2007","66.5625","38.872501373291","526","0.225000000000023","-6.13","4.9249629288","4.07765747414728","0.710435061326718","10.528092",
"2/27/2007","66.5625","38.872501373291","526","-0.192000000000007","-8.02699999999999","0","2.83534180717989","0.482997687927666","18.27523134",
"2/28/2007","66.5625","38.872501373291","526","3.35199999999998","-7.39499999999998","0","2.20215742271376","0.49924607275035","17.24214564",
"3/1/2007","66.5625","38.872501373291","526","4.21899999999999","-6.31599999999997","0","1.75725347063559","0.625697627565084","17.08397172",
"3/2/2007","66.5625","38.872501373291","526","7.63499999999999","-3.61500000000001","0","2.49749236885223","0.721657476495557","18.33362172",
"3/3/2007","66.5625","38.872501373291","526","7.92500000000001","-5.77100000000002","0","1.48190932632391","0.743115738818782","18.20846556",
"3/4/2007","66.5625","38.872501373291","526","8.68000000000001","-1.74700000000001","0","1.85570319211508","0.693986810981429","17.22375",
"3/5/2007","66.5625","38.872501373291","526","13.59","2.15100000000001","0","3.01134528649007","0.54635011834505","17.8025562",
"3/6/2007","66.5625","38.872501373291","526","15.227","3.84199999999998","0","2.37127915597069","0.4777377184756","18.19478916",
"3/7/2007","66.5625","38.872501373291","526","17.852","5.31799999999998","0","2.99142879844188","0.46999776554911","18.40567572",
"3/8/2007","66.5625","38.872501373291","526","15.652","4.00799999999998","2.473637688","3.79798174138389","0.572557513707859","13.14815472",
"3/9/2007","66.5625","38.872501373291","526","5.5","1.30799999999999","3.991124232","3.28297491703485","0.834447010272618","8.32376088",
"3/10/2007","66.5625","38.872501373291","526","9.53399999999999","-0.689000000000021","0","2.12316523501724","0.741401510952956","17.01692136",
"3/11/2007","66.5625","38.872501373291","526","9.18200000000002","-1.34300000000002","0","2.14914271673143","0.556035815888013","18.86968368",
"3/12/2007","66.5625","38.872501373291","526","8.11399999999998","-2.34699999999998","0","1.75503173445916","0.589772896568243","18.89736264",
"3/13/2007","66.5625","38.872501373291","526","10.295","-2.03500000000003","0","2.07120116707704","0.556727999732814","20.09345544",
"3/14/2007","66.5625","38.872501373291","526","13.004","0.386000000000024","0","2.49014312923023","0.472286566984873","20.54154672",
"3/15/2007","66.5625","38.872501373291","526","18.551","5.20999999999998","0.11672964","4.49689875623458","0.388099503210284","19.38740985",
"3/16/2007","66.5625","38.872501373291","526","20.365","10.309","3.83835132","5.51180712321699","0.540398411263732","18.87513669",
"3/17/2007","66.5625","38.872501373291","526","19.282","7.18400000000003","18.35746632","6.56059932714351","0.696531706523052","6.690656592",
"3/18/2007","66.5625","38.872501373291","526","15.476","1.94499999999999","0.0068664528","1.46799536959004","0.57762750643246","18.59321268",
"3/19/2007","66.5625","38.872501373291","526","14.009","5.80599999999998","0.291824316","2.28713534314968","0.706996645083812","19.29341223",
"3/20/2007","66.5625","38.872501373291","526","15.669","3.911","0","2.57549396105181","0.547677826398311","21.36053808",
"3/21/2007","66.5625","38.872501373291","526","16.461","2.46600000000001","0","2.26071645574417","0.4611741787683","21.349742328",
"3/22/2007","66.5625","38.872501373291","526","18.293","3.73200000000003","0","2.49023933367405","0.375878674552563","21.063269808",
"3/23/2007","66.5625","38.872501373291","526","18.584","4.66699999999997","0","1.95989872106031","0.378052572307148","21.68853426",
"3/24/2007","66.5625","38.872501373291","526","17.421","7.303","2.35519398","3.60847804367007","0.539717010621882","18.30611466",
"3/25/2007","66.5625","38.872501373291","526","21.905","9.72300000000001","0","7.0161604006344","0.456678664381609","19.770529968",
"3/26/2007","66.5625","38.872501373291","526","19.315","11.052","2.485655928","5.4744616091823","0.545691813526641","7.307662104",
"3/27/2007","66.5625","38.872501373291","526","15.401","10.425","4.564476072","2.61769725687584","0.78608100400267","7.084183608",
"3/28/2007","66.5625","38.872501373291","526","15.855","7.053","10.5606050256","3.78147892182728","0.810452564413384","3.128568408",
"3/29/2007","66.5625","38.872501373291","526","10.797","6.23000000000002","3.0641556384","1.81095986939225","0.83749577216474","4.805716752",
"3/30/2007","66.5625","38.872501373291","526","7.37099999999998","2.95699999999999","6.77032704","2.5317413087","0.887135426283653","4.76296578",
"3/31/2007","66.5625","38.872501373291","526","8.42599999999999","2.29300000000001","4.173085872","2.58980255511729","0.865854270674828","12.55247118",
"4/1/2007","66.5625","38.872501373291","526","8.70800000000003","3.137","4.56018228","1.77914502512115","0.844685916958324","10.29122046",
"4/2/2007","66.5625","38.872501373291","526","16.364","4.35700000000003","0","3.66817912458092","0.567754771346496","23.40219906",
"4/3/2007","66.5625","38.872501373291","526","20.768","6.67599999999999","0.0686646","3.04865054930107","0.41589954929859","22.319551872",
"4/4/2007","66.5625","38.872501373291","526","20.626","10.744","5.47771716","5.42800269940505","0.566952434042856","23.10569658",
"4/5/2007","66.5625","38.872501373291","526","22.141","9.65699999999998","0.211143672","3.13996213499871","0.532123960132425","22.97047392",
"4/6/2007","66.5625","38.872501373291","526","15.459","9.82799999999997","1.353551112","3.29467002893422","0.631736169168461","9.91670904",
"4/7/2007","66.5625","38.872501373291","526","23.288","9.42099999999999","0","4.04399406271243","0.496715345836211","24.0388974",
"4/8/2007","66.5625","38.872501373291","526","24.473","12.524","2.203274556","3.94109646842186","0.531766014740684","22.49060616",
"4/9/2007","66.5625","38.872501373291","526","25.894","11.251","3.84177708","2.71567596148721","0.555753780690751","23.39105976",
"4/10/2007","66.5625","38.872501373291","526","27.39","16.551","0","3.87991904679426","0.476106987739484","23.33244348",
"4/11/2007","66.5625","38.872501373291","526","27.981","12.675","0","2.82191872642148","0.440967018492245","22.90668696",
"4/12/2007","66.5625","38.872501373291","526","31.254","15.275","0","2.7211665838868","0.385022710836314","24.29921916",
"4/13/2007","66.5625","38.872501373291","526","31.277","16.056","0","2.5783152109752","0.410433885634295","23.69373624",
"4/14/2007","66.5625","38.872501373291","526","23.905","16.538","7.83634104","2.67387544316712","0.68887081064663","9.832671",
"4/15/2007","66.5625","38.872501373291","526","33.989","16.901","0.0034332264","3.98109973467936","0.392500135435473","24.15897792",
"4/16/2007","66.5625","38.872501373291","526","30.03","16.781","3.09333564","3.2782311194035","0.506443032570819","24.2750268",
"4/17/2007","66.5625","38.872501373291","526","25.152","13.368","0","3.81654748844992","0.511983354280585","26.13189852",
"4/18/2007","66.5625","38.872501373291","526","25.436","10.201","0","2.74270543064104","0.421061069047947","26.7705558",
"4/19/2007","66.5625","38.872501373291","526","28.506","10.565","0","2.84322967993132","0.30815891741591","26.20637172",
"4/20/2007","66.5625","38.872501373291","526","32.563","18.653","0","3.8963025018006","0.279324942690586","26.51585724",
"4/21/2007","66.5625","38.872501373291","526","26.829","14.107","0","4.44436478911755","0.37904902788041","21.21255072",
"4/22/2007","66.5625","38.872501373291","526","25.307","8.43299999999999","0","2.37181316607047","0.462415676924291","26.46961776",
"4/23/2007","66.5625","38.872501373291","526","25.41","7.435","0","3.01115848242359","0.339795435543247","27.07925328",
"4/24/2007","66.5625","38.872501373291","526","25.969","9.02100000000002","0","3.0343795940049","0.375989247233158","27.26853471",
"4/25/2007","66.5625","38.872501373291","526","29.599","13.755","0","2.79225221932994","0.288822878167783","27.52570944",
"4/26/2007","66.5625","38.872501373291","526","29.39","13.931","0","2.50847856261898","0.259241596634412","26.8400808",
"4/27/2007","66.5625","38.872501373291","526","25.287","11.883","0","3.3241716444402","0.408078606985819","26.8633071",
"4/28/2007","66.5625","38.872501373291","526","28.375","12.359","0","2.64899133397422","0.441723811934249","26.68725162",
"4/29/2007","66.5625","38.872501373291","526","29.163","14.588","0.0411987384","3.17253294662655","0.405654440264493","26.294848992",
"4/30/2007","66.5625","38.872501373291","526","30.601","16.265","0","2.46974266102635","0.410933833500867","26.21694456",
"5/1/2007","66.5625","38.872501373291","526","34.266","21.01","0","4.19372036935593","0.333491595829282","23.655550392",
"5/2/2007","66.5625","38.872501373291","526","30.131","19.835","0.302124312","4.25486336867308","0.349237640942927","21.5268183",
"5/3/2007","66.5625","38.872501373291","526","30.979","16.35","0","2.56157709027952","0.334373955516129","24.834998592",
"5/4/2007","66.5625","38.872501373291","526","29.972","17.698","0","3.92887845846053","0.239911751682406","25.771393872",
"5/5/2007","66.5625","38.872501373291","526","31.864","16.868","0","3.16770101639026","0.240445138042573","28.009638",
"5/6/2007","66.5625","38.872501373291","526","25.002","15.895","0","3.99722444206947","0.40355496172796","22.38384546",
"5/7/2007","66.5625","38.872501373291","526","23.805","13.872","0.137329056","2.16637014171017","0.430791799643995","16.742641248",
"5/8/2007","66.5625","38.872501373291","526","22.295","7.83699999999999","0","3.86869831260497","0.216906140004856","29.967110352",
"5/9/2007","66.5625","38.872501373291","526","26.959","10.296","0","3.41516777346826","0.267773625710133","29.837714688",
"5/10/2007","66.5625","38.872501373291","526","30.086","10.324","0","2.41436563860244","0.230371776714366","30.402052128",
"5/11/2007","66.5625","38.872501373291","526","31.604","11.719","0","2.36163465040578","0.181242259417942","29.619732672",
"5/12/2007","66.5625","38.872501373291","526","32.685","16.54","0","3.96263753755187","0.210592768341243","28.562966352",
"5/13/2007","66.5625","38.872501373291","526","31.274","15.815","0","3.27007762557484","0.423874746350014","28.234296",
"5/14/2007","66.5625","38.872501373291","526","33.715","16.283","0","2.59390098511558","0.345943438875842","28.793196072",
"5/15/2007","66.5625","38.872501373291","526","34.575","17.604","0","3.5189642808039","0.247227235697861","27.156996",
"5/16/2007","66.5625","38.872501373291","526","20.773","12.44","0.0720978264","3.25366775173187","0.552520238031354","16.84209168",
"5/17/2007","66.5625","38.872501373291","526","16.631","10.428","0.065231352","2.90841923368509","0.606580353892855","11.135760408",
"5/18/2007","66.5625","38.872501373291","526","20.983","6.58600000000001","0","2.71326367726471","0.403911343473027","30.05150796",
"5/19/2007","66.5625","38.872501373291","526","19.554","7.50200000000001","0","3.3097205000076","0.398650536489953","29.92342284",
"5/20/2007","66.5625","38.872501373291","526","23.484","7.28300000000002","0","3.90442621688056","0.355281569815145","29.99548512",
"5/21/2007","66.5625","38.872501373291","526","26.405","11.423","0","4.74044931220217","0.314599544304717","30.0666438",
"5/22/2007","66.5625","38.872501373291","526","28.21","13.482","0","3.90230347013813","0.266106507331089","30.04463592",
"5/23/2007","66.5625","38.872501373291","526","28.299","12.366","0","2.26552629905724","0.328785983342019","30.14601084",
"5/24/2007","66.5625","38.872501373291","526","28.385","12.128","0","2.97094211216813","0.274245943785464","29.60004096",
"5/25/2007","66.5625","38.872501373291","526","28.344","14.667","0","4.68732933891212","0.199875812429697","28.82806236",
"5/26/2007","66.5625","38.872501373291","526","30.037","16.288","0","4.52334138160522","0.281515394977805","29.43990036",
"5/27/2007","66.5625","38.872501373291","526","31.34","17.372","0","6.08500335200234","0.252801897669146","30.24568224",
"5/28/2007","66.5625","38.872501373291","526","32.295","18.031","0","4.98774731356869","0.247059547607846","30.50398152",
"5/29/2007","66.5625","38.872501373291","526","33.027","19.772","0","3.32205592830533","0.232297091680864","30.51287244",
"5/30/2007","66.5625","38.872501373291","526","33.833","18.3","0","3.09776144804627","0.145526417313938","31.47028488",
"5/31/2007","66.5625","38.872501373291","526","33.329","16.616","0","2.39050238170757","0.1160149900532","30.80712492",
"6/1/2007","66.5625","38.872501373291","526","33.976","19.598","0","2.87932836442907","0.125799957323812","30.69532476",
"6/2/2007","66.5625","38.872501373291","526","34.649","20.065","0","3.34201257060773","0.149295056389188","26.5491",
"6/3/2007","66.5625","38.872501373291","526","33.37","21.039","0","2.52486925717747","0.216953639855753","28.557279",
"6/4/2007","66.5625","38.872501373291","526","32.158","19.945","0","2.5288679749087","0.240970841943551","26.07344964",
"6/5/2007","66.5625","38.872501373291","526","27.577","16.372","1.63078452","2.91101432305427","0.29845358355978","27.273764448",
"6/6/2007","66.5625","38.872501373291","526","30.429","15.886","0","3.228022589983","0.218837267219351","30.28415112",
"6/7/2007","66.5625","38.872501373291","526","30.496","15.679","0","3.09912218996388","0.239256965196866","30.49779204",
"6/8/2007","66.5625","38.872501373291","526","30.788","16.253","0","3.25971277874072","0.220931507693139","31.0449366",
"6/9/2007","66.5625","38.872501373291","526","35.257","17.573","0","3.48054144278333","0.168982032735983","31.18291704",
"6/10/2007","66.5625","38.872501373291","526","37.147","21.676","0","4.73060411158744","0.156785101267521","31.11181092",
"6/11/2007","66.5625","38.872501373291","526","34.42","24.137","0","4.24075661599654","0.184035657494606","17.72651088",
"6/12/2007","66.5625","38.872501373291","526","34.463","21.925","0","4.07692700462234","0.212987244774319","30.30856992",
"6/13/2007","66.5625","38.872501373291","526","35.124","18.766","0","4.30494046598831","0.190020137472859","31.21759188",
"6/14/2007","66.5625","38.872501373291","526","34.086","21.064","0","6.17141447499652","0.166631269838378","31.03903224",
"6/15/2007","66.5625","38.872501373291","526","31.588","19.677","0","5.44633609075951","0.178919419903291","31.3588818",
"6/16/2007","66.5625","38.872501373291","526","32.726","17.409","0","3.98206196227961","0.143189423302754","31.86764532",
"6/17/2007","66.5625","38.872501373291","526","34.005","18.824","0","3.83595614707014","0.139402363851363","31.47721308",
"6/18/2007","66.5625","38.872501373291","526","34.848","19.325","0","4.57184291933457","0.123555163111151","31.709475",
"6/19/2007","66.5625","38.872501373291","526","35.322","20.083","0","3.49044868850118","0.1209962017675","31.59332496",
"6/20/2007","66.5625","38.872501373291","526","36.847","19.076","0","2.43659913657948","0.124882826528695","31.8237552",
"6/21/2007","66.5625","38.872501373291","526","39.174","21.652","0","2.76520756021552","0.102685642477223","31.99508172",
"6/22/2007","66.5625","38.872501373291","526","40.292","22.265","0","3.29727000681447","0.0965040267601916","31.19928624",
"6/23/2007","66.5625","38.872501373291","526","40.726","26.483","0","5.48040014646343","0.11698390597913","31.5449424",
"6/24/2007","66.5625","38.872501373291","526","38.052","24.743","0","5.51830618357389","0.20940002959856","30.42708552",
"6/25/2007","66.5625","38.872501373291","526","37.325","23.213","0","3.82901170737249","0.197927899243284","28.64845656",
"6/26/2007","66.5625","38.872501373291","526","38.255","24.497","0","3.48332675267101","0.169081156099233","29.08799892",
"6/27/2007","66.5625","38.872501373291","526","37.858","20.898","0","3.81962507962242","0.174294951470473","30.43063332",
"6/28/2007","66.5625","38.872501373291","526","33.556","22.007","0","5.59176943439541","0.173322743746222","30.1930848",
"6/29/2007","66.5625","38.872501373291","526","34.609","18.671","0","4.48123434263771","0.202024584682957","31.36757724",
"6/30/2007","66.5625","38.872501373291","526","36.663","20.129","0","3.70153459870588","0.186425370449768","31.13764524",
"7/1/2007","66.5625","38.872501373291","526","35.339","21.739","0","5.10841303803354","0.192052649006575","30.93930288",
"7/2/2007","66.5625","38.872501373291","526","34.91","20.504","0","4.78644204175971","0.18447780608586","31.04550324",
"7/3/2007","66.5625","38.872501373291","526","36.579","21.493","0","4.84900917056403","0.137612732390646","31.46476104",
"7/4/2007","66.5625","38.872501373291","526","37.309","22.743","0","4.8060236910616","0.147802759765216","30.71109708",
"7/5/2007","66.5625","38.872501373291","526","33.91","21.849","0","4.04312620610817","0.20514954603848","27.41213772",
"7/6/2007","66.5625","38.872501373291","526","34.617","20.547","0","3.79170481907385","0.271261401616584","30.02574744",
"7/7/2007","66.5625","38.872501373291","526","33.207","19.63","0","3.61404543243645","0.224917169876693","30.73100472",
"7/8/2007","66.5625","38.872501373291","526","34.441","17.656","0","3.09188790250307","0.193664689101519","30.85177932",
"7/9/2007","66.5625","38.872501373291","526","36.767","21.353","0","4.06125873999985","0.195836034605564","30.24236196",
"7/10/2007","66.5625","38.872501373291","526","37.85","22.767","0","4.2872642614497","0.179668643613043","30.05308116",
"7/11/2007","66.5625","38.872501373291","526","35.477","21.859","0","4.61017682318981","0.206679890813056","29.85035868",
"7/12/2007","66.5625","38.872501373291","526","35.865","20.17","0","4.26308130690917","0.270247898267436","30.35468988",
"7/13/2007","66.5625","38.872501373291","526","36.155","17.942","0","3.22974455702796","0.210823598214209","30.64545684",
"7/14/2007","66.5625","38.872501373291","526","32.886","17.976","0","3.38905892620668","0.19916472036498","30.47410908",
"7/15/2007","66.5625","38.872501373291","526","32.743","16.346","0","3.11552343326357","0.265655363454298","30.242862792",
"7/16/2007","66.5625","38.872501373291","526","33.151","19.265","0","3.75488035167084","0.268852909128731","29.88714636",
"7/17/2007","66.5625","38.872501373291","526","35.639","19.526","0","3.59577178732181","0.230286583969579","30.036536208",
"7/18/2007","66.5625","38.872501373291","526","37.91","22.465","0","3.63981684965794","0.177158528578934","30.01099698",
"7/19/2007","66.5625","38.872501373291","526","39.501","23.562","0","3.32649813154595","0.106819125948761","30.135437352",
"7/20/2007","66.5625","38.872501373291","526","35.62","24.34","0","6.0946293848662","0.206686661081998","29.1969621",
"7/21/2007","66.5625","38.872501373291","526","33.337","18.144","0","3.88110319996395","0.244616499410059","29.57000274",
"7/22/2007","66.5625","38.872501373291","526","34.34","20.081","0","3.97005151442507","0.240563698991696","27.73411614",
"7/23/2007","66.5625","38.872501373291","526","34.548","20.767","0","3.31665472741322","0.272064478587701","26.00425836",
"7/24/2007","66.5625","38.872501373291","526","35.749","18.328","0","3.16739281629779","0.24400973948063","29.342022408",
"7/25/2007","66.5625","38.872501373291","526","34.506","20.852","0","3.81423828448374","0.171583146764018","29.386399968",
"7/26/2007","66.5625","38.872501373291","526","32.218","16.7","0","3.40206750512035","0.226074283342319","29.3320134",
"7/27/2007","66.5625","38.872501373291","526","32.234","14.439","0","4.04129242074596","0.208837385938594","30.07997262",
"7/28/2007","66.5625","38.872501373291","526","33.997","17.787","0","3.65662137878896","0.173043738962538","29.87066124",
"7/29/2007","66.5625","38.872501373291","526","35.369","15.944","0","2.87456296626781","0.147031148702857","29.965391928",
"7/30/2007","66.5625","38.872501373291","526","36.873","18.579","0","3.19873224772118","0.145349411022022","29.52651906",
"7/31/2007","66.5625","38.872501373291","526","35.583","18.25","0","2.84526773269482","0.188752473074572","27.354035232",
"8/1/2007","66.5625","38.872501373291","526","35.864","19.771","0","4.04151046728263","0.202095867780751","28.66348998",
"8/2/2007","66.5625","38.872501373291","526","34.801","19.953","0","4.03211200419396","0.177542057553152","28.790215128",
"8/3/2007","66.5625","38.872501373291","526","32.756","16.361","0","2.90230757546094","0.206673938715531","28.881235512",
"8/4/2007","66.5625","38.872501373291","526","34.056","15.519","0","2.9791240157651","0.179221079305164","28.964026728",
"8/5/2007","66.5625","38.872501373291","526","34.479","17.297","0","3.10794688415297","0.217663247905344","25.99621434",
"8/6/2007","66.5625","38.872501373291","526","34.31","16.656","0","2.95236598019524","0.24777496208828","27.8623674",
"8/7/2007","66.5625","38.872501373291","526","35.584","19.041","0","3.12047616683878","0.219878052463215","27.79795872",
"8/8/2007","66.5625","38.872501373291","526","36.876","20.97","0","3.86371458673911","0.20758579879877","27.96350418",
"8/9/2007","66.5625","38.872501373291","526","37.601","22.84","0","3.76761407388942","0.184514668922975","27.94466142",
"8/10/2007","66.5625","38.872501373291","526","38.356","21.067","0","2.94754265696557","0.174491589648674","27.51614595",
"8/11/2007","66.5625","38.872501373291","526","31.686","18.308","0","4.02055030650469","0.241430210682926","27.34071021",
"8/12/2007","66.5625","38.872501373291","526","31.437","15.63","0","4.18032240291237","0.295290233398415","27.5756598",
"8/13/2007","66.5625","38.872501373291","526","32.659","16.779","0","3.48772952759994","0.251387896771411","27.22494159",
"8/14/2007","66.5625","38.872501373291","526","33.959","17.234","0","4.0477947890373","0.155073948883245","27.80443791",
"8/15/2007","66.5625","38.872501373291","526","33.296","17.856","0","4.56908023791314","0.148946072299943","27.76039416",
"8/16/2007","66.5625","38.872501373291","526","33.077","16.841","0","3.82522854636647","0.173944399515109","27.28642536",
"8/17/2007","66.5625","38.872501373291","526","33.333","17.01","0","3.67792905731407","0.151943357759572","27.17627868",
"8/18/2007","66.5625","38.872501373291","526","34.069","17.764","0","3.29334005016068","0.151274694551717","27.11092104",
"8/19/2007","66.5625","38.872501373291","526","34.351","15.814","0","3.00725995357036","0.160704164460942","26.86444236",
"8/20/2007","66.5625","38.872501373291","526","34.077","14.56","0","2.77689957134105","0.171297535937461","26.65872648",
"8/21/2007","66.5625","38.872501373291","526","34.933","17.144","0","3.36941886463768","0.146723718012026","26.2893402",
"8/22/2007","66.5625","38.872501373291","526","33.772","16.64","0","3.08699494492175","0.174120190960406","26.06456448",
"8/23/2007","66.5625","38.872501373291","526","33.842","16.268","0","2.7479794842723","0.180660445942777","26.16564348",
"8/24/2007","66.5625","38.872501373291","526","34.617","15.667","0","2.78388795292873","0.190325640751062","25.912971",
"8/25/2007","66.5625","38.872501373291","526","34.636","15.773","0","3.32237558271086","0.165946670208171","26.03637576",
"8/26/2007","66.5625","38.872501373291","526","34.613","18.179","0","3.84841495151793","0.139280090237673","25.65956232",
"8/27/2007","66.5625","38.872501373291","526","33.391","19.222","0","3.97215821563297","0.160553469113688","25.73403516",
"8/28/2007","66.5625","38.872501373291","526","34.077","18.078","0","3.09255577665698","0.17276008398584","25.53040548",
"8/29/2007","66.5625","38.872501373291","526","34.377","16.579","0","3.01738072443636","0.187798715418996","25.28438472",
"8/30/2007","66.5625","38.872501373291","526","34.376","14.746","0","3.03157719519151","0.180233245793412","24.85080072",
"8/31/2007","66.5625","38.872501373291","526","35.044","18.461","0","3.32449379759236","0.150244799082526","24.76749708",
"9/1/2007","66.5625","38.872501373291","526","35.519","17.362","0","3.2785743694311","0.149143284135314","24.95593404",
"9/2/2007","66.5625","38.872501373291","526","35.058","20.867","0","4.29439650718082","0.160294010818414","24.61297428",
"9/3/2007","66.5625","38.872501373291","526","34.737","20.614","0","4.54210223611137","0.199043580370666","24.39731808",
"9/4/2007","66.5625","38.872501373291","526","32.876","19.223","0","4.41764315655284","0.23806887117647","24.37683732",
"9/5/2007","66.5625","38.872501373291","526","32.363","16.465","0","3.90840067236799","0.250382353084451","24.2139384",
"9/6/2007","66.5625","38.872501373291","526","32.452","17.67","0","3.53139249128311","0.185241468456404","24.19267356",
"9/7/2007","66.5625","38.872501373291","526","32.048","16.367","0","3.54444961222254","0.172401033457959","24.18136776",
"9/8/2007","66.5625","38.872501373291","526","32.227","16.238","0","3.48838512779704","0.170004280371924","23.82024816",
"9/9/2007","66.5625","38.872501373291","526","32.564","17.201","0","3.29650137512173","0.1574293729441","23.90067648",
"9/10/2007","66.5625","38.872501373291","526","33.327","14.559","0","2.69285350377512","0.160480551871522","23.7566898",
"9/11/2007","66.5625","38.872501373291","526","34.14","19.298","0","3.67707704586538","0.113615975207394","23.64682788",
"9/12/2007","66.5625","38.872501373291","526","34.305","18.119","0","3.99306125970509","0.0802355976499321","23.94613368",
"9/13/2007","66.5625","38.872501373291","526","34.206","18.752","0","4.69290339544279","0.104996887419775","23.60773152",
"9/14/2007","66.5625","38.872501373291","526","33.77","19.784","0","4.15975431552058","0.131926732931846","23.15728296",
"9/15/2007","66.5625","38.872501373291","526","32.613","16.078","0","2.88562180058696","0.159680695327596","23.12910612",
"9/16/2007","66.5625","38.872501373291","526","30.946","12.23","0","2.67756633441757","0.174155300289899","22.8060558",
"9/17/2007","66.5625","38.872501373291","526","32.323","17.122","0","3.33432908022045","0.173726969702425","22.389640632",
"9/18/2007","66.5625","38.872501373291","526","31.78","14.81","0","3.55739014134065","0.151559968093132","22.66638912",
"9/19/2007","66.5625","38.872501373291","526","28.411","15.375","0","4.37001331202606","0.182372309650417","21.605180112",
"9/20/2007","66.5625","38.872501373291","526","26.136","10.754","0","2.98586148220921","0.30596551490395","21.829277232",
"9/21/2007","66.5625","38.872501373291","526","25.909","8.41000000000003","0","2.54411732814578","0.275149401134567","21.641745888",
"9/22/2007","66.5625","38.872501373291","526","23.906","6.45999999999998","0","2.76355879774911","0.304681704197689","21.44739024",
"9/23/2007","66.5625","38.872501373291","526","24.41","8.23399999999998","0","3.34189641571719","0.264884751172029","21.47664006",
"9/24/2007","66.5625","38.872501373291","526","25.089","10.274","0","3.08504409868115","0.183556503936926","21.548418048",
"9/25/2007","66.5625","38.872501373291","526","24.989","9.25900000000001","0","2.98639251542212","0.158128096842176","21.39524802",
"9/26/2007","66.5625","38.872501373291","526","24.266","5.05599999999998","0","2.2989897196042","0.203323901132904","21.1745214",
"9/27/2007","66.5625","38.872501373291","526","22.077","3.60599999999999","0","2.33562312700264","0.233562834772345","20.95908984",
"9/28/2007","66.5625","38.872501373291","526","20.818","4.00299999999999","0","2.5333583191041","0.262762892617443","20.519493552",
"9/29/2007","66.5625","38.872501373291","526","22.218","7.267","0","2.7363217727287","0.232531257957005","20.28313548",
"9/30/2007","66.5625","38.872501373291","526","23.255","6.48099999999999","0","2.51512004182468","0.194633994789943","19.888536672",
"10/1/2007","66.5625","38.872501373291","526","21.746","7.96300000000002","0","2.04098375036625","0.220672327560302","19.069935192",
"10/2/2007","66.5625","38.872501373291","526","20.047","4.21800000000002","0","2.23458680877135","0.277667610889304","19.608184728",
"10/3/2007","66.5625","38.872501373291","526","17.295","2.04700000000003","0","2.59634199515835","0.370156152569361","19.45535436",
"10/4/2007","66.5625","38.872501373291","526","18.086","3.72899999999999","0","3.05661979819728","0.297976008374571","19.17225018",
"10/5/2007","66.5625","38.872501373291","526","18.356","1.483","0","2.18074339274051","0.316996293555881","18.96979932",
"10/6/2007","66.5625","38.872501373291","526","18.737","0.757999999999981","0","2.26946036623339","0.291118824361659","19.132255368",
"10/7/2007","66.5625","38.872501373291","526","19.564","0.982000000000028","0","2.41579461823055","0.203810021018881","19.11751974",
"10/8/2007","66.5625","38.872501373291","526","20.142","2.935","0","2.88339382477145","0.201825062223715","18.870803928",
"10/9/2007","66.5625","38.872501373291","526","20.843","5.68799999999999","0","3.1119556590116","0.211176675780171","18.41821596",
"10/10/2007","66.5625","38.872501373291","526","19.96","3.363","0","2.26903381806249","0.263291808834968","18.17201718",
"10/11/2007","66.5625","38.872501373291","526","20.281","3.23899999999998","0","2.61537474581246","0.261742056591798","18.08235648",
"10/12/2007","66.5625","38.872501373291","526","21.575","3.15499999999997","0","2.35950112155469","0.225630882889317","17.96152266",
"10/13/2007","66.5625","38.872501373291","526","23.126","3.459","0","2.2668273176411","0.176602273614234","17.94223296",
"10/14/2007","66.5625","38.872501373291","526","24.124","5.81","0","2.81933723008928","0.152248736104564","17.74945512",
"10/15/2007","66.5625","38.872501373291","526","24.158","8.42599999999999","0","2.95015046060218","0.12815977679414","17.70991524",
"10/16/2007","66.5625","38.872501373291","526","24.615","6.76499999999999","0","2.76471506949058","0.170657820326088","17.29979442",
"10/17/2007","66.5625","38.872501373291","526","25.065","11.443","0","3.2293898946289","0.145213118571478","17.13318786",
"10/18/2007","66.5625","38.872501373291","526","24.649","9.52499999999998","0","2.72753291270479","0.145145352453666","16.77712392",
"10/19/2007","66.5625","38.872501373291","526","15.542","4.214","0","2.12707046065393","0.466771808487187","14.686143012",
"10/20/2007","66.5625","38.872501373291","526","17.878","2.32299999999998","0","2.26119373811736","0.394600165286268","16.335792252",
"10/21/2007","66.5625","38.872501373291","526","20.084","3.54700000000003","0","2.90314009285383","0.275195282305578","16.28763516",
"10/22/2007","66.5625","38.872501373291","526","20.892","6.93099999999998","0","2.81720406942058","0.188654275415977","16.1997714",
"10/23/2007","66.5625","38.872501373291","526","19.203","6.87200000000001","0","2.32824719285525","0.223361313611669","11.576194308",
"10/24/2007","66.5625","38.872501373291","526","18.752","4.71899999999999","0","2.35087902096837","0.2609155971976","14.409224712",
"10/25/2007","66.5625","38.872501373291","526","17.037","3.90199999999999","0","2.38548614183684","0.309555846824442","15.217588152",
"10/26/2007","66.5625","38.872501373291","526","16.351","0.23599999999999","0","2.10232108466856","0.401721148838352","15.2934219",
"10/27/2007","66.5625","38.872501373291","526","18.411","3.49799999999999","0","3.06561761907309","0.251625559770606","15.33931974",
"10/28/2007","66.5625","38.872501373291","526","19.216","0.783999999999992","0","2.37183892747095","0.21501985768534","15.49265778",
"10/29/2007","66.5625","38.872501373291","526","16.807","-0.781999999999982","0","2.06436200408334","0.279203781978115","15.22018656",
"10/30/2007","66.5625","38.872501373291","526","18.144","2.44999999999999","0","2.95000008521195","0.139960745288954","15.001039728",
"10/31/2007","66.5625","38.872501373291","526","21.264","2.58100000000002","0","2.49000874172615","0.158564320257003","14.87846628",
"11/1/2007","66.5625","38.872501373291","526","22.649","3.80900000000003","0","1.94254652206451","0.190766795511121","14.72152752",
"11/2/2007","66.5625","38.872501373291","526","21.845","3.74700000000001","0","1.98410727730804","0.269671022735643","14.6359107",
"11/3/2007","66.5625","38.872501373291","526","21.199","3.834","0","2.49335295356853","0.207888823057728","14.34268314",
"11/4/2007","66.5625","38.872501373291","526","26.348","9.27999999999997","0","4.43806435782783","0.0906165345013016","14.080328928",
"11/5/2007","66.5625","38.872501373291","526","20.195","4.42899999999997","0","2.4112864008942","0.278289784083916","13.62268422",
"11/6/2007","66.5625","38.872501373291","526","22.625","6.94499999999999","0","2.29708110718084","0.19269407474425","13.149670032",
"11/7/2007","66.5625","38.872501373291","526","24.127","6.661","0","2.29004970881694","0.215315143453041","13.601358",
"11/8/2007","66.5625","38.872501373291","526","24.164","9.06599999999997","0","3.2627359857657","0.184785703939906","12.269869812",
"11/9/2007","66.5625","38.872501373291","526","17.199","4.29399999999998","0","2.30129196944518","0.396861651801117","12.83084802",
"11/10/2007","66.5625","38.872501373291","526","22.92","9.28100000000001","0","2.99441629725135","0.327680023252812","12.87860778",
"11/11/2007","66.5625","38.872501373291","526","18.991","3.36599999999999","0","2.11286376224178","0.393993925609527","12.8156688",
"11/12/2007","66.5625","38.872501373291","526","23.919","10.829","0","4.13214226157876","0.182533250744054","12.675996",
"11/13/2007","66.5625","38.872501373291","526","17.124","6.036","0","3.91207317849591","0.27438956472456","12.03772608",
"11/14/2007","66.5625","38.872501373291","526","13.75","1.78899999999999","0","2.4787624459474","0.344326531030957","12.794789412",
"11/15/2007","66.5625","38.872501373291","526","16.198","2.92500000000001","0","2.81626405366989","0.16799070856188","12.801935232",
"11/16/2007","66.5625","38.872501373291","526","15.849","-0.254000000000019","0","2.20317999947214","0.20656207961469","12.54357882",
"11/17/2007","66.5625","38.872501373291","526","16.763","-0.160000000000025","0","2.03677738259496","0.194888657543362","12.41859222",
"11/18/2007","66.5625","38.872501373291","526","16.954","0.754000000000019","0","2.44936847178068","0.18287841416059","12.5411085",
"11/19/2007","66.5625","38.872501373291","526","20.809","8.66399999999999","0","4.45923374196016","0.160552346535233","11.768904468",
"11/20/2007","66.5625","38.872501373291","526","17.594","6.51900000000001","0","2.68708000815894","0.368821605938069","11.531532312",
"11/21/2007","66.5625","38.872501373291","526","21.993","10.269","0","5.2901693553173","0.337042969207107","11.358617832",
"11/22/2007","66.5625","38.872501373291","526","24.092","11.266","0","5.52781927909806","0.245282343760586","10.967116032",
"11/23/2007","66.5625","38.872501373291","526","15.753","9.21899999999999","0.958728492","1.95286376113309","0.591867748032189","8.3202165",
"11/24/2007","66.5625","38.872501373291","526","13.856","5.988","0.190544292","1.58590604472928","0.704559742644238","8.52636852",
"11/25/2007","66.5625","38.872501373291","526","15.036","3.08999999999998","0","1.66034268687161","0.719297401438035","10.62680805",
"11/26/2007","66.5625","38.872501373291","526","14.215","5.24799999999999","0.0652313304","1.52744427737718","0.678542872813797","9.23849775",
"11/27/2007","66.5625","38.872501373291","526","12.515","3.59899999999999","0.55446588","1.34084670431511","0.596065850258698","10.65847635",
"11/28/2007","66.5625","38.872501373291","526","13.848","5.05099999999999","0.499534668","1.65057282852293","0.621436889751139","10.18192554",
"11/29/2007","66.5625","38.872501373291","526","16.8","6.53199999999998","0","3.98601457785612","0.444209571799655","10.94034735",
"11/30/2007","66.5625","38.872501373291","526","10.836","1.30799999999999","7.4295018504","3.66302798479611","0.648751277212785","8.11962882",
"12/1/2007","66.5625","38.872501373291","526","5.798","-0.531000000000006","0.5493163464","2.23616059292468","0.76576139983448","10.33650432",
"12/2/2007","66.5625","38.872501373291","526","13.045","-0.134999999999991","0","4.26429080388972","0.456634887976645","11.12552118",
"12/3/2007","66.5625","38.872501373291","526","15.563","6.22199999999998","0","4.98240608791978","0.393560112426908","10.17061965",
"12/4/2007","66.5625","38.872501373291","526","11.616","5.69900000000001","0.5596162992","3.09659341044227","0.494441603405102","4.83001785",
"12/5/2007","66.5625","38.872501373291","526","11.21","2.99200000000002","0","1.49473554029178","0.634610772387774","9.98870958",
"12/6/2007","66.5625","38.872501373291","526","10.957","0.565999999999974","0.0102996792","1.00358610686931","0.666062419302371","9.01304649",
"12/7/2007","66.5625","38.872501373291","526","10.827","0.579999999999984","0","1.61379033335568","0.778712345186604","10.13355342",
"12/8/2007","66.5625","38.872501373291","526","15.771","4.93900000000002","0.0686646864","4.94807268849805","0.446474296396159","8.09949006",
"12/9/2007","66.5625","38.872501373291","526","9.68299999999999","5.05099999999999","10.4833638","5.63681147632911","0.772912126177206","0.81354357",
"12/10/2007","66.5625","38.872501373291","526","5.56","0.0360000000000014","4.0958400456","3.9483662459386","0.824304402561537","8.62993773",
"12/11/2007","66.5625","38.872501373291","526","4.26900000000001","-1.41399999999999","0.300407508","1.80258262659996","0.806626237725307","7.84676637",
"12/12/2007","66.5625","38.872501373291","526","4.65800000000002","-1.16500000000002","1.208496024","1.54584446173311","0.837212657887337","6.53517837",
"12/13/2007","66.5625","38.872501373291","526","3.63099999999997","-0.97199999999998","5.9429169864","1.50243463586067","0.871769356999995","4.364442",
"12/14/2007","66.5625","38.872501373291","526","9.71600000000001","-0.447999999999979","0","4.37347160725405","0.558185471695583","10.29166587",
"12/15/2007","66.5625","38.872501373291","526","12.797","3.70299999999997","0","3.36679604578453","0.483860333190999","10.03196277",
"12/16/2007","66.5625","38.872501373291","526","12.735","5.46199999999999","2.93025942","4.36212186286889","0.520862219399758","9.4403268",
"12/17/2007","66.5625","38.872501373291","526","8.19600000000003","1.423","0.0738144072","1.55326170172743","0.79124408905458","7.6835781",
"12/18/2007","66.5625","38.872501373291","526","7.87799999999999","2.15800000000002","6.361768008","1.56152253864264","0.849735345008116","5.01058161",
"12/19/2007","66.5625","38.872501373291","526","6.19400000000002","1.13099999999997","3.414343356","3.49165730530593","0.787522260911902","9.18506142",
"12/20/2007","66.5625","38.872501373291","526","8.92599999999999","3.64499999999998","1.6136165088","4.22849551015493","0.66537460700826","3.29507019",
"12/21/2007","66.5625","38.872501373291","526","5.22699999999998","0.0520000000000209","5.59615788","3.87615567204327","0.786617617822578","9.92126304",
"12/22/2007","66.5625","38.872501373291","526","7.80900000000003","1.29599999999999","1.8436452264","2.80626064390475","0.686976387605942","4.6376433",
"12/23/2007","66.5625","38.872501373291","526","1.84100000000001","-1.85899999999998","1.806734844","2.31040472830414","0.793283829783735","7.73009568",
"12/24/2007","66.5625","38.872501373291","526","3.71499999999998","-1.81999999999999","0.078964236","2.86853983091803","0.630224292046237","8.4542625",
"12/25/2007","66.5625","38.872501373291","526","1.67000000000002","-4.03199999999998","0.0411987312","2.06676359986063","0.869457630434134","9.05518575",
"12/26/2007","66.5625","38.872501373291","526","-0.490000000000009","-6.72000000000003","0","2.24469980031688","0.781272245031303","10.425491748",
"12/27/2007","66.5625","38.872501373291","526","-1.23000000000002","-9.09899999999999","0","1.80984021222891","0.668396354051632","10.493267832",
"12/28/2007","66.5625","38.872501373291","526","-1.387","-9.51600000000002","0","1.43194463858436","0.673663424954603","10.2526848",
"12/29/2007","66.5625","38.872501373291","526","-0.507999999999981","-9.12099999999998","0","1.37134868117432","0.60447307011348","10.374523812",
"12/30/2007","66.5625","38.872501373291","526","2.85700000000003","-7.993","0","1.43623481413938","0.54023015288802","10.418003964",
"12/31/2007","66.5625","38.872501373291","526","5.214","-6.35500000000002","0","1.42511017919416","0.513405332309024","10.729968012",
"1/1/2008","66.5625","38.872501373291","526","5.06700000000001","-6.214","0","1.45445143410835","0.445369766289397","9.746602632",
"1/2/2008","66.5625","38.872501373291","526","5.66500000000002","-2.77199999999999","0","2.84389877398719","0.575257783586158","9.72726318",
"1/3/2008","66.5625","38.872501373291","526","5.56299999999999","-0.553999999999974","0.8720400168","1.65600122371155","0.825813069077682","7.628400252",
"1/4/2008","66.5625","38.872501373291","526","0.932999999999993","-3.471","3.6220545288","2.12818886582346","0.915854316267541","5.41366938",
"1/5/2008","66.5625","38.872501373291","526","2.25099999999998","-3.97300000000001","0","1.5168598006391","0.858476646921522","9.476608896",
"1/6/2008","66.5625","38.872501373291","526","3.185","-4.08499999999998","0.0446319648","1.29379366460098","0.839030916353062","8.260537284",
"1/7/2008","66.5625","38.872501373291","526","-0.238","-10.411","10.164076812","2.68621139950322","0.850353991165214","3.5357607",
"1/8/2008","66.5625","38.872501373291","526","-4.72199999999998","-12.512","5.625340668","2.24196099787725","0.736789961019515","10.50423246",
"1/9/2008","66.5625","38.872501373291","526","0.225999999999999","-8.51600000000002","0","1.58218828541433","0.701223672408824","10.794204288",
"1/10/2008","66.5625","38.872501373291","526","-1.58800000000002","-7.77499999999998","0.065231352","1.59383886580901","0.776371280065163","9.829794708",
"1/11/2008","66.5625","38.872501373291","526","0.0389999999999873","-7.87299999999999","0","2.37849949297802","0.674782489265218","10.9816317",
"1/12/2008","66.5625","38.872501373291","526","-1.13499999999999","-8.27100000000002","0.6591800088","1.68041027394513","0.801985748734094","9.483753348",
"1/13/2008","66.5625","38.872501373291","526","-6.56299999999999","-13.091","3.0349724904","2.53502553773626","0.894650600369733","8.56395",
"1/14/2008","66.5625","38.872501373291","526","-3.565","-14.199","0","1.82348711833731","0.815992678820055","11.381958684",
"1/15/2008","66.5625","38.872501373291","526","-2.38999999999999","-13.129","0.27122544","1.7383712585908","0.822549925823836","10.938712104",
"1/16/2008","66.5625","38.872501373291","526","-3.93400000000003","-12.903","0.3570556536","1.34621501574584","0.902058224107173","10.396802268",
"1/17/2008","66.5625","38.872501373291","526","-4.62599999999998","-14.186","0","1.27771079052258","0.851989315684656","10.900686924",
"1/18/2008","66.5625","38.872501373291","526","-4.48200000000003","-14.085","0.710677764","1.9250506211211","0.86144539401155","10.480330296",
"1/19/2008","66.5625","38.872501373291","526","-7.29599999999999","-15.06","1.258278336","2.0839260862974","0.885632592814635","9.748403964",
"1/20/2008","66.5625","38.872501373291","526","-7.56700000000001","-17.445","0.123596244","2.22645717067071","0.782804446551082","11.543852412",
"1/21/2008","66.5625","38.872501373291","526","-6.27100000000002","-17.315","0","2.11282167488593","0.732258166285986","12.288263652",
"1/22/2008","66.5625","38.872501373291","526","-6.87200000000001","-18.287","0","1.887227770988","0.772839253445289","12.415834872",
"1/23/2008","66.5625","38.872501373291","526","-5.34500000000003","-17.531","0","2.3933975910165","0.726109106511376","12.644491392",
"1/24/2008","66.5625","38.872501373291","526","-4.45600000000002","-18.581","0","2.20549265015318","0.712988254294768","12.787595712",
"1/25/2008","66.5625","38.872501373291","526","-4.20100000000002","-16.018","0","2.16971162684875","0.768672206846215","12.76954182",
"1/26/2008","66.5625","38.872501373291","526","-2.00900000000001","-15.273","0","2.20291215731118","0.676520627652738","13.139830692",
"1/27/2008","66.5625","38.872501373291","526","1.221","-8.66699999999997","0","2.34309756742084","0.638132858263476","12.086269524",
"1/28/2008","66.5625","38.872501373291","526","0.766999999999996","-4.54899999999998","4.17652434","2.59153464422681","0.888751727982572","7.455596652",
"1/29/2008","66.5625","38.872501373291","526","2.28899999999999","-5.22500000000002","0.617980536","1.82143457273083","0.882566740334893","10.987088508",
"1/30/2008","66.5625","38.872501373291","526","6.113","-3.49099999999999","0","3.78479153604357","0.655877497056744","13.189947012",
"1/31/2008","66.5625","38.872501373291","526","9.94799999999998","-0.360000000000014","0","3.73426610021219","0.539349972772302","13.39143444",
"2/1/2008","66.5625","38.872501373291","526","6.37400000000002","-0.596000000000004","0.067806216","2.59743561891711","0.635221977140011","10.801010448",
"2/2/2008","66.5625","38.872501373291","526","0.160000000000025","-4.54399999999998","1.591300656","2.62944135591701","0.860783674583226","6.209828712",
"2/3/2008","66.5625","38.872501373291","526","-3.22300000000001","-8.43400000000003","2.970600336","2.79182453774578","0.898159924454192","8.759361528",
"2/4/2008","66.5625","38.872501373291","526","-2.911","-11.159","0.2763747","2.55999485797957","0.869238847951468","12.631158108",
"2/5/2008","66.5625","38.872501373291","526","-4.86399999999998","-12.03","0.317573928","2.27637192171856","0.87285465027118","12.101516388",
"2/6/2008","66.5625","38.872501373291","526","-4.78199999999998","-13.659","0.0343322856","2.08047332631004","0.841377572357698","13.562215488",
"2/7/2008","66.5625","38.872501373291","526","-3.37700000000001","-13.871","0","1.82979210394838","0.792608186509745","14.3623656",
"2/8/2008","66.5625","38.872501373291","526","-0.87299999999999","-13.183","0","1.57325406294154","0.802216377627476","14.64186942",
"2/9/2008","66.5625","38.872501373291","526","-1.21699999999998","-12.498","0","1.65838412785528","0.767567903491726","14.8138299",
"2/10/2008","66.5625","38.872501373291","526","-3.61599999999999","-14.945","0","1.73802409084655","0.726078995629866","15.07016232",
"2/11/2008","66.5625","38.872501373291","526","-1.87","-13.697","0","1.93359647853267","0.732644535536103","15.18845886",
"2/12/2008","66.5625","38.872501373291","526","4.56200000000001","-7.42399999999998","0","3.77522924735211","0.538116171291541","15.3794295",
"2/13/2008","66.5625","38.872501373291","526","3.55099999999999","-2.16000000000003","1.4024737944","3.36494772301999","0.697143521420193","7.451437572",
"2/14/2008","66.5625","38.872501373291","526","0.408999999999992","-4.35500000000002","2.556895536","1.47971375260728","0.897900803539233","12.56376852",
"2/15/2008","66.5625","38.872501373291","526","6.993","-2.37400000000002","0.0034332264","3.66004328226408","0.857623759621148","12.74529366",
"2/16/2008","66.5625","38.872501373291","526","5.33800000000002","0.00499999999999545","12.433434156","3.32424316127223","0.902943843781357","3.381467472",
"2/17/2008","66.5625","38.872501373291","526","5.06","-1.30399999999997","0.0137329056","2.37685388781279","0.903668329038252","13.81078368",
"2/18/2008","66.5625","38.872501373291","526","10.644","0.963999999999999","0","4.54035647098061","0.726232842449563","15.79353174",
"2/19/2008","66.5625","38.872501373291","526","14.229","3.26600000000002","0","6.87291619158229","0.491619608044904","16.25922648",
"2/20/2008","66.5625","38.872501373291","526","14.111","5.14299999999997","4.385092392","6.68242898221199","0.647833103554004","4.140054756",
"2/21/2008","66.5625","38.872501373291","526","4.44","-2.81099999999998","5.276871396","3.7583881378563","0.896522356867881","7.360309368",
"2/22/2008","66.5625","38.872501373291","526","2.209","-5.20299999999997","0","2.0661286582019","0.678436639299676","16.89272154",
"2/23/2008","66.5625","38.872501373291","526","4.27999999999997","-2.334","0","2.87306934851704","0.670428755134899","16.73803548",
"2/24/2008","66.5625","38.872501373291","526","7.36099999999999","-3.38","0","1.87806160802954","0.640533010505606","17.26464564",
"2/25/2008","66.5625","38.872501373291","526","12.321","0.391999999999996","0","4.26110733056522","0.456454769066975","17.42360544",
"2/26/2008","66.5625","38.872501373291","526","13.495","2.66699999999997","0","2.67428464585499","0.466662666394714","16.99570692",
"2/27/2008","66.5625","38.872501373291","526","19.152","7.92200000000003","0","4.52712710138346","0.451086560536383","15.38724834",
"2/28/2008","66.5625","38.872501373291","526","14.352","2.66800000000001","0","1.66344168979051","0.694115002810063","17.2120014",
"2/29/2008","66.5625","38.872501373291","526","15.135","3.00599999999997","1.6393652784","1.51851425666416","0.707208330589377","14.006244888",
"3/1/2008","66.5625","38.872501373291","526","14.489","3.536","0","2.31620386985548","0.754288795793584","17.41218786",
"3/2/2008","66.5625","38.872501373291","526","15.141","3.31299999999999","0.39653802","1.86080832937564","0.738876480071008","16.19240742",
"3/3/2008","66.5625","38.872501373291","526","17.649","6.70699999999999","0","2.60150366314625","0.610636799033091","17.8292844",
"3/4/2008","66.5625","38.872501373291","526","20.836","9.76999999999998","0.0137329056","6.1859712798334","0.514038773273294","17.8042554",
"3/5/2008","66.5625","38.872501373291","526","14.33","3.36900000000003","3.584291904","3.13183113451173","0.800936917194117","3.825336672",
"3/6/2008","66.5625","38.872501373291","526","8.99400000000003","1.30500000000001","0.28667448","2.25353712753625","0.864539645835963","11.74184838",
"3/7/2008","66.5625","38.872501373291","526","15.617","2.02999999999997","0","2.00560648701984","0.694922233286434","18.77867136",
"3/8/2008","66.5625","38.872501373291","526","16.188","4.13600000000002","0","2.70651791697127","0.614266515215198","18.71077392",
"3/9/2008","66.5625","38.872501373291","526","13.877","1.51900000000001","0","1.69403961297446","0.674795499406207","19.18052064",
"3/10/2008","66.5625","38.872501373291","526","16.93","2.19799999999998","0","2.25136571311765","0.589154124888115","19.46621592",
"3/11/2008","66.5625","38.872501373291","526","21.721","8.43400000000003","0","4.99274434557955","0.36488088371873","19.72085256",
"3/12/2008","66.5625","38.872501373291","526","22.997","13.867","0","5.0066264728384","0.296971250254141","16.50419892",
"3/13/2008","66.5625","38.872501373291","526","21.136","10.575","0.0137329056","3.18298596326243","0.462388512893418","15.13412154",
"3/14/2008","66.5625","38.872501373291","526","26.145","13.432","0","6.69378196204831","0.390406896431528","19.66185252",
"3/15/2008","66.5625","38.872501373291","526","25.883","13.086","0","7.98350557436554","0.289862566214331","15.0337206",
"3/16/2008","66.5625","38.872501373291","526","24.638","7.22500000000002","1.35183312","7.95311778185815","0.362578168930405","19.16055558",
"3/17/2008","66.5625","38.872501373291","526","18.849","6.74599999999998","0","3.89901305792553","0.431644120313644","20.58192801",
"3/18/2008","66.5625","38.872501373291","526","16.3","3.92500000000001","0","2.77022747353392","0.301017925211106","21.35289987",
"3/19/2008","66.5625","38.872501373291","526","20.455","5.49599999999998","0","2.57985067173028","0.246538649146301","21.85256484",
"3/20/2008","66.5625","38.872501373291","526","21.745","5.137","0","2.1958706614335","0.26471298239717","21.87821574",
"3/21/2008","66.5625","38.872501373291","526","23.881","7.404","0","2.42079239327762","0.202263896946665","21.9332214",
"3/22/2008","66.5625","38.872501373291","526","25.889","9.45499999999998","0","2.44361074544863","0.21675029758298","21.93462846",
"3/23/2008","66.5625","38.872501373291","526","25.986","13.218","0","4.09069571683374","0.230791141287256","21.648767832",
"3/24/2008","66.5625","38.872501373291","526","24.732","10.934","0","2.87724410385013","0.338911526616614","21.393506592",
"3/25/2008","66.5625","38.872501373291","526","25.531","9.57400000000001","0","2.40903014924038","0.367835097124313","21.467643192",
"3/26/2008","66.5625","38.872501373291","526","22.465","12.419","0","2.67995699038241","0.46628681143642","13.882267368",
"3/27/2008","66.5625","38.872501373291","526","26.066","12.143","0","2.71916123391201","0.355681371979005","21.986725032",
"3/28/2008","66.5625","38.872501373291","526","27.348","10.806","0","2.86729609858522","0.252232179652958","21.887664048",
"3/29/2008","66.5625","38.872501373291","526","26.318","13.036","0","2.83258501850456","0.241770001249809","22.388010192",
"3/30/2008","66.5625","38.872501373291","526","24.313","10.702","0","3.32457843266354","0.232095368207262","23.8535973",
"3/31/2008","66.5625","38.872501373291","526","24.033","10.049","0","2.97637919614773","0.184777865729881","24.18542244",
"4/1/2008","66.5625","38.872501373291","526","24.395","11.363","0","3.19300283117103","0.177708189852334","24.17286726",
"4/2/2008","66.5625","38.872501373291","526","26.48","6.84899999999999","0","2.82866799799216","0.156787705237189","24.555545352",
"4/3/2008","66.5625","38.872501373291","526","27.255","13.739","0","2.83842040551722","0.177485802459973","20.453901048",
"4/4/2008","66.5625","38.872501373291","526","16.103","9.411","5.678559612","1.86170955752258","0.52179629199697","6.30984006",
"4/5/2008","66.5625","38.872501373291","526","21.399","5.50900000000001","0","2.62140270249601","0.302243267943067","24.4289232",
"4/6/2008","66.5625","38.872501373291","526","17.742","8.63200000000001","2.1732317208","3.93586066710779","0.505534757662796","12.86510526",
"4/7/2008","66.5625","38.872501373291","526","15.619","8.28100000000001","4.34131704","3.13975433711208","0.725621941488923","17.808360552",
"4/8/2008","66.5625","38.872501373291","526","20.38","6.40600000000001","0","2.65704416184675","0.46791823545497","24.3616482",
"4/9/2008","66.5625","38.872501373291","526","21.515","8.15699999999998","0","2.12112370160971","0.422036707392781","18.45933588",
"4/10/2008","66.5625","38.872501373291","526","22.006","9.36200000000002","0.0617980824","2.32817520822022","0.537132279335454","17.380071",
"4/11/2008","66.5625","38.872501373291","526","21.941","7.483","0","2.50099114948652","0.490257137494798","24.95778552",
"4/12/2008","66.5625","38.872501373291","526","22.951","7.43299999999999","0","2.07482995863044","0.365804819568139","21.86747316",
"4/13/2008","66.5625","38.872501373291","526","22.173","9.94400000000002","0","3.47406634271012","0.476261887845934","19.5879978",
"4/14/2008","66.5625","38.872501373291","526","19.727","8.40100000000001","0","3.02022758947294","0.475582754673008","21.68014788",
"4/15/2008","66.5625","38.872501373291","526","19.804","7.625","0","3.28126979171869","0.437280317982797","23.89320072",
"4/16/2008","66.5625","38.872501373291","526","23.415","10.612","0","5.36664696470934","0.362161397686137","25.20770832",
"4/17/2008","66.5625","38.872501373291","526","22.033","9.97300000000001","0.1476288864","2.74733470891019","0.462204849777497","22.66267284",
"4/18/2008","66.5625","38.872501373291","526","21.203","9.03500000000003","0.1853944128","3.45241104441609","0.477319941193534","15.38674128",
"4/19/2008","66.5625","38.872501373291","526","23.682","11.041","0","2.53810875773007","0.483924789002521","24.67658988",
"4/20/2008","66.5625","38.872501373291","526","27.407","8.87099999999998","0","2.31872776284303","0.42854520242998","25.524954",
"4/21/2008","66.5625","38.872501373291","526","26.311","13.027","0","2.15314417443154","0.379710685322659","19.693296",
"4/22/2008","66.5625","38.872501373291","526","18.248","11.451","5.20648848","2.53823567512872","0.68201754520325","13.585896792",
"4/23/2008","66.5625","38.872501373291","526","24.755","11.413","0","3.76543646756526","0.410525479814761","26.35734789",
"4/24/2008","66.5625","38.872501373291","526","25.215","9.79599999999999","0","2.94624173776428","0.300181674667752","27.280071",
"4/25/2008","66.5625","38.872501373291","526","28.784","11.836","0","3.39895346901256","0.165158843395509","28.23665544",
"4/26/2008","66.5625","38.872501373291","526","29.737","10.288","0","3.25221245610953","0.155430784041651","28.47088251",
"4/27/2008","66.5625","38.872501373291","526","31.388","14.986","0","4.7730026173133","0.141770460832043","28.18029528",
"4/28/2008","66.5625","38.872501373291","526","31.79","16.223","0","4.39311820447011","0.202801603991148","27.968515272",
"4/29/2008","66.5625","38.872501373291","526","32.335","16.671","0","2.9817085126466","0.209321630649591","28.24407864",
"4/30/2008","66.5625","38.872501373291","526","32.291","15.152","0","2.73178478457186","0.175463734998797","28.084725072",
"5/1/2008","66.5625","38.872501373291","526","31.43","13.081","0","3.85912909336175","0.204583051153336","28.42587846",
"5/2/2008","66.5625","38.872501373291","526","32.597","18.016","0","3.96393267161546","0.215369478940464","25.463418768",
"5/3/2008","66.5625","38.872501373291","526","31.342","13.742","0.0034332264","3.29601203331058","0.298963433112121","27.300372192",
"5/4/2008","66.5625","38.872501373291","526","24.286","14.632","0.456619212","2.6867575361386","0.40337963436775","26.09240346",
"5/5/2008","66.5625","38.872501373291","526","24.646","12.29","0","2.55545690375955","0.323040029589444","27.92059056",
"5/6/2008","66.5625","38.872501373291","526","28.081","13.534","0","2.99605461020153","0.210209245027458","28.96013646",
"5/7/2008","66.5625","38.872501373291","526","31.883","15.994","0","2.60844873026114","0.181031663491868","28.798710408",
"5/8/2008","66.5625","38.872501373291","526","30.623","18.149","0","4.92158691774617","0.274062055398227","20.12659074",
"5/9/2008","66.5625","38.872501373291","526","29.37","14.703","0","2.78252758272316","0.425798019152535","26.70226668",
"5/10/2008","66.5625","38.872501373291","526","32.917","16.488","0","2.61901362052006","0.201662488454884","29.357830872",
"5/11/2008","66.5625","38.872501373291","526","34.26","18.753","0","4.05912578490253","0.176789896817832","29.01492846",
"5/12/2008","66.5625","38.872501373291","526","32.826","17.264","0","4.46969911347813","0.238259746474415","28.61245818",
"5/13/2008","66.5625","38.872501373291","526","31.757","17.418","0","3.84876438202337","0.248791903487863","24.455418048",
"5/14/2008","66.5625","38.872501373291","526","32.964","15.731","0","3.21441895182062","0.265180957926984","28.918293192",
"5/15/2008","66.5625","38.872501373291","526","33.092","19.108","0","4.08308396196742","0.253760682939977","26.05578894",
"5/16/2008","66.5625","38.872501373291","526","28.189","14.86","0","3.25929226910019","0.342957654398433","29.555210232",
"5/17/2008","66.5625","38.872501373291","526","31.453","15.625","0","3.54413840379052","0.253258735285418","30.20489064",
"5/18/2008","66.5625","38.872501373291","526","31.934","13.738","0","3.84779765619343","0.182732029282368","30.247434",
"5/19/2008","66.5625","38.872501373291","526","32.97","17.269","0","4.71864409751965","0.178373309472945","30.21115284",
"5/20/2008","66.5625","38.872501373291","526","34.536","19.008","0","3.59187691783348","0.190373191496186","29.90183148",
"5/21/2008","66.5625","38.872501373291","526","31.998","18.504","0.00686646","4.71708730804758","0.273841325762726","18.47846268",
"5/22/2008","66.5625","38.872501373291","526","29.173","15.417","0","2.5048951105117","0.3934394754632","28.70353044",
"5/23/2008","66.5625","38.872501373291","526","27.663","13.468","0","1.91956572999987","0.350877547698503","28.36062324",
"5/24/2008","66.5625","38.872501373291","526","27.903","14.569","0","2.97241915909456","0.309287695476008","26.90678844",
"5/25/2008","66.5625","38.872501373291","526","26.025","15.227","0","3.21854869359403","0.395371025602744","22.27904568",
"5/26/2008","66.5625","38.872501373291","526","25.459","16.374","0","3.31020995614038","0.434807002086619","22.53195288",
"5/27/2008","66.5625","38.872501373291","526","28.446","17.034","0","3.36427653995889","0.345731396669809","27.8979156",
"5/28/2008","66.5625","38.872501373291","526","30.916","15.158","0","3.2184545691852","0.310585140237473","30.41977284",
"5/29/2008","66.5625","38.872501373291","526","35.184","19.844","0","4.37886150780242","0.171277441422122","30.9012534",
"5/30/2008","66.5625","38.872501373291","526","35.723","19.677","0","3.65304032443225","0.154595525444266","30.20321808",
"5/31/2008","66.5625","38.872501373291","526","33.469","16.472","0","3.27240068652372","0.218277488205343","29.56612032",
"6/1/2008","66.5625","38.872501373291","526","32.601","18.767","0","4.41582064275605","0.247635874863553","28.67585544",
"6/2/2008","66.5625","38.872501373291","526","33.857","19.001","0","4.54016642603673","0.204835753574491","31.4026398",
"6/3/2008","66.5625","38.872501373291","526","35.501","19.721","0","3.4744069089195","0.196892267848754","31.34703276",
"6/4/2008","66.5625","38.872501373291","526","36.429","19.687","0","2.87733608550423","0.1434025344822","31.5135738",
"6/5/2008","66.5625","38.872501373291","526","36.588","22.016","0","4.68296574492323","0.133295785180958","30.55634136",
"6/6/2008","66.5625","38.872501373291","526","35.645","22.844","0","5.01646076605854","0.167682903741657","30.6046026",
"6/7/2008","66.5625","38.872501373291","526","34.294","18.377","0","3.20235138054127","0.179946663307118","31.28632884",
"6/8/2008","66.5625","38.872501373291","526","35.522","17.478","0","3.03211479400913","0.103884303616869","32.17039848",
"6/9/2008","66.5625","38.872501373291","526","38.268","20.92","0","3.68106979055469","0.0937032122926889","31.421466",
"6/10/2008","66.5625","38.872501373291","526","35.414","21.148","0","5.01114808458776","0.189472350116696","30.41352936",
"6/11/2008","66.5625","38.872501373291","526","36.473","21.22","0","4.34125190264343","0.188957179708261","31.06170432",
"6/12/2008","66.5625","38.872501373291","526","38.611","21.222","0","4.26334974379695","0.133036984647765","31.67191188",
"6/13/2008","66.5625","38.872501373291","526","40.588","23.9","0","4.11049046014323","0.0809929530441413","31.73736348",
"6/14/2008","66.5625","38.872501373291","526","39.473","23.385","0","4.35388535709025","0.0865075832800965","28.85788296",
"6/15/2008","66.5625","38.872501373291","526","33.848","18.584","0","2.69091892979158","0.143564691065481","31.52500812",
"6/16/2008","66.5625","38.872501373291","526","34.201","19.128","0","4.37572152581461","0.120854731322396","31.55977008",
"6/17/2008","66.5625","38.872501373291","526","34.666","20.383","0","4.30645385366703","0.158791774021986","31.2354234",
"6/18/2008","66.5625","38.872501373291","526","35.739","20.138","0","3.94845888788531","0.162404668858602","31.13733636",
"6/19/2008","66.5625","38.872501373291","526","35.88","21.582","0","4.11553463108411","0.15169266341311","31.31123328",
"6/20/2008","66.5625","38.872501373291","526","35.711","21.089","0","4.10988158841639","0.128880440917104","30.58722936",
"6/21/2008","66.5625","38.872501373291","526","35.778","20.035","0","3.96339237141382","0.122562931411543","31.2860898",
"6/22/2008","66.5625","38.872501373291","526","35.136","22.894","0","3.96365356250159","0.154234754068386","26.40279204",
"6/23/2008","66.5625","38.872501373291","526","35.152","19.038","0","3.41070102973319","0.199251761311172","30.55038732",
"6/24/2008","66.5625","38.872501373291","526","36.091","21.461","0","4.18788662696094","0.179742643887041","30.6051066",
"6/25/2008","66.5625","38.872501373291","526","35.936","22.186","0","4.63046401597735","0.237502854313639","28.49534748",
"6/26/2008","66.5625","38.872501373291","526","34.154","21.806","0","5.16490936326801","0.229350457754646","31.31959104",
"6/27/2008","66.5625","38.872501373291","526","33.353","19.772","0","4.91407122357907","0.214918172665072","30.934575",
"6/28/2008","66.5625","38.872501373291","526","32.654","19.526","0","5.02128222349039","0.184499623333232","31.28669208",
"6/29/2008","66.5625","38.872501373291","526","31.663","16.461","0","3.96863082393781","0.207619045439093","29.76035544",
"6/30/2008","66.5625","38.872501373291","526","33.291","14.738","0","2.94909745008639","0.214172212619069","31.07188008",
"7/1/2008","66.5625","38.872501373291","526","33.763","19.344","0","2.9172099185629","0.159557064890729","28.33576704",
"7/2/2008","66.5625","38.872501373291","526","33.85","17.545","0","2.66107152960698","0.17963412230911","26.06023476",
"7/3/2008","66.5625","38.872501373291","526","35.626","20.26","0","4.30784060553445","0.212971139348741","30.67188408",
"7/4/2008","66.5625","38.872501373291","526","36.501","20.194","0","3.30357313733953","0.190981506813598","30.9106116",
"7/5/2008","66.5625","38.872501373291","526","37.036","19.067","0","3.32062397372547","0.163437902679208","30.93604776",
"7/6/2008","66.5625","38.872501373291","526","36.708","23.551","0","4.73320734237928","0.1559988840264","30.39469128",
"7/7/2008","66.5625","38.872501373291","526","36.165","21.834","0","4.02453178074081","0.187594287208638","27.21026592",
"7/8/2008","66.5625","38.872501373291","526","35.072","19.943","0","4.07025020551776","0.209133559591879","30.69225072",
"7/9/2008","66.5625","38.872501373291","526","36.341","20.938","0","3.5466254602205","0.192808141535554","30.77476452",
"7/10/2008","66.5625","38.872501373291","526","37.296","22.132","0","3.62606956995134","0.138522514294176","29.73188988",
"7/11/2008","66.5625","38.872501373291","526","37.538","19.654","0","3.6512417990982","0.127824249222122","30.45117168",
"7/12/2008","66.5625","38.872501373291","526","37.808","21.749","0","4.33525071999243","0.0941455444818527","31.4923986",
"7/13/2008","66.5625","38.872501373291","526","36.782","23.206","0","5.3184577174853","0.140507498543904","30.38490396",
"7/14/2008","66.5625","38.872501373291","526","37.963","23.51","0","5.11376864766019","0.149502757110283","30.32864748",
"7/15/2008","66.5625","38.872501373291","526","35.912","22.346","0","4.05268678698825","0.162269550501194","29.84709006",
"7/16/2008","66.5625","38.872501373291","526","32.889","19.132","0","3.6171233305739","0.196879560723324","30.555284472",
"7/17/2008","66.5625","38.872501373291","526","35.743","19.625","0","2.9476674534558","0.19529732596113","28.633435632",
"7/18/2008","66.5625","38.872501373291","526","35.291","19.301","0","2.31731612083752","0.255790071344013","28.599465528",
"7/19/2008","66.5625","38.872501373291","526","35.505","21.241","0","3.69171748378324","0.240127418476228","29.587560552",
"7/20/2008","66.5625","38.872501373291","526","34.92","20.89","0","3.5395242781549","0.262717399219168","27.882783",
"7/21/2008","66.5625","38.872501373291","526","35.328","20.682","0","3.85260238230345","0.236303554727539","29.04936228",
"7/22/2008","66.5625","38.872501373291","526","33.303","19.114","0","4.47585627654891","0.239623074011142","29.562579432",
"7/23/2008","66.5625","38.872501373291","526","33.875","19.858","0","3.69185064747462","0.230568079168601","27.44336754",
"7/24/2008","66.5625","38.872501373291","526","32.62","17.302","0","3.10972925374258","0.291199041218562","27.3928977",
"7/25/2008","66.5625","38.872501373291","526","32.407","17.874","0","3.20662355301026","0.313533173024937","27.92548098",
"7/26/2008","66.5625","38.872501373291","526","33.078","19.499","0","2.95710024250145","0.303479125636824","26.19590544",
"7/27/2008","66.5625","38.872501373291","526","35.53","19.14","0","3.16367500750989","0.2312920281486","29.28336174",
"7/28/2008","66.5625","38.872501373291","526","36.728","20.103","0","3.25283090571888","0.150979720990182","29.475116208",
"7/29/2008","66.5625","38.872501373291","526","38.566","20.53","0","3.19052438766909","0.157479286593634","29.10385746",
"7/30/2008","66.5625","38.872501373291","526","40.371","21.676","0","3.35605251871789","0.143341229722477","28.91818314",
"7/31/2008","66.5625","38.872501373291","526","41.145","24.113","0","3.53861542825676","0.123628288663841","28.73480652",
"8/1/2008","66.5625","38.872501373291","526","41.804","26.46","0","4.69720503451451","0.12896715416235","28.6493643",
"8/2/2008","66.5625","38.872501373291","526","41.821","27.498","0","4.77711840701883","0.123750918234787","28.436051952",
"8/3/2008","66.5625","38.872501373291","526","39.362","27.193","0","7.76640572161251","0.15192222837042","28.175633352",
"8/4/2008","66.5625","38.872501373291","526","34.524","23","0","5.92513617336663","0.17569913959957","28.1749464",
"8/5/2008","66.5625","38.872501373291","526","36.133","20.601","0","3.59860841558731","0.180239143377425","28.441408032",
"8/6/2008","66.5625","38.872501373291","526","37.59","19.266","0","3.21965637416268","0.134420689318692","28.519866",
"8/7/2008","66.5625","38.872501373291","526","38.486","22.756","0","4.91454656956664","0.102948133274559","28.20650418",
"8/8/2008","66.5625","38.872501373291","526","38.029","24.107","0","6.16475147419117","0.140456753171847","27.89521272",
"8/9/2008","66.5625","38.872501373291","526","38.979","24.551","0","6.31892339920995","0.130639755804356","27.92694258",
"8/10/2008","66.5625","38.872501373291","526","33.174","21.511","0","5.99391625499555","0.235572576226543","27.72889056",
"8/11/2008","66.5625","38.872501373291","526","33.526","19.278","0","4.45249583217655","0.174040848649335","28.3280049",
"8/12/2008","66.5625","38.872501373291","526","33.529","16.65","0","3.45712997986456","0.128150056361696","28.27417077",
"8/13/2008","66.5625","38.872501373291","526","34.767","16.427","0","3.40870620970088","0.101398997797778","28.4451732",
"8/14/2008","66.5625","38.872501373291","526","35.78","17.403","0","3.28179668797162","0.142331236777488","27.72443412",
"8/15/2008","66.5625","38.872501373291","526","34.52","15.155","0","2.93729941461822","0.184307269631711","27.34870536",
"8/16/2008","66.5625","38.872501373291","526","30.335","15.944","0","2.49609715107754","0.259399718104477","18.15716448",
"8/17/2008","66.5625","38.872501373291","526","30.675","16.595","0","2.28673911946636","0.299254350249814","23.63152536",
"8/18/2008","66.5625","38.872501373291","526","33.897","18.765","0","4.28440506869687","0.225801361684626","26.64078696",
"8/19/2008","66.5625","38.872501373291","526","34.859","19.87","0","3.6420286101113","0.152438195715509","26.56057968",
"8/20/2008","66.5625","38.872501373291","526","34.45","16.563","0","2.93950638910703","0.159011514755951","26.46646956",
"8/21/2008","66.5625","38.872501373291","526","33.098","15.172","0","2.70138244017204","0.151757796390058","26.68044312",
"8/22/2008","66.5625","38.872501373291","526","33.838","13.137","0","2.52796938850003","0.138151430565831","26.80947936",
"8/23/2008","66.5625","38.872501373291","526","35.586","18.097","0","3.41951746160814","0.120729198140478","26.18594676",
"8/24/2008","66.5625","38.872501373291","526","35.386","21.097","0","4.71045644736331","0.161158519797333","25.8141384",
"8/25/2008","66.5625","38.872501373291","526","35.309","20.712","0","4.21822065290991","0.164357330498158","25.59628224",
"8/26/2008","66.5625","38.872501373291","526","35.647","20.073","0","4.42547715417879","0.166458397240743","25.14616992",
"8/27/2008","66.5625","38.872501373291","526","34.548","18.108","0","3.23778619239465","0.182335879925345","25.56028224",
"8/28/2008","66.5625","38.872501373291","526","34.187","15.342","0","2.67622749486577","0.205302701827821","25.36739532",
"8/29/2008","66.5625","38.872501373291","526","32.527","13.593","0","3.01605596998267","0.198290225645869","24.39517644",
"8/30/2008","66.5625","38.872501373291","526","31.986","17.942","0","3.93947039705958","0.19011187353138","24.78273876",
"8/31/2008","66.5625","38.872501373291","526","32.01","14.909","0","2.75811986997366","0.195693908814802","24.87903588",
"9/1/2008","66.5625","38.872501373291","526","33.016","13.88","0","2.45403768111215","0.164919855896206","25.19004888",
"9/2/2008","66.5625","38.872501373291","526","34.482","18.182","0","3.52715735096276","0.159598796451304","24.90120108",
"9/3/2008","66.5625","38.872501373291","526","31.505","19.356","0","4.76468400713681","0.233173263438748","24.12180036",
"9/4/2008","66.5625","38.872501373291","526","30.809","12.976","0","2.9643862198385","0.272686217299515","24.63632172",
"9/5/2008","66.5625","38.872501373291","526","28.96","14.542","0","3.10895842418548","0.189981913146774","24.0545826",
"9/6/2008","66.5625","38.872501373291","526","27.785","13.672","0","4.3471959606505","0.180261837870141","24.39511596",
"9/7/2008","66.5625","38.872501373291","526","28.527","13.379","0","3.42976820855048","0.144210275156428","24.54108444",
"9/8/2008","66.5625","38.872501373291","526","29.238","13.372","0","3.19287443398268","0.112961323185937","24.22248372",
"9/9/2008","66.5625","38.872501373291","526","30.454","14.974","0","3.06739566786743","0.0931805969541383","23.91141708",
"9/10/2008","66.5625","38.872501373291","526","29.825","13.719","0","2.31500433623137","0.128132553577312","21.440301552",
"9/11/2008","66.5625","38.872501373291","526","31.599","13.211","0","2.61825977952915","0.172508525272981","22.95342936",
"9/12/2008","66.5625","38.872501373291","526","33.449","16.587","0","3.17958578852285","0.172739631555285","22.5975978",
"9/13/2008","66.5625","38.872501373291","526","33.951","21.116","0","4.08584880752986","0.176082309869076","22.19630256",
"9/14/2008","66.5625","38.872501373291","526","32.394","15.835","0","2.8724201233873","0.233510340334897","22.55017626",
"9/15/2008","66.5625","38.872501373291","526","32.203","16.042","0","2.78146260636928","0.216274786237074","22.37985324",
"9/16/2008","66.5625","38.872501373291","526","30.973","15.48","0","3.00149924572237","0.209159587738797","22.223416608",
"9/17/2008","66.5625","38.872501373291","526","30.008","13.681","0","3.29435260488197","0.255079626746932","21.933003168",
"9/18/2008","66.5625","38.872501373291","526","27.524","10.706","0","2.98687936290368","0.29343384718929","21.66980904",
"9/19/2008","66.5625","38.872501373291","526","26.198","8.50099999999998","0","2.45076657139179","0.259716569944493","21.705976728",
"9/20/2008","66.5625","38.872501373291","526","23.992","7.05000000000001","0","2.40617931182106","0.249275117899884","21.8742723",
"9/21/2008","66.5625","38.872501373291","526","24.859","9.92599999999999","0","2.95140611082707","0.186027920199442","21.678697368",
"9/22/2008","66.5625","38.872501373291","526","25.122","8.10000000000002","0","2.60018437651918","0.182851594800554","21.356611272",
"9/23/2008","66.5625","38.872501373291","526","24.964","11.281","0","3.10062321336932","0.185543141831985","21.067650648",
"9/24/2008","66.5625","38.872501373291","526","25.908","10.563","0","2.88045197479715","0.144202867798887","21.466801152",
"9/25/2008","66.5625","38.872501373291","526","28.336","13.641","0","2.92698594421354","0.177043872043804","20.27362122",
"9/26/2008","66.5625","38.872501373291","526","30.338","13.436","0","2.50810746306311","0.234278230708225","19.695263472",
"9/27/2008","66.5625","38.872501373291","526","26.398","13.651","0","3.06996051096873","0.329728755414406","16.33134096",
"9/28/2008","66.5625","38.872501373291","526","29.741","14.455","0","2.84410272234596","0.327969291361666","19.33576416",
"9/29/2008","66.5625","38.872501373291","526","30.072","17.346","0","4.64687327111643","0.323494587366506","13.927046256",
"9/30/2008","66.5625","38.872501373291","526","21.829","10.118","0.264358512","2.96047996681543","0.580240395017585","17.435245464",
"10/1/2008","66.5625","38.872501373291","526","26.222","7.99900000000002","0","2.38706288659125","0.437203307361776","19.53253242",
"10/2/2008","66.5625","38.872501373291","526","29.728","11.047","0","2.79993197657804","0.246696344513948","19.10486124",
"10/3/2008","66.5625","38.872501373291","526","27.154","12.239","0","3.18176739902231","0.292099549205367","18.49685436",
"10/4/2008","66.5625","38.872501373291","526","23.909","8.83499999999998","0","2.87517521759447","0.413149548848581","18.50135598",
"10/5/2008","66.5625","38.872501373291","526","25.043","7.22500000000002","0","2.00379891071176","0.334246931777289","18.9357813",
"10/6/2008","66.5625","38.872501373291","526","25.58","8.80500000000001","0","2.56657904088701","0.211786038741258","18.9102942",
"10/7/2008","66.5625","38.872501373291","526","25.039","10.429","0","2.58141503251781","0.229709634607512","18.20587266",
"10/8/2008","66.5625","38.872501373291","526","24.051","11.149","0","2.78292133462422","0.287643806902491","17.9781786",
"10/9/2008","66.5625","38.872501373291","526","25.361","13.07","0","3.41452345769465","0.245120636588693","17.8973442",
"10/10/2008","66.5625","38.872501373291","526","28.736","12.754","0","2.22014882421335","0.23188437199704","16.59656286",
"10/11/2008","66.5625","38.872501373291","526","20.728","10.435","0.1047137544","2.42882216347395","0.422023427994905","16.33556322",
"10/12/2008","66.5625","38.872501373291","526","22.628","6.83600000000001","0","2.17026961151362","0.358298231452096","16.510725252",
"10/13/2008","66.5625","38.872501373291","526","15.977","8.161","0.1373291064","1.81825387320589","0.55889441436145","4.85538768",
"10/14/2008","66.5625","38.872501373291","526","20.239","7.46899999999999","0","2.73377805430123","0.506035045630168","16.800808932",
"10/15/2008","66.5625","38.872501373291","526","20.523","7.25299999999999","0","2.14950886420245","0.427548550187126","16.58368656",
"10/16/2008","66.5625","38.872501373291","526","22.249","10.274","0","3.34290561033823","0.313583992406257","16.76031066",
"10/17/2008","66.5625","38.872501373291","526","28.409","13.955","0","3.72218966590415","0.173976924866707","16.74691812",
"10/18/2008","66.5625","38.872501373291","526","27.348","11.657","0.8548735464","2.76770583519252","0.249515493852439","15.91250076",
"10/19/2008","66.5625","38.872501373291","526","19.494","9.875","0","2.59992083723955","0.514406188631842","15.7368357",
"10/20/2008","66.5625","38.872501373291","526","20.373","6.21899999999999","0","2.27723684364366","0.606887130371688","15.36210036",
"10/21/2008","66.5625","38.872501373291","526","20.638","4.88600000000002","0","1.83162238063767","0.545021955127972","15.47246142",
"10/22/2008","66.5625","38.872501373291","526","19.397","4.118","0","1.94010698060727","0.486860595917013","15.51503628",
"10/23/2008","66.5625","38.872501373291","526","22.89","11.199","0","3.22417974363209","0.356965121941775","14.888362752",
"10/24/2008","66.5625","38.872501373291","526","13.63","3.83100000000002","0","2.06416919488456","0.459764093753354","15.27564222",
"10/25/2008","66.5625","38.872501373291","526","16.227","1.27100000000002","0","2.25155968545477","0.434253840880334","15.44242194",
"10/26/2008","66.5625","38.872501373291","526","20.743","5.40699999999998","0","2.64254903287063","0.226576529809824","15.13592064",
"10/27/2008","66.5625","38.872501373291","526","15.344","6.93200000000002","1.63421676","1.73642515576064","0.402919219558919","6.0662277",
"10/28/2008","66.5625","38.872501373291","526","8.75400000000002","1.76900000000001","6.289678836","2.16736351457092","0.653218558908385","8.60400054",
"10/29/2008","66.5625","38.872501373291","526","10.207","-1.40899999999999","0","1.75259864177671","0.621021194202675","14.37457284",
"10/30/2008","66.5625","38.872501373291","526","9.04899999999998","-1.19600000000003","0.1304626392","1.5812131136711","0.682342304315235","8.77753062",
"10/31/2008","66.5625","38.872501373291","526","9.87200000000001","0.0950000000000273","0","1.49358531573909","0.715141049681126","11.35372572",
"11/1/2008","66.5625","38.872501373291","526","10.455","0.124000000000024","0","2.05021078481094","0.698684357279317","13.4438022",
"11/2/2008","66.5625","38.872501373291","526","11.804","0.0529999999999973","0","2.1778488047514","0.543275631294749","14.100465708",
"11/3/2008","66.5625","38.872501373291","526","15.633","0.0240000000000009","0","1.84382300793083","0.396579515923467","13.86365382",
"11/4/2008","66.5625","38.872501373291","526","20.559","6.15300000000002","0","2.46740470664714","0.227672467463143","13.92614568",
"11/5/2008","66.5625","38.872501373291","526","19.111","9.46699999999998","0.0068664528","1.91466539150414","0.346361138454868","10.713375",
"11/6/2008","66.5625","38.872501373291","526","17.675","8.64499999999998","0.1682281584","1.62923237559493","0.63391915105062","10.75516866",
"11/7/2008","66.5625","38.872501373291","526","16.958","10.032","1.603317852","1.36689655432262","0.6522070373315","4.291820352",
"11/8/2008","66.5625","38.872501373291","526","12.107","5.10700000000003","17.0871669792","2.12836335755743","0.867079591295444","3.43175328",
"11/9/2008","66.5625","38.872501373291","526","9.58800000000002","1.93099999999998","0","2.02100771424518","0.800374810051132","12.562093332",
"11/10/2008","66.5625","38.872501373291","526","7.56","-0.627999999999986","0","1.58020697950996","0.718272323296849","10.127025",
"11/11/2008","66.5625","38.872501373291","526","6.85199999999998","-2.90100000000001","0","1.75977625020563","0.705483126409962","12.690387468",
"11/12/2008","66.5625","38.872501373291","526","3.67700000000002","-2.63099999999997","0.0068664528","2.18859748669287","0.697313568812698","8.70694128",
"11/13/2008","66.5625","38.872501373291","526","3.86599999999999","-3.59100000000001","0.0240326064","1.95561988335108","0.66826971456458","10.255105116",
"11/14/2008","66.5625","38.872501373291","526","5.32900000000001","-3.36399999999998","0","1.99167221832062","0.597302465030299","11.5275951",
"11/15/2008","66.5625","38.872501373291","526","6.53399999999999","-3.67500000000001","0.054931608","1.51360206153581","0.615481597584532","8.8350192",
"11/16/2008","66.5625","38.872501373291","526","8.33300000000003","-2.87400000000002","0","1.6720924494104","0.655154764601519","12.14364348",
"11/17/2008","66.5625","38.872501373291","526","7.72399999999999","-0.795999999999992","0.1270294344","1.48852265894436","0.665922230327592","9.737777448",
"11/18/2008","66.5625","38.872501373291","526","10.244","-1.31599999999997","0","2.21241393837965","0.649703499015704","11.62119393",
"11/19/2008","66.5625","38.872501373291","526","10.1","-1.08699999999999","0","1.6214184388885","0.713547139259081","11.230700148",
"11/20/2008","66.5625","38.872501373291","526","13.681","3.346","0","4.26952585104589","0.477858762393544","11.7969759",
"11/21/2008","66.5625","38.872501373291","526","16.813","7.62","0.0291824424","5.22198076624262","0.258157656447097","7.264685088",
"11/22/2008","66.5625","38.872501373291","526","14.622","9.05099999999999","1.799010972","3.18992744588824","0.519734404472965","5.2661277",
"11/23/2008","66.5625","38.872501373291","526","19.393","8.96800000000002","0","4.11978639788191","0.371555333890914","11.191443768",
"11/24/2008","66.5625","38.872501373291","526","15.715","9.97899999999999","0.4240035864","3.50098513041221","0.515560751523646","4.32325863",
"11/25/2008","66.5625","38.872501373291","526","17.654","8.315","0","2.38254631520608","0.562082530374779","10.82733831",
"11/26/2008","66.5625","38.872501373291","526","16.767","5.02600000000001","0","1.82004615211354","0.498841180569797","10.991304378",
"11/27/2008","66.5625","38.872501373291","526","17.79","6.65499999999997","0","2.5329024357955","0.464754495492767","10.715620932",
"11/28/2008","66.5625","38.872501373291","526","20.362","10.318","0","2.89804922558865","0.273931783103489","10.85782545",
"11/29/2008","66.5625","38.872501373291","526","18.98","10.444","0.262641888","2.55078498410753","0.439219957786416","10.24829892",
"11/30/2008","66.5625","38.872501373291","526","17.887","7.18400000000003","0.0137329128","1.48950514461943","0.658411698519657","10.44944982",
"12/1/2008","66.5625","38.872501373291","526","16.69","4.39699999999999","0","1.52845614648443","0.530365409023552","10.669893102",
"12/2/2008","66.5625","38.872501373291","526","16.646","4.47000000000003","0","1.56148846076498","0.324763414696477","10.343134962",
"12/3/2008","66.5625","38.872501373291","526","13.42","2.327","0","1.02572556411478","0.481864791446502","8.996684148",
"12/4/2008","66.5625","38.872501373291","526","11.951","0.699999999999989","0","1.46911136423387","0.61296620834879","10.28350575",
"12/5/2008","66.5625","38.872501373291","526","10.581","1.67599999999999","0.0961303824","1.72301248992134","0.625682665335353","10.1485683",
"12/6/2008","66.5625","38.872501373291","526","11.515","1.714","0.0171661392","1.37333275176951","0.667182722144763","6.59221425",
"12/7/2008","66.5625","38.872501373291","526","11.257","0.0040000000000191","0","1.84136911656776","0.636429726998549","10.01901825",
"12/8/2008","66.5625","38.872501373291","526","7.447","2.42000000000002","0.5733490104","1.53324043303527","0.633654714980841","4.87772073",
"12/9/2008","66.5625","38.872501373291","526","12.816","3.30500000000001","3.06931014","2.28791523142392","0.628632314786941","8.82719784",
"12/10/2008","66.5625","38.872501373291","526","12.76","6.089","0.7038114264","2.76657480254034","0.512089948570393","7.27661655",
"12/11/2008","66.5625","38.872501373291","526","14.295","4.63600000000002","0","2.82619424437643","0.555440242338632","10.18141713",
"12/12/2008","66.5625","38.872501373291","526","12.223","1.27800000000002","0","1.47581973926659","0.539312092928584","10.0816281",
"12/13/2008","66.5625","38.872501373291","526","12.282","1.21199999999999","0.09613044","1.66114171910381","0.488796340870548","9.39661659",
"12/14/2008","66.5625","38.872501373291","526","8.64400000000001","2.57299999999998","0.199127196","2.03977079077316","0.635925639149077","9.22646223",
"12/15/2008","66.5625","38.872501373291","526","12.566","3.35199999999998","1.4488225848","2.1061959717577","0.475787071219832","6.7239531",
"12/16/2008","66.5625","38.872501373291","526","6.61700000000002","2.29500000000002","6.90079068","2.36111628722142","0.803648366233903","3.0279897",
"12/17/2008","66.5625","38.872501373291","526","1.096","-5.82100000000003","19.33936848","3.17730913417272","0.932064757813112","2.51026848",
"12/18/2008","66.5625","38.872501373291","526","1.26799999999997","-6.21499999999998","0.0274658328","2.28772876959982","0.895795034150478","8.99111142",
"12/19/2008","66.5625","38.872501373291","526","-0.87299999999999","-4.17700000000002","3.532790628","1.67843210597527","0.914595265488886","3.16214973",
"12/20/2008","66.5625","38.872501373291","526","0.213999999999999","-9.30700000000002","0.51841764","2.0052220597868","0.876405527237534","9.51333498",
"12/21/2008","66.5625","38.872501373291","526","6.58999999999998","-3.38900000000001","0","5.60493100320473","0.628114355109324","10.200093732",
"12/22/2008","66.5625","38.872501373291","526","4.52600000000001","1.37799999999999","0.8892057168","2.63437402451551","0.743842303625471","6.41165688",
"12/23/2008","66.5625","38.872501373291","526","8.017","1.548","0.484085124","2.13248579316008","0.814758038420996","7.55988813",
"12/24/2008","66.5625","38.872501373291","526","12.445","0.504999999999995","0","2.4242981384956","0.643782512384465","9.89218647",
"12/25/2008","66.5625","38.872501373291","526","14.204","7.63499999999999","0.0137329056","3.48169299751305","0.536153446587478","5.9129991",
"12/26/2008","66.5625","38.872501373291","526","13.916","3.142","0","1.22968543167014","0.659365761577856","9.916366752",
"12/27/2008","66.5625","38.872501373291","526","7.149","0.189999999999998","0.0205993584","1.2734476967911","0.836000025100544","6.692568768",
"12/28/2008","66.5625","38.872501373291","526","5.99000000000001","-0.709000000000003","0.00686646","1.53833293642876","0.782472951728046","9.083921868",
"12/29/2008","66.5625","38.872501373291","526","6.19600000000003","-2.31099999999998","0.113296536","1.85549492783941","0.610820614687578","10.190251368",
"12/30/2008","66.5625","38.872501373291","526","9.76100000000002","-1.20999999999998","0","2.02784138846359","0.49297142487531","9.904502052",
"12/31/2008","66.5625","38.872501373291","526","10.013","0.255999999999972","0","2.10288567103648","0.487582605655171","10.110375432",
"1/1/2009","66.5625","38.872501373291","526","13.05","4.00299999999999","0.0583648344","3.77273609075558","0.418358424279425","7.5249504",
"1/2/2009","66.5625","38.872501373291","526","10.999","2.80200000000002","12.7956381984","4.0410091835265","0.685197318731948","1.31445045",
"1/3/2009","66.5625","38.872501373291","526","2.75999999999999","-3.87900000000002","3.769680528","3.33686120397448","0.801304905234903","6.534509472",
"1/4/2009","66.5625","38.872501373291","526","4.16399999999999","-4.33199999999999","0","1.47043578014555","0.672715898634851","10.589905224",
"1/5/2009","66.5625","38.872501373291","526","7.27999999999997","-2.27699999999999","0","2.46241025949717","0.482886350623645","10.594460448",
"1/6/2009","66.5625","38.872501373291","526","9.23700000000002","-1.42500000000001","0","2.03250238209375","0.29783146158182","10.461373812",
"1/7/2009","66.5625","38.872501373291","526","10.36","1.20800000000003","0","3.23675794185779","0.349837605719691","10.70336502",
"1/8/2009","66.5625","38.872501373291","526","11.466","1.04700000000003","0","1.95962365960636","0.293040889828659","10.67388858",
"1/9/2009","66.5625","38.872501373291","526","9.90499999999997","-0.0219999999999914","0.0377655048","1.86220180577772","0.351020233947917","9.542924244",
"1/10/2009","66.5625","38.872501373291","526","12.478","3.03199999999998","0.0102996792","3.09604923795726","0.495310374384845","10.629622116",
"1/11/2009","66.5625","38.872501373291","526","3.92899999999997","-1.125","0.247192632","1.96057064259357","0.683796391998335","6.521177052",
"1/12/2009","66.5625","38.872501373291","526","9.92000000000002","-0.262999999999977","0.0102996792","2.12286959547034","0.615063114845515","10.5163857",
"1/13/2009","66.5625","38.872501373291","526","2.27699999999999","-2.17700000000002","3.46240908","1.84001354161456","0.82252378544877","5.5608759",
"1/14/2009","66.5625","38.872501373291","526","3.90699999999998","-3.34899999999999","0","1.31613745218136","0.649993050771797","10.962055332",
"1/15/2009","66.5625","38.872501373291","526","5.47500000000002","-4.10599999999999","0","2.1415463385295","0.632791154366888","11.054699136",
"1/16/2009","66.5625","38.872501373291","526","4.95299999999997","-1.51100000000002","0.0583648632","1.62208661566452","0.624817570390832","8.3691594",
"1/17/2009","66.5625","38.872501373291","526","5.77199999999999","-0.783999999999992","1.7406466128","1.54953272895128","0.781613783057504","8.61266016",
"1/18/2009","66.5625","38.872501373291","526","8.92700000000002","-0.487000000000023","0","2.41888196044774","0.659935055938668","11.383537968",
"1/19/2009","66.5625","38.872501373291","526","10.554","0.478000000000009","0","2.57743317904027","0.447348724738069","11.727957276",
"1/20/2009","66.5625","38.872501373291","526","12.513","3.29300000000001","0","2.96658518051126","0.31345223837942","11.4482259",
"1/21/2009","66.5625","38.872501373291","526","12.537","3.44200000000001","0.1184463504","2.46184995106393","0.420715611691312","11.0852424",
"1/22/2009","66.5625","38.872501373291","526","12.016","3.44999999999999","0","2.83125095227346","0.511591189007259","11.372291568",
"1/23/2009","66.5625","38.872501373291","526","10.039","-0.101999999999975","0","1.68097563523994","0.626997007453681","11.472465348",
"1/24/2009","66.5625","38.872501373291","526","10.078","-0.434000000000026","0","2.38343947088993","0.516269511704395","11.45778732",
"1/25/2009","66.5625","38.872501373291","526","6.66899999999998","1.43400000000003","0.4188539592","1.70506513694269","0.511142151611308","5.487973956",
"1/26/2009","66.5625","38.872501373291","526","11.014","1.63499999999999","0.094413744","1.92423504507116","0.697515287609039","10.18945962",
"1/27/2009","66.5625","38.872501373291","526","13.143","4.27999999999997","0.5064008184","3.69767313294336","0.668873240304152","11.891192148",
"1/28/2009","66.5625","38.872501373291","526","12.715","4.70699999999999","1.675415916","2.74812171512687","0.608583159306835","9.393859692",
"1/29/2009","66.5625","38.872501373291","526","10.52","3.37799999999999","6.4613358144","1.97601472552708","0.783831511496142","9.276355656",
"1/30/2009","66.5625","38.872501373291","526","11.447","1.14600000000002","4.200552828","3.01381608162186","0.712172383603551","12.207037068",
"1/31/2009","66.5625","38.872501373291","526","16.542","6.21199999999999","0.56047446","5.2362288620309","0.408986905106409","9.695367072",
"2/1/2009","66.5625","38.872501373291","526","15.622","9.02699999999999","0.1098633024","4.48404888108692","0.497171598247073","11.44265778",
"2/2/2009","66.5625","38.872501373291","526","11.364","7.91800000000001","6.01844796","3.151494652325","0.677045819277754","3.55224204",
"2/3/2009","66.5625","38.872501373291","526","7.65600000000001","0.5","7.7076023256","4.40803401401799","0.850991019015998","6.711923988",
"2/4/2009","66.5625","38.872501373291","526","3.29700000000003","-1.97000000000003","2.238463908","2.82717425971728","0.839009137800234","9.916369236",
"2/5/2009","66.5625","38.872501373291","526","2.06700000000001","-4.13299999999998","0.0480651984","2.60351634066436","0.719482035784832","13.26380706",
"2/6/2009","66.5625","38.872501373291","526","10.341","-2.63999999999999","0","3.81225406257766","0.414908508100599","14.38267284",
"2/7/2009","66.5625","38.872501373291","526","14.692","3.70100000000002","0","4.42331095430277","0.245930017948616","13.73535234",
"2/8/2009","66.5625","38.872501373291","526","16.571","6.161","0","3.34467819345983","0.268556704962063","13.47530202",
"2/9/2009","66.5625","38.872501373291","526","9.87","5.40800000000002","2.9800425384","2.54207477147275","0.578626145562475","5.074764084",
"2/10/2009","66.5625","38.872501373291","526","11.918","4.42700000000002","1.1260989792","3.51953681513769","0.700585792885441","14.19817086",
"2/11/2009","66.5625","38.872501373291","526","14.06","5.16300000000001","0.054931644","3.41844700376782","0.594690859996563","13.1744196",
"2/12/2009","66.5625","38.872501373291","526","12.219","6.673","9.95292648","4.4246341274168","0.721612769341842","3.239210376",
"2/13/2009","66.5625","38.872501373291","526","7.243","4.00900000000001","1.0162349784","3.34307458965654","0.800542140154822","7.1710344",
"2/14/2009","66.5625","38.872501373291","526","9.85599999999999","1.96100000000001","0.7827758784","3.61700852623726","0.694031136173754","12.05876232",
"2/15/2009","66.5625","38.872501373291","526","12.792","2.74000000000001","0","3.3221462563845","0.545991257258954","15.32790072",
"2/16/2009","66.5625","38.872501373291","526","15.012","3.94999999999999","0","3.02841298762392","0.435889654764827","15.61702446",
"2/17/2009","66.5625","38.872501373291","526","14.51","2.92700000000002","0","1.99931799463659","0.478878980949189","15.680473992",
"2/18/2009","66.5625","38.872501373291","526","17.078","5.68299999999999","0.0137329128","3.1881495229144","0.532964982136529","15.47420814",
"2/19/2009","66.5625","38.872501373291","526","9.21100000000001","3.37900000000002","2.5028229168","3.46406440664695","0.788535134964478","1.506150288",
"2/20/2009","66.5625","38.872501373291","526","6.59199999999998","1.94400000000002","0.284957928","2.65580969922725","0.793010318133844","10.15279164",
"2/21/2009","66.5625","38.872501373291","526","13.267","1.19799999999998","0","2.79108437658512","0.48599301369605","16.70394492",
"2/22/2009","66.5625","38.872501373291","526","14.622","6.91300000000001","2.71568664","4.7390015043578","0.566546425496081","7.590821328",
"2/23/2009","66.5625","38.872501373291","526","10.131","3.40499999999997","6.027032124","4.9517280256899","0.74670401350366","12.59235072",
"2/24/2009","66.5625","38.872501373291","526","7.964","1.50799999999998","0.370788408","2.90738518406014","0.686908663820737","11.420052048",
"2/25/2009","66.5625","38.872501373291","526","8.13099999999997","1.322","2.2727975904","1.89449221484554","0.770749428629329","10.46244204",
"2/26/2009","66.5625","38.872501373291","526","10.334","-0.711000000000013","0","1.93530722625693","0.644312609341316","17.43024348",
"2/27/2009","66.5625","38.872501373291","526","12.811","-0.660000000000025","0","1.93471103847723","0.454809133269154","17.987739912",
"2/28/2009","66.5625","38.872501373291","526","18.647","4.83800000000002","0","4.634753800283","0.274289313785202","17.31605508",
"3/1/2009","66.5625","38.872501373291","526","18.284","10.654","0","4.90768976017559","0.459734271786051","9.83981502",
"3/2/2009","66.5625","38.872501373291","526","13.925","9.92200000000003","15.0564168","4.75294514866567","0.620817695046656","3.1059576",
"3/3/2009","66.5625","38.872501373291","526","12.646","5.86399999999998","19.54536714","4.49591510983966","0.816017579793408","1.494787356",
"3/4/2009","66.5625","38.872501373291","526","12.728","3.60899999999998","0.319290156","2.45742091125152","0.719488428811181","15.83477028",
"3/5/2009","66.5625","38.872501373291","526","14.065","4.62700000000001","0.9475704864","2.7078680408575","0.690522171668981","15.13012176",
"3/6/2009","66.5625","38.872501373291","526","7.65499999999997","1.76100000000002","10.92109248","2.60061792704719","0.807425968358495","11.1251799",
"3/7/2009","66.5625","38.872501373291","526","10.192","1.02199999999999","0.0377655048","1.79566518904697","0.660316442740172","16.58250432",
"3/8/2009","66.5625","38.872501373291","526","12.749","1.245","0","2.35910667437271","0.549914148075921","18.963621",
"3/9/2009","66.5625","38.872501373291","526","14.449","2.69400000000002","0","3.03586457391204","0.428916980498506","19.9404",
"3/10/2009","66.5625","38.872501373291","526","21.185","6.10399999999999","0","4.75161917527143","0.34148675282765","19.83279636",
"3/11/2009","66.5625","38.872501373291","526","25.871","11.55","0","4.58537488279767","0.155796908129289","19.53028152",
"3/12/2009","66.5625","38.872501373291","526","21.508","7.36200000000002","0","2.79485694490971","0.376901308236192","19.470204",
"3/13/2009","66.5625","38.872501373291","526","21.275","6.59899999999999","0","2.6921447077757","0.326119596695793","20.53940508",
"3/14/2009","66.5625","38.872501373291","526","23.591","6.51400000000001","0","2.42505505180784","0.226359233041286","20.66410584",
"3/15/2009","66.5625","38.872501373291","526","28.323","15.079","0","7.33621255864607","0.189459468194679","19.41339051",
"3/16/2009","66.5625","38.872501373291","526","22.771","12.489","0.69007878","2.15981786561574","0.408614991384445","17.51630103",
"3/17/2009","66.5625","38.872501373291","526","23.653","11.873","0.319290084","3.92088829381779","0.434031283879634","18.34532037",
"3/18/2009","66.5625","38.872501373291","526","10.636","2.51499999999999","2.39467572","2.15487001758087","0.807520329564959","8.17605018",
"3/19/2009","66.5625","38.872501373291","526","12.075","-0.858000000000004","0","2.73624561684009","0.525518049401115","21.85436619",
"3/20/2009","66.5625","38.872501373291","526","17.155","1.63600000000002","0","2.54027916273339","0.461714729714769","21.11748912",
"3/21/2009","66.5625","38.872501373291","526","20.443","8.59300000000002","0","2.7922505664937","0.374179445059211","20.35372428",
"3/22/2009","66.5625","38.872501373291","526","21.34","10.46","0.0652313304","3.40881585444234","0.477201373456071","20.404461312",
"3/23/2009","66.5625","38.872501373291","526","17.003","7.68099999999998","0.0514984464","2.115221777878","0.641612696290122","16.2423027",
"3/24/2009","66.5625","38.872501373291","526","18.283","7.596","0","2.38635384182495","0.565951050813207","17.46162738",
"3/25/2009","66.5625","38.872501373291","526","25.363","11.187","0","5.5078576917776","0.345758147495192","22.70278098",
"3/26/2009","66.5625","38.872501373291","526","17.312","6.52300000000002","13.7947063464","3.04377622860931","0.671583504440889","3.425175144",
"3/27/2009","66.5625","38.872501373291","526","15.714","4.93200000000002","0","2.74561126811721","0.729341010679446","20.279137392",
"3/28/2009","66.5625","38.872501373291","526","18.625","5.529","0","2.70946717461291","0.522600594981168","22.942860552",
"3/29/2009","66.5625","38.872501373291","526","19.811","3.536","0","2.09595558408549","0.480950612658093","23.144906808",
"3/30/2009","66.5625","38.872501373291","526","20.34","6.798","0","2.99352667936711","0.31327506268531","23.721421968",
"3/31/2009","66.5625","38.872501373291","526","21.706","4.09699999999998","0","2.51509182422364","0.222917376932096","21.346256232",
"4/1/2009","66.5625","38.872501373291","526","18.469","9.47399999999999","0.8960723784","3.23855779705884","0.43788139276836","8.511249168",
"4/2/2009","66.5625","38.872501373291","526","11.325","5.39100000000002","7.975381824","2.45554319089582","0.736753297916451","8.19669654",
"4/3/2009","66.5625","38.872501373291","526","16.8","6.16199999999998","0.0617980824","2.22185450466918","0.574366920445086","21.16411668",
"4/4/2009","66.5625","38.872501373291","526","21.467","8.64499999999998","0","4.08840021406802","0.376010613814466","20.71541322",
"4/5/2009","66.5625","38.872501373291","526","18.568","8.42399999999998","2.729416644","3.03750887016556","0.595830955136618","11.225253888",
"4/6/2009","66.5625","38.872501373291","526","12.214","6.32299999999998","1.82990988","3.09429945517224","0.7982069357465","12.94767576",
"4/7/2009","66.5625","38.872501373291","526","12.597","2.44","1.3492579464","2.96912738941914","0.693067425787412","22.7670156",
"4/8/2009","66.5625","38.872501373291","526","16.392","2.70400000000001","0","2.46807518772513","0.548867493568447","25.09442316",
"4/9/2009","66.5625","38.872501373291","526","23.307","8.26999999999998","0","5.54986482223281","0.342352687831597","21.49391376",
"4/10/2009","66.5625","38.872501373291","526","18.143","11.365","8.902356948","3.7943594806144","0.606149302567667","7.97186412",
"4/11/2009","66.5625","38.872501373291","526","15.684","9.197","14.91737166","3.22627491287755","0.781459011303616","18.9400473",
"4/12/2009","66.5625","38.872501373291","526","18.67","6.37200000000001","0","2.74546674258471","0.727071666801535","22.2008076",
"4/13/2009","66.5625","38.872501373291","526","18.78","3.30200000000002","0","2.69242893245455","0.640607667421977","24.58907388",
"4/14/2009","66.5625","38.872501373291","526","18.07","6.56099999999998","4.2469009632","3.53760672491927","0.736169287102668","11.91971304",
"4/15/2009","66.5625","38.872501373291","526","6.59399999999999","1.63999999999999","12.074662908","3.51657535627908","0.835446665644957","13.419450792",
"4/16/2009","66.5625","38.872501373291","526","19.874","2.654","0","5.38533562117393","0.444554307294003","25.30794672",
"4/17/2009","66.5625","38.872501373291","526","22.467","12.909","0","4.67189265906702","0.39355237881181","21.63329784",
"4/18/2009","66.5625","38.872501373291","526","26.537","13.641","0","4.57675993461358","0.398476125912366","25.7061366",
"4/19/2009","66.5625","38.872501373291","526","23.517","12.194","0.092697192","3.43902070074268","0.529050681935049","25.40114676",
"4/20/2009","66.5625","38.872501373291","526","23.774","9.33499999999998","0.33302322","3.03078999371547","0.446750253677712","21.85621812",
"4/21/2009","66.5625","38.872501373291","526","13.619","6.976","6.4682028","3.03240703512363","0.769312447437902","16.80339816",
"4/22/2009","66.5625","38.872501373291","526","17.568","3.368","0","2.14578506906716","0.571854377860783","26.58330072",
"4/23/2009","66.5625","38.872501373291","526","22.662","8.81599999999997","0","3.53550717139898","0.368862309904399","27.2169612",
"4/24/2009","66.5625","38.872501373291","526","26.545","12.575","0","4.70892679339816","0.249434450586944","24.68401227",
"4/25/2009","66.5625","38.872501373291","526","18.881","6.68200000000002","3.852079524","3.75831236131309","0.561599273006323","9.68900769",
"4/26/2009","66.5625","38.872501373291","526","18.927","4.541","0","2.09775713257098","0.65756961890698","26.68617594",
"4/27/2009","66.5625","38.872501373291","526","15.042","9.43299999999999","0.769042512","1.92960963775305","0.680111209664877","11.83162878",
"4/28/2009","66.5625","38.872501373291","526","14.75","4.79700000000003","0.93727116","3.23124604524176","0.613880493190332","28.08242262",
"4/29/2009","66.5625","38.872501373291","526","21.667","6.34399999999999","0","3.2783449948065","0.44764338563173","28.100470968",
"4/30/2009","66.5625","38.872501373291","526","26.671","10.151","0.058364856","2.88700599584986","0.304784535420504","26.698330152",
"5/1/2009","66.5625","38.872501373291","526","28.81","18.487","0.3810883464","5.68304960244974","0.366831984193468","22.4428563",
"5/2/2009","66.5625","38.872501373291","526","27.415","16.46","0.109863144","4.13972558319568","0.442456515496684","25.0967844",
"5/3/2009","66.5625","38.872501373291","526","21.401","13.049","12.9947681664","3.85785466059761","0.733342427760127","11.10088458",
"5/4/2009","66.5625","38.872501373291","526","21.353","10.238","0.00686646","2.72341816807243","0.631774468916024","24.39815742",
"5/5/2009","66.5625","38.872501373291","526","21.603","8.03899999999999","0","2.34268050529623","0.518158320441878","28.27811628",
"5/6/2009","66.5625","38.872501373291","526","23.909","12.424","0.0961303824","2.9372903303881","0.389408804199635","16.134072192",
"5/7/2009","66.5625","38.872501373291","526","29.241","16.824","0","3.29208875629028","0.3337402802918","24.14806686",
"5/8/2009","66.5625","38.872501373291","526","24.579","14.431","1.486587456","2.90729444516783","0.499262040728044","24.68373246",
"5/9/2009","66.5625","38.872501373291","526","21.78","10.908","1.012802184","2.39052956177285","0.538803488967526","27.87024078",
"5/10/2009","66.5625","38.872501373291","526","22.899","10.394","0","2.9431471053133","0.452757849514795","27.90833184",
"5/11/2009","66.5625","38.872501373291","526","25.382","12.063","0","3.16691965334733","0.397003355798219","28.635130368",
"5/12/2009","66.5625","38.872501373291","526","26.725","12.782","0","2.70362877835682","0.349371531504597","25.14606084",
"5/13/2009","66.5625","38.872501373291","526","27.685","14.763","0","2.51166516706298","0.335449390996994","27.33671718",
"5/14/2009","66.5625","38.872501373291","526","26.767","13.833","0","2.68886496632716","0.40221326501394","28.6020459",
"5/15/2009","66.5625","38.872501373291","526","26.439","12.123","0","2.73034583122432","0.369823246162383","29.3691357",
"5/16/2009","66.5625","38.872501373291","526","27.855","12.146","0","2.84536195532051","0.346822873812875","29.89760868",
"5/17/2009","66.5625","38.872501373291","526","31.429","16.499","0","2.84505365946996","0.293772168543405","29.40789816",
"5/18/2009","66.5625","38.872501373291","526","25.675","15.71","0.7965088704","3.59448335828838","0.429348334714655","22.59287136",
"5/19/2009","66.5625","38.872501373291","526","25.807","15.167","4.50439416","2.06361227592762","0.578242326273009","24.85710288",
"5/20/2009","66.5625","38.872501373291","526","26.992","13.377","0.0480651912","2.24103916520082","0.43915031463158","29.76677316",
"5/21/2009","66.5625","38.872501373291","526","26.106","11.862","0","3.12366616973135","0.307901693835218","29.64448368",
"5/22/2009","66.5625","38.872501373291","526","27.421","9.76100000000002","0","2.48612625189134","0.329198708639001","30.59357004",
"5/23/2009","66.5625","38.872501373291","526","29.554","15.004","0","3.05873652870266","0.204167228980527","30.30937092",
"5/24/2009","66.5625","38.872501373291","526","29.539","16.787","0","4.22899832394814","0.246804370596853","29.05306344",
"5/25/2009","66.5625","38.872501373291","526","29.706","14.426","0","3.09997239436733","0.281978340215346","30.71182608",
"5/26/2009","66.5625","38.872501373291","526","30.538","13.421","0","2.29712391399653","0.203419347674441","31.0303692",
"5/27/2009","66.5625","38.872501373291","526","31.813","15.312","0","2.49472278713727","0.153657616347494","30.772098",
"5/28/2009","66.5625","38.872501373291","526","32.652","17.104","0","4.16778974616167","0.15422420313158","31.02120216",
"5/29/2009","66.5625","38.872501373291","526","34.237","20.272","0","5.46324841172804","0.165052542911845","30.84912612",
"5/30/2009","66.5625","38.872501373291","526","34.734","20.726","0","4.89374773655828","0.167719853960741","27.4616496",
"5/31/2009","66.5625","38.872501373291","526","30.319","17.213","0.01373292","3.33220963552773","0.294414451726399","29.06904348",
"6/1/2009","66.5625","38.872501373291","526","27.075","14.855","0","2.84875511027603","0.397762908398842","29.06898516",
"6/2/2009","66.5625","38.872501373291","526","23.941","12.074","0","3.11901369410406","0.390018367811887","29.53254816",
"6/3/2009","66.5625","38.872501373291","526","26.032","9.12599999999998","0","2.72375319687654","0.269695468206182","31.29080652",
"6/4/2009","66.5625","38.872501373291","526","27.249","12.996","0","2.48539646956754","0.315870302825943","25.77858588",
"6/5/2009","66.5625","38.872501373291","526","27.121","13.621","0","1.88305042618702","0.295189185747422","28.08979308",
"6/6/2009","66.5625","38.872501373291","526","25.268","16.629","0.0171661392","3.3548831677998","0.295115634356099","24.35146776",
"6/7/2009","66.5625","38.872501373291","526","28.245","16.125","0","2.75775989975617","0.291573581797945","29.05701012",
"6/8/2009","66.5625","38.872501373291","526","29.603","15.934","0","3.74889069230516","0.331059122367882","29.2046094",
"6/9/2009","66.5625","38.872501373291","526","31.235","17.125","0","3.8450065732744","0.30241573304866","29.8961532",
"6/10/2009","66.5625","38.872501373291","526","32.624","18.53","0","4.93750855998641","0.228576088246156","30.89559096",
"6/11/2009","66.5625","38.872501373291","526","32.328","19.318","0","4.34531218227385","0.241498033854268","30.22678224",
"6/12/2009","66.5625","38.872501373291","526","32.176","18.494","0","3.99651301654068","0.241673993908516","30.52373148",
"6/13/2009","66.5625","38.872501373291","526","32.162","19.117","0","4.12963561353005","0.273579455098364","29.80738188",
"6/14/2009","66.5625","38.872501373291","526","32.574","19.044","0","4.11407078486334","0.24072196514795","30.93294708",
"6/15/2009","66.5625","38.872501373291","526","32.894","18.937","0","4.12395876287127","0.195604829026773","30.95909748",
"6/16/2009","66.5625","38.872501373291","526","31.758","18.843","0","4.50926832672972","0.213231305231476","30.94267644",
"6/17/2009","66.5625","38.872501373291","526","31.033","18.504","0","5.5215739688363","0.214888102608158","31.58202204",
"6/18/2009","66.5625","38.872501373291","526","30.912","17.791","0","3.51512557656286","0.20168526695042","29.03709168",
"6/19/2009","66.5625","38.872501373291","526","32.605","17.97","0","2.37214173797319","0.188865774901701","28.67596956",
"6/20/2009","66.5625","38.872501373291","526","33.963","17.685","0","2.25543810241616","0.186329511948305","30.90048696",
"6/21/2009","66.5625","38.872501373291","526","34.501","18.498","0","3.13699331163115","0.180580229282931","31.14053316",
"6/22/2009","66.5625","38.872501373291","526","33.836","19.668","0","3.88676510334965","0.184905502381422","31.11126156",
"6/23/2009","66.5625","38.872501373291","526","31.747","16.144","0","3.01536987681376","0.242431950623603","30.63358548",
"6/24/2009","66.5625","38.872501373291","526","32.152","16.55","0","3.36033336358455","0.29077438563724","30.59898336",
"6/25/2009","66.5625","38.872501373291","526","34.619","19.692","0","4.67382302011028","0.253897989851323","30.79338408",
"6/26/2009","66.5625","38.872501373291","526","34.389","20.554","0","5.04485973540286","0.242067068055353","30.87983736",
"6/27/2009","66.5625","38.872501373291","526","36.048","20.298","0","4.32573146946141","0.182181599967934","31.35831624",
"6/28/2009","66.5625","38.872501373291","526","35.686","19.522","0","3.35264624298412","0.196872095297912","30.93407208",
"6/29/2009","66.5625","38.872501373291","526","30.06","19.382","0","5.7005801006589","0.242720415723511","31.27193784",
"6/30/2009","66.5625","38.872501373291","526","32.621","17.11","0","4.10122481231104","0.152210501163495","31.51604016",
"7/1/2009","66.5625","38.872501373291","526","32.167","15.024","0","2.72596037338424","0.0999458030935757","32.25865212",
"7/2/2009","66.5625","38.872501373291","526","32.32","16.829","0","3.26632136663723","0.132241308340469","26.5615254",
"7/3/2009","66.5625","38.872501373291","526","29.086","15.202","0","3.85660999408206","0.180065702280911","28.53596088",
"7/4/2009","66.5625","38.872501373291","526","29.682","12.061","0","2.44624442434827","0.19327743630493","31.6686312",
"7/5/2009","66.5625","38.872501373291","526","31.847","16.713","0","3.11906814960112","0.145497440128413","29.60167284",
"7/6/2009","66.5625","38.872501373291","526","35.177","17.448","0","2.44602953021699","0.144538169201497","30.76200504",
"7/7/2009","66.5625","38.872501373291","526","35.686","18.543","0","2.46446815399112","0.173165458899426","28.8889254",
"7/8/2009","66.5625","38.872501373291","526","36.153","20.928","0","4.24885812691097","0.149635563427287","30.6263808",
"7/9/2009","66.5625","38.872501373291","526","35.644","22.679","0","4.50329107180884","0.171477134686384","30.29203872",
"7/10/2009","66.5625","38.872501373291","526","35.963","21.126","0","3.8281124386629","0.190638037017373","30.87443592",
"7/11/2009","66.5625","38.872501373291","526","35.936","19.444","0","3.33380269356374","0.178836041290039","30.5891964",
"7/12/2009","66.5625","38.872501373291","526","34.762","19.671","0","3.91282101531589","0.170477639949549","30.52535328",
"7/13/2009","66.5625","38.872501373291","526","33.153","19.992","0","4.56967287091339","0.195662980611401","30.2551254",
"7/14/2009","66.5625","38.872501373291","526","34.392","17.022","0","3.09577782268157","0.197587658818231","30.6001134",
"7/15/2009","66.5625","38.872501373291","526","35.387","18.454","0","3.10310515518908","0.177339677781624","30.645958968",
"7/16/2009","66.5625","38.872501373291","526","35.605","18.367","0","3.25099026437406","0.177551570773214","30.59493462",
"7/17/2009","66.5625","38.872501373291","526","35.427","20.742","0","4.67035968803849","0.180196299225777","30.6867996",
"7/18/2009","66.5625","38.872501373291","526","36.367","20.753","0","3.83067290996183","0.174725558748835","30.154388832",
"7/19/2009","66.5625","38.872501373291","526","36.825","21.341","0","4.13681316869324","0.191096547874484","30.1642299",
"7/20/2009","66.5625","38.872501373291","526","37.138","19.2","0","3.28665883507588","0.179525515044389","30.13689366",
"7/21/2009","66.5625","38.872501373291","526","37.144","21.432","0","4.03531107533526","0.155734561900689","30.0186585",
"7/22/2009","66.5625","38.872501373291","526","37.232","22.443","0","4.88883756196627","0.162099962092643","29.766593592",
"7/23/2009","66.5625","38.872501373291","526","37.228","22.571","0","4.65985770897772","0.149390987012643","29.844838008",
"7/24/2009","66.5625","38.872501373291","526","37.435","22.307","0","3.93222561386624","0.125265397020006","29.6188866",
"7/25/2009","66.5625","38.872501373291","526","38.567","22.423","0","4.06083692076529","0.128979601471405","29.585588472",
"7/26/2009","66.5625","38.872501373291","526","38.645","24.751","0","6.55070881548711","0.162991016689461","29.28779802",
"7/27/2009","66.5625","38.872501373291","526","38.467","26.523","0","7.07941876452917","0.159551840370271","29.03950872",
"7/28/2009","66.5625","38.872501373291","526","37.122","24.117","0","5.65544553480146","0.187325319679218","28.732054248",
"7/29/2009","66.5625","38.872501373291","526","35.808","20.804","0","4.01863450626835","0.174295245317186","28.841170608",
"7/30/2009","66.5625","38.872501373291","526","34.827","16.484","0","2.83353758763546","0.187362076710575","29.13429114",
"7/31/2009","66.5625","38.872501373291","526","36.1","16.683","0","2.81673359149511","0.203773383564063","28.387354392",
"8/1/2009","66.5625","38.872501373291","526","33.618","19.01","0","2.80342824679492","0.292757078442212","26.640397008",
"8/2/2009","66.5625","38.872501373291","526","35.627","19.239","0","3.2841323316223","0.247023572048245","27.9812835",
"8/3/2009","66.5625","38.872501373291","526","34.147","18.106","0","2.65338684712125","0.271227418745765","28.43009874",
"8/4/2009","66.5625","38.872501373291","526","34.26","19.155","0","4.1567721826949","0.250619974213729","28.199814552",
"8/5/2009","66.5625","38.872501373291","526","33.357","19.406","0","3.9224891462875","0.223525409602532","28.451524608",
"8/6/2009","66.5625","38.872501373291","526","34.339","17.018","0","3.21729995524193","0.197332411188243","28.231544232",
"8/7/2009","66.5625","38.872501373291","526","35.069","18.34","0","3.78923593494659","0.193514749400486","28.16712864",
"8/8/2009","66.5625","38.872501373291","526","36.284","19.698","0","3.13759940850333","0.187456592797846","28.00782999",
"8/9/2009","66.5625","38.872501373291","526","37.106","19.677","0","3.33684081754887","0.182487410188695","27.87446421",
"8/10/2009","66.5625","38.872501373291","526","38.367","19.724","0","3.46273583327766","0.157762364925176","27.46884438",
"8/11/2009","66.5625","38.872501373291","526","35.992","20.606","0","3.97109751344861","0.205162018573278","27.2312928",
"8/12/2009","66.5625","38.872501373291","526","38.653","21.196","0","4.2366249631188","0.175302861732603","27.38430018",
"8/13/2009","66.5625","38.872501373291","526","39.602","22.872","0","4.813671546195","0.133118528953761","27.1323594",
"8/14/2009","66.5625","38.872501373291","526","38.254","24.947","0","5.78476940753946","0.118825758045675","27.6747156",
"8/15/2009","66.5625","38.872501373291","526","37.334","21.098","0","5.07826964703085","0.152895807050676","27.41101776",
"8/16/2009","66.5625","38.872501373291","526","34.069","20.511","0","4.17261577928924","0.141394687361825","26.87568588",
"8/17/2009","66.5625","38.872501373291","526","34.727","18.383","0","3.61624185121736","0.154409802244548","26.78950944",
"8/18/2009","66.5625","38.872501373291","526","34.19","16.363","0","3.17428958344005","0.178909455231396","26.90853732",
"8/19/2009","66.5625","38.872501373291","526","31.721","13.874","0","2.8134127083911","0.266302164617327","26.78877648",
"8/20/2009","66.5625","38.872501373291","526","31.296","11.297","0","3.01333965681398","0.210550867694726","26.9650062",
"8/21/2009","66.5625","38.872501373291","526","31.565","14.135","0","2.65961014365884","0.192107376054426","26.30103408",
"8/22/2009","66.5625","38.872501373291","526","31.835","14.806","0","2.85024416649948","0.196228446829885","25.75738368",
"8/23/2009","66.5625","38.872501373291","526","33.327","17.266","0","2.80167293425692","0.185407101088433","26.08796448",
"8/24/2009","66.5625","38.872501373291","526","34.778","17.176","0","3.16566047885939","0.171894306989601","24.44338296",
"8/25/2009","66.5625","38.872501373291","526","26.908","16.453","0.267791688","3.71968019015912","0.401595902702231","24.04276668",
"8/26/2009","66.5625","38.872501373291","526","30.51","11.882","0","2.48139570391122","0.318666450558989","25.54801992",
"8/27/2009","66.5625","38.872501373291","526","31.095","11.382","0","2.5649773029317","0.252928140784028","25.60044708",
"8/28/2009","66.5625","38.872501373291","526","34.531","15.738","0","3.70255590056141","0.20157901079625","24.81266952",
"8/29/2009","66.5625","38.872501373291","526","31.247","18.003","0","3.71697221122932","0.253400622549632","24.1604964",
"8/30/2009","66.5625","38.872501373291","526","30.91","14","0","2.691052989725","0.312359161343958","24.66134604",
"8/31/2009","66.5625","38.872501373291","526","31.574","13.098","0","2.67620165742013","0.270314536646716","24.5260674",
"9/1/2009","66.5625","38.872501373291","526","29.88","11.164","0","2.98773898429733","0.276022497715729","24.87993768",
"9/2/2009","66.5625","38.872501373291","526","28.613","14.521","0","3.93296316280345","0.263736483238696","23.45563368",
"9/3/2009","66.5625","38.872501373291","526","27.882","12.253","0","3.08499557904061","0.317629842408873","24.52370148",
"9/4/2009","66.5625","38.872501373291","526","27.808","13.193","0","3.20929342430433","0.220738995446458","24.86227428",
"9/5/2009","66.5625","38.872501373291","526","27.401","8.92099999999999","0","2.84958424388955","0.214830759169219","24.6644388",
"9/6/2009","66.5625","38.872501373291","526","26.452","8.90199999999999","0","2.76140517761675","0.266612532343305","24.40165104",
"9/7/2009","66.5625","38.872501373291","526","26.709","8.15899999999999","0","2.51913554505593","0.26880353730315","24.33475584",
"9/8/2009","66.5625","38.872501373291","526","24.466","10.915","0","3.62271062857728","0.275006934859102","24.12332676",
"9/9/2009","66.5625","38.872501373291","526","22.647","5.44400000000002","0","2.24732642565141","0.355540936681491","24.02887464",
"9/10/2009","66.5625","38.872501373291","526","25.487","9.69999999999999","0","3.3052693790563","0.193225522195387","24.13333296",
"9/11/2009","66.5625","38.872501373291","526","27.671","8.15300000000002","0","2.64943944852776","0.17634368114562","23.8368906",
"9/12/2009","66.5625","38.872501373291","526","28.695","10.522","0","2.61609778230345","0.142103826089242","23.1455826",
"9/13/2009","66.5625","38.872501373291","526","31.301","13.061","0","2.57773002390331","0.195816594960379","22.37276484",
"9/14/2009","66.5625","38.872501373291","526","32.051","14.341","0","2.41615837794236","0.212068114411289","22.56457644",
"9/15/2009","66.5625","38.872501373291","526","31.623","15.237","0","2.41667216583576","0.212666228109066","21.19556286",
"9/16/2009","66.5625","38.872501373291","526","25.656","13.355","0.02059938","2.49574851596105","0.403105359752602","18.019180728",
"9/17/2009","66.5625","38.872501373291","526","28.789","12.465","0","2.39615332285251","0.391363448295582","21.53621646",
"9/18/2009","66.5625","38.872501373291","526","32.252","17.296","0","3.01144468939806","0.258206023131593","21.218898528",
"9/19/2009","66.5625","38.872501373291","526","31.603","18.515","0","2.94721129243803","0.263951405470083","19.831778208",
"9/20/2009","66.5625","38.872501373291","526","32.305","18.505","0.45661968","3.2612263142455","0.336400722609578","19.22523696",
"9/21/2009","66.5625","38.872501373291","526","32.947","15.853","0","2.40454991692613","0.396169356684318","19.436345928",
"9/22/2009","66.5625","38.872501373291","526","28.655","16.17","0","3.03950173117846","0.340364349692346","20.10532716",
"9/23/2009","66.5625","38.872501373291","526","28.512","14.657","0","2.53113864740834","0.337822317681741","20.36536722",
"9/24/2009","66.5625","38.872501373291","526","32.144","13.77","0","2.1700800464632","0.29308348275591","20.19313296",
"9/25/2009","66.5625","38.872501373291","526","31.626","16.427","0","3.57138505666353","0.377163825934516","19.35107226",
"9/26/2009","66.5625","38.872501373291","526","24.383","12.359","0","2.58905252420337","0.555063605458796","18.946686672",
"9/27/2009","66.5625","38.872501373291","526","26.129","12.583","0","2.0402399781241","0.40263656877855","19.472179248",
"9/28/2009","66.5625","38.872501373291","526","27.521","11.881","0","2.38523492970947","0.388835419235709","19.7571366",
"9/29/2009","66.5625","38.872501373291","526","28.847","13.006","0","2.87565113784605","0.271027972978208","19.731879072",
"9/30/2009","66.5625","38.872501373291","526","33.084","17.456","0","2.45829212270222","0.174117965623529","17.282143368",
"10/1/2009","66.5625","38.872501373291","526","32.95","17.246","0","2.89086058988824","0.221593444303274","19.20492918",
"10/2/2009","66.5625","38.872501373291","526","26.567","11.579","0","2.97237602242191","0.293215714291358","18.89679276",
"10/3/2009","66.5625","38.872501373291","526","25.577","12.152","0","3.58959750083197","0.395109711081499","18.96502878",
"10/4/2009","66.5625","38.872501373291","526","24.507","10.369","0","2.52448236271813","0.38749379094864","18.85960782",
"10/5/2009","66.5625","38.872501373291","526","24.471","8.00099999999998","0","2.22828244931516","0.385709843507907","18.60570144",
"10/6/2009","66.5625","38.872501373291","526","24.552","10.832","0","2.38742505883579","0.345523477328204","18.16768566",
"10/7/2009","66.5625","38.872501373291","526","24.111","8.28300000000002","0","2.35405199935997","0.351588405249313","18.26353062",
"10/8/2009","66.5625","38.872501373291","526","22.32","5.67899999999997","0","2.09106552096622","0.331398178797187","18.1958634",
"10/9/2009","66.5625","38.872501373291","526","17.981","4.27699999999999","0","2.46748742789266","0.443570425066736","17.98729146",
"10/10/2009","66.5625","38.872501373291","526","18.803","3.18599999999998","0","2.27986211296677","0.291575353106205","18.0852777",
"10/11/2009","66.5625","38.872501373291","526","21.261","3.428","0","2.36179809976228","0.209571205635918","17.9405415",
"10/12/2009","66.5625","38.872501373291","526","22.408","5.78199999999998","0","2.75999427387831","0.189184965477115","17.92135962",
"10/13/2009","66.5625","38.872501373291","526","23.65","5.56900000000002","0","2.67569319026507","0.216409738473908","17.41961016",
"10/14/2009","66.5625","38.872501373291","526","22.799","8.71199999999999","0","2.78460821982953","0.175139741091811","17.18690652",
"10/15/2009","66.5625","38.872501373291","526","23.577","6.40499999999997","0","2.31233833230396","0.186240989180471","17.236629",
"10/16/2009","66.5625","38.872501373291","526","23.04","5.524","0","2.20082218795623","0.221375823849887","17.01304002",
"10/17/2009","66.5625","38.872501373291","526","21.386","4.96499999999998","0","2.4388796816896","0.251751788047217","16.8110406",
"10/18/2009","66.5625","38.872501373291","526","21.021","5.36200000000002","0","2.5391284644589","0.246451621181442","16.72678188",
"10/19/2009","66.5625","38.872501373291","526","20.95","4.14100000000002","0","2.47499332857723","0.268584505938636","16.45312482",
"10/20/2009","66.5625","38.872501373291","526","20.506","4.72000000000003","0","1.92202807827626","0.30287033143003","12.668514588",
"10/21/2009","66.5625","38.872501373291","526","20.199","6.15300000000002","0","2.39879706603146","0.338732621032812","15.77553894",
"10/22/2009","66.5625","38.872501373291","526","19.807","4.90899999999999","0","2.18982979095159","0.376429960889067","15.4170513",
"10/23/2009","66.5625","38.872501373291","526","18.842","2.827","0","2.00313118849282","0.362167047822979","15.59705814",
"10/24/2009","66.5625","38.872501373291","526","18.491","2.84399999999999","0","2.22008195377039","0.282726088678473","15.632437572",
"10/25/2009","66.5625","38.872501373291","526","19.86","2.512","0","2.13416657990413","0.267532348026511","15.530736672",
"10/26/2009","66.5625","38.872501373291","526","22.663","10.292","0","4.58988533757466","0.126344817092073","14.950186704",
"10/27/2009","66.5625","38.872501373291","526","16.873","5.87799999999999","0.089263908","3.41706401529283","0.343951787300444","8.0836362",
"10/28/2009","66.5625","38.872501373291","526","13.44","1.77600000000001","0","3.18333602419944","0.453061914494953","15.12663948",
"10/29/2009","66.5625","38.872501373291","526","20.484","4.08600000000001","0","3.05281899752618","0.300914572501875","14.87728728",
"10/30/2009","66.5625","38.872501373291","526","24.021","13.819","0.0205993728","5.4601819804118","0.305985449543637","13.5041121",
"10/31/2009","66.5625","38.872501373291","526","25.614","15.082","0","3.59719557671576","0.373223407421273","13.48419708",
"11/1/2009","66.5625","38.872501373291","526","26.064","12.897","0","2.92594254816203","0.44125284957032","13.31691102",
"11/2/2009","66.5625","38.872501373291","526","21.231","15.602","4.231452888","3.46715603587702","0.57023202976234","10.034325612",
"11/3/2009","66.5625","38.872501373291","526","26.942","15.324","0","5.51437661517622","0.381243864766758","13.40994024",
"11/4/2009","66.5625","38.872501373291","526","28.391","15.082","1.0385516088","6.61498970507175","0.335230180918351","8.523727488",
"11/5/2009","66.5625","38.872501373291","526","21.801","13.352","0","2.27109758088324","0.503310821519749","12.581553168",
"11/6/2009","66.5625","38.872501373291","526","21.901","10.847","0","2.16719095672616","0.49343342414486","11.9999817",
"11/7/2009","66.5625","38.872501373291","526","15.173","6.43200000000002","0","2.33502752813315","0.518559062685443","12.491771508",
"11/8/2009","66.5625","38.872501373291","526","7.983","0.382999999999981","0.2025604944","2.54109232728175","0.642855383906074","10.562232528",
"11/9/2009","66.5625","38.872501373291","526","4.97899999999999","-2.18900000000002","0","2.19825776200068","0.669722549937145","11.47190418",
"11/10/2009","66.5625","38.872501373291","526","9.868","-3.40800000000002","0","1.80737629275368","0.536152828811051","13.08600018",
"11/11/2009","66.5625","38.872501373291","526","14.759","-0.0199999999999818","0","2.00704092475916","0.312718802924422","13.0475232",
"11/12/2009","66.5625","38.872501373291","526","15.895","0.408000000000015","0","1.58349708268492","0.29522838496075","13.046962032",
"11/13/2009","66.5625","38.872501373291","526","15.473","1.76499999999999","0","1.50320875920001","0.254327375259203","12.420117",
"11/14/2009","66.5625","38.872501373291","526","13.784","3.17899999999997","0","1.72668290543921","0.380314193045652","10.79072172",
"11/15/2009","66.5625","38.872501373291","526","10.979","-2.096","0","1.61528558219424","0.493134368264034","12.472818732",
"11/16/2009","66.5625","38.872501373291","526","9.88299999999998","-2.67599999999999","0","1.57687636054145","0.539696685982831","12.173851368",
"11/17/2009","66.5625","38.872501373291","526","9.86599999999999","-2.476","0","2.11203513264101","0.479863954851159","12.271105008",
"11/18/2009","66.5625","38.872501373291","526","14.325","1.868","0","2.92015286148404","0.292943080280495","12.390241032",
"11/19/2009","66.5625","38.872501373291","526","18.795","5.887","0","3.97430326888427","0.166657456041128","12.5137674",
"11/20/2009","66.5625","38.872501373291","526","14.163","6.03800000000001","0.2283097104","3.4231086712208","0.147125030462956","8.99746623",
"11/21/2009","66.5625","38.872501373291","526","18.037","6.50999999999999","0","5.00235672310716","0.333479806664813","11.429603352",
"11/22/2009","66.5625","38.872501373291","526","13.557","6.38099999999997","20.93582376","4.85887681971305","0.577436354698599","1.2049308",
"11/23/2009","66.5625","38.872501373291","526","9.74200000000002","3.625","6.828687612","3.51573198018023","0.656678644413984","11.124510012",
"11/24/2009","66.5625","38.872501373291","526","7.63","2.55599999999998","8.394235452","2.44388558284555","0.629968694316803","1.66438125",
"11/25/2009","66.5625","38.872501373291","526","7.54399999999998","-0.0710000000000264","0","1.65377076053171","0.756994409067454","10.93832244",
"11/26/2009","66.5625","38.872501373291","526","12.836","1.238","0","3.03982046739593","0.502241846718323","11.33994393",
"11/27/2009","66.5625","38.872501373291","526","14.193","5.52600000000001","1.665117036","4.09690261890089","0.431061027028115","10.60745562",
"11/28/2009","66.5625","38.872501373291","526","6.56","1.5","10.3528962504","1.71538552983589","0.78390197801044","7.13902185",
"11/29/2009","66.5625","38.872501373291","526","9.44499999999999","-0.694999999999993","0","1.80794391369096","0.709438737037581","10.79578647",
"11/30/2009","66.5625","38.872501373291","526","11.345","2.52300000000002","0","1.62456652593805","0.491984476065519","7.93254519",
"12/1/2009","66.5625","38.872501373291","526","9.38299999999998","2.45800000000003","0.988769628","1.48461250680756","0.75941669278578","7.59875823",
"12/2/2009","66.5625","38.872501373291","526","7.928","1.73599999999999","1.050567156","0.797159050964507","0.829405762874636","3.92270841",
"12/3/2009","66.5625","38.872501373291","526","4.72500000000002","0.440999999999974","12.17422404","2.20926781915932","0.88616798903912","2.21889357",
"12/4/2009","66.5625","38.872501373291","526","3.18299999999999","-1.774","1.558686024","1.99279240935836","0.752310633112445","9.78457212",
"12/5/2009","66.5625","38.872501373291","526","5.98099999999999","-1.35000000000002","0.0789642864","1.61647716115467","0.719328975304616","9.42608988",
"12/6/2009","66.5625","38.872501373291","526","9.20999999999998","-0.624000000000024","0","2.089884282897","0.509875229343839","10.82531277",
"12/7/2009","66.5625","38.872501373291","526","12.212","2.28300000000002","0","4.29830040848512","0.297089024146576","9.8455509",
"12/8/2009","66.5625","38.872501373291","526","10.883","1.55500000000001","3.021240744","1.74304400725546","0.557742418075197","8.86038642",
"12/9/2009","66.5625","38.872501373291","526","5.64800000000002","1.03699999999998","1.92604266","1.96513502460004","0.854928520722794","6.71326758",
"12/10/2009","66.5625","38.872501373291","526","2.26499999999999","-1.40600000000001","0.8222577264","2.17317888065048","0.846676831069368","7.83072918",
"12/11/2009","66.5625","38.872501373291","526","6.81700000000001","-1.66199999999998","0.0034332264","0.987796987942728","0.785063258271822","8.7073857",
"12/12/2009","66.5625","38.872501373291","526","6.45499999999998","0.509999999999991","1.93977396","1.4126482274123","0.830281881006954","9.05062923",
"12/13/2009","66.5625","38.872501373291","526","10.281","0.475000000000023","0","3.03732388496742","0.577914412291538","10.2466134",
"12/14/2009","66.5625","38.872501373291","526","13.068","5.43900000000002","0.0480651984","5.33738698880734","0.426742973947786","7.30017855",
"12/15/2009","66.5625","38.872501373291","526","11.188","7.93400000000003","1.69601436","5.34052413051533","0.549304764435119","2.36936493",
"12/16/2009","66.5625","38.872501373291","526","7.27699999999999","1.99799999999999","9.1976184","2.53581971598174","0.714477367772893","8.70367545",
"12/17/2009","66.5625","38.872501373291","526","12.784","3.37700000000001","0","4.59927260996531","0.394943167118779","10.28171286",
"12/18/2009","66.5625","38.872501373291","526","15.132","6.702","0","5.43599460919642","0.226119290540571","8.39520108",
"12/19/2009","66.5625","38.872501373291","526","15.939","8.03500000000003","0.40168782","3.5521536194981","0.320650900784807","7.73454438",
"12/20/2009","66.5625","38.872501373291","526","12.941","7.71699999999998","2.368926216","5.03763863470173","0.66776727150159","8.71458138",
"12/21/2009","66.5625","38.872501373291","526","12.949","7.68099999999998","1.658248524","5.30017335646797","0.642725164821129","9.47081367",
"12/22/2009","66.5625","38.872501373291","526","11.961","4.21800000000002","0.14419566","2.16233995415288","0.731866696110326","7.208885052",
"12/23/2009","66.5625","38.872501373291","526","11.409","2.11399999999998","0","1.87403580954089","0.782565983327154","9.932399028",
"12/24/2009","66.5625","38.872501373291","526","10.804","1.49799999999999","0","1.50037469462634","0.69527591682103","9.583704918",
"12/25/2009","66.5625","38.872501373291","526","10.17","1.642","0","1.1269732826637","0.556654953367972","6.80558148",
"12/26/2009","66.5625","38.872501373291","526","7.35700000000003","1.38999999999999","0.49953474","1.75673814708687","0.644655913312265","4.51901682",
"12/27/2009","66.5625","38.872501373291","526","10.031","0.336999999999989","0.102996828","0.885038410468273","0.63107150268676","9.20379285",
"12/28/2009","66.5625","38.872501373291","526","8.25","1.25999999999999","0.315857304","1.0846830630685","0.829119763834783","5.59220643",
"12/29/2009","66.5625","38.872501373291","526","10.732","0.175999999999988","0","1.79815315101836","0.736805698819006","10.069538868",
"12/30/2009","66.5625","38.872501373291","526","15.67","5.185","0","4.85185645352937","0.398333548677576","10.320128064",
"12/31/2009","66.5625","38.872501373291","526","15.693","6.755","0","3.13582657508445","0.412108537100005","9.334405332",
"1/1/2010","66.5625","38.872501373291","526","16.399","7.25999999999999","0","2.00375927109579","0.355588873213817","9.704814444",
"1/2/2010","66.5625","38.872501373291","526","13.14","3.39400000000001","0.0102996864","1.66570337231952","0.429944641362294","7.121929212",
"1/3/2010","66.5625","38.872501373291","526","14.651","9.10599999999999","1.26686088","5.44769231821618","0.461864830375716","7.898121252",
"1/4/2010","66.5625","38.872501373291","526","16.535","10.212","0","6.18251159181187","0.386735811286915","9.654752556",
"1/5/2010","66.5625","38.872501373291","526","16.56","8.89499999999998","0","4.97608852766884","0.395988061304214","10.184230188",
"1/6/2010","66.5625","38.872501373291","526","8.58600000000001","1.99099999999999","0.659179044","2.55046737239672","0.723145088393848","6.796855548",
"1/7/2010","66.5625","38.872501373291","526","2.18900000000002","-3.26499999999999","3.2890329792","2.18962631519634","0.731945745895475","3.576601152",
"1/8/2010","66.5625","38.872501373291","526","3.59699999999998","-4.29300000000001","0","1.54790186735332","0.583563653702405","10.44090288",
"1/9/2010","66.5625","38.872501373291","526","2.91500000000002","-6.38499999999999","0","1.2431549166201","0.59884844417549","10.96548678",
"1/10/2010","66.5625","38.872501373291","526","4.27600000000001","-7.41399999999999","0","1.88548621007087","0.55906929529418","11.08777608",
"1/11/2010","66.5625","38.872501373291","526","7.38400000000001","-5.75099999999998","0","1.81373737619095","0.359275615256583","11.238133968",
"1/12/2010","66.5625","38.872501373291","526","13.975","1.87599999999998","0","5.12848859635729","0.204426932534644","11.521962972",
"1/13/2010","66.5625","38.872501373291","526","12.459","5.29399999999998","0","4.70540403697934","0.274429496173082","10.668490488",
"1/14/2010","66.5625","38.872501373291","526","16.488","6.40199999999999","0.0240325992","5.11422981842444","0.2516338829616","9.734122836",
"1/15/2010","66.5625","38.872501373291","526","14.328","3.52100000000002","0.0137329056","2.43032966868623","0.382954363052875","8.119070964",
"1/16/2010","66.5625","38.872501373291","526","16.211","4.20800000000003","0.0068664528","3.06248639310129","0.415535059433854","10.224619668",
"1/17/2010","66.5625","38.872501373291","526","10.711","4.08800000000002","2.6985171312","3.11474276086564","0.706456992034994","5.357590488",
"1/18/2010","66.5625","38.872501373291","526","5.89699999999999","-0.505999999999972","0.3038406336","1.64443569026396","0.782205976086497","10.1109951",
"1/19/2010","66.5625","38.872501373291","526","9.69900000000001","-0.646000000000015","0.0377655264","1.64533482775189","0.670642162851137","10.632825216",
"1/20/2010","66.5625","38.872501373291","526","13.446","6.03399999999999","0.0617981184","2.93072088547505","0.561648290922212","5.653352268",
"1/21/2010","66.5625","38.872501373291","526","14.884","5.56400000000002","0","2.52131595905415","0.547674009945017","11.215293048",
"1/22/2010","66.5625","38.872501373291","526","10.095","5.18799999999999","4.34990232","1.42345544564466","0.831626857511574","5.434253928",
"1/23/2010","66.5625","38.872501373291","526","8.99900000000002","1.55500000000001","0.4119871536","1.2874271856569","0.880108563207652","7.13143314",
"1/24/2010","66.5625","38.872501373291","526","10.201","0.317999999999984","0","1.64600786368149","0.733143449379608","11.87774658",
"1/25/2010","66.5625","38.872501373291","526","15.427","3.92899999999997","0","3.59531562494811","0.527196227010072","12.14702118",
"1/26/2010","66.5625","38.872501373291","526","13.945","9.25299999999999","1.198196856","3.78160852094606","0.371164770527297","6.226535052",
"1/27/2010","66.5625","38.872501373291","526","9.13799999999998","1.32799999999997","9.451668708","3.99391915600938","0.821088371866333","6.67158732",
"1/28/2010","66.5625","38.872501373291","526","2.75599999999997","-1.69200000000001","9.64393632","3.5923422554242","0.855456709764876","5.91733296",
"1/29/2010","66.5625","38.872501373291","526","9.74799999999999","-1.72199999999998","0.0789642","3.74014627269992","0.588047146422799","12.86465796",
"1/30/2010","66.5625","38.872501373291","526","13.933","5.38900000000001","0.0652313232","3.78332572546502","0.390164184659633","11.98018224",
"1/31/2010","66.5625","38.872501373291","526","10.444","3.28500000000003","3.637504116","1.94997162749505","0.75037385021919","10.518972948",
"2/1/2010","66.5625","38.872501373291","526","11.648","2.11599999999999","0","2.38504464130752","0.601019305003004","12.959499168",
"2/2/2010","66.5625","38.872501373291","526","13.389","3.464","0","2.92753648165115","0.492833004289352","12.978954288",
"2/3/2010","66.5625","38.872501373291","526","12.694","1.762","0","2.24626344575591","0.648979884211072","12.983064768",
"2/4/2010","66.5625","38.872501373291","526","15.51","4.58300000000003","0.0214576704","3.80133781511571","0.514862584785569","13.06969038",
"2/5/2010","66.5625","38.872501373291","526","13.341","8.79899999999998","10.8318350376","4.97402792993063","0.68008940713996","3.49441902",
"2/6/2010","66.5625","38.872501373291","526","10.042","1.27300000000002","8.9212388184","3.23881520963516","0.828872047213448","3.12491124",
"2/7/2010","66.5625","38.872501373291","526","2.79700000000003","-3.32400000000001","3.201485832","3.91905168643107","0.829475043894727","4.473729504",
"2/8/2010","66.5625","38.872501373291","526","-3.755","-7.94299999999998","1.100350296","4.03823954285537","0.656660386637631","10.287733392",
"2/9/2010","66.5625","38.872501373291","526","-0.670999999999992","-8.75799999999998","0.1081467","2.13431827910442","0.55217129773771","14.25790782",
"2/10/2010","66.5625","38.872501373291","526","5.40199999999999","-5.28300000000002","0","2.61039743685247","0.306819584209691","14.82744438",
"2/11/2010","66.5625","38.872501373291","526","3.78300000000002","-2.28100000000001","1.3441088304","1.79477393654989","0.629395055331619","8.66514204",
"2/12/2010","66.5625","38.872501373291","526","2.40199999999999","-4.13799999999998","1.3269426768","2.48746325980818","0.635821030045043","13.055121504",
"2/13/2010","66.5625","38.872501373291","526","-1.11200000000002","-8.50999999999999","2.451324636","2.89434050069727","0.530890225931764","15.4709991",
"2/14/2010","66.5625","38.872501373291","526","-2.452","-11.542","0","2.5887942676552","0.401825078356877","15.83836884",
"2/15/2010","66.5625","38.872501373291","526","-0.363","-10.858","0","1.89219792196337","0.454633399572874","15.9341616",
"2/16/2010","66.5625","38.872501373291","526","8.09899999999999","-7.16699999999997","0","2.44749769016811","0.25821531465445","16.34788422",
"2/17/2010","66.5625","38.872501373291","526","14.658","2.24400000000003","0.0720979344","6.71328462899979","0.25196917163487","11.26496592",
"2/18/2010","66.5625","38.872501373291","526","14.464","5.517","2.86674678","4.14648230315398","0.6307682926878","13.0997799",
"2/19/2010","66.5625","38.872501373291","526","15.842","7.91000000000003","2.3895270792","3.88623971648575","0.731218893542576","12.05792262",
"2/20/2010","66.5625","38.872501373291","526","16.768","8.96300000000002","7.814021544","4.25787164297745","0.72208394195763","11.1504987",
"2/21/2010","66.5625","38.872501373291","526","20.282","8.62799999999999","3.3285185064","3.14523971185645","0.696382508029815","14.96531304",
"2/22/2010","66.5625","38.872501373291","526","15.313","8.25599999999997","4.6657584","5.05970266155503","0.739934235571939","11.1208491",
"2/23/2010","66.5625","38.872501373291","526","19.219","6.96300000000002","5.12065728","6.81819692524728","0.586470274284931","12.170979828",
"2/24/2010","66.5625","38.872501373291","526","12.809","4.572","1.4917372776","2.78141512211825","0.711352618465257","16.0208991",
"2/25/2010","66.5625","38.872501373291","526","13.691","4.70299999999997","9.86709186","2.17087487252609","0.772004933084746","11.05126668",
"2/26/2010","66.5625","38.872501373291","526","11.285","4.63400000000001","2.16636408","1.80424448564254","0.78758923641285","15.6762513",
"2/27/2010","66.5625","38.872501373291","526","14.985","5.03399999999999","0.0394821","2.68469983452436","0.648210676004937","11.532711168",
"2/28/2010","66.5625","38.872501373291","526","14.374","6.87","0.8033755464","3.02114936210346","0.743493837907299","7.855145928",
"3/1/2010","66.5625","38.872501373291","526","10.587","5.993","1.587867912","2.46647543060377","0.801224411192834","13.0419585",
"3/2/2010","66.5625","38.872501373291","526","16.589","4.54199999999997","0","2.71643068975128","0.585128066470091","17.46973728",
"3/3/2010","66.5625","38.872501373291","526","16.396","8.20600000000002","1.369857924","2.85668126946684","0.587634492358174","10.37874762",
"3/4/2010","66.5625","38.872501373291","526","12.728","6.37299999999999","4.713820344","4.06415303673792","0.75085085030017","14.45022684",
"3/5/2010","66.5625","38.872501373291","526","16.822","7.06400000000002","0.0926971632","3.3353565182664","0.648037136689482","17.04745872",
"3/6/2010","66.5625","38.872501373291","526","14.9","7.85300000000001","0.9836199504","2.2696200715473","0.785094336357749","12.11636178",
"3/7/2010","66.5625","38.872501373291","526","17.746","8.39800000000002","0.08239752","4.65746655837059","0.580943809027548","15.85439982",
"3/8/2010","66.5625","38.872501373291","526","21.875","10.215","2.406696732","5.33533064461747","0.53219741691865","15.21568152",
"3/9/2010","66.5625","38.872501373291","526","19.287","6.90600000000001","0","2.45232382987276","0.632671302243114","18.4836906",
"3/10/2010","66.5625","38.872501373291","526","23.291","10.7","0","5.11572627720742","0.422892043934963","18.95411196",
"3/11/2010","66.5625","38.872501373291","526","22.081","7.85000000000002","0.0720978264","5.1808775048131","0.425174722346882","18.27579312",
"3/12/2010","66.5625","38.872501373291","526","12.498","0.478000000000009","7.9719516","2.44546156191111","0.651779550262001","20.22773004",
"3/13/2010","66.5625","38.872501373291","526","20.963","6.69600000000003","0","3.54532739692538","0.461813993714555","18.63006228",
"3/14/2010","66.5625","38.872501373291","526","26.315","13.842","0","6.22635715593444","0.414305119494541","18.91282932",
"3/15/2010","66.5625","38.872501373291","526","26.808","12.99","0","3.20478162290991","0.384428689607335","19.69723233",
"3/16/2010","66.5625","38.872501373291","526","30.052","18.237","0","7.09434693553231","0.311737618690033","20.02252437",
"3/17/2010","66.5625","38.872501373291","526","28.911","14.311","0","6.8700352428221","0.294645842469639","20.07073332",
"3/18/2010","66.5625","38.872501373291","526","24.469","10.651","0","2.22273123995751","0.422240071262419","17.1204759",
"3/19/2010","66.5625","38.872501373291","526","30.996","10.967","0","5.98760875265667","0.268034352100791","19.12022397",
"3/20/2010","66.5625","38.872501373291","526","11.02","5.62599999999998","0.0377655048","4.39491678381669","0.626215322877398","19.20684231",
"3/21/2010","66.5625","38.872501373291","526","11.928","4.34100000000001","1.4659887024","2.92763057737973","0.694791680032885","13.353185178",
"3/22/2010","66.5625","38.872501373291","526","12.073","1.85199999999998","4.995351252","2.89006328934796","0.755263974895069","12.863422566",
"3/23/2010","66.5625","38.872501373291","526","13.301","-0.0919999999999845","0.0274658256","2.00818296836511","0.720802893122234","20.47095324",
"3/24/2010","66.5625","38.872501373291","526","14.783","2.601","0","2.70813950634343","0.61079710325518","21.837658968",
"3/25/2010","66.5625","38.872501373291","526","18.871","4.35199999999998","0","2.49539575124016","0.4952012428013","21.85025922",
"3/26/2010","66.5625","38.872501373291","526","18.156","8.61700000000002","1.405906668","2.70528496199612","0.526073630159544","19.21983768",
"3/27/2010","66.5625","38.872501373291","526","17.252","3.87700000000001","0","3.07299734412729","0.488191042083224","21.40047774",
"3/28/2010","66.5625","38.872501373291","526","19.917","5.83199999999999","0","2.9562652662312","0.479970477766177","22.78074114",
"3/29/2010","66.5625","38.872501373291","526","19.438","8.39100000000002","0.926971272","3.19108639313521","0.589938874974748","18.178089768",
"3/30/2010","66.5625","38.872501373291","526","16.151","6.18599999999998","0","3.16134062967695","0.622222007521431","20.61719442",
"3/31/2010","66.5625","38.872501373291","526","18.384","5.12099999999998","0","1.90587796175421","0.581242653111677","19.017001512",
"4/1/2010","66.5625","38.872501373291","526","21.057","7.95699999999999","0","2.90482555471374","0.465001952852227","23.21690652",
"4/2/2010","66.5625","38.872501373291","526","20.532","9.29500000000002","3.87439632","3.63267731811209","0.525698265648137","15.61134294",
"4/3/2010","66.5625","38.872501373291","526","13.175","6.46800000000002","4.0692331224","3.3070590148514","0.746889826701335","14.727546288",
"4/4/2010","66.5625","38.872501373291","526","18.867","6.125","0","2.83139635821913","0.543304085346417","23.631356448",
"4/5/2010","66.5625","38.872501373291","526","23.019","7.09199999999998","0","2.77111468381346","0.357354848136397","23.90197842",
"4/6/2010","66.5625","38.872501373291","526","19.247","9.56900000000002","0.010299672","3.67343784745463","0.478930910229463","20.95677756",
"4/7/2010","66.5625","38.872501373291","526","17.623","9.55500000000001","2.6161198776","1.66710109600377","0.724491465925914","13.990326192",
"4/8/2010","66.5625","38.872501373291","526","23.209","7.45400000000001","0","2.64447284818128","0.579778344520043","24.05536272",
"4/9/2010","66.5625","38.872501373291","526","26.854","11.8","0","2.86134696115677","0.367907345089051","24.40361016",
"4/10/2010","66.5625","38.872501373291","526","26.666","15.417","0.59223168","3.09690375611019","0.423918625746897","20.71198656",
"4/11/2010","66.5625","38.872501373291","526","22.728","8.61700000000002","3.6632534328","3.06391845441563","0.713886762987007","19.611165168",
"4/12/2010","66.5625","38.872501373291","526","18.221","4.572","0.0034332264","1.94237062520425","0.65922078050916","24.96042504",
"4/13/2010","66.5625","38.872501373291","526","25.608","7.76499999999999","0","2.7578537976403","0.427397238590134","25.16731848",
"4/14/2010","66.5625","38.872501373291","526","29.041","17.15","0.23260122","4.73676998578718","0.342924745856031","17.6059098",
"4/15/2010","66.5625","38.872501373291","526","18.835","11.854","0.0583648704","3.25091454387434","0.626862903312798","21.7941804",
"4/16/2010","66.5625","38.872501373291","526","23.903","10.418","0","3.34932405913388","0.448223282399559","25.30423476",
"4/17/2010","66.5625","38.872501373291","526","25.783","9.80500000000001","0","3.53039215562159","0.335694219433657","23.18664852",
"4/18/2010","66.5625","38.872501373291","526","24.456","11.72","0","4.76301537272034","0.452804467754995","25.70045688",
"4/19/2010","66.5625","38.872501373291","526","26.722","9.99599999999998","0","3.62513168695117","0.31020303682719","27.11813328",
"4/20/2010","66.5625","38.872501373291","526","22.567","10.918","0","3.58486116142281","0.333478992849093","22.81387176",
"4/21/2010","66.5625","38.872501373291","526","18.892","10.457","1.3938903864","2.86070121312365","0.505129572651201","13.27089168",
"4/22/2010","66.5625","38.872501373291","526","21.327","9.55599999999998","0","2.26925191760373","0.488287537453791","20.1096558",
"4/23/2010","66.5625","38.872501373291","526","25.351","9.66199999999998","0","2.78527281016591","0.420379109912515","26.44734492",
"4/24/2010","66.5625","38.872501373291","526","27.179","11.875","0","3.31677866549298","0.331814651334235","26.80267356",
"4/25/2010","66.5625","38.872501373291","526","26.967","14.111","0","3.24214717414903","0.290533169928056","27.07801236",
"4/26/2010","66.5625","38.872501373291","526","27.885","13.849","0","2.58492469059294","0.306390324747006","24.29803224",
"4/27/2010","66.5625","38.872501373291","526","24.848","10.131","0","2.94698695799283","0.433202396013674","26.82146421",
"4/28/2010","66.5625","38.872501373291","526","27.211","11.042","0.37765512","2.91769597888685","0.434053996692409","26.17948044",
"4/29/2010","66.5625","38.872501373291","526","26.389","13.029","2.71396656","3.79114117909149","0.484279658926819","26.79215184",
"4/30/2010","66.5625","38.872501373291","526","29.504","13.57","0","3.4223099892116","0.432874016865366","25.43872086",
"5/1/2010","66.5625","38.872501373291","526","21.387","11.487","0.0205993728","2.76049509676863","0.590127491515037","24.080172768",
"5/2/2010","66.5625","38.872501373291","526","25.435","11.259","0","2.46808206476981","0.456989105699646","25.132669632",
"5/3/2010","66.5625","38.872501373291","526","28.132","16.016","2.4684917256","3.21766405086761","0.572462416211149","14.67399312",
"5/4/2010","66.5625","38.872501373291","526","24.743","14.752","0.3089904552","2.629846730522","0.664804769975295","25.353954072",
"5/5/2010","66.5625","38.872501373291","526","25.978","12.264","0","2.63672959109644","0.515117688272035","23.315178168",
"5/6/2010","66.5625","38.872501373291","526","26.936","11.483","0","2.15315811277816","0.419066907970672","27.27416034",
"5/7/2010","66.5625","38.872501373291","526","26.583","12.378","0","2.20351243743191","0.413954541619759","24.024995568",
"5/8/2010","66.5625","38.872501373291","526","26.554","13.776","0","2.98465872850814","0.374808824157015","26.2756062",
"5/9/2010","66.5625","38.872501373291","526","28.434","13.606","0","2.74405332304465","0.36386235222629","28.057502232",
"5/10/2010","66.5625","38.872501373291","526","24.15","15.561","0.1029969","2.47094321148725","0.450554551107411","19.462614408",
"5/11/2010","66.5625","38.872501373291","526","27.006","15.023","0","4.81108687052842","0.374125063553413","28.308767832",
"5/12/2010","66.5625","38.872501373291","526","25.894","12.994","0","2.44474070994766","0.353436334540516","28.641033792",
"5/13/2010","66.5625","38.872501373291","526","27.32","13.592","0","2.78542912860208","0.359250229299246","28.866544488",
"5/14/2010","66.5625","38.872501373291","526","29.32","15.278","0","3.8719116256694","0.308985862535783","29.3361183",
"5/15/2010","66.5625","38.872501373291","526","30.025","15.423","0","3.01996135079211","0.268037938152213","25.87973256",
"5/16/2010","66.5625","38.872501373291","526","25.626","15.181","0.202560372","2.6412855011893","0.330582915995417","18.256330008",
"5/17/2010","66.5625","38.872501373291","526","24.393","12.628","3.0864717","2.57286816353214","0.407910085480221","24.506318772",
"5/18/2010","66.5625","38.872501373291","526","27.476","12.177","0","2.38973327965386","0.310322285671485","29.61376128",
"5/19/2010","66.5625","38.872501373291","526","30.496","16.752","0","2.83571418442341","0.22424533566264","29.60780652",
"5/20/2010","66.5625","38.872501373291","526","33.728","20.305","0","4.60171564133922","0.196600929862105","28.85669064",
"5/21/2010","66.5625","38.872501373291","526","24.454","17.091","0.161361684","2.13462355728173","0.347699455737055","13.66352352",
"5/22/2010","66.5625","38.872501373291","526","25.486","15.606","0","2.77519358969787","0.464701206602565","27.04837068",
"5/23/2010","66.5625","38.872501373291","526","26.319","12.235","0","2.74123242860811","0.353570406087327","29.96746704",
"5/24/2010","66.5625","38.872501373291","526","29.267","12.78","0","2.60204561000869","0.240312525800104","30.58182144",
"5/25/2010","66.5625","38.872501373291","526","35.235","19.476","0","3.67968828613966","0.195923384965547","25.75603116",
"5/26/2010","66.5625","38.872501373291","526","26.572","15.662","0.0240326064","2.95984917843328","0.339203798406544","29.94474096",
"5/27/2010","66.5625","38.872501373291","526","24.58","11.199","0","3.15584186561596","0.315451867278034","30.50246664",
"5/28/2010","66.5625","38.872501373291","526","27.636","13.19","0","4.07742914053642","0.300468371111483","30.685437",
"5/29/2010","66.5625","38.872501373291","526","29.548","15.14","0","3.0126714139228","0.226182337444557","31.14035496",
"5/30/2010","66.5625","38.872501373291","526","31.641","15.645","0","2.55772218584479","0.157281812138479","30.8661282",
"5/31/2010","66.5625","38.872501373291","526","32.285","18.344","0","2.98523997714303","0.179505655407241","28.82717136",
"6/1/2010","66.5625","38.872501373291","526","32.104","18.313","0","3.133195780738","0.235130725381441","27.46772208",
"6/2/2010","66.5625","38.872501373291","526","24.899","15.528","2.65903596","2.45043081826547","0.524366202106033","25.52040072",
"6/3/2010","66.5625","38.872501373291","526","26.977","12.545","0","2.75491574746298","0.418519034065816","30.05549748",
"6/4/2010","66.5625","38.872501373291","526","26.585","12.996","0","3.2322272515289","0.336233410756568","30.48473664",
"6/5/2010","66.5625","38.872501373291","526","28.126","14.528","0","4.00923994827027","0.269799864590221","31.204026",
"6/6/2010","66.5625","38.872501373291","526","26.374","15.369","0.0068664528","2.74472420335028","0.319270785057173","23.76359532",
"6/7/2010","66.5625","38.872501373291","526","29.34","16.817","0","2.72105085565827","0.314966244132444","26.91118008",
"6/8/2010","66.5625","38.872501373291","526","30.426","16.192","0","2.37652179125976","0.294626380548433","29.46751452",
"6/9/2010","66.5625","38.872501373291","526","32.689","18.317","0","3.18698956741558","0.241860105098323","30.63454128",
"6/10/2010","66.5625","38.872501373291","526","33.727","19.071","0","2.995449937941","0.209267313864542","30.9933036",
"6/11/2010","66.5625","38.872501373291","526","35.272","20.269","0","3.31632018312531","0.188617386157532","30.57812028",
"6/12/2010","66.5625","38.872501373291","526","34.036","22.412","0","3.64896884703993","0.178615723869332","30.51933624",
"6/13/2010","66.5625","38.872501373291","526","34.089","18.66","0","3.4876613229895","0.190273486580468","30.61641456",
"6/14/2010","66.5625","38.872501373291","526","32.455","18.964","0","3.79008286574059","0.264467941998757","30.09357792",
"6/15/2010","66.5625","38.872501373291","526","33.282","19.033","0","3.0810765152865","0.242983156383473","29.83764132",
"6/16/2010","66.5625","38.872501373291","526","33.27","18.833","0","2.64712341676971","0.217829418787386","30.27831264",
"6/17/2010","66.5625","38.872501373291","526","34.007","20.086","0","2.30639095695926","0.159091157646048","28.63670472",
"6/18/2010","66.5625","38.872501373291","526","34.053","21.412","0","3.60761184229351","0.171583236514903","30.13745508",
"6/19/2010","66.5625","38.872501373291","526","34.609","18.061","0","2.67414084720556","0.20358608602351","30.81768804",
"6/20/2010","66.5625","38.872501373291","526","37.516","22.599","0","4.57018425673097","0.19323696139648","30.7518156",
"6/21/2010","66.5625","38.872501373291","526","37.355","22.65","0","3.3357005145424","0.17313440713267","30.5152272",
"6/22/2010","66.5625","38.872501373291","526","36.167","20.284","0","2.6352002356972","0.197506353538528","31.03137684",
"6/23/2010","66.5625","38.872501373291","526","35.746","21.539","0","4.34459780182155","0.238704424373338","27.05478516",
"6/24/2010","66.5625","38.872501373291","526","30.504","18.008","0","3.28466844404579","0.315745229229021","30.33838116",
"6/25/2010","66.5625","38.872501373291","526","31.006","17.598","0","3.12723819813312","0.188728461248068","31.70351844",
"6/26/2010","66.5625","38.872501373291","526","33.852","18.421","0","3.60211031382836","0.139072747286486","31.67919432",
"6/27/2010","66.5625","38.872501373291","526","35.347","18.214","0","3.21032731823197","0.164512350125323","31.22852148",
"6/28/2010","66.5625","38.872501373291","526","35.266","19.83","0","3.3826626491565","0.164476110836194","30.96844488",
"6/29/2010","66.5625","38.872501373291","526","35.144","21.259","0","4.1931880472754","0.181662955771053","31.02333948",
"6/30/2010","66.5625","38.872501373291","526","35.06","20.082","0","3.14018680974513","0.173760114011089","31.11154776",
"7/1/2010","66.5625","38.872501373291","526","34.615","20.944","0","3.33026413366286","0.128351013725966","31.82050296",
"7/2/2010","66.5625","38.872501373291","526","35.31","20.857","0","2.98409727885734","0.0991093874941743","32.02049736",
"7/3/2010","66.5625","38.872501373291","526","35.59","19.649","0","2.75377747521127","0.116172013515205","31.16473992",
"7/4/2010","66.5625","38.872501373291","526","35.571","18.76","0","2.98536985928757","0.113517286656514","31.60364868",
"7/5/2010","66.5625","38.872501373291","526","33.278","17.362","0","2.85016717856337","0.144927651175795","31.69673892",
"7/6/2010","66.5625","38.872501373291","526","35.069","18.07","0","3.22423357185377","0.177907334580187","30.8753442",
"7/7/2010","66.5625","38.872501373291","526","36.675","21.047","0","4.05328863354385","0.152999561707569","30.97844316",
"7/8/2010","66.5625","38.872501373291","526","38.169","22.909","0","4.46658425720704","0.141022143559796","30.71992536",
"7/9/2010","66.5625","38.872501373291","526","38.324","23.424","0","4.48650849746261","0.1487451184518","30.62126232",
"7/10/2010","66.5625","38.872501373291","526","38.728","22.617","0","3.92151919167914","0.142784938243887","30.26638224",
"7/11/2010","66.5625","38.872501373291","526","35.107","19.876","0","4.68225264343282","0.143053630275347","31.14459648",
"7/12/2010","66.5625","38.872501373291","526","34.183","20.534","0","5.00446383827006","0.168284341128901","30.6763884",
"7/13/2010","66.5625","38.872501373291","526","34.87","20.212","0","3.55303720067876","0.160261824216865","30.51209268",
"7/14/2010","66.5625","38.872501373291","526","35.666","21.568","0","2.91611669190038","0.148732646917193","30.077438112",
"7/15/2010","66.5625","38.872501373291","526","38.784","21.401","0","2.78031742366405","0.13498698763199","29.796303528",
"7/16/2010","66.5625","38.872501373291","526","42.473","25.652","0","3.62310046365007","0.10704113869794","29.957521248",
"7/17/2010","66.5625","38.872501373291","526","37.171","23.513","0","3.62452977668198","0.213546105804607","29.4730344",
"7/18/2010","66.5625","38.872501373291","526","35.446","22.376","0","3.93292677893658","0.229457061940127","29.466165312",
"7/19/2010","66.5625","38.872501373291","526","34.026","19.988","0","3.96406810878584","0.230873922231947","29.91684618",
"7/20/2010","66.5625","38.872501373291","526","34.873","18.111","0","3.50341640846356","0.231233602659566","29.655225",
"7/21/2010","66.5625","38.872501373291","526","29.155","18.448","0","3.62260214150019","0.30422323657928","24.932087208",
"7/22/2010","66.5625","38.872501373291","526","29.881","16.262","0","2.68843477532567","0.346525700578885","27.77860998",
"7/23/2010","66.5625","38.872501373291","526","32.329","17.456","0","3.75211832086551","0.25423436534135","29.594194848",
"7/24/2010","66.5625","38.872501373291","526","32.806","16.657","0","4.10415247381345","0.224367105829313","30.068368848",
"7/25/2010","66.5625","38.872501373291","526","33.515","17.268","0","4.07827784898822","0.214571606373844","30.191515272",
"7/26/2010","66.5625","38.872501373291","526","34.447","18.149","0","4.2521012906668","0.186797211031826","29.966338008",
"7/27/2010","66.5625","38.872501373291","526","33.98","19.388","0","5.06971920829039","0.203410974657325","29.520113112",
"7/28/2010","66.5625","38.872501373291","526","33.85","21.099","0","3.36976481147418","0.195848943762811","24.229454472",
"7/29/2010","66.5625","38.872501373291","526","34.397","19.851","0","3.57665398231219","0.231344140552016","28.525159008",
"7/30/2010","66.5625","38.872501373291","526","33.556","16.667","0","3.24264640737613","0.232042131254653","29.108257632",
"7/31/2010","66.5625","38.872501373291","526","33.055","13.524","0","3.26077674663735","0.218274088840489","29.494233432",
"8/1/2010","66.5625","38.872501373291","526","33.613","18.026","0","4.35667543121269","0.149662629664448","29.58664428",
"8/2/2010","66.5625","38.872501373291","526","34.877","18.345","0","3.81342168267104","0.137146761802715","27.35307468",
"8/3/2010","66.5625","38.872501373291","526","31.26","21.013","0","3.1464291669101","0.150480875128589","16.00925814",
"8/4/2010","66.5625","38.872501373291","526","33.919","18.817","0","3.18815776972086","0.183683099120106","28.147669272",
"8/5/2010","66.5625","38.872501373291","526","34.299","18.086","0","3.02192771880047","0.171684028950007","27.55479276",
"8/6/2010","66.5625","38.872501373291","526","34.437","21.537","0","2.75176795928661","0.257501762492043","20.268340362",
"8/7/2010","66.5625","38.872501373291","526","37.074","21.17","0","3.98411663752758","0.260050474377511","27.76926852",
"8/8/2010","66.5625","38.872501373291","526","37.135","22.341","0","4.56208015040987","0.145059816123717","28.51700535",
"8/9/2010","66.5625","38.872501373291","526","35.645","21.799","0","5.37802221428121","0.173203111217172","27.99090351",
"8/10/2010","66.5625","38.872501373291","526","36.021","18.631","0","3.66479419355146","0.194476081991837","27.51812091",
"8/11/2010","66.5625","38.872501373291","526","35.8","20.987","0","3.76808602985975","0.188264529007839","27.48779982",
"8/12/2010","66.5625","38.872501373291","526","33.885","17.377","0","2.84739102926979","0.198402965327542","27.48177765",
"8/13/2010","66.5625","38.872501373291","526","33.963","15.305","0","3.02832077502232","0.173082111557241","27.22663197",
"8/14/2010","66.5625","38.872501373291","526","33.568","18","0","3.57280690594903","0.113647549225307","28.08405513",
"8/15/2010","66.5625","38.872501373291","526","34.459","16.299","0","3.35035825197135","0.161288682196528","27.35184456",
"8/16/2010","66.5625","38.872501373291","526","35.263","20.224","0","4.00305547472054","0.193520305897139","26.96045868",
"8/17/2010","66.5625","38.872501373291","526","35.591","18.935","0","4.07761820657792","0.201928677504081","26.9003808",
"8/18/2010","66.5625","38.872501373291","526","35.534","21.323","0","5.34062484181597","0.178340404418411","26.63814564",
"8/19/2010","66.5625","38.872501373291","526","35.974","20.581","0","3.58698738629163","0.181632245758738","26.61002244",
"8/20/2010","66.5625","38.872501373291","526","36.559","16.939","0","3.14458110070776","0.150849847301711","26.74688148",
"8/21/2010","66.5625","38.872501373291","526","38.148","23.332","0","4.64116194443207","0.117108556824714","26.15208552",
"8/22/2010","66.5625","38.872501373291","526","37.057","22.329","0","4.95398148749571","0.178932036686808","25.82668872",
"8/23/2010","66.5625","38.872501373291","526","28.485","17.254","0","4.4425855761756","0.298435227703346","25.60781988",
"8/24/2010","66.5625","38.872501373291","526","28.16","11.812","0","3.58216085247258","0.290271292744541","26.04032496",
"8/25/2010","66.5625","38.872501373291","526","29.465","11.706","0","3.24139073864221","0.222946852301631","26.27307684",
"8/26/2010","66.5625","38.872501373291","526","31.128","14.9","0","3.25827797728032","0.148433006985139","26.20856268",
"8/27/2010","66.5625","38.872501373291","526","32.247","16.94","0","3.20205335936643","0.1106149156777","26.24017176",
"8/28/2010","66.5625","38.872501373291","526","32.562","12.804","0","2.31456497899327","0.127661682556527","25.77323808",
"8/29/2010","66.5625","38.872501373291","526","33.896","14.165","0","2.79577768974127","0.132106457702596","24.9697134",
"8/30/2010","66.5625","38.872501373291","526","33.906","15.831","0","2.55431437485532","0.15949572968073","24.8527728",
"8/31/2010","66.5625","38.872501373291","526","35.026","18.797","0","2.90739002912375","0.144289865638363","24.67783188",
"9/1/2010","66.5625","38.872501373291","526","35.439","17.306","0","3.06057624658051","0.169000065388882","24.72946704",
"9/2/2010","66.5625","38.872501373291","526","35.919","20.56","0","4.71525605648437","0.164477162882635","24.64542468",
"9/3/2010","66.5625","38.872501373291","526","35.685","21.067","0","4.53710198132467","0.186003956013854","24.54946992",
"9/4/2010","66.5625","38.872501373291","526","34.811","19.9","0","3.39932089851735","0.188599092564725","24.15718548",
"9/5/2010","66.5625","38.872501373291","526","33.371","18.511","0","2.79607524574101","0.227997480802837","23.064408",
"9/6/2010","66.5625","38.872501373291","526","32.66","15.382","0","2.8948578040296","0.193628474644019","24.02482716",
"9/7/2010","66.5625","38.872501373291","526","31.976","13.073","0","2.59883844237981","0.181420219200181","24.1248942",
"9/8/2010","66.5625","38.872501373291","526","31.938","12.921","0","2.8439442001614","0.157274896211149","23.92419636",
"9/9/2010","66.5625","38.872501373291","526","32.51","15.378","0","3.20837246995397","0.156869874907658","23.68277028",
"9/10/2010","66.5625","38.872501373291","526","32.409","16.336","0","3.5867979420351","0.162045823321964","23.38414056",
"9/11/2010","66.5625","38.872501373291","526","30.837","15.865","0","4.21644627797812","0.183446548249502","23.04443916",
"9/12/2010","66.5625","38.872501373291","526","24.945","13.525","0","3.41740370955234","0.268597356529245","20.76654348",
"9/13/2010","66.5625","38.872501373291","526","24.801","10.194","0","3.47212605284986","0.311201090561216","23.05585728",
"9/14/2010","66.5625","38.872501373291","526","27.223","10.664","0","2.76642666779732","0.224905981815418","23.08050504",
"9/15/2010","66.5625","38.872501373291","526","27.466","11.198","0","2.99676771357124","0.192657702615045","21.67959258",
"9/16/2010","66.5625","38.872501373291","526","18.679","9.07999999999998","0.6694797672","2.29232931865486","0.429385646329748","16.172655408",
"9/17/2010","66.5625","38.872501373291","526","21.012","7.91000000000003","0","3.89144205212908","0.35561967252686","22.379512968",
"9/18/2010","66.5625","38.872501373291","526","21.853","6.93299999999999","0","2.82019412959397","0.26115095818382","22.18826448",
"9/19/2010","66.5625","38.872501373291","526","23.229","9.59500000000003","0","3.03782846551239","0.221088980186159","22.10894802",
"9/20/2010","66.5625","38.872501373291","526","25.069","6.822","0","2.25242339207723","0.220401505493351","22.090383792",
"9/21/2010","66.5625","38.872501373291","526","26.186","7.93599999999998","0","2.15858055242749","0.198547361831336","21.5169264",
"9/22/2010","66.5625","38.872501373291","526","24.862","8.00599999999997","0","2.27431996928102","0.253361068698307","21.133018368",
"9/23/2010","66.5625","38.872501373291","526","25.48","6.95699999999999","0","2.17634252168631","0.284352185009161","21.121705368",
"9/24/2010","66.5625","38.872501373291","526","27.196","11.642","0","2.86442236222159","0.239440137103987","20.964435048",
"9/25/2010","66.5625","38.872501373291","526","26.6","10.415","0","2.51947366943365","0.254467878402322","20.494408392",
"9/26/2010","66.5625","38.872501373291","526","25.413","9.52600000000001","0","2.77814659040314","0.229901465844382","20.4771411",
"9/27/2010","66.5625","38.872501373291","526","23.221","7.16300000000001","0","2.0214045647461","0.28513548747015","19.13118282",
"9/28/2010","66.5625","38.872501373291","526","23.371","5.81200000000001","0","2.00149263260181","0.290764858511344","20.19577086",
"9/29/2010","66.5625","38.872501373291","526","23.979","7.41300000000001","0","2.41170464248003","0.319785622679613","19.87942878",
"9/30/2010","66.5625","38.872501373291","526","25.134","12.82","0","3.11234107167104","0.271432308508062","18.909731808",
"10/1/2010","66.5625","38.872501373291","526","28.045","14.106","0","3.32651786329383","0.22554341031476","19.89775872",
"10/2/2010","66.5625","38.872501373291","526","29.79","16.239","0","3.37628388103356","0.143576350985237","19.86496434",
"10/3/2010","66.5625","38.872501373291","526","30.412","11.607","0","3.08078246710864","0.147120024691588","19.22349528",
"10/4/2010","66.5625","38.872501373291","526","31.19","15.058","0","3.15930651888142","0.169805132781848","18.83390418",
"10/5/2010","66.5625","38.872501373291","526","30.073","16.315","0","3.52949347677344","0.201989318278899","18.417541248",
"10/6/2010","66.5625","38.872501373291","526","29.007","15.939","0","3.08823731895035","0.277546281923745","18.05248044",
"10/7/2010","66.5625","38.872501373291","526","25.517","11.545","0","2.07211365900265","0.426093835530799","16.585092648",
"10/8/2010","66.5625","38.872501373291","526","22.198","9.29899999999998","0","2.30344499087608","0.57716973408896","17.6020875",
"10/9/2010","66.5625","38.872501373291","526","21.304","5.84699999999998","0","1.93719156918974","0.442677266265508","17.95432842",
"10/10/2010","66.5625","38.872501373291","526","22.546","9.68299999999999","0","3.0392712873271","0.379566900502272","17.61412851",
"10/11/2010","66.5625","38.872501373291","526","25.852","13.601","0","3.24310547317466","0.294725998196493","17.19635778",
"10/12/2010","66.5625","38.872501373291","526","30.259","16.248","0","4.21042806746826","0.239296744047113","17.055846",
"10/13/2010","66.5625","38.872501373291","526","22.739","12.881","0.844574112","2.9839963455973","0.465872902182817","16.79011866",
"10/14/2010","66.5625","38.872501373291","526","22.761","14.056","0.02746584","2.63442565080746","0.496721994305382","14.8574853",
"10/15/2010","66.5625","38.872501373291","526","25.558","10.361","0","2.51604853266051","0.440392728218107","16.20518058",
"10/16/2010","66.5625","38.872501373291","526","28.728","13.233","0","2.5086051100784","0.264726735915943","16.47855648",
"10/17/2010","66.5625","38.872501373291","526","28.649","12.903","0","2.32909276997781","0.233423495604936","16.37021088",
"10/18/2010","66.5625","38.872501373291","526","27.463","12.838","0","2.5914030248991","0.276415888067828","16.19741412",
"10/19/2010","66.5625","38.872501373291","526","27.749","11.971","0","2.97326928371508","0.305931179073257","15.71630994",
"10/20/2010","66.5625","38.872501373291","526","23.335","8.952","0","2.17637512740312","0.458479524439378","15.84146196",
"10/21/2010","66.5625","38.872501373291","526","16.365","6.18799999999999","0","3.88313927691867","0.373997648600967","16.3040652",
"10/22/2010","66.5625","38.872501373291","526","17.135","5.14600000000002","0","3.3890138386904","0.172121116302342","16.1177031",
"10/23/2010","66.5625","38.872501373291","526","17.434","1.755","0","2.64740899371487","0.224895328059329","16.2709326",
"10/24/2010","66.5625","38.872501373291","526","18.637","0.826999999999998","0","2.10503069135881","0.202285156815583","16.0176402",
"10/25/2010","66.5625","38.872501373291","526","18.149","1.45600000000002","0","1.76800493838912","0.216890482312384","15.694704",
"10/26/2010","66.5625","38.872501373291","526","18.168","6.05200000000002","0","2.35032270286781","0.250301262625135","13.80532662",
"10/27/2010","66.5625","38.872501373291","526","19.219","4.77199999999999","0","2.40279518501636","0.356422298162184","14.765909688",
"10/28/2010","66.5625","38.872501373291","526","19.06","8.548","0","2.59784984889127","0.333784865499521","12.214073952",
"10/29/2010","66.5625","38.872501373291","526","16.732","9.29500000000002","6.0527794104","1.62478127474548","0.654666589510555","8.912978964",
"10/30/2010","66.5625","38.872501373291","526","19.758","7.65800000000002","0","2.77884551867611","0.607125608001748","13.3858683",
"10/31/2010","66.5625","38.872501373291","526","25.058","13.655","0","5.07225542277074","0.350386150492306","13.879687212",
"11/1/2010","66.5625","38.872501373291","526","24.167","11.494","0","3.55267608179899","0.353593095050749","13.148995248",
"11/2/2010","66.5625","38.872501373291","526","16.574","7.755","0.363922164","2.04874822548621","0.681137805476957","10.84977882",
"11/3/2010","66.5625","38.872501373291","526","9.05500000000001","5.92500000000001","4.91638086","2.68462361850062","0.734406979051328","3.61574694",
"11/4/2010","66.5625","38.872501373291","526","11.207","3.291","0","2.29807693558713","0.606971574679783","10.09366938",
"11/5/2010","66.5625","38.872501373291","526","11.615","2.42099999999999","0","1.55385586254748","0.745012704180976","12.022429932",
"11/6/2010","66.5625","38.872501373291","526","14.299","1.27699999999999","0","1.74048037448264","0.667472739503239","13.3065522",
"11/7/2010","66.5625","38.872501373291","526","18.374","5.74799999999999","0","2.72842172846665","0.474316024308693","13.252279068",
"11/8/2010","66.5625","38.872501373291","526","21.382","6.06999999999999","0","2.37475029925488","0.344152323337599","13.3665165",
"11/9/2010","66.5625","38.872501373291","526","21.35","8.54399999999998","0","2.44829585472253","0.260031443916998","13.331074068",
"11/10/2010","66.5625","38.872501373291","526","20.695","6.44999999999999","0","1.83624993882788","0.271174827328532","13.24664892",
"11/11/2010","66.5625","38.872501373291","526","18.659","3.334","0","1.24449616466068","0.414560939327711","13.054899132",
"11/12/2010","66.5625","38.872501373291","526","16.594","2.57299999999998","0","1.87260347338712","0.507856792503046","12.6907875",
"11/13/2010","66.5625","38.872501373291","526","16.857","2.58100000000002","0","2.19428376503456","0.385939093854833","12.656418768",
"11/14/2010","66.5625","38.872501373291","526","16.475","5.41899999999998","0","2.2771291914685","0.37960472874279","12.49717482",
"11/15/2010","66.5625","38.872501373291","526","14.815","2.00999999999999","0","1.89090990047578","0.536014496653045","12.438224532",
"11/16/2010","66.5625","38.872501373291","526","14.845","0.91500000000002","0","2.24224065237575","0.432875029625134","12.270543912",
"11/17/2010","66.5625","38.872501373291","526","14.929","2.18099999999998","0","2.02287871269065","0.359605427533989","12.169687716",
"11/18/2010","66.5625","38.872501373291","526","14.807","3.52699999999999","0","2.07424326801414","0.39032576720791","12.03834654",
"11/19/2010","66.5625","38.872501373291","526","14.613","1.10500000000002","0","1.73348504944888","0.501598916792482","11.882645532",
"11/20/2010","66.5625","38.872501373291","526","13.769","1.96300000000002","0","2.01645832628544","0.594676413048882","11.5699536",
"11/21/2010","66.5625","38.872501373291","526","12.406","1.06400000000002","0","2.36964136333853","0.613077757881638","11.527537032",
"11/22/2010","66.5625","38.872501373291","526","12.833","0.569999999999993","0","2.34665374959912","0.544579148749612","11.573772768",
"11/23/2010","66.5625","38.872501373291","526","14.856","0.576000000000022","0","2.13224017064147","0.367278410195895","11.67075",
"11/24/2010","66.5625","38.872501373291","526","15.232","5.55799999999999","0","2.98561417368661","0.223228943275389","11.487209202",
"11/25/2010","66.5625","38.872501373291","526","13.048","-0.382000000000005","0","1.97679194679113","0.414961008157305","11.08811295",
"11/26/2010","66.5625","38.872501373291","526","14.106","2.49400000000003","0","2.62450080286185","0.331344566836794","11.398052628",
"11/27/2010","66.5625","38.872501373291","526","15.364","4.00200000000001","0","2.89536689583925","0.315199018729891","11.37740742",
"11/28/2010","66.5625","38.872501373291","526","16.221","3.83600000000001","0","2.57120819016461","0.194555682968783","11.35721682",
"11/29/2010","66.5625","38.872501373291","526","16.574","5.90800000000002","0","2.6247487035349","0.257569160260994","11.02995108",
"11/30/2010","66.5625","38.872501373291","526","13.994","3.959","0","2.34760621615479","0.464183382575476","10.73339541",
"12/1/2010","66.5625","38.872501373291","526","13.737","0.00599999999997181","0","1.96880991876356","0.530959196448082","10.82249982",
"12/2/2010","66.5625","38.872501373291","526","18.359","8.38","0","4.86821579701773","0.266043445492844","10.62332415",
"12/3/2010","66.5625","38.872501373291","526","10.9","2.58300000000003","0.6729129864","1.69017027776408","0.505952026311864","3.95218395",
"12/4/2010","66.5625","38.872501373291","526","7.303","-0.745999999999981","0.0411987384","2.25161698150671","0.652403768354131","10.8936603",
"12/5/2010","66.5625","38.872501373291","526","6.82400000000001","-1.62","0.0308990592","2.06607564045476","0.573430158905226","7.81053237",
"12/6/2010","66.5625","38.872501373291","526","5.12200000000001","-4.38999999999999","0","1.71123606809519","0.649845403245053","7.99829802",
"12/7/2010","66.5625","38.872501373291","526","8.51999999999998","-2.85199999999998","0.0274658256","2.04749024854929","0.493848282299771","6.17130315",
"12/8/2010","66.5625","38.872501373291","526","10.834","-0.148000000000025","0","2.33838445669607","0.438214527195101","10.58641416",
"12/9/2010","66.5625","38.872501373291","526","11.994","-1.993","0","1.71603293436492","0.410335642076617","10.57241115",
"12/10/2010","66.5625","38.872501373291","526","12.555","1.11500000000001","0","2.73448372320173","0.375332609620509","10.47262527",
"12/11/2010","66.5625","38.872501373291","526","16.883","5.15499999999997","0","3.91467375551447","0.199924580573011","10.54350036",
"12/12/2010","66.5625","38.872501373291","526","18.194","7.678","0","3.06367817507079","0.15994201020045","10.34865",
"12/13/2010","66.5625","38.872501373291","526","18.928","5.91300000000001","0","2.81508403129245","0.207407092154","10.28435247",
"12/14/2010","66.5625","38.872501373291","526","21.447","8.928","0","3.14399280277368","0.196287573181021","10.00625607",
"12/15/2010","66.5625","38.872501373291","526","8.18099999999998","2.084","12.905504604","2.29298964787993","0.749356867615209","1.3638933",
"12/16/2010","66.5625","38.872501373291","526","10.643","2.30000000000001","0.041198724","2.78469637909536","0.623023470867325","9.40657599",
"12/17/2010","66.5625","38.872501373291","526","10.767","0.163000000000011","0","1.8494271323946","0.507785421720774","10.05906834",
"12/18/2010","66.5625","38.872501373291","526","14.442","3.74400000000003","0","4.35630582518566","0.322842465305241","10.36749375",
"12/19/2010","66.5625","38.872501373291","526","16.861","8.47800000000001","0","5.24973874752286","0.2139939299192","8.96877828",
"12/20/2010","66.5625","38.872501373291","526","14.089","3.98700000000002","0","2.90464675256737","0.42005811355226","9.77877747",
"12/21/2010","66.5625","38.872501373291","526","7.86599999999999","-2.10399999999999","0","1.24768427496737","0.622167541392179","10.00975005",
"12/22/2010","66.5625","38.872501373291","526","5.84500000000003","-4.72300000000001","0","2.15457358125232","0.550992692836033","10.32885333",
"12/23/2010","66.5625","38.872501373291","526","5.05599999999998","-6.642","0","2.16962708011613","0.338794688826879","10.49591097",
"12/24/2010","66.5625","38.872501373291","526","7.62200000000001","-5.01499999999999","0","1.39169549532613","0.35435190802566","10.40163957",
"12/25/2010","66.5625","38.872501373291","526","7.70699999999999","-4.43700000000001","0","1.59230349733495","0.453022490263381","10.4472027",
"12/26/2010","66.5625","38.872501373291","526","6.62200000000001","-5.50299999999999","0","1.58417813343685","0.42361807602242","10.41389712",
"12/27/2010","66.5625","38.872501373291","526","6.38099999999997","-6.81900000000002","0","1.26518508857537","0.443773735323417","10.468067112",
"12/28/2010","66.5625","38.872501373291","526","6.15100000000001","-6.80700000000002","0","1.28604587755322","0.477644738539041","10.479828852",
"12/29/2010","66.5625","38.872501373291","526","7.53800000000001","-6.27499999999998","0","1.93430742537227","0.394065222537873","10.46137158",
"12/30/2010","66.5625","38.872501373291","526","6.98399999999998","-4.88600000000002","0","1.70629224291054","0.311694148190144","10.427290524",
"12/31/2010","66.5625","38.872501373291","526","8.23899999999998","-5.11000000000001","0","1.76910909813965","0.318874969994893","10.530501084",
"1/1/2011","66.5625","38.872501373291","526","14.769","-0.966000000000008","0","1.85977315619639","0.224514585160949","10.57565526876",
"1/2/2011","66.5625","38.872501373291","526","14.608","0.303999999999974","0","1.84029843254574","0.385968470988529","10.15779592584",
"1/3/2011","66.5625","38.872501373291","526","11.404","-0.113","0.0102996864","1.90619910821116","0.45801244478336","9.6825781359144",
"1/4/2011","66.5625","38.872501373291","526","8.61099999999999","-2.61700000000002","0.08239752","1.30511189745192","0.616995320036464","10.1581144362756",
"1/5/2011","66.5625","38.872501373291","526","11.781","-1.18099999999998","0","1.86722448299413","0.457216689446614","10.40100876378",
"1/6/2011","66.5625","38.872501373291","526","11.721","1.899","0","1.25118733870574","0.43364614042658","8.9875661931",
"1/7/2011","66.5625","38.872501373291","526","7.053","-3.38400000000001","0.0068664528","0.966724871659363","0.634950962019074","9.77592539934",
"1/8/2011","66.5625","38.872501373291","526","7.25900000000001","-5.75","0","1.32225273862148","0.607471955178931","10.64328558462",
"1/9/2011","66.5625","38.872501373291","526","9.31900000000002","-4.197","0","1.56051832371133","0.472946476014526","10.6144971381576",
"1/10/2011","66.5625","38.872501373291","526","10.366","-3.202","0","2.10822994630445","0.434890549473015","9.493898801904",
"1/11/2011","66.5625","38.872501373291","526","3.245","-3.11000000000001","0.418853556","1.76959735098973","0.741881090363485","9.666902696724",
"1/12/2011","66.5625","38.872501373291","526","4.93900000000002","-4.32400000000001","0.0137329056","2.4479802634854","0.794959851188256","10.530285076332",
"1/13/2011","66.5625","38.872501373291","526","0.980000000000018","-5.41800000000001","0.5561826984","2.05429807701488","0.87149836208912","6.6191586489828",
"1/14/2011","66.5625","38.872501373291","526","2.084","-7.90600000000001","0","1.29653302372865","0.770050874102556","10.741000620708",
"1/15/2011","66.5625","38.872501373291","526","4.73000000000002","-9.07600000000002","0","1.48085578375588","0.664113291560661","11.347493836824",
"1/16/2011","66.5625","38.872501373291","526","9.88999999999999","-2.5","0.3570554304","2.2520537148962","0.509322053353601","8.444704380768",
"1/17/2011","66.5625","38.872501373291","526","3.81099999999998","-1.02600000000001","0.3398893992","2.26092605633361","0.853328446084679","9.683697405636",
"1/18/2011","66.5625","38.872501373291","526","4.87299999999999","-3.99599999999998","0.429153588","1.87995637556589","0.844530901967891","11.148774092784",
"1/19/2011","66.5625","38.872501373291","526","8.435","-3.67399999999998","0","1.55057107618195","0.654821169909038","11.636596669968",
"1/20/2011","66.5625","38.872501373291","526","9.327","-1.13999999999999","0.008583066","1.69785165412077","0.650051133936333","11.047965515928",
"1/21/2011","66.5625","38.872501373291","526","6.73200000000003","-2.20299999999997","0.0102996792","1.08717827837407","0.815030112942917","11.159862499188",
"1/22/2011","66.5625","38.872501373291","526","7.46300000000002","-2.38600000000002","0","1.49378024867896","0.736284945207961","11.66282267976",
"1/23/2011","66.5625","38.872501373291","526","6.142","-3.392","0","1.34765585526499","0.699684119847085","11.572518874284",
"1/24/2011","66.5625","38.872501373291","526","8.78399999999999","-3.02199999999999","0","1.8870657389736","0.469980237398058","12.125896725888",
"1/25/2011","66.5625","38.872501373291","526","11.526","-1.59699999999998","0","2.24675731665817","0.235616030969843","12.1895265607776",
"1/26/2011","66.5625","38.872501373291","526","15.816","3.44999999999999","0","4.26938338811241","0.200931121500115","10.993933537848",
"1/27/2011","66.5625","38.872501373291","526","19.925","9.20600000000002","0","3.61110344043522","0.22352947622","9.669474987768",
"1/28/2011","66.5625","38.872501373291","526","16.281","8.41300000000001","0","3.63560784195546","0.508293523506244","11.772393295284",
"1/29/2011","66.5625","38.872501373291","526","13.661","5.20499999999998","0","2.44845533402375","0.502887525736361","11.11995758754",
"1/30/2011","66.5625","38.872501373291","526","15.245","5.17000000000002","1.263427092","2.01273498633507","0.621291491549297","8.8545786512652",
"1/31/2011","66.5625","38.872501373291","526","18.395","7.18299999999999","3.7078872264","4.44717733435758","0.575165228011327","12.151448020764",
"2/1/2011","66.5625","38.872501373291","526","21","11.898","0.0171661464","5.22922815729001","0.440731537049713","11.5502788692",
"2/2/2011","66.5625","38.872501373291","526","15.319","10.294","8.936700696","3.42861976845668","0.766370956186617","2.43373688874",
"2/3/2011","66.5625","38.872501373291","526","18.575","5.642","0.0446319756","2.30389965163356","0.617147221895509","13.081409882208",
"2/4/2011","66.5625","38.872501373291","526","11.63","-2.404","8.89721424","4.56652194030806","0.803136584704356","4.7825035182",
"2/5/2011","66.5625","38.872501373291","526","7.18099999999998","-2.97899999999999","0.0205993584","2.39485374401621","0.666542496757813","12.730524633648",
"2/6/2011","66.5625","38.872501373291","526","5.75700000000001","-0.600999999999999","0.848007036","1.36899278434444","0.811575791589526","13.063034123604",
"2/7/2011","66.5625","38.872501373291","526","10.442","-1.375","0.0102996792","3.47139337549838","0.590381758707667","13.156379852328",
"2/8/2011","66.5625","38.872501373291","526","6.41899999999998","1.18599999999998","6.166077552","2.83710652578658","0.752395849345352","5.02758704142",
"2/9/2011","66.5625","38.872501373291","526","1.60300000000001","-5.07999999999998","1.0780334928","2.56148839497515","0.831062275974017","13.255620307992",
"2/10/2011","66.5625","38.872501373291","526","12.026","-4.00599999999997","0","1.8694370543437","0.688798953663425","14.755766571252",
"2/11/2011","66.5625","38.872501373291","526","11.118","0.605999999999995","0.0017166132","2.04689495865472","0.687808321377096","9.620408816208",
"2/12/2011","66.5625","38.872501373291","526","8.834","1.88200000000001","2.3792271984","1.25073931452643","0.894871254893449","9.74313173106",
"2/13/2011","66.5625","38.872501373291","526","5.67599999999999","0.110000000000014","0.202560372","1.60813622413321","0.90786651962243","8.044294679712",
"2/14/2011","66.5625","38.872501373291","526","12.665","0.0550000000000068","0","1.98351066933024","0.705613526798595","14.974507395864",
"2/15/2011","66.5625","38.872501373291","526","14.022","3.35599999999999","0","2.61229989200784","0.459546953719176","15.114039626268",
"2/16/2011","66.5625","38.872501373291","526","16.629","6.59699999999998","0","6.27491223280988","0.347851748433644","15.214677407352",
"2/17/2011","66.5625","38.872501373291","526","16.389","5.82400000000001","0.144195588","4.70490925816029","0.462946585709872","11.8733003116704",
"2/18/2011","66.5625","38.872501373291","526","7.28199999999998","1.02300000000002","0.829124208","2.04463241376205","0.830174144260858","11.88946552914",
"2/19/2011","66.5625","38.872501373291","526","1.53699999999998","-3.73899999999998","1.0934826264","1.96680247881354","0.872936419717591","9.7488971036388",
"2/20/2011","66.5625","38.872501373291","526","11.066","-4.73099999999999","0","2.55928036483867","0.649409274907225","15.5407572785182",
"2/21/2011","66.5625","38.872501373291","526","12.821","8.21899999999999","3.0401199","5.22175139164046","0.557350342871307","3.49174503108",
"2/22/2011","66.5625","38.872501373291","526","9.13900000000001","2.66500000000002","3.481294068","1.2257350186913","0.893042453236301","11.0492592417576",
"2/23/2011","66.5625","38.872501373291","526","2.39800000000002","-3.00999999999999","0.5475993408","2.30719921914185","0.810737254386123","10.3963812715987",
"2/24/2011","66.5625","38.872501373291","526","3.04199999999997","-4.93599999999998","0","2.55148718457581","0.496099058566321","17.027932386708",
"2/25/2011","66.5625","38.872501373291","526","0.994000000000028","-6.24000000000001","0","2.73040194755886","0.452936374736293","17.561982664836",
"2/26/2011","66.5625","38.872501373291","526","1.11099999999999","-9.041","0","1.57488100669845","0.346163937889901","17.9137515167928",
"2/27/2011","66.5625","38.872501373291","526","6.238","-7.69900000000001","0","2.64184487687844","0.398081587888741","17.635206628692",
"2/28/2011","66.5625","38.872501373291","526","5.06799999999998","-3.16699999999997","0","1.9060523197351","0.512561006569439","17.587811878272",
"3/1/2011","66.5625","38.872501373291","526","8.47199999999998","-3.73200000000003","0","2.08073834239691","0.562752173498305","17.530645052772",
"3/2/2011","66.5625","38.872501373291","526","8.27999999999997","-2.48000000000002","0.0017166132","1.73704475780652","0.561340659855665","17.6007042249336",
"3/3/2011","66.5625","38.872501373291","526","7.04399999999998","-2.25900000000001","0.0497818404","1.87232475695373","0.579814632915037","16.744741730568",
"3/4/2011","66.5625","38.872501373291","526","4.49700000000001","-2.58600000000001","0.1235961756","1.83315689481392","0.737462498324231","17.703697369212",
"3/5/2011","66.5625","38.872501373291","526","7.83100000000002","-4.06599999999997","0.0549316584","1.48264218254841","0.583338048402831","17.389517587452",
"3/6/2011","66.5625","38.872501373291","526","10.332","0.653999999999996","0.6420135384","2.5003888686018","0.677715233402104","12.070712981376",
"3/7/2011","66.5625","38.872501373291","526","13.456","-0.77600000000001","0","2.20552516251979","0.637315483051243","18.34534536048",
"3/8/2011","66.5625","38.872501373291","526","18.685","4.06400000000002","0","2.26431884144919","0.323294293665465","19.228130843724",
"3/9/2011","66.5625","38.872501373291","526","21.248","2.96899999999999","0","1.51701792435824","0.285837949776905","19.4701163364216",
"3/10/2011","66.5625","38.872501373291","526","20.978","4.09899999999999","0","1.75269444877721","0.344098007549882","15.4414519229484",
"3/11/2011","66.5625","38.872501373291","526","24.637","8.01400000000001","0.0017166132","2.43970345152746","0.345048866486827","17.225256434724",
"3/12/2011","66.5625","38.872501373291","526","23.98","12.253","0.017166132","2.56438823511633","0.389412875638359","17.966076182244",
"3/13/2011","66.5625","38.872501373291","526","25.89","13.892","0.0017166132","2.40565773506857","0.452410354829862","18.004691489436",
"3/14/2011","66.5625","38.872501373291","526","25.696","10.992","0.2695083012","3.63225340219628","0.52677375885351","17.1231170219964",
"3/15/2011","66.5625","38.872501373291","526","9.56099999999998","0.699999999999989","2.6985194748","4.6974502449314","0.859697990358109","5.0457558904092",
"3/16/2011","66.5625","38.872501373291","526","8.42099999999999","-1.82600000000002","0","3.18853868375082","0.833416256841406","18.320536615464",
"3/17/2011","66.5625","38.872501373291","526","10.505","0.423999999999978","0.06179814","3.0411026881575","0.663406957010231","20.294453251152",
"3/18/2011","66.5625","38.872501373291","526","15.495","1.43900000000002","0","2.70173475561596","0.542336559149756","20.0819443751568",
"3/19/2011","66.5625","38.872501373291","526","15.107","0.310999999999979","0","2.17526687367844","0.618331104944241","20.93969869344",
"3/20/2011","66.5625","38.872501373291","526","17.515","0.569000000000017","0","1.85317887080089","0.490205082868515","21.247092412164",
"3/21/2011","66.5625","38.872501373291","526","19.882","3.38900000000001","0","1.30738037343477","0.377187061427216","20.80534092408",
"3/22/2011","66.5625","38.872501373291","526","22.238","4.10300000000001","0","1.61532376177277","0.325460531173621","21.398557811562",
"3/23/2011","66.5625","38.872501373291","526","24.707","9.10700000000003","0","2.69540440126866","0.26632039377018","20.56077408672",
"3/24/2011","66.5625","38.872501373291","526","30.028","13.356","0.008583066","4.54240329799149","0.348001956825827","18.568487988072",
"3/25/2011","66.5625","38.872501373291","526","16.487","9.28699999999998","0","4.23510606177884","0.73333247416","18.9369264384864",
"3/26/2011","66.5625","38.872501373291","526","18.049","8.387","0.42915348","2.22612978433709","0.70706228810103","13.091811108984",
"3/27/2011","66.5625","38.872501373291","526","18.086","9.065","0.0017166132","2.00193212585449","0.630558546997404","16.4711198774452",
"3/28/2011","66.5625","38.872501373291","526","19.714","3.84399999999999","0","1.50233335843797","0.585705105040946","22.1975461566828",
"3/29/2011","66.5625","38.872501373291","526","20.433","5.11500000000001","0","1.61641831511762","0.537960048268403","22.570569134244",
"3/30/2011","66.5625","38.872501373291","526","20.398","8.32600000000002","0.0034332264","3.26316651040091","0.431322342563235","21.89753624358",
"3/31/2011","66.5625","38.872501373291","526","20.796","10.382","0.0017166132","3.49116836293306","0.324894883732398","22.349464455384",
"4/1/2011","66.5625","38.872501373291","526","21.488","10.101","0","3.07496257006196","0.243885183822411","23.305188602016",
"4/2/2011","66.5625","38.872501373291","526","21.42","9.13799999999998","0.07209792","3.26474800251803","0.226714662811428","23.232952223136",
"4/3/2011","66.5625","38.872501373291","526","15.268","6.27300000000002","4.785923448","2.33679626584853","0.602600932636561","21.9423352705236",
"4/4/2011","66.5625","38.872501373291","526","15.692","2.18799999999999","0","3.53283316209301","0.348303476722194","24.4248351933276",
"4/5/2011","66.5625","38.872501373291","526","18.843","4.31","0","2.81212537640291","0.309863873302094","24.3074113970832",
"4/6/2011","66.5625","38.872501373291","526","22.672","4.63600000000002","0","2.17861353958145","0.268143553137267","24.688059678288",
"4/7/2011","66.5625","38.872501373291","526","27.817","9.29599999999999","0","2.79634886420122","0.159376549493782","24.9287740580952",
"4/8/2011","66.5625","38.872501373291","526","26.467","13.202","0.0137329128","4.02307896146476","0.368772151780906","22.756436152488",
"4/9/2011","66.5625","38.872501373291","526","24.989","13.869","5.9635152","6.19556334646936","0.50421244328816","20.2522477906008",
"4/10/2011","66.5625","38.872501373291","526","28.412","16.349","0.00686646","4.91368818081402","0.358565524993589","20.98893849228",
"4/11/2011","66.5625","38.872501373291","526","29.009","18.115","0","5.46613383766305","0.311769813991513","24.300890341992",
"4/12/2011","66.5625","38.872501373291","526","31.107","19.327","0","4.87252671160186","0.217079213135235","24.543936339912",
"4/13/2011","66.5625","38.872501373291","526","32.708","17.611","0.0017166132","5.30410558162654","0.200725387084875","24.5269220812344",
"4/14/2011","66.5625","38.872501373291","526","26.746","14.512","0.219726432","4.50875624689048","0.340219915933217","15.0285165515064",
"4/15/2011","66.5625","38.872501373291","526","22.307","10.355","0.0034332264","1.87430827775521","0.554351130933299","22.698093228894",
"4/16/2011","66.5625","38.872501373291","526","23.162","6.68799999999999","0","1.83170905044068","0.529821268651061","25.394660031744",
"4/17/2011","66.5625","38.872501373291","526","27.063","8.738","0","2.23232572808173","0.260590250185711","26.649893434392",
"4/18/2011","66.5625","38.872501373291","526","27.99","10.192","0","2.83103987811342","0.108686444117888","26.43920642286",
"4/19/2011","66.5625","38.872501373291","526","27.98","14.498","0","4.42717426424566","0.228950417804117","25.519329884988",
"4/20/2011","66.5625","38.872501373291","526","28.487","12.782","0","2.94994869505981","0.213208942461237","26.384633417772",
"4/21/2011","66.5625","38.872501373291","526","34.231","15.443","0","2.71662953952284","0.170625042927335","26.3339278822728",
"4/22/2011","66.5625","38.872501373291","526","35.73","16.081","0","3.6440301884989","0.158410221366333","26.306280422208",
"4/23/2011","66.5625","38.872501373291","526","36.307","17.831","0.0017166132","3.46948400609423","0.158431654956476","26.59141688958",
"4/24/2011","66.5625","38.872501373291","526","36.616","19.405","0","2.73696438272889","0.128926215455197","26.258695788384",
"4/25/2011","66.5625","38.872501373291","526","35.006","17.939","0","1.96179186429033","0.175910918561038","25.7063307787199",
"4/26/2011","66.5625","38.872501373291","526","34.246","16.647","0","2.40050616019749","0.262815565128303","25.203393139248",
"4/27/2011","66.5625","38.872501373291","526","33.141","17.257","0","2.23513399886563","0.318693087922025","23.924030345712",
"4/28/2011","66.5625","38.872501373291","526","27.274","15.255","0","1.99554201470204","0.540933516223757","23.971870001628",
"4/29/2011","66.5625","38.872501373291","526","25.115","11.747","0","3.05566651578977","0.481898773852069","26.5654748423272",
"4/30/2011","66.5625","38.872501373291","526","30.497","13.179","0","2.46783457167766","0.357713792925654","27.214224961968",
"5/1/2011","66.5625","38.872501373291","526","35.587","18.313","0","2.65970199892375","0.234080724587805","27.752523290352",
"5/2/2011","66.5625","38.872501373291","526","37.245","19.205","0","2.54477168647087","0.168900322409143","28.001400165774",
"5/3/2011","66.5625","38.872501373291","526","36.786","18.324","0","2.5156494312431","0.161899395869146","27.09099745236",
"5/4/2011","66.5625","38.872501373291","526","37.628","21.677","0","4.10910953891505","0.222096032945051","25.52713593048",
"5/5/2011","66.5625","38.872501373291","526","30.127","16.714","0","3.52496150718623","0.398014692326135","26.29584433944",
"5/6/2011","66.5625","38.872501373291","526","26.534","15.961","0","2.88937599302287","0.460327864446571","25.873514238672",
"5/7/2011","66.5625","38.872501373291","526","31.347","17.898","0","2.66677785072393","0.2889891559574","26.993725956108",
"5/8/2011","66.5625","38.872501373291","526","28.997","19.788","0","2.63166956200154","0.253235940864109","21.9720126660516",
"5/9/2011","66.5625","38.872501373291","526","30.665","18.793","0.096130332","2.90437415885164","0.262564539344996","27.033971778036",
"5/10/2011","66.5625","38.872501373291","526","27.696","17.238","0","2.3166173511842","0.299368565876679","19.53101351592",
"5/11/2011","66.5625","38.872501373291","526","27.696","13.285","0","1.98443113190919","0.357415986929785","27.543736627884",
"5/12/2011","66.5625","38.872501373291","526","29.447","14.941","0","2.68700083188289","0.265046427110214","28.593167712876",
"5/13/2011","66.5625","38.872501373291","526","34.784","17.614","0","2.40505993653168","0.202064128392179","28.820899875348",
"5/14/2011","66.5625","38.872501373291","526","38.8","22.142","0","3.50587358209225","0.135786874245665","27.6294228867",
"5/15/2011","66.5625","38.872501373291","526","40.923","27.753","0","3.79697840106279","0.113077353396593","26.304457576032",
"5/16/2011","66.5625","38.872501373291","526","40.17","24.019","0.381088152","5.21627128342835","0.202983842686","25.952465898576",
"5/17/2011","66.5625","38.872501373291","526","37.459","22","0","4.30733930240039","0.24537144139928","28.9287932966028",
"5/18/2011","66.5625","38.872501373291","526","33.117","21.238","0","2.61265519795488","0.294870941169418","15.426166815072",
"5/19/2011","66.5625","38.872501373291","526","30.905","18.232","0","1.90069931442885","0.288763689163513","28.7868224169",
"5/20/2011","66.5625","38.872501373291","526","30.713","13.826","0","2.68367011571315","0.220012578927996","28.8069604481304",
"5/21/2011","66.5625","38.872501373291","526","31.827","14.871","0","2.80621438986708","0.212360898234973","29.409475887216",
"5/22/2011","66.5625","38.872501373291","526","34.25","17.212","0","2.24661863909622","0.231680578630643","29.443852992924",
"5/23/2011","66.5625","38.872501373291","526","35.615","23.24","0","3.38228832461879","0.154709174422514","28.3686411912761",
"5/24/2011","66.5625","38.872501373291","526","36.077","23.337","0.0034332264","3.11638828269575","0.155352631384423","27.303814604016",
"5/25/2011","66.5625","38.872501373291","526","33.107","21.317","0.2540591064","3.33465946606434","0.165456637307565","25.340399394912",
"5/26/2011","66.5625","38.872501373291","526","32.675","19.799","0","3.25971795206127","0.173985883700537","29.347733344788",
"5/27/2011","66.5625","38.872501373291","526","33.841","18.841","0","2.14004213567838","0.178081433443816","30.359015791308",
"5/28/2011","66.5625","38.872501373291","526","34.338","19.454","0","2.11158739296205","0.118336618425433","30.078303430536",
"5/29/2011","66.5625","38.872501373291","526","32.296","20.401","0","2.63742472665284","0.150267191369374","29.695705986708",
"5/30/2011","66.5625","38.872501373291","526","33.096","19.459","0","2.29345884947639","0.18028958110162","29.632264755408",
"5/31/2011","66.5625","38.872501373291","526","29.426","14.948","0","2.4371181545676","0.187902428014403","30.952834097184",
"6/1/2011","66.5625","38.872501373291","526","30.153","11.772","0","2.00230423428957","0.175134517411941","30.9053442640572",
"6/2/2011","66.5625","38.872501373291","526","32.669","16.444","0","2.74351093781743","0.118336637956701","30.463649455752",
"6/3/2011","66.5625","38.872501373291","526","35.464","22.458","0","4.01195145103339","0.120060971806494","30.242156350752",
"6/4/2011","66.5625","38.872501373291","526","31.192","20.957","0","2.22758336292885","0.224718379943402","23.509604521044",
"6/5/2011","66.5625","38.872501373291","526","34.906","20.641","0","2.43373705742744","0.219576642031048","29.8071677772",
"6/6/2011","66.5625","38.872501373291","526","35.695","21.954","0","2.8954987174931","0.138654329098608","30.083258831004",
"6/7/2011","66.5625","38.872501373291","526","38.007","24.421","0","4.11097716830541","0.141880394260653","29.66749735482",
"6/8/2011","66.5625","38.872501373291","526","38.85","27.074","0","3.9123939250218","0.162688898774595","29.275748641476",
"6/9/2011","66.5625","38.872501373291","526","38.573","24.577","0","4.35541083109453","0.160820810031501","29.3497669432476",
"6/10/2011","66.5625","38.872501373291","526","36.652","23.629","0.0034332264","3.05197272894066","0.176331260721441","27.170626966272",
"6/11/2011","66.5625","38.872501373291","526","38.48","22.594","0.0085830624","3.04895328810498","0.272931787363321","28.1880838961424",
"6/12/2011","66.5625","38.872501373291","526","36.43","24.073","0","3.38802869047245","0.270711184416649","29.661976422828",
"6/13/2011","66.5625","38.872501373291","526","37.835","24.256","0","3.48661484343143","0.1784415448063","28.462537598292",
"6/14/2011","66.5625","38.872501373291","526","38.657","26.812","0","4.06346463264515","0.112119970710164","30.563077869036",
"6/15/2011","66.5625","38.872501373291","526","39.586","26.927","0","4.39136103123884","0.0894181060387118","30.656575005084",
"6/16/2011","66.5625","38.872501373291","526","38.52","26.73","0","4.19886071366797","0.127463484569502","30.165813303084",
"6/17/2011","66.5625","38.872501373291","526","36.24","21.023","0.0034332264","2.25949266711356","0.180324345447312","30.11976708714",
"6/18/2011","66.5625","38.872501373291","526","37.577","23.1","0","2.82932423852224","0.177462155671959","30.229787488356",
"6/19/2011","66.5625","38.872501373291","526","37.397","22.421","0","4.59742234665551","0.177191031930807","30.198002970312",
"6/20/2011","66.5625","38.872501373291","526","37.463","22.422","0","2.42537748556708","0.182703860935871","30.897488877696",
"6/21/2011","66.5625","38.872501373291","526","38.64","23.127","0","3.08263339734087","0.144757467687824","30.48648495561",
"6/22/2011","66.5625","38.872501373291","526","37.872","24.55","0","3.30386766659455","0.136642870493741","30.3815372491188",
"6/23/2011","66.5625","38.872501373291","526","38.669","21.975","0","2.94243978249491","0.179832229267801","30.325185120384",
"6/24/2011","66.5625","38.872501373291","526","39.667","22.953","0.0034332264","1.83334799890323","0.164894727940684","30.143353046832",
"6/25/2011","66.5625","38.872501373291","526","32.923","21.448","0.0497818116","3.37552491265133","0.29676212398321","29.399600366424",
"6/26/2011","66.5625","38.872501373291","526","34.05","18.55","0.0017166132","2.43358570732737","0.27287180598133","30.223955930832",
"6/27/2011","66.5625","38.872501373291","526","37.317","20.457","0","2.54299854805959","0.188876037840268","30.916450434384",
"6/28/2011","66.5625","38.872501373291","526","37.488","21.839","0","3.54008518888804","0.170694871580797","30.818035214784",
"6/29/2011","66.5625","38.872501373291","526","38.195","22.043","0","3.85893023795009","0.162285128112211","30.781919421036",
"6/30/2011","66.5625","38.872501373291","526","35.652","19.748","0","2.48692599105183","0.16403670712611","30.740912838972",
"7/1/2011","66.5625","38.872501373291","526","36.133","20.282","0","3.35897099378757","0.172228183234151","30.9126174637248",
"7/2/2011","66.5625","38.872501373291","526","36.633","20.334","0","4.45774603919377","0.184760228210672","30.494249505828",
"7/3/2011","66.5625","38.872501373291","526","37.745","22.451","0","3.00568999444721","0.167226256409175","30.502044061272",
"7/4/2011","66.5625","38.872501373291","526","39.942","23.578","0","2.49313858050658","0.11214584574947","31.328904178008",
"7/5/2011","66.5625","38.872501373291","526","41.131","24.11","0","2.08537471863676","0.0773680795659731","31.1055857077068",
"7/6/2011","66.5625","38.872501373291","526","39.692","23.796","0","2.16577667981779","0.0771051205056025","30.83148737028",
"7/7/2011","66.5625","38.872501373291","526","39.474","22.863","0","3.11872110882815","0.104219358146228","30.638206580724",
"7/8/2011","66.5625","38.872501373291","526","40.436","22.048","0","3.34528312880032","0.122123121484566","30.20480655372",
"7/9/2011","66.5625","38.872501373291","526","38.645","23.923","0","5.48812171530792","0.130742004713223","30.738119509332",
"7/10/2011","66.5625","38.872501373291","526","39.383","23.726","0","3.06894829969894","0.125405093889631","30.6765678092256",
"7/11/2011","66.5625","38.872501373291","526","40.431","24.616","0","2.23278070079093","0.122919187766249","30.394218051972",
"7/12/2011","66.5625","38.872501373291","526","41.384","23.04","0","2.10299076854937","0.109179465154756","30.277010800152",
"7/13/2011","66.5625","38.872501373291","526","40.836","25.839","0.0017166132","4.19314605305192","0.141075710534992","29.6407918242936",
"7/14/2011","66.5625","38.872501373291","526","36.28","21.36","0","3.77166847294069","0.198375861426508","29.900516754096",
"7/15/2011","66.5625","38.872501373291","526","35.602","20.52","0","4.69750554170079","0.136667426458795","30.823044779772",
"7/16/2011","66.5625","38.872501373291","526","36.831","17.337","0.0017166132","2.24199978121096","0.146200330813651","30.42790647102",
"7/17/2011","66.5625","38.872501373291","526","37.378","19.461","0","2.26265437744381","0.141560709049616","30.446047413072",
"7/18/2011","66.5625","38.872501373291","526","35.991","23.281","0","2.5345665902701","0.155552269403302","29.908510663968",
"7/19/2011","66.5625","38.872501373291","526","34.323","20.41","0","2.5071847403097","0.132772214383027","30.185305961472",
"7/20/2011","66.5625","38.872501373291","526","35.935","18.721","0","2.91831925707892","0.161597957650671","29.7520537641552",
"7/21/2011","66.5625","38.872501373291","526","37.628","20.239","0","2.71290742544666","0.154073448252469","29.8191282760512",
"7/22/2011","66.5625","38.872501373291","526","38.428","22.547","0","2.49855471510368","0.156438621185501","29.425487237676",
"7/23/2011","66.5625","38.872501373291","526","36.86","23.331","0.0034332264","4.19414324117304","0.158211540244779","29.5035843672",
"7/24/2011","66.5625","38.872501373291","526","35.751","18.008","0","2.53799431807295","0.127477725335745","29.53487251764",
"7/25/2011","66.5625","38.872501373291","526","34.277","18.055","0","2.98803828667067","0.163772885863077","29.635282900692",
"7/26/2011","66.5625","38.872501373291","526","37.55","19.284","0","3.53935508990249","0.154420300528987","29.6929615912461",
"7/27/2011","66.5625","38.872501373291","526","38.189","19.914","0","2.23479489543443","0.162591034599961","29.478021403572",
"7/28/2011","66.5625","38.872501373291","526","38.933","21.988","0","1.71608799134387","0.161532633599689","28.865771861004",
"7/29/2011","66.5625","38.872501373291","526","39.478","22.42","0","1.76307408765338","0.146101012595586","28.75612347531",
"7/30/2011","66.5625","38.872501373291","526","38.553","23.902","0","2.55351700175446","0.124770185081227","28.747585052442",
"7/31/2011","66.5625","38.872501373291","526","39.521","23.956","0","3.03183974154714","0.135690803330938","28.441909934496",
"8/1/2011","66.5625","38.872501373291","526","40.827","23.764","0","4.0547843760439","0.137467566319484","28.4812515544644",
"8/2/2011","66.5625","38.872501373291","526","41.946","25.57","0","4.8767155829584","0.155225256878167","28.378401988968",
"8/3/2011","66.5625","38.872501373291","526","42.737","25.965","0","4.5285968106952","0.122829513935451","28.613484191664",
"8/4/2011","66.5625","38.872501373291","526","42.964","28.385","0","5.45109628748544","0.118139271065777","28.40256425556",
"8/5/2011","66.5625","38.872501373291","526","43.966","28.403","0","5.64280997504251","0.10849579999204","28.54321997202",
"8/6/2011","66.5625","38.872501373291","526","43.729","28.413","0","4.52657201418968","0.100261065139658","28.34928559836",
"8/7/2011","66.5625","38.872501373291","526","42.251","27.213","0","4.82575918880977","0.13831572471741","27.49238470836",
"8/8/2011","66.5625","38.872501373291","526","37.135","23.239","0","3.70680146295371","0.157751729912191","27.779896220724",
"8/9/2011","66.5625","38.872501373291","526","34.761","18.438","0","2.30927158463728","0.163188524066133","27.344892952728",
"8/10/2011","66.5625","38.872501373291","526","35.742","20.219","0","3.69489048295746","0.188160235149712","27.390382357608",
"8/11/2011","66.5625","38.872501373291","526","37.144","22.587","0","3.11537026738403","0.150107255735832","27.429357353292",
"8/12/2011","66.5625","38.872501373291","526","37.872","19.881","0","1.84041834641916","0.148310573639167","27.5108508979992",
"8/13/2011","66.5625","38.872501373291","526","38.677","19.046","0","2.09873429438325","0.11880602914848","27.487718407584",
"8/14/2011","66.5625","38.872501373291","526","38.832","21.6","0","2.45140300410777","0.0994859091480973","27.3617072278092",
"8/15/2011","66.5625","38.872501373291","526","38.828","20.327","0","2.3836661165419","0.10644277734462","27.510422948712",
"8/16/2011","66.5625","38.872501373291","526","39.485","21.144","0","2.35655294392799","0.087898392764462","27.254344835808",
"8/17/2011","66.5625","38.872501373291","526","39.174","23.932","0","2.38458336978738","0.0955395023955171","27.095178665124",
"8/18/2011","66.5625","38.872501373291","526","38.442","21.752","0","2.30467862991355","0.0875941441955666","27.155176191792",
"8/19/2011","66.5625","38.872501373291","526","38.814","21.456","0.0034332264","3.07822202525121","0.104753954393736","26.3800192833504",
"8/20/2011","66.5625","38.872501373291","526","39.432","24.403","0","2.76690811598343","0.143077953312468","25.433354572776",
"8/21/2011","66.5625","38.872501373291","526","38.85","24.381","0","3.43557267512652","0.185933307795973","25.325127972864",
"8/22/2011","66.5625","38.872501373291","526","39.293","23.624","0","3.66744954702495","0.140773587035493","26.308472175252",
"8/23/2011","66.5625","38.872501373291","526","41.246","22.963","0","3.88910627864855","0.122487354170452","25.319980212084",
"8/24/2011","66.5625","38.872501373291","526","39.301","24.763","0","4.82257500065012","0.149602151388776","24.92166041289",
"8/25/2011","66.5625","38.872501373291","526","35.89","22.019","0","3.92774794205817","0.224192959034588","24.502194911484",
"8/26/2011","66.5625","38.872501373291","526","35.983","20.93","0","3.98845932009265","0.203516721050533","24.386046713064",
"8/27/2011","66.5625","38.872501373291","526","33.113","19.662","0","2.71840922724142","0.199377806478208","23.716693136268",
"8/28/2011","66.5625","38.872501373291","526","30.657","14.135","0","2.63091285405317","0.205934025959208","24.4928257578036",
"8/29/2011","66.5625","38.872501373291","526","29.563","13.89","0","2.96311472355169","0.159008589938333","24.4707907968504",
"8/30/2011","66.5625","38.872501373291","526","28.311","12.467","0","2.28166287448859","0.133249608344401","24.70148923626",
"8/31/2011","66.5625","38.872501373291","526","31.383","13.428","0","3.21653995406313","0.125454218888762","25.051616517528",
"9/1/2011","66.5625","38.872501373291","526","33.235","13.369","0","1.6803969620017","0.14768993377465","25.6628450451852",
"9/2/2011","66.5625","38.872501373291","526","34.758","16.06","0","2.17750274310805","0.0712385840958931","25.425408069036",
"9/3/2011","66.5625","38.872501373291","526","35.047","16.84","0","2.0805583535449","0.0762389545882673","24.9186778611732",
"9/4/2011","66.5625","38.872501373291","526","36.677","16.788","0.0034332264","1.72912773510767","0.137669521926302","24.46405963929",
"9/5/2011","66.5625","38.872501373291","526","36.533","17.544","0","1.6695402483462","0.150703896746378","24.407408033028",
"9/6/2011","66.5625","38.872501373291","526","36.185","16.745","0","1.58679927333635","0.149802061894071","24.221992262868",
"9/7/2011","66.5625","38.872501373291","526","34.869","16.236","0","1.86662651702005","0.140521887635339","23.8815607420256",
"9/8/2011","66.5625","38.872501373291","526","34.692","14.997","0","2.91870715174235","0.156903702867156","23.371950216096",
"9/9/2011","66.5625","38.872501373291","526","34.561","19.41","0","3.23086621564019","0.177587164042838","23.425061060484",
"9/10/2011","66.5625","38.872501373291","526","33.49","15.786","0.0017166132","1.61121494687652","0.195110171317955","23.137705416924",
"9/11/2011","66.5625","38.872501373291","526","34.788","16.08","0","2.15458871384523","0.157048846201543","23.609971474344",
"9/12/2011","66.5625","38.872501373291","526","36.397","17.748","0","2.86845428741576","0.11913047544879","23.464652354208",
"9/13/2011","66.5625","38.872501373291","526","36.649","19.307","0","2.43037255199889","0.11477185319002","22.379360941908",
"9/14/2011","66.5625","38.872501373291","526","35.355","18.634","0","2.66016908589825","0.150333085743672","22.328187359094",
"9/15/2011","66.5625","38.872501373291","526","30.058","16.13","0","2.42798073484694","0.246837994085902","21.5103478049892",
"9/16/2011","66.5625","38.872501373291","526","28.055","13.809","0","3.14026226741668","0.38682319653368","21.799719955476",
"9/17/2011","66.5625","38.872501373291","526","30.662","16.905","0","2.53123221164132","0.253833859375695","21.929913755928",
"9/18/2011","66.5625","38.872501373291","526","29.131","12.668","0","2.13220240004569","0.199779139689495","21.9462240044592",
"9/19/2011","66.5625","38.872501373291","526","28.767","11.34","0","1.82026930467446","0.175064006133666","21.760932612204",
"9/20/2011","66.5625","38.872501373291","526","29.109","15.926","0","2.90004568061804","0.182003511339901","21.259337220648",
"9/21/2011","66.5625","38.872501373291","526","25.891","12.701","0.0017166132","2.57689843260728","0.292800276903841","21.37872282372",
"9/22/2011","66.5625","38.872501373291","526","27.04","11.541","0","2.64601753123353","0.167933650206263","20.816896443264",
"9/23/2011","66.5625","38.872501373291","526","27.446","11.148","0","1.40061619084682","0.192251633028965","20.142545939928",
"9/24/2011","66.5625","38.872501373291","526","29.721","10.383","0","2.12688494631265","0.166266318499018","21.136528931688",
"9/25/2011","66.5625","38.872501373291","526","30.036","11.04","0","1.89256407198121","0.161944053098539","20.9149569595112",
"9/26/2011","66.5625","38.872501373291","526","29.569","13.496","0","1.87093564223195","0.120951100760326","20.8313026591507",
"9/27/2011","66.5625","38.872501373291","526","29.777","11.615","0","2.82277411545921","0.150322476939555","19.82560682016",
"9/28/2011","66.5625","38.872501373291","526","27.636","14.312","0","1.8034756287915","0.285256265966085","19.4964200806824",
"9/29/2011","66.5625","38.872501373291","526","25.594","9.96199999999999","0","1.71592753247384","0.360230515382767","19.137317477508",
"9/30/2011","66.5625","38.872501373291","526","28.454","11.838","0","2.125311031123","0.299628503942631","19.2931952066424",
"10/1/2011","66.5625","38.872501373291","526","33.071","17.539","0.0017166132","2.73820508814238","0.178131003665351","19.115423816688",
"10/2/2011","66.5625","38.872501373291","526","36.321","19.829","0","3.13904955270693","0.130700228785361","18.862883127216",
"10/3/2011","66.5625","38.872501373291","526","29.276","14.918","0.0017166132","1.8150024634278","0.248909340381814","18.2312565528996",
"10/4/2011","66.5625","38.872501373291","526","28.42","11.075","0","1.63793719836598","0.340343053698557","18.590165470386",
"10/5/2011","66.5625","38.872501373291","526","20.869","7.64299999999997","0","3.07754400991748","0.415545182595371","18.146826377676",
"10/6/2011","66.5625","38.872501373291","526","22.73","6.983","0","2.49829295078544","0.305661232256852","17.9423492003892",
"10/7/2011","66.5625","38.872501373291","526","23.239","5.94299999999998","0","1.68988357211806","0.38212304018159","18.063761910156",
"10/8/2011","66.5625","38.872501373291","526","24.061","8.01499999999999","0","1.86256538085751","0.316983167680373","17.91469894734",
"10/9/2011","66.5625","38.872501373291","526","25.316","12.076","0","2.45799049475307","0.281942867886195","17.721672327774",
"10/10/2011","66.5625","38.872501373291","526","26.135","14.604","0","2.42018119870503","0.284517399515958","17.3065061443176",
"10/11/2011","66.5625","38.872501373291","526","26.717","13.952","0.0034332264","2.31144431747322","0.325904695605086","15.57361283994",
"10/12/2011","66.5625","38.872501373291","526","23.313","15.105","2.81524572","2.69516304244697","0.492656085008618","14.7369182795712",
"10/13/2011","66.5625","38.872501373291","526","25.963","15.006","0","3.20959646200853","0.451510465484553","16.349127988428",
"10/14/2011","66.5625","38.872501373291","526","29.483","18.253","0","3.91487511081169","0.262384983790934","16.670137675464",
"10/15/2011","66.5625","38.872501373291","526","28.526","17.556","0","3.1570639844829","0.206082186208232","16.24921517808",
"10/16/2011","66.5625","38.872501373291","526","28.316","15.719","0.0017166132","2.19362013178372","0.227923374709173","16.332170827356",
"10/17/2011","66.5625","38.872501373291","526","27.269","13.265","0","2.36773928751889","0.208282552933997","16.181472992652",
"10/18/2011","66.5625","38.872501373291","526","26.469","15.985","0","2.62414261174182","0.226013684082688","16.004919787812",
"10/19/2011","66.5625","38.872501373291","526","26.022","13.647","0","2.77556475541404","0.217155892647591","15.075022628628",
"10/20/2011","66.5625","38.872501373291","526","28.593","17.548","0","3.31768790730084","0.207535014743013","15.5606789646",
"10/21/2011","66.5625","38.872501373291","526","28.47","17.817","0","3.85205183877766","0.288749175157696","15.0539398296768",
"10/22/2011","66.5625","38.872501373291","526","21.287","9.988","0.0875472984","3.54414841156809","0.399634540220062","10.853332645392",
"10/23/2011","66.5625","38.872501373291","526","17.582","8.99099999999999","0","3.46388242406367","0.581096235578553","13.7319379538119",
"10/24/2011","66.5625","38.872501373291","526","18.419","4.24400000000003","0","1.88804267347467","0.493190796349113","15.188632251084",
"10/25/2011","66.5625","38.872501373291","526","20.742","5.22800000000001","0","1.78580983450347","0.426274914952143","15.056438347116",
"10/26/2011","66.5625","38.872501373291","526","23.418","6.875","0","1.34806592621497","0.284033192421758","14.670278698212",
"10/27/2011","66.5625","38.872501373291","526","25.111","12.161","0.257492016","3.30619856986444","0.278192836496746","12.197709235998",
"10/28/2011","66.5625","38.872501373291","526","11.526","6.82299999999998","2.60238564","2.25744343573204","0.645581046662977","8.52076414070532",
"10/29/2011","66.5625","38.872501373291","526","11.765","4.12299999999999","0.3244399236","2.30941809403075","0.443384020335508","11.220411218112",
"10/30/2011","66.5625","38.872501373291","526","14.506","5.48000000000002","2.949142176","2.31321406871534","0.554274628677652","11.727847265616",
"10/31/2011","66.5625","38.872501373291","526","13.437","3.86500000000001","0.9544373064","2.52385984095672","0.668719560349126","13.288866733062",
"11/1/2011","66.5625","38.872501373291","526","10.439","4.14499999999998","0","2.39754641759493","0.689399722737983","12.302932807872",
"11/2/2011","66.5625","38.872501373291","526","14.744","3.09399999999999","0.0017166132","1.67432830637283","0.69320519692595","13.50495341946",
"11/3/2011","66.5625","38.872501373291","526","14.836","4.43400000000003","0","1.80440823769114","0.711130937701553","9.693281018988",
"11/4/2011","66.5625","38.872501373291","526","15.238","5.41800000000001","0.0205993584","1.40583798305154","0.708984093881679","13.294630418184",
"11/5/2011","66.5625","38.872501373291","526","17.528","4.53899999999999","0","2.44499801415603","0.518276022344278","12.624288766488",
"11/6/2011","66.5625","38.872501373291","526","22.995","9.11700000000002","0","2.64768620025641","0.40701765452233","12.922214556528",
"11/7/2011","66.5625","38.872501373291","526","15.456","3.15899999999999","11.631767832","2.49568097429979","0.637576799219301","2.3972322814632",
"11/8/2011","66.5625","38.872501373291","526","1.03699999999998","-4.12799999999999","11.793134412","4.06189962100596","0.882746554149462","4.417475695164",
"11/9/2011","66.5625","38.872501373291","526","4.61099999999999","-4.80000000000001","0.4617692424","3.10464304771937","0.778449417614848","11.9044728823536",
"11/10/2011","66.5625","38.872501373291","526","14.103","-1.49900000000002","0","1.77506594423833","0.684039750743453","12.639640774932",
"11/11/2011","66.5625","38.872501373291","526","19.895","4.012","0","1.69302498334268","0.472563333270051","12.0360970084608",
"11/12/2011","66.5625","38.872501373291","526","17.421","5.66699999999997","0","1.58221554293253","0.519995608135871","12.036592882908",
"11/13/2011","66.5625","38.872501373291","526","22.78","9.59899999999999","0.240325956","2.83018912330932","0.392183413835177","12.0713149216188",
"11/14/2011","66.5625","38.872501373291","526","10.679","2.26999999999998","4.332730716","2.30451868311205","0.73758006365137","7.073504171928",
"11/15/2011","66.5625","38.872501373291","526","10.315","-0.954000000000008","0","1.84263688279841","0.55713048613931","12.186510958044",
"11/16/2011","66.5625","38.872501373291","526","16.256","3.39600000000002","0","1.76660872813797","0.411375295075561","10.14174605592",
"11/17/2011","66.5625","38.872501373291","526","16.981","9.89800000000002","1.811027052","3.24402513043182","0.591411566206358","5.34243161412",
"11/18/2011","66.5625","38.872501373291","526","12.717","7.30000000000001","12.222290952","1.71475934685961","0.854588114839914","7.14033670122",
"11/19/2011","66.5625","38.872501373291","526","12.942","5.00599999999997","1.67541408","1.72665400787944","0.759946042710404","11.344034610576",
"11/20/2011","66.5625","38.872501373291","526","17.292","4.41399999999999","0","2.63239974465729","0.580107613288225","10.426592072952",
"11/21/2011","66.5625","38.872501373291","526","17.092","9.82400000000001","1.828193724","1.29977248652583","0.653016088218671","4.483399978404",
"11/22/2011","66.5625","38.872501373291","526","10.041","7.74000000000001","6.9522894576","2.92436157122847","0.86395438941938","2.25423532125",
"11/23/2011","66.5625","38.872501373291","526","11.984","6.78100000000001","4.1576380416","2.7316501353968","0.815623017669669","7.740424613844",
"11/24/2011","66.5625","38.872501373291","526","9.61900000000003","4.22000000000003","6.402967056","2.14325334458418","0.857787767580987","9.8862589981044",
"11/25/2011","66.5625","38.872501373291","526","9.375","2.52499999999998","3.2718672","2.20327106279911","0.854741099496507","5.0934108312",
"11/26/2011","66.5625","38.872501373291","526","4.548","-1.71499999999997","5.347254348","3.83737761641282","0.897678476825023","6.212622148236",
"11/27/2011","66.5625","38.872501373291","526","3.57499999999999","-2.44799999999998","0.5973821712","3.11749456144583","0.817125781515144","10.565974644138",
"11/28/2011","66.5625","38.872501373291","526","4.42500000000001","-1.56900000000002","0.0068664528","1.66273414353511","0.900476125136622","9.965739605292",
"11/29/2011","66.5625","38.872501373291","526","10.301","-0.850999999999999","0","1.01502424264268","0.787932906194633","10.909858146264",
"11/30/2011","66.5625","38.872501373291","526","14.275","2.10500000000002","0","1.75786985961006","0.590498289290899","10.735747031304",
"12/1/2011","66.5625","38.872501373291","526","6.589","0.987000000000023","0.487518228","2.2456645490006","0.700813529862644","8.406016032996",
"12/2/2011","66.5625","38.872501373291","526","5.38999999999999","0.108000000000004","3.5327946528","1.76360746844826","0.872943283334825","2.546438045652",
"12/3/2011","66.5625","38.872501373291","526","8.19400000000002","-0.973000000000013","0","1.99870855627183","0.785351038577328","10.5079229928792",
"12/4/2011","66.5625","38.872501373291","526","5.97500000000002","-0.355000000000018","0.0377655048","1.93032117643926","0.840378567792342","10.34977669542",
"12/5/2011","66.5625","38.872501373291","526","3.49700000000001","-1.16800000000001","0.365638788","1.47202126798494","0.846579365287591","10.243447012764",
"12/6/2011","66.5625","38.872501373291","526","5.92700000000002","-2.029","0","1.62017514643814","0.669347064788372","10.560108138516",
"12/7/2011","66.5625","38.872501373291","526","6.334","-2.91800000000001","0","1.51630108453813","0.480221074153882","10.833265440144",
"12/8/2011","66.5625","38.872501373291","526","6.92099999999999","-3.37700000000001","0","1.10691239263196","0.337867466829053","10.732909942152",
"12/9/2011","66.5625","38.872501373291","526","10.571","-1.67700000000002","0","1.2281484582989","0.369544966775103","10.664317085724",
"12/10/2011","66.5625","38.872501373291","526","11.402","0.22399999999999","0.0017166132","1.3972333698248","0.412355629640799","10.409571105336",
"12/11/2011","66.5625","38.872501373291","526","13.894","1.59500000000003","0","2.13862119592594","0.434699257381789","10.3690794861",
"12/12/2011","66.5625","38.872501373291","526","3.93599999999998","-1.12099999999998","0.0137329056","2.61949086090862","0.720094716341626","9.385442593092",
"12/13/2011","66.5625","38.872501373291","526","7.548","-1.625","0","2.30805605066045","0.632159023586652","10.060824213432",
"12/14/2011","66.5625","38.872501373291","526","7.98500000000001","-1.43599999999998","0","1.44340495129689","0.576335278464109","10.208843154252",
"12/15/2011","66.5625","38.872501373291","526","6.57299999999998","-2.79500000000002","0","0.94200830439177","0.622479516103926","10.082621997396",
"12/16/2011","66.5625","38.872501373291","526","6.88299999999998","-2.66199999999998","0","1.5090713616305","0.509817138299269","10.170239403456",
"12/17/2011","66.5625","38.872501373291","526","9.92000000000002","-1.12400000000002","0","1.50565977178758","0.308665376406254","9.951173801532",
"12/18/2011","66.5625","38.872501373291","526","8.14499999999998","0.09699999999998","0.0223159716","1.30111770757672","0.43480733491279","8.494360945956",
"12/19/2011","66.5625","38.872501373291","526","3.41300000000001","-4.69900000000001","0.0343322712","3.41534578939313","0.493939892789587","10.1606283025848",
"12/20/2011","66.5625","38.872501373291","526","-3.01900000000001","-8.79300000000001","0","2.77446638558611","0.38313426816956","10.240749906732",
"12/21/2011","66.5625","38.872501373291","526","-1.65899999999999","-11.317","0","1.390615374939","0.382277930688984","10.3000731777576",
"12/22/2011","66.5625","38.872501373291","526","3.85300000000001","-9.64499999999998","0","1.3031139895969","0.337262937412457","10.353708905652",
"12/23/2011","66.5625","38.872501373291","526","9.46899999999999","-5.72000000000003","0","0.992268152464279","0.413834605348638","10.525948021404",
"12/24/2011","66.5625","38.872501373291","526","12.284","-0.374000000000024","0","1.72239841259168","0.32530547602846","9.712459436256",
"12/25/2011","66.5625","38.872501373291","526","13.517","4.267","0","1.51858573562205","0.390445444683337","5.865180964632",
"12/26/2011","66.5625","38.872501373291","526","8.06200000000001","0.84899999999999","1.9500737904","1.19077635480042","0.783596705882132","6.461428001904",
"12/27/2011","66.5625","38.872501373291","526","4.16000000000003","-1.90199999999999","0.7278441912","2.09015386927553","0.865254626229385","9.700870332456",
"12/28/2011","66.5625","38.872501373291","526","4.16899999999998","-3.63299999999998","0.0944137584","1.89167446801026","0.863059802641752","9.20880223938",
"12/29/2011","66.5625","38.872501373291","526","7.87400000000002","-1.85399999999998","0","1.40705544396374","0.739692610524299","10.053324122868",
"12/30/2011","66.5625","38.872501373291","526","2.35599999999999","-3.30799999999999","0.022315986","2.29887792923296","0.846397246995865","8.183711325042",
"12/31/2011","66.5625","38.872501373291","526","5.23500000000001","-4.89999999999998","0","1.76408196401073","0.692791733937463","10.368136121688",
"1/1/2012","66.5625","38.872501373291","526","9.11200000000002","-1.47500000000002","0","2.31650634090559","0.425450142814936","10.51213002624",
"1/2/2012","66.5625","38.872501373291","526","11.78","1.16000000000003","1.356124572","2.52135532436","0.557780634751102","7.344485142876",
"1/3/2012","66.5625","38.872501373291","526","11.726","2.31999999999999","0.0171661392","2.03301317952903","0.710070279568726","9.903109879512",
"1/4/2012","66.5625","38.872501373291","526","6.18700000000001","-0.392999999999972","0.0205993584","2.39503213924527","0.814511944672393","7.872790143852",
"1/5/2012","66.5625","38.872501373291","526","-0.951000000000022","-5.51299999999998","2.0427707664","3.09080592259589","0.886701210228309","7.602344637084",
"1/6/2012","66.5625","38.872501373291","526","-0.232000000000028","-7.13400000000001","0","1.46929598343262","0.821763743667935","10.2871810852632",
"1/7/2012","66.5625","38.872501373291","526","2.29199999999997","-8.10700000000003","0","1.20363475722625","0.746832623477793","10.680713480772",
"1/8/2012","66.5625","38.872501373291","526","5.89400000000001","-6.17599999999999","0","0.982154522052239","0.601079295151251","10.805175196992",
"1/9/2012","66.5625","38.872501373291","526","9.80099999999999","-1.55500000000001","0.0034332264","3.11596211327765","0.518414860476765","10.8483447659508",
"1/10/2012","66.5625","38.872501373291","526","9.21899999999999","0.59899999999999","0","2.2870990051994","0.592070705821925","10.4486719951296",
"1/11/2012","66.5625","38.872501373291","526","10.486","1.71899999999999","0","3.22924729929244","0.670710767238672","10.406707542612",
"1/12/2012","66.5625","38.872501373291","526","15.439","3.65199999999999","0.180244296","4.13726041838104","0.479822394231609","10.7965645667532",
"1/13/2012","66.5625","38.872501373291","526","8.303","3.47199999999998","6.1746565968","3.05132463051484","0.790308165447403","4.314217040424",
"1/14/2012","66.5625","38.872501373291","526","9.88999999999999","0.427000000000021","0.4875185664","2.51563074097531","0.781735748486971","7.500433760496",
"1/15/2012","66.5625","38.872501373291","526","2.29700000000003","-1.755","1.1930465592","2.26781006522605","0.871995414750606","7.5491863971012",
"1/16/2012","66.5625","38.872501373291","526","5.89600000000002","-4.05000000000001","0.0017166132","1.67465026283629","0.693384634635033","11.355656383548",
"1/17/2012","66.5625","38.872501373291","526","7.209","-3.09300000000002","0","1.64743415377711","0.399718778901465","11.688273314784",
"1/18/2012","66.5625","38.872501373291","526","5.858","-3.363","0","1.69829851850368","0.37285364655124","11.822878556208",
"1/19/2012","66.5625","38.872501373291","526","3.90899999999999","-4.41899999999998","0.0017166132","1.50818661809294","0.450437857032896","11.682479910348",
"1/20/2012","66.5625","38.872501373291","526","5.07999999999998","-5.863","0","1.26927102208258","0.459361978561611","11.906203725576",
"1/21/2012","66.5625","38.872501373291","526","8.09399999999999","-3.30399999999997","0","2.19510216476978","0.351144030956774","11.906034992964",
"1/22/2012","66.5625","38.872501373291","526","-0.615000000000009","-3.41899999999998","0.0755309808","2.15163663794899","0.558609738338738","8.034343048944",
"1/23/2012","66.5625","38.872501373291","526","6.666","-5.048","0.068664564","2.17738160018045","0.650670065061731","11.794628121588",
"1/24/2012","66.5625","38.872501373291","526","10.56","-0.435000000000002","0","2.55494836873677","0.407757535093647","11.872391947308",
"1/25/2012","66.5625","38.872501373291","526","7.39999999999998","-0.386000000000024","1.36299114","2.46104069457365","0.658150789756393","9.494883281376",
"1/26/2012","66.5625","38.872501373291","526","7.26799999999997","-3.65499999999997","0.0274658112","1.50336321567468","0.683536370827766","12.31982009874",
"1/27/2012","66.5625","38.872501373291","526","9.33100000000002","-0.956999999999994","0","2.35016769454029","0.354027395252964","11.849310875448",
"1/28/2012","66.5625","38.872501373291","526","11.582","1.00099999999998","0.0034332264","2.74002942353554","0.505894207585712","12.213039229056",
"1/29/2012","66.5625","38.872501373291","526","13.81","3.887","0.1579286664","3.14436517814498","0.527187436556804","9.116588314368",
"1/30/2012","66.5625","38.872501373291","526","3.541","-2.79399999999998","4.2434685","2.99835415317933","0.893780352702695","7.748062143228",
"1/31/2012","66.5625","38.872501373291","526","6.53800000000001","-3.33999999999998","0","1.60532496641431","0.695925776041446","13.04988262812",
"2/1/2012","66.5625","38.872501373291","526","11.33","-0.386000000000024","0","2.20246890073124","0.515321002094043","8.689590084726",
"2/2/2012","66.5625","38.872501373291","526","14.685","4.52600000000001","1.17073044","2.13015222004314","0.566329755728326","10.1222848156968",
"2/3/2012","66.5625","38.872501373291","526","6.83800000000002","-3.42700000000002","9.1547007192","3.47372208816372","0.910481067128066","2.25920833722",
"2/4/2012","66.5625","38.872501373291","526","-3.74599999999998","-10.262","0.8342744328","3.78152355359661","0.75383730152742","10.204538472864",
"2/5/2012","66.5625","38.872501373291","526","-6.46300000000002","-12.41","0.070381152","2.47815764072554","0.721130270812861","13.779172188036",
"2/6/2012","66.5625","38.872501373291","526","-2.28500000000003","-11.427","0","1.61711295388396","0.716964119741985","13.98028262346",
"2/7/2012","66.5625","38.872501373291","526","2.56900000000002","-8.868","0","1.57250283670611","0.649446782295543","14.375561505984",
"2/8/2012","66.5625","38.872501373291","526","6.93599999999998","-5.24000000000001","0","2.01544133328848","0.508999781703118","14.023880275752",
"2/9/2012","66.5625","38.872501373291","526","6.221","0.317999999999984","4.0168764864","2.45124983129316","0.65590199467187","5.5241714468772",
"2/10/2012","66.5625","38.872501373291","526","4.923","-4.75700000000001","0","1.75901245472174","0.874448109528042","14.342043080232",
"2/11/2012","66.5625","38.872501373291","526","8.02999999999997","0.259999999999991","0","1.89211055618054","0.672596367158561","8.639887921776",
"2/12/2012","66.5625","38.872501373291","526","0.869000000000028","-1.54899999999998","1.0574337384","2.97590260139152","0.927779018566787","7.98460924166316",
"2/13/2012","66.5625","38.872501373291","526","-0.824999999999989","-4.52699999999999","0.7827757272","3.04057208347853","0.874386029796416","12.133587280968",
"2/14/2012","66.5625","38.872501373291","526","0.815999999999974","-6.51400000000001","0.0102996864","1.51849129828175","0.79607893394214","15.159515601924",
"2/15/2012","66.5625","38.872501373291","526","4.95499999999998","-4.834","0","2.65640121520928","0.618843196974902","15.496808384376",
"2/16/2012","66.5625","38.872501373291","526","9.96100000000001","-1.74599999999998","0.0017166132","3.653391856723","0.510051621679513","16.033804804584",
"2/17/2012","66.5625","38.872501373291","526","7.50400000000002","1.97399999999999","1.7818461864","2.94109093630271","0.69200494029969","7.178929206804",
"2/18/2012","66.5625","38.872501373291","526","13.28","3.37299999999999","0.1544951664","2.86031151959431","0.770377959165134","14.063101241256",
"2/19/2012","66.5625","38.872501373291","526","12.001","5.834","0.144195408","2.77937840582258","0.74452832131526","9.344068894152",
"2/20/2012","66.5625","38.872501373291","526","8.69400000000002","0.103000000000009","2.659034988","4.67308778512238","0.88097093589245","4.291736427468",
"2/21/2012","66.5625","38.872501373291","526","0.254000000000019","-4.04500000000002","0.3261563424","1.94969089629868","0.768571258181067","15.479193885264",
"2/22/2012","66.5625","38.872501373291","526","0.954999999999984","-5.702","0.0017166132","1.62260867544745","0.576691416990561","16.739524476792",
"2/23/2012","66.5625","38.872501373291","526","3.78899999999999","-5.67700000000002","0","1.81586666166751","0.522612725082746","17.012558042964",
"2/24/2012","66.5625","38.872501373291","526","8.13099999999997","-4.42599999999999","0","1.56874580252954","0.41615138606307","17.492944240944",
"2/25/2012","66.5625","38.872501373291","526","14.051","-0.180999999999983","0","4.51806960194546","0.271562939137654","17.221704639192",
"2/26/2012","66.5625","38.872501373291","526","12.051","4.18299999999999","0.5630488848","2.6208724342812","0.49160449993151","7.43402405466",
"2/27/2012","66.5625","38.872501373291","526","6.97800000000001","2.50799999999998","9.02767284","3.31264078304019","0.865736289198346","8.224080950754",
"2/28/2012","66.5625","38.872501373291","526","13.224","1.09500000000003","0","2.78777547389201","0.546020378058678","17.241653052",
"2/29/2012","66.5625","38.872501373291","526","15.613","1.702","0.0017166132","2.02122127066384","0.398698532936072","17.489824203096",
"3/1/2012","66.5625","38.872501373291","526","19.945","7.78100000000001","0","4.53403796708161","0.403327423183112","16.662131001504",
"3/2/2012","66.5625","38.872501373291","526","21.618","12.107","0.113296572","4.89754476386991","0.454486969869443","14.6869174299348",
"3/3/2012","66.5625","38.872501373291","526","20.408","11.048","0.0755309808","5.1618821323279","0.442209454788814","9.477155234016",
"3/4/2012","66.5625","38.872501373291","526","13.854","2.42000000000002","2.679629958","3.82064992276607","0.62344540446318","13.1406901660872",
"3/5/2012","66.5625","38.872501373291","526","14.457","1.42599999999999","0","4.97087033891172","0.345743640356601","18.1780992023328",
"3/6/2012","66.5625","38.872501373291","526","8.56299999999999","1.10300000000001","3.23753688","5.53887313053001","0.616207630862947","16.5961123677432",
"3/7/2012","66.5625","38.872501373291","526","9.81200000000001","-1.798","0.284957856","1.99845147364147","0.645833166993775","18.6710387201424",
"3/8/2012","66.5625","38.872501373291","526","12.761","1.62400000000002","0","2.71341356077076","0.422175532694362","19.13041190196",
"3/9/2012","66.5625","38.872501373291","526","8.279","1.31400000000002","0.008583066","1.81655234280916","0.600170708135599","18.4071580807284",
"3/10/2012","66.5625","38.872501373291","526","9.32100000000003","-0.992000000000019","0.024032592","1.62788814603245","0.743177284286376","18.126837465732",
"3/11/2012","66.5625","38.872501373291","526","4.56799999999998","-0.117999999999995","2.0891228328","2.60581224483335","0.787967647823172","14.5684529458452",
"3/12/2012","66.5625","38.872501373291","526","4.68599999999998","-1.82400000000001","0.1596451032","1.24424689929529","0.636026575625529","16.851189280104",
"3/13/2012","66.5625","38.872501373291","526","10.121","-1.28100000000001","0.2677918824","4.15394376275899","0.528460194066273","8.814362731668",
"3/14/2012","66.5625","38.872501373291","526","17.9","5.339","0.0635147208","4.27414594427557","0.538260816406878","19.6232338407708",
"3/15/2012","66.5625","38.872501373291","526","23.223","9.51900000000001","0.0034332264","7.12549085951912","0.402926807698214","18.7261595685511",
"3/16/2012","66.5625","38.872501373291","526","14.842","5.41000000000003","16.524130284","3.04777772840427","0.78174035658634","6.145036840908",
"3/17/2012","66.5625","38.872501373291","526","20.809","4.29500000000002","0","2.08783842032552","0.610644070157411","17.391525728184",
"3/18/2012","66.5625","38.872501373291","526","8.18099999999998","-0.367999999999995","4.6794885624","3.68082817377779","0.898293921664968","3.4284510510912",
"3/19/2012","66.5625","38.872501373291","526","-0.704999999999984","-7.50200000000001","7.6252015584","3.5999100528452","0.901783867133228","15.5333976237",
"3/20/2012","66.5625","38.872501373291","526","4.58199999999999","-9.44299999999998","0","1.6595511907411","0.717785296909396","21.908351957364",
"3/21/2012","66.5625","38.872501373291","526","11.081","-2.745","0","1.39945661218445","0.576067489965409","22.0033653318144",
"3/22/2012","66.5625","38.872501373291","526","16.429","0.615000000000009","0","1.22007672033425","0.4696198072995","22.0278633579216",
"3/23/2012","66.5625","38.872501373291","526","19.683","2.37799999999999","0","2.6752377875165","0.289119626399976","21.9813057537048",
"3/24/2012","66.5625","38.872501373291","526","18.379","7.54700000000003","0","2.32395227846715","0.405662332233827","20.534257512522",
"3/25/2012","66.5625","38.872501373291","526","18.71","5.15600000000001","0","1.83241451853883","0.465605555297274","22.335096117006",
"3/26/2012","66.5625","38.872501373291","526","19.373","7.96499999999998","0","3.67647194638991","0.289885397644535","22.2269617245078",
"3/27/2012","66.5625","38.872501373291","526","23.371","8.87900000000002","0","3.74861777420297","0.304451406392304","22.2009415713",
"3/28/2012","66.5625","38.872501373291","526","28.641","14.637","0","6.74978834826848","0.203142563910774","22.4233141376592",
"3/29/2012","66.5625","38.872501373291","526","19.76","12.566","0","1.95149285680966","0.580027329668371","14.670135298908",
"3/30/2012","66.5625","38.872501373291","526","27.611","12.668","0","2.30944217791441","0.502075005275691","21.8091130472448",
"3/31/2012","66.5625","38.872501373291","526","27.825","16.202","1.9638066456","4.24452389774219","0.446231081017196","11.135319245208",
"4/1/2012","66.5625","38.872501373291","526","24.824","13.687","18.76257576","5.21167248354217","0.579893210178594","22.530419907948",
"4/2/2012","66.5625","38.872501373291","526","25.022","13.448","0","3.88367473780684","0.324629057062699","22.819583270556",
"4/3/2012","66.5625","38.872501373291","526","27.909","11.772","0","2.3839157604447","0.220997557487543","23.2625183281704",
"4/4/2012","66.5625","38.872501373291","526","26.928","15.782","0","3.86133993615366","0.16310313230197","23.7698117304696",
"4/5/2012","66.5625","38.872501373291","526","25.984","13.446","0","3.3057279166346","0.35888389421597","23.255119585764",
"4/6/2012","66.5625","38.872501373291","526","25.574","12.928","0","2.39942569355284","0.359935968341113","23.610804621876",
"4/7/2012","66.5625","38.872501373291","526","26.091","13.183","0","2.57642231162355","0.302443653223377","23.40717935652",
"4/8/2012","66.5625","38.872501373291","526","28.586","13.599","0","2.2559963919942","0.364899554158687","23.082613507872",
"4/9/2012","66.5625","38.872501373291","526","25.719","16.982","0","3.4499020232572","0.423985783699723","22.662858239748",
"4/10/2012","66.5625","38.872501373291","526","26.987","15.283","0","3.5583055568542","0.278913519351312","24.376231509264",
"4/11/2012","66.5625","38.872501373291","526","25.601","12.71","0","2.38845564543301","0.239518910609606","24.935741848944",
"4/12/2012","66.5625","38.872501373291","526","26.837","8.786","0","1.98891373792168","0.222990978201032","25.735387572828",
"4/13/2012","66.5625","38.872501373291","526","27.097","9.46499999999998","0","2.26807616990007","0.310359312418176","25.744852028124",
"4/14/2012","66.5625","38.872501373291","526","28.15","11.653","0","2.29133467267184","0.295329850081197","25.739027979804",
"4/15/2012","66.5625","38.872501373291","526","29.175","10.201","0","2.64420592465988","0.235835997861397","26.619841434204",
"4/16/2012","66.5625","38.872501373291","526","29.274","12.46","0","2.60335568730293","0.250653684940713","26.251752079116",
"4/17/2012","66.5625","38.872501373291","526","29.357","12.711","0","2.68787176894259","0.26637974314915","26.080833109824",
"4/18/2012","66.5625","38.872501373291","526","31.009","15.122","0","2.36661076099032","0.258830349488475","26.207986931136",
"4/19/2012","66.5625","38.872501373291","526","31.455","15.245","0","3.69127998803993","0.298660228927606","23.248754033364",
"4/20/2012","66.5625","38.872501373291","526","30.335","16.004","0.0205993512","3.59074796752694","0.413132212596282","22.253737533012",
"4/21/2012","66.5625","38.872501373291","526","22.094","15.613","7.4775691332","2.28136601405886","0.695147575288355","5.781741353604",
"4/22/2012","66.5625","38.872501373291","526","22.302","14.743","0.0034332264","3.14422702499078","0.776422115810423","18.7580382783336",
"4/23/2012","66.5625","38.872501373291","526","24.73","13.348","0","1.86697503149348","0.648478322047991","22.699508524488",
"4/24/2012","66.5625","38.872501373291","526","25.668","13.104","0.0446319504","2.05364245976079","0.565887740107008","25.248370761036",
"4/25/2012","66.5625","38.872501373291","526","24.9","15.123","0.037765512","2.41224091282531","0.557155526684271","22.81086906858",
"4/26/2012","66.5625","38.872501373291","526","25.466","13.59","0","2.06065246978705","0.521323870381435","25.9773264005544",
"4/27/2012","66.5625","38.872501373291","526","25.41","12.856","0","2.04122612729692","0.513179755627889","22.345778655864",
"4/28/2012","66.5625","38.872501373291","526","24.081","13.381","0","3.61579706702106","0.447631020114545","24.38794422288",
"4/29/2012","66.5625","38.872501373291","526","23.603","13.795","0","4.18065106843468","0.399433335320415","23.95614006738",
"4/30/2012","66.5625","38.872501373291","526","24.771","11.034","0.0308990664","3.29537413067635","0.389475725409546","27.053857177272",
"5/1/2012","66.5625","38.872501373291","526","25.841","12.39","0","2.86667436990763","0.347706712985298","27.602547858216",
"5/2/2012","66.5625","38.872501373291","526","24.899","15.578","0","3.97909742157362","0.388075128139807","25.057379775204",
"5/3/2012","66.5625","38.872501373291","526","26.888","14.347","0","3.84683278767547","0.287763166195982","27.5630972532372",
"5/4/2012","66.5625","38.872501373291","526","29.918","15.921","0","3.09252323522485","0.259766837504138","26.3198676712212",
"5/5/2012","66.5625","38.872501373291","526","32.432","17.438","0","3.77681144279906","0.289973566939177","24.907025732292",
"5/6/2012","66.5625","38.872501373291","526","30.333","18.012","0","2.86696017048971","0.324667508407924","25.111987182144",
"5/7/2012","66.5625","38.872501373291","526","28.652","19.199","0","4.76692202490799","0.325775370765436","27.683952634044",
"5/8/2012","66.5625","38.872501373291","526","30.923","18.534","0","2.61402161748166","0.297347054312804","23.811342634944",
"5/9/2012","66.5625","38.872501373291","526","31.356","19.952","0","3.23936803696106","0.284896365979432","27.029233693332",
"5/10/2012","66.5625","38.872501373291","526","27.993","16.626","13.2333767532","3.87914376612207","0.468869608860558","18.823065561252",
"5/11/2012","66.5625","38.872501373291","526","24.719","15.993","0.643730436","4.27588098746273","0.52111758996481","22.9965902037324",
"5/12/2012","66.5625","38.872501373291","526","26.318","15.577","0","3.25764855739346","0.408623238997058","27.7566422281758",
"5/13/2012","66.5625","38.872501373291","526","28.706","17.682","0","3.59819361426919","0.290792469573164","28.584752453604",
"5/14/2012","66.5625","38.872501373291","526","29.848","18.749","0","3.72245610846944","0.257075127544843","28.7929282304916",
"5/15/2012","66.5625","38.872501373291","526","32.47","20.365","0","3.95630016211001","0.183443174036087","27.810825312636",
"5/16/2012","66.5625","38.872501373291","526","30.061","21.228","0","4.08917219436952","0.21437286711254","24.799636343988",
"5/17/2012","66.5625","38.872501373291","526","29.2","18.26","0","3.18243013437646","0.264493904829065","27.6019813445472",
"5/18/2012","66.5625","38.872501373291","526","28.144","18.423","0","3.69457592269144","0.343151383442086","27.438501100572",
"5/19/2012","66.5625","38.872501373291","526","28.485","18.164","0","3.12209429015081","0.332369268841481","25.332341246892",
"5/20/2012","66.5625","38.872501373291","526","29.11","14.391","0","2.93688830233686","0.307344505853689","29.51051553918",
"5/21/2012","66.5625","38.872501373291","526","31.127","13.195","0","2.17202743285198","0.238574405124336","30.377832906528",
"5/22/2012","66.5625","38.872501373291","526","30.177","17.491","0","3.39568854921501","0.134251304152263","29.9071050843024",
"5/23/2012","66.5625","38.872501373291","526","32.721","17.404","0","3.02376060432725","0.162298146091771","30.8196491008104",
"5/24/2012","66.5625","38.872501373291","526","35.423","19.322","0","2.96131635784717","0.187902733936903","25.69603060674",
"5/25/2012","66.5625","38.872501373291","526","28.625","18.25","1.816178832","4.13563683176807","0.468116067618767","25.565535474696",
"5/26/2012","66.5625","38.872501373291","526","29.246","20.226","0","5.09555182053133","0.391221554097784","25.69091794524",
"5/27/2012","66.5625","38.872501373291","526","32.693","21.93","0.0343322928","5.15992580579446","0.273450842798178","29.023792422876",
"5/28/2012","66.5625","38.872501373291","526","34.141","22.854","0","3.55105133532875","0.207624747909991","29.039388882588",
"5/29/2012","66.5625","38.872501373291","526","34.011","20.615","0","2.66158537033125","0.235684974001179","29.214215212356",
"5/30/2012","66.5625","38.872501373291","526","33.584","21.617","0","3.65248625795074","0.150352757981614","30.050379531144",
"5/31/2012","66.5625","38.872501373291","526","34.191","19.167","0","3.15027553734778","0.301325676883607","29.859277932756",
"6/1/2012","66.5625","38.872501373291","526","35.289","18.474","0","3.01020554611356","0.225759631366004","30.312870320772",
"6/2/2012","66.5625","38.872501373291","526","35.803","20.409","0","3.20186538321012","0.184498653502546","30.552312300156",
"6/3/2012","66.5625","38.872501373291","526","36.557","19.747","0","3.59917101153783","0.20587028624969","30.436754298552",
"6/4/2012","66.5625","38.872501373291","526","33.825","19.307","0","3.09369397169006","0.248285383096735","25.979094056556",
"6/5/2012","66.5625","38.872501373291","526","32.908","19.52","0","3.52855386677333","0.321731171847508","29.28345945552",
"6/6/2012","66.5625","38.872501373291","526","34.607","18.424","0","3.36943395777188","0.299231238601967","29.98852562952",
"6/7/2012","66.5625","38.872501373291","526","34.334","19.913","0","2.8771178028239","0.283685220154394","29.943924424632",
"6/8/2012","66.5625","38.872501373291","526","35.437","20.575","0","2.56735489528796","0.279687839102647","30.2367437741196",
"6/9/2012","66.5625","38.872501373291","526","35.732","23.46","0","3.42541566612098","0.136350768797798","30.577063024404",
"6/10/2012","66.5625","38.872501373291","526","34.933","21.117","0","4.1204760550111","0.152775778672121","30.707990005212",
"6/11/2012","66.5625","38.872501373291","526","35.1","19.449","0","3.19681664787464","0.188948996055478","30.281014829916",
"6/12/2012","66.5625","38.872501373291","526","33.891","18.51","0","1.88762283724043","0.194571640065382","30.664266614352",
"6/13/2012","66.5625","38.872501373291","526","33.829","17.984","0","1.7795991189472","0.235369942881415","30.0459350276496",
"6/14/2012","66.5625","38.872501373291","526","35.07","20.149","0","2.6496855817006","0.179663037167494","30.674724105096",
"6/15/2012","66.5625","38.872501373291","526","36.243","21.768","0","3.36070482878107","0.219741593781306","30.230553991752",
"6/16/2012","66.5625","38.872501373291","526","37.827","21.844","0","3.71418083883714","0.205881197114126","30.2857679780316",
"6/17/2012","66.5625","38.872501373291","526","38.319","23.126","0","3.47078055609311","0.184056797472387","30.327534406296",
"6/18/2012","66.5625","38.872501373291","526","40.405","24.188","0","2.95474239798667","0.209935082035646","30.136736616984",
"6/19/2012","66.5625","38.872501373291","526","38.007","26.98","0","3.55955764218078","0.147858477969924","30.467073049956",
"6/20/2012","66.5625","38.872501373291","526","35.612","21.461","0","2.15600780241802","0.229542549721046","29.855646349524",
"6/21/2012","66.5625","38.872501373291","526","36.743","19.967","0","1.87718311239659","0.276177929570116","29.417042920752",
"6/22/2012","66.5625","38.872501373291","526","34.078","20.507","0","2.30869100917446","0.342427408825924","27.665206722216",
"6/23/2012","66.5625","38.872501373291","526","36.266","21.913","0","2.59399055486392","0.287919583730513","29.6925125355756",
"6/24/2012","66.5625","38.872501373291","526","33.535","22.566","0","3.07952228781676","0.212409779915056","30.219913346616",
"6/25/2012","66.5625","38.872501373291","526","34.119","22.342","0","3.45936408507184","0.226652771287488","28.783210369608",
"6/26/2012","66.5625","38.872501373291","526","34.186","22.656","0","3.18804660861799","0.20537244695234","29.413062297648",
"6/27/2012","66.5625","38.872501373291","526","34.66","22.981","0","3.51138492318139","0.171932566","30.2194328409864",
"6/28/2012","66.5625","38.872501373291","526","36.877","23.082","0","2.74513769591491","0.170913154467306","30.032974831824",
"6/29/2012","66.5625","38.872501373291","526","38.323","23.302","0","2.11209302949671","0.127969465590114","30.849699958056",
"6/30/2012","66.5625","38.872501373291","526","39.307","21.925","0","2.20528981079799","0.126343490369326","30.8128375314972",
"7/1/2012","66.5625","38.872501373291","526","39.801","24.297","0","3.61864031190909","0.172725515882623","30.389436435528",
"7/2/2012","66.5625","38.872501373291","526","40.528","25","0","3.20834413767439","0.18801776977369","30.325407198084",
"7/3/2012","66.5625","38.872501373291","526","40.373","26.134","0.0034332264","4.01386110281042","0.19685953723361","30.192979767768",
"7/4/2012","66.5625","38.872501373291","526","39.479","25.567","0","4.70276618843353","0.194262033248269","30.349566320652",
"7/5/2012","66.5625","38.872501373291","526","39.702","24.649","0","4.03405308607197","0.184699724323021","30.797891031312",
"7/6/2012","66.5625","38.872501373291","526","39.298","23.411","0.0017166132","3.03111526361302","0.187987485916109","30.69277382754",
"7/7/2012","66.5625","38.872501373291","526","39.465","22.775","0","2.21116336513833","0.167802159693375","30.42984428316",
"7/8/2012","66.5625","38.872501373291","526","39.448","24.205","0","2.84678517273866","0.14851678845811","30.203785745388",
"7/9/2012","66.5625","38.872501373291","526","39.818","24.945","0","3.93739861444294","0.168282760426402","29.948104605204",
"7/10/2012","66.5625","38.872501373291","526","40.861","24.298","0","5.07604640193749","0.153928586761476","29.905855054848",
"7/11/2012","66.5625","38.872501373291","526","40.946","27.034","0","4.81224544377427","0.144814108984294","29.676914325504",
"7/12/2012","66.5625","38.872501373291","526","37.829","23.46","0","5.01172444541732","0.100705188783917","31.520266066224",
"7/13/2012","66.5625","38.872501373291","526","38.201","19.589","0","2.38675299744261","0.144635623115778","31.0041876747708",
"7/14/2012","66.5625","38.872501373291","526","37.658","20.379","0","1.84909015712687","0.130756384261833","30.359232000396",
"7/15/2012","66.5625","38.872501373291","526","37.246","21.604","0","2.03968538015738","0.147935177698623","29.729132138232",
"7/16/2012","66.5625","38.872501373291","526","38.794","23.198","0","2.3875578030878","0.149557319182861","29.6867400046308",
"7/17/2012","66.5625","38.872501373291","526","39.313","24.375","0","2.6445684343011","0.152944484312405","29.3922972640224",
"7/18/2012","66.5625","38.872501373291","526","38.937","23.641","0","2.84291428403927","0.166940257803922","29.121869812176",
"7/19/2012","66.5625","38.872501373291","526","39.035","23.591","0","4.59461190993215","0.15446879361072","29.914701075144",
"7/20/2012","66.5625","38.872501373291","526","39.617","23.576","0","3.61104882175817","0.164664705607463","29.43228447684",
"7/21/2012","66.5625","38.872501373291","526","40.519","24.493","0","4.06556684142786","0.162006306037495","29.290075172172",
"7/22/2012","66.5625","38.872501373291","526","39.865","25.355","0","4.65200940528833","0.167023138074965","28.55579402412",
"7/23/2012","66.5625","38.872501373291","526","39.575","23.675","0","4.49816084256374","0.185942963411046","28.466196549372",
"7/24/2012","66.5625","38.872501373291","526","38.506","23.399","0","4.17757150221025","0.196241088780529","28.696618152072",
"7/25/2012","66.5625","38.872501373291","526","37.84","22.863","0","3.15639751101577","0.202643263485841","28.4702747194836",
"7/26/2012","66.5625","38.872501373291","526","36.331","23.009","0","2.82919030017543","0.183483978693431","27.902033058276",
"7/27/2012","66.5625","38.872501373291","526","31.903","16.488","0","2.593624943627","0.232085853030955","28.579062060864",
"7/28/2012","66.5625","38.872501373291","526","33.049","16.662","0","2.98430015530989","0.202915438019954","29.022036145092",
"7/29/2012","66.5625","38.872501373291","526","37.214","18.934","0","2.02970008216711","0.201843401987941","28.67573449422",
"7/30/2012","66.5625","38.872501373291","526","38.033","21.991","0","2.14371952627512","0.205288543056985","28.598408880768",
"7/31/2012","66.5625","38.872501373291","526","38.019","22.049","0","3.12937241812994","0.182237649874259","28.782612300528",
"8/1/2012","66.5625","38.872501373291","526","36.252","21.666","0","2.80098962696988","0.155326196696259","27.988154071344",
"8/2/2012","66.5625","38.872501373291","526","35.391","18.316","0","3.22214864844234","0.148643309795425","28.56506355738",
"8/3/2012","66.5625","38.872501373291","526","35.049","16.679","0","3.62629994121553","0.202277217130255","28.1098979805744",
"8/4/2012","66.5625","38.872501373291","526","35.994","19.209","0","2.90917577021063","0.24817954180583","27.837746424288",
"8/5/2012","66.5625","38.872501373291","526","37.317","20.383","0","2.28327182976039","0.167194740492818","28.0777230896868",
"8/6/2012","66.5625","38.872501373291","526","38.607","21.495","0.0017166132","2.30158928697509","0.117057443462407","28.057343843196",
"8/7/2012","66.5625","38.872501373291","526","40.028","23.266","0","2.26441790348404","0.123128916286609","28.163952655416",
"8/8/2012","66.5625","38.872501373291","526","39.371","21.581","0","2.07030517789993","0.101088826601725","28.0284950900304",
"8/9/2012","66.5625","38.872501373291","526","38.873","23.278","0","2.79960364659105","0.14757803054891","27.449492164164",
"8/10/2012","66.5625","38.872501373291","526","39.255","23.113","0","2.94864140509896","0.167320844451547","27.082711645128",
"8/11/2012","66.5625","38.872501373291","526","39.552","23.473","0","3.00187260713585","0.185317284016539","26.661711907728",
"8/12/2012","66.5625","38.872501373291","526","37.481","24.296","0","3.17747347184803","0.199767048123003","26.39379746718",
"8/13/2012","66.5625","38.872501373291","526","37.543","23.002","0","3.04063722720662","0.210287218326169","26.5052488010688",
"8/14/2012","66.5625","38.872501373291","526","38.904","21.681","0","2.35458770135621","0.162556049173419","26.851192800876",
"8/15/2012","66.5625","38.872501373291","526","39.277","22.517","0","3.54709936302639","0.136990653555652","26.896505289624",
"8/16/2012","66.5625","38.872501373291","526","39.188","24.052","0.0017166132","3.53267275557224","0.128953677076004","26.541768705948",
"8/17/2012","66.5625","38.872501373291","526","39.958","24.732","0","2.69193969572327","0.125300138152667","26.2749546355824",
"8/18/2012","66.5625","38.872501373291","526","41.245","26.393","0","2.7572571295387","0.146228768619118","26.2053179525664",
"8/19/2012","66.5625","38.872501373291","526","39.785","24.13","0","1.88654986476116","0.143975536571769","25.868725272252",
"8/20/2012","66.5625","38.872501373291","526","40.224","19.624","0","1.62990347638602","0.154816388567489","25.793745129576",
"8/21/2012","66.5625","38.872501373291","526","40.887","24.107","0","2.40350505865217","0.131742365747426","25.59534146082",
"8/22/2012","66.5625","38.872501373291","526","41.027","23.355","0","2.75885615125901","0.112072751470985","26.0169181552008",
"8/23/2012","66.5625","38.872501373291","526","38.95","21.028","0","3.18439330225427","0.119870727378","25.772064686424",
"8/24/2012","66.5625","38.872501373291","526","34.132","17.274","0","2.86433462794181","0.240340635528402","24.56537109102",
"8/25/2012","66.5625","38.872501373291","526","33.956","17.517","0.0034332264","2.55120215062958","0.250936502837298","24.8496580229652",
"8/26/2012","66.5625","38.872501373291","526","34.926","17.173","0","2.57599344129037","0.22937663292218","25.09864600248",
"8/27/2012","66.5625","38.872501373291","526","34.536","16.727","0","1.94737525126633","0.21030502306367","24.9716636408952",
"8/28/2012","66.5625","38.872501373291","526","35.812","17.868","0","2.6843285565856","0.190388525433245","24.862303075788",
"8/29/2012","66.5625","38.872501373291","526","37.936","19.41","0.0017166132","2.02354229842001","0.145589249632573","25.00645083516",
"8/30/2012","66.5625","38.872501373291","526","37.109","16.462","0","1.34155637603205","0.152508864925303","24.973948956816",
"8/31/2012","66.5625","38.872501373291","526","36.494","16.01","0","1.60358064297226","0.137181313528606","24.7291605329328",
"9/1/2012","66.5625","38.872501373291","526","37.228","17.972","0","1.46641941657705","0.173796072375322","24.2014592390976",
"9/2/2012","66.5625","38.872501373291","526","38.116","21.122","0","3.33453863269152","0.162514224944979","24.36712192692",
"9/3/2012","66.5625","38.872501373291","526","35.527","18.969","0","4.35972199776571","0.172262033464478","23.9407493489064",
"9/4/2012","66.5625","38.872501373291","526","30.386","13.242","0","2.25257483453568","0.217151556633033","23.992379641836",
"9/5/2012","66.5625","38.872501373291","526","29.909","12.599","0","1.72175251295273","0.240193113126304","23.63968498572",
"9/6/2012","66.5625","38.872501373291","526","31.954","13.071","0","1.59729287058452","0.232127539323428","23.620605532236",
"9/7/2012","66.5625","38.872501373291","526","30.226","12.392","0","2.05428427200424","0.185369652023113","23.676041029752",
"9/8/2012","66.5625","38.872501373291","526","32.189","17.94","0","2.19649176184253","0.17217729124844","23.68280797992",
"9/9/2012","66.5625","38.872501373291","526","32.975","13.866","0","1.74945491950408","0.217373490557723","23.52836202192",
"9/10/2012","66.5625","38.872501373291","526","35.632","16.123","0","2.17523610973366","0.192290909858997","23.2746055041708",
"9/11/2012","66.5625","38.872501373291","526","36.323","20.757","0","2.47908837165426","0.171667766362412","22.8733216302456",
"9/12/2012","66.5625","38.872501373291","526","35.18","19.684","0","2.67473842760195","0.172812919841651","22.65705973692",
"9/13/2012","66.5625","38.872501373291","526","31.639","15.295","0","2.17405684899613","0.245762231162501","22.234478104224",
"9/14/2012","66.5625","38.872501373291","526","29.589","11.394","0","1.55215631803417","0.232026603397091","22.238720919576",
"9/15/2012","66.5625","38.872501373291","526","30.514","13.831","0","2.89932139473484","0.175333185635097","22.7247186152376",
"9/16/2012","66.5625","38.872501373291","526","29.922","14.03","0","2.12705111664108","0.187800340826801","22.08974207256",
"9/17/2012","66.5625","38.872501373291","526","30.543","17.824","0","2.11015646929778","0.239064700742192","20.692023281028",
"9/18/2012","66.5625","38.872501373291","526","29.554","15.496","0","1.74429573416336","0.274832363083567","21.3860937402",
"9/19/2012","66.5625","38.872501373291","526","29.841","14.081","0","1.66518446007283","0.206732092827508","21.559340352672",
"9/20/2012","66.5625","38.872501373291","526","30.408","11.616","0","1.59915516684752","0.204711072903555","21.32814178908",
"9/21/2012","66.5625","38.872501373291","526","29.174","14.197","0.0017166132","2.46812741710423","0.205434981174116","21.19799344392",
"9/22/2012","66.5625","38.872501373291","526","29.576","13.177","0","2.20280348564486","0.196811423451894","21.235218039252",
"9/23/2012","66.5625","38.872501373291","526","29.468","13.564","0","1.55010092771605","0.194355514044576","20.855993790168",
"9/24/2012","66.5625","38.872501373291","526","29.741","14.739","0","2.68922030841252","0.154046389554775","20.89323834102",
"9/25/2012","66.5625","38.872501373291","526","29.131","13.096","0","2.13872496577189","0.128815187285993","17.0181441621094",
"9/26/2012","66.5625","38.872501373291","526","28.749","11.175","0","1.59768804800073","0.157762796186652","20.546986148784",
"9/27/2012","66.5625","38.872501373291","526","30.518","11.839","0","1.44596268860194","0.154939784248388","20.343449757528",
"9/28/2012","66.5625","38.872501373291","526","28.639","11.393","0","1.62201977105814","0.170252560247711","19.928142857952",
"9/29/2012","66.5625","38.872501373291","526","27.893","12.89","0","2.73163713048674","0.180274057455011","19.358090329068",
"9/30/2012","66.5625","38.872501373291","526","24.091","8.00099999999998","0","2.29780646832913","0.248117507385453","19.794706665444",
"10/1/2012","66.5625","38.872501373291","526","26.149","9.01900000000001","0","1.62242703928647","0.23646107514775","19.518632352504",
"10/2/2012","66.5625","38.872501373291","526","24.925","8.11000000000001","0","1.77301632081148","0.242628297407445","19.379760463116",
"10/3/2012","66.5625","38.872501373291","526","24.531","6.42700000000002","0","1.86583590629625","0.211409467444439","19.217763407232",
"10/4/2012","66.5625","38.872501373291","526","24.263","11.364","0","2.09844491528676","0.233368142407644","18.423224367336",
"10/5/2012","66.5625","38.872501373291","526","24.256","8.517","0","1.72836572148746","0.277363909215613","18.5233335430212",
"10/6/2012","66.5625","38.872501373291","526","26.951","9.86700000000002","0","2.53685694437206","0.144264319475697","18.9088425453744",
"10/7/2012","66.5625","38.872501373291","526","27.914","7.33499999999998","0","1.43462798688381","0.138895570553783","18.72737523486",
"10/8/2012","66.5625","38.872501373291","526","27.754","7.95499999999998","0","1.50977175889986","0.149875468223879","18.3787690608396",
"10/9/2012","66.5625","38.872501373291","526","27.932","10.425","0","2.21545127076944","0.109016655409214","18.096661468836",
"10/10/2012","66.5625","38.872501373291","526","28.601","13.427","0","2.25141284491094","0.114734017125054","17.874511151778",
"10/11/2012","66.5625","38.872501373291","526","28.901","13.209","0","2.12005936272663","0.130660879396319","17.4101314896612",
"10/12/2012","66.5625","38.872501373291","526","28.623","14.714","0","2.19555452371197","0.146950284463873","17.0733269742516",
"10/13/2012","66.5625","38.872501373291","526","28.902","13.808","0","2.28211646120838","0.119836411867234","16.84950710508",
"10/14/2012","66.5625","38.872501373291","526","20.767","12.011","1.9775396232","2.64676147862454","0.562573160020981","3.531069879444",
"10/15/2012","66.5625","38.872501373291","526","20.519","9.36099999999999","0","2.04299807022845","0.713810458705432","15.979560575904",
"10/16/2012","66.5625","38.872501373291","526","22.251","7.77100000000002","0","1.24541828196224","0.615449117688474","16.09504487298",
"10/17/2012","66.5625","38.872501373291","526","21.451","8.06999999999999","0","1.29471036146141","0.618860330386063","15.5689518523932",
"10/18/2012","66.5625","38.872501373291","526","20.08","4.82999999999998","0","1.58973971814082","0.519038870901365","16.0876532035476",
"10/19/2012","66.5625","38.872501373291","526","19.869","3.92899999999997","0","2.22876177344473","0.347182705899721","16.1334215197776",
"10/20/2012","66.5625","38.872501373291","526","17.935","4.35700000000003","0","1.89326540326044","0.302566990504049","16.058290859172",
"10/21/2012","66.5625","38.872501373291","526","17.644","5.09399999999999","0","1.99297977240688","0.350761992184435","15.531114176748",
"10/22/2012","66.5625","38.872501373291","526","20.006","4.31200000000001","0","1.37659298819631","0.351209318851614","15.6023827652952",
"10/23/2012","66.5625","38.872501373291","526","20.809","5.14999999999998","0","1.52697994484415","0.289552702146729","15.569578439928",
"10/24/2012","66.5625","38.872501373291","526","24.654","7.04399999999998","0.0017166132","2.72219767785848","0.197381247466787","15.328693973988",
"10/25/2012","66.5625","38.872501373291","526","22.905","14.288","1.0642997592","3.57147486344735","0.408291753736469","9.7853365742256",
"10/26/2012","66.5625","38.872501373291","526","24.376","15.837","0","2.7759770994446","0.422627943908705","12.993133290534",
"10/27/2012","66.5625","38.872501373291","526","25.53","17.023","0.075531024","2.67010106504447","0.463589231027791","10.044421213338",
"10/28/2012","66.5625","38.872501373291","526","27.242","15.967","0","2.8027292380587","0.386832286862789","13.896505583028",
"10/29/2012","66.5625","38.872501373291","526","27.63","16.976","0","3.35825567932336","0.266060141540905","13.183069714056",
"10/30/2012","66.5625","38.872501373291","526","27.772","16.281","0.0017166132","2.65576439832866","0.317445254587728","13.20234439014",
"10/31/2012","66.5625","38.872501373291","526","22.852","13.313","0","1.53324675214527","0.650152244425175","10.9730543259096",
"11/1/2012","66.5625","38.872501373291","526","21.343","13.384","0.48923496","2.0170152479825","0.702684069531558","11.584603350882",
"11/2/2012","66.5625","38.872501373291","526","21.004","12.138","0","2.23254749937264","0.625719230227038","12.94481828628",
"11/3/2012","66.5625","38.872501373291","526","22.338","11.348","0","1.86251936869164","0.618168931368513","12.799581969096",
"11/4/2012","66.5625","38.872501373291","526","13.823","8.036","1.551819492","1.30817238119249","0.823384123456534","6.732475458012",
"11/5/2012","66.5625","38.872501373291","526","17.109","3.971","0","1.83152197137629","0.662032996704776","13.289599166292",
"11/6/2012","66.5625","38.872501373291","526","18.447","3.68299999999999","0","1.24656132602503","0.449583849148371","13.553826172632",
"11/7/2012","66.5625","38.872501373291","526","19.712","3.75999999999999","0","1.1980760315521","0.352092391549068","13.293464217408",
"11/8/2012","66.5625","38.872501373291","526","22.246","6.56599999999997","0","2.03836071224911","0.284472614610073","13.1048974813176",
"11/9/2012","66.5625","38.872501373291","526","22.492","11.94","0","2.61390383888444","0.28097248295117","12.5290693387944",
"11/10/2012","66.5625","38.872501373291","526","22.449","10.75","0.0017166132","2.03835903853289","0.349368131360006","12.559147629984",
"11/11/2012","66.5625","38.872501373291","526","22.777","9.51100000000002","0","1.87339898516269","0.36351339064029","12.6842175549",
"11/12/2012","66.5625","38.872501373291","526","15.617","6.95100000000002","0.02059938","2.16445882885128","0.508057448768903","8.674342766586",
"11/13/2012","66.5625","38.872501373291","526","13.362","4.54199999999997","0.0034332264","1.78072485133273","0.657772571196827","11.65864485888",
"11/14/2012","66.5625","38.872501373291","526","19.333","3.24900000000002","0","1.85795266717661","0.420130239492061","12.5324372151",
"11/15/2012","66.5625","38.872501373291","526","15.075","9.00599999999997","3.48644448","2.71998752693366","0.402708680500501","3.206129192172",
"11/16/2012","66.5625","38.872501373291","526","11.42","4.548","0.0600814548","2.00521886988366","0.710910952323108","11.1461314091184",
"11/17/2012","66.5625","38.872501373291","526","11.767","0.634999999999991","0","0.926738941169558","0.713416846491753","11.6022187287",
"11/18/2012","66.5625","38.872501373291","526","14.719","1.72899999999998","0","1.45031828193894","0.699791453578176","11.581834215456",
"11/19/2012","66.5625","38.872501373291","526","11.867","2.447","0","2.04330795344643","0.705801670563214","11.116094721768",
"11/20/2012","66.5625","38.872501373291","526","9.25799999999998","-2.452","0","1.4418380447342","0.652057305738611","11.610103268556",
"11/21/2012","66.5625","38.872501373291","526","10.161","-2.78899999999999","0","1.96380262433327","0.417143988198892","11.785251030228",
"11/22/2012","66.5625","38.872501373291","526","8.76100000000002","-2.85000000000002","0.0017166132","1.63274882045781","0.494425635738466","11.435210784396",
"11/23/2012","66.5625","38.872501373291","526","7.358","-3.767","0","1.26497525474847","0.576086611623725","11.261239591608",
"11/24/2012","66.5625","38.872501373291","526","10.428","-3.27600000000001","0","1.60535593473085","0.500249616681448","11.3936335679448",
"11/25/2012","66.5625","38.872501373291","526","11.713","-1.36399999999998","0","1.14971575966094","0.417645675833533","8.67375703638",
"11/26/2012","66.5625","38.872501373291","526","14.565","1.33300000000003","0.0034332264","1.10969460441553","0.521399203087829","10.827536015844",
"11/27/2012","66.5625","38.872501373291","526","17.139","4.32299999999998","0","2.10914935914145","0.559699671827842","8.353039799952",
"11/28/2012","66.5625","38.872501373291","526","7.529","3.99400000000003","3.347396532","2.61669296687645","0.868858106797513","4.020886841832",
"11/29/2012","66.5625","38.872501373291","526","9.50999999999999","3.43799999999999","0.41198724","3.47110792270021","0.634445282409102","10.6090395379452",
"11/30/2012","66.5625","38.872501373291","526","13.035","0.192000000000007","0","1.37920586791228","0.56204503866512","10.617219374184",
"12/1/2012","66.5625","38.872501373291","526","14.622","3.22199999999998","0","2.12822525023038","0.420532972354127","10.7878841551476",
"12/2/2012","66.5625","38.872501373291","526","14.801","1.53399999999999","0","1.05850471427122","0.421382647079417","10.800908944272",
"12/3/2012","66.5625","38.872501373291","526","16.014","1.197","0.0034332264","1.40221313845023","0.339636482285413","10.906435414476",
"12/4/2012","66.5625","38.872501373291","526","18.744","3.64600000000002","0","1.62990905822948","0.238269420210031","10.6917722918568",
"12/5/2012","66.5625","38.872501373291","526","21.72","6.21699999999998","0","3.95458095569021","0.258670212357287","10.558965975732",
"12/6/2012","66.5625","38.872501373291","526","22.58","12.637","0","5.1244582926781","0.198713806639533","8.87516426376",
"12/7/2012","66.5625","38.872501373291","526","16.914","11.663","0.4325868864","4.25875469147767","0.475028465686733","6.66809090154",
"12/8/2012","66.5625","38.872501373291","526","17.154","8.608","0","2.63930206536424","0.588815967524688","10.063669604112",
"12/9/2012","66.5625","38.872501373291","526","17.99","6.31400000000002","0","1.99148670924689","0.217397114270276","10.479221726112",
"12/10/2012","66.5625","38.872501373291","526","13.294","4.10000000000002","0","2.36239371720856","0.504733225975273","9.732026515212",
"12/11/2012","66.5625","38.872501373291","526","12.903","3.56700000000001","0","1.61965361504796","0.800767528184609","9.158042449134",
"12/12/2012","66.5625","38.872501373291","526","12.508","5.15499999999997","0","2.32177084824174","0.628809343552489","9.664080215616",
"12/13/2012","66.5625","38.872501373291","526","4.93299999999999","-4.10899999999998","0.0017166132","2.2695694166233","0.699941345879178","9.3625478650764",
"12/14/2012","66.5625","38.872501373291","526","2.68799999999999","-6.63499999999999","0","2.07705906418979","0.562363762186322","10.3074320602836",
"12/15/2012","66.5625","38.872501373291","526","2.80000000000001","-5.90600000000001","0.0137329056","1.89130680247691","0.429060862088755","8.558645590188",
"12/16/2012","66.5625","38.872501373291","526","1.51400000000001","-4.92399999999998","0.1510620552","2.39394862160643","0.629195833892818","8.940617069544",
"12/17/2012","66.5625","38.872501373291","526","5.637","-2.62599999999998","1.5415186824","2.98970627358914","0.700061692277223","4.768377553008",
"12/18/2012","66.5625","38.872501373291","526","1.06999999999999","-4.66899999999998","1.4968869264","1.68875200041322","0.869002370486051","7.846177855788",
"12/19/2012","66.5625","38.872501373291","526","3.30700000000002","-3.46800000000002","0.0411987168","2.0608362572561","0.802644919533488","8.66267853948",
"12/20/2012","66.5625","38.872501373291","526","8.67399999999998","-3.82299999999998","0","1.5924890222372","0.653736859245349","9.93755353734",
"12/21/2012","66.5625","38.872501373291","526","16.332","1.09199999999998","0","2.30013962594034","0.451140678954699","9.841155096456",
"12/22/2012","66.5625","38.872501373291","526","20.912","9.17099999999999","0.0034332264","3.0112994776534","0.326596158581231","9.320904959436",
"12/23/2012","66.5625","38.872501373291","526","10.386","2.62700000000001","0.35877204","1.34558435568246","0.72869862926129","3.163690743192",
"12/24/2012","66.5625","38.872501373291","526","12.886","-0.226999999999975","0","1.50451634764293","0.638613189522324","9.90515542914",
"12/25/2012","66.5625","38.872501373291","526","13.779","5.14499999999998","2.60238024","2.90680486983152","0.557406425248874","3.841875281088",
"12/26/2012","66.5625","38.872501373291","526","4.625","-0.148000000000025","0.6540299568","3.13130735625958","0.761387605282501","5.52619544256",
"12/27/2012","66.5625","38.872501373291","526","0.586000000000013","-9.06200000000001","7.96509252","4.28646150033408","0.880879327524109","3.8030974902",
"12/28/2012","66.5625","38.872501373291","526","-3.08300000000003","-10.588","0.267791616","2.56619190041526","0.74110016563911","10.3027185928152",
"12/29/2012","66.5625","38.872501373291","526","1.053","-9.83999999999998","0","1.91076262607937","0.688147320245658","10.624590246096",
"12/30/2012","66.5625","38.872501373291","526","8.99099999999999","-7.572","0","0.713180490309185","0.565183134134777","10.839213671184",
"12/31/2012","66.5625","38.872501373291","526","3.58699999999999","-6.39499999999998","0","1.85054539944092","0.70109862967536","10.504938894156",
"1/1/2013","66.5625","38.872501373291","526","-0.637","-8.65600000000001","2.945706624","2.25044535551446","0.885652956233866","8.051306306688",
"1/2/2013","66.5625","38.872501373291","526","3.803","-8.16699999999997","0","1.50498369590461","0.772682546100203","10.603065842928",
"1/3/2013","66.5625","38.872501373291","526","1.82999999999998","-6.17500000000001","0.3210065676","2.46324504737307","0.834624041623788","8.982886837572",
"1/4/2013","66.5625","38.872501373291","526","1.62099999999998","-5.78699999999998","0.0017166132","2.20318823617947","0.859051671729731","10.27305365148",
"1/5/2013","66.5625","38.872501373291","526","6.31299999999999","-4.71499999999998","0","1.61550953290812","0.588119258663886","10.711989416736",
"1/6/2013","66.5625","38.872501373291","526","10.274","-1.25400000000002","0","2.79197124437673","0.4093689646134","10.353528120996",
"1/7/2013","66.5625","38.872501373291","526","12.802","3.13400000000001","0","4.08959604831405","0.504305169731072","10.500534667224",
"1/8/2013","66.5625","38.872501373291","526","13.393","2.767","0.0017166132","3.08990188929106","0.520847521075713","10.386642784356",
"1/9/2013","66.5625","38.872501373291","526","14.822","7.13499999999999","0.0017166132","5.03525836444916","0.612628211670277","9.969428860524",
"1/10/2013","66.5625","38.872501373291","526","19.928","8.06200000000001","0.0703811592","6.30239846227362","0.437960806975249","10.328297483268",
"1/11/2013","66.5625","38.872501373291","526","18.57","0.863999999999976","26.1715158396","5.62892074088021","0.625819552592201","9.10384133958",
"1/12/2013","66.5625","38.872501373291","526","4.61500000000001","-3.22199999999998","3.24268452","3.54027133244318","0.599841747052988","10.757981168028",
"1/13/2013","66.5625","38.872501373291","526","6.50200000000001","-1.63999999999999","0","2.31114089800745","0.531663695787551","11.262637625652",
"1/14/2013","66.5625","38.872501373291","526","10.803","-0.963000000000022","0","1.67496178934117","0.445765582895211","10.770904706904",
"1/15/2013","66.5625","38.872501373291","526","5.51499999999999","-0.892999999999972","0","3.21620713505974","0.76841528691498","9.464916053232",
"1/16/2013","66.5625","38.872501373291","526","1.56900000000002","-4.25400000000002","0","1.7822038238123","0.828871826962613","11.300610617532",
"1/17/2013","66.5625","38.872501373291","526","3.37","-6.49900000000002","0","1.65631301318568","0.638123135808143","11.516528985012",
"1/18/2013","66.5625","38.872501373291","526","9.47699999999998","-2.767","0","1.87582420487711","0.393922841455951","11.7190148206212",
"1/19/2013","66.5625","38.872501373291","526","11.917","1.93000000000001","0","4.01683808439824","0.409690430786149","11.022432130908",
"1/20/2013","66.5625","38.872501373291","526","14.84","3.89600000000002","0","4.48015997467353","0.353439310813625","11.482619027184",
"1/21/2013","66.5625","38.872501373291","526","17.589","6.89999999999998","0.005149836","4.98053869305907","0.381383263986636","10.408486716",
"1/22/2013","66.5625","38.872501373291","526","7.42399999999998","2.67599999999999","4.8099500352","2.25238054193574","0.777115764844972","7.702124060052",
"1/23/2013","66.5625","38.872501373291","526","13.905","1.87099999999998","0","3.12115178888326","0.481243194818206","11.87852018364",
"1/24/2013","66.5625","38.872501373291","526","18.897","6.702","0.0034332264","4.91958952783718","0.300124295431498","11.56049654202",
"1/25/2013","66.5625","38.872501373291","526","17.109","6.80500000000001","0.0051498396","3.23766251819045","0.420185411195537","11.670911124696",
"1/26/2013","66.5625","38.872501373291","526","20.426","10.16","0","5.78664221539956","0.409618407933445","10.500326232696",
"1/27/2013","66.5625","38.872501373291","526","15.988","10.466","0","3.97573262048324","0.603204596689547","11.053452115512",
"1/28/2013","66.5625","38.872501373291","526","19.477","9.78399999999999","0","3.59281428716752","0.403952829138315","10.732948115724",
"1/29/2013","66.5625","38.872501373291","526","18.799","9.65499999999997","0","2.99268760015676","0.393740923176763","8.38901445552",
"1/30/2013","66.5625","38.872501373291","526","16.749","9.82999999999998","7.939341576","2.26958963799809","0.645340567057697","7.513804817712",
"1/31/2013","66.5625","38.872501373291","526","16.499","6.49099999999999","0.176811048","3.01428182065689","0.656041982676896","12.295709625492",
"2/1/2013","66.5625","38.872501373291","526","16.556","10.013","1.2737285568","3.94572740821507","0.507771150701012","7.095601899396",
"2/2/2013","66.5625","38.872501373291","526","12.207","6.88499999999999","17.248533372","4.52071039803586","0.774427151628208","11.994364797228",
"2/3/2013","66.5625","38.872501373291","526","9.60000000000002","4.27800000000002","0.3673556784","1.88287639294169","0.662146374802503","5.5968962016852",
"2/4/2013","66.5625","38.872501373291","526","4.351","-0.355999999999995","0.0171661392","1.58361301568682","0.864544213650137","10.7746954344792",
"2/5/2013","66.5625","38.872501373291","526","5.76499999999999","-2.87400000000002","0","1.81753007197364","0.888962319562788","13.667215132188",
"2/6/2013","66.5625","38.872501373291","526","11.962","-1.14600000000002","0","1.16197496763836","0.63723657284761","13.930956510084",
"2/7/2013","66.5625","38.872501373291","526","16.614","1.346","0","1.48450905381463","0.398060329031006","14.341878628776",
"2/8/2013","66.5625","38.872501373291","526","17.023","6.97199999999998","0","2.86755416692122","0.301985101956506","13.56085392606",
"2/9/2013","66.5625","38.872501373291","526","13.423","7.15600000000001","0.0205993584","2.66015627581988","0.683173518338148","11.290067222832",
"2/10/2013","66.5625","38.872501373291","526","13.47","4.233","0.0034332264","1.8800304466209","0.69057949379245","13.890420955368",
"2/11/2013","66.5625","38.872501373291","526","13.3","2.12900000000002","0","2.37521576807866","0.514141676150669","14.5767256525836",
"2/12/2013","66.5625","38.872501373291","526","14.129","3.23899999999998","0","2.80730321109631","0.528382361154457","14.589884266704",
"2/13/2013","66.5625","38.872501373291","526","15.837","4.94799999999998","0","2.27209864979218","0.50424606483804","14.768211584682",
"2/14/2013","66.5625","38.872501373291","526","15.274","1.79199999999997","0","1.12399999642618","0.549724437817181","14.490385155972",
"2/15/2013","66.5625","38.872501373291","526","10.362","-0.72199999999998","0","1.29420331400113","0.684487198588987","15.287005769904",
"2/16/2013","66.5625","38.872501373291","526","13.19","-0.605999999999995","0","1.52353800504257","0.566341474750725","15.706223864172",
"2/17/2013","66.5625","38.872501373291","526","19.217","2.423","0.034332264","2.79839399080077","0.394889099274126","15.292464655572",
"2/18/2013","66.5625","38.872501373291","526","13.05","5.38999999999999","0.9750365928","2.98349154854965","0.639189817627372","15.574328403084",
"2/19/2013","66.5625","38.872501373291","526","12.692","3.11200000000002","0.0171661392","2.0303952685676","0.625793175412218","11.867813233326",
"2/20/2013","66.5625","38.872501373291","526","16.794","2.10899999999998","0","2.44113676312949","0.43767805467088","15.586228511028",
"2/21/2013","66.5625","38.872501373291","526","10.938","3.06999999999999","0.181961244","1.29955476143694","0.663620982311597","9.145722870216",
"2/22/2013","66.5625","38.872501373291","526","11.793","-0.790999999999997","0","1.21912865686349","0.689098399976765","16.153344258804",
"2/23/2013","66.5625","38.872501373291","526","15.445","-0.129000000000019","0","1.63406029452605","0.589044321836628","16.250920542648",
"2/24/2013","66.5625","38.872501373291","526","16.933","5.697","0.0034332264","1.79742491446391","0.414317086621528","12.016699970112",
"2/25/2013","66.5625","38.872501373291","526","15.54","6.755","0","2.26381118178593","0.511572708451488","13.9480005035808",
"2/26/2013","66.5625","38.872501373291","526","6.87900000000002","1.02800000000002","0.0034332264","2.01735204722788","0.684418505811824","16.019532432648",
"2/27/2013","66.5625","38.872501373291","526","7.69499999999999","-0.827999999999975","0.133895916","2.47876730546151","0.579182984096319","14.83617848994",
"2/28/2013","66.5625","38.872501373291","526","15.9","1.25200000000001","0","5.65072139624954","0.395806531887763","15.2970975534672",
"3/1/2013","66.5625","38.872501373291","526","23.073","10.367","0","5.26912524446211","0.278165808229632","16.282787057136",
"3/2/2013","66.5625","38.872501373291","526","26.608","15.481","0","7.0167349851491","0.251549875938547","12.282240088332",
"3/3/2013","66.5625","38.872501373291","526","18.9","9.303","0.8222577984","2.01786081444912","0.580170060457126","10.4987905804577",
"3/4/2013","66.5625","38.872501373291","526","22.592","7.97399999999999","0","2.83284246497483","0.544705288487965","17.455610545128",
"3/5/2013","66.5625","38.872501373291","526","28.934","14.16","0","6.84344369409305","0.252869132805899","18.028034472852",
"3/6/2013","66.5625","38.872501373291","526","31.367","12.33","0","4.52331942941469","0.263546720863137","17.52264380052",
"3/7/2013","66.5625","38.872501373291","526","11.55","-0.759000000000015","13.19217624","5.04453668476819","0.882035135966191","4.163791824972",
"3/8/2013","66.5625","38.872501373291","526","1.58300000000003","-4.048","12.224012112","3.6393662899555","0.905661761734892","9.5373584024904",
"3/9/2013","66.5625","38.872501373291","526","8.85700000000003","-6.80099999999999","0.38795472","2.77507780987401","0.685402292517704","18.960656251068",
"3/10/2013","66.5625","38.872501373291","526","17.128","1.10500000000002","0","1.86300072917159","0.491110354071599","17.2628983738044",
"3/11/2013","66.5625","38.872501373291","526","19.901","6.47699999999998","0.1819610424","2.71459780788678","0.472286644516732","18.7459126061652",
"3/12/2013","66.5625","38.872501373291","526","14.934","8.56299999999999","0.2231598384","2.64071349417859","0.736249989938407","13.1796268623828",
"3/13/2013","66.5625","38.872501373291","526","17.653","5.94299999999998","0.0017166132","2.92239214805396","0.658465436346289","19.4793352553124",
"3/14/2013","66.5625","38.872501373291","526","24.322","11.244","0","3.88182527297688","0.392096640678414","19.733775123492",
"3/15/2013","66.5625","38.872501373291","526","17.678","9.79300000000001","10.9657305864","2.44564114814033","0.621515847687508","7.8634289892708",
"3/16/2013","66.5625","38.872501373291","526","15.465","4.89999999999998","0","1.85064759824659","0.542031096256942","20.47364992674",
"3/17/2013","66.5625","38.872501373291","526","18.638","6.58699999999999","0","2.51481728202162","0.36198048354874","20.536948061928",
"3/18/2013","66.5625","38.872501373291","526","20.711","6.29399999999998","0","2.16409990287474","0.38333401147634","21.007611171",
"3/19/2013","66.5625","38.872501373291","526","24.899","11.242","0","2.05490306882138","0.343038241579265","17.0777014020432",
"3/20/2013","66.5625","38.872501373291","526","16.938","8.23200000000003","6.2673567156","3.19990797403932","0.743094905700669","6.40404289386",
"3/21/2013","66.5625","38.872501373291","526","18.299","5.68099999999998","0.0617980824","3.51548995348414","0.656378670290194","20.0964279784356",
"3/22/2013","66.5625","38.872501373291","526","20.563","9.601","0.0102996864","3.25607248768255","0.534335900376596","16.794295855488",
"3/23/2013","66.5625","38.872501373291","526","16.286","6.11700000000002","0.0068664528","1.65890565304846","0.786329400671406","16.644061833012",
"3/24/2013","66.5625","38.872501373291","526","21.517","8.45100000000002","0.720977436","2.76533232820687","0.644065064359255","20.565192271032",
"3/25/2013","66.5625","38.872501373291","526","27.366","14.737","0","5.27411748287971","0.343879312084058","21.504772208736",
"3/26/2013","66.5625","38.872501373291","526","17.566","8.60000000000002","0.659179944","2.58790541682104","0.722581673109883","20.478857952721",
"3/27/2013","66.5625","38.872501373291","526","22.456","6.48500000000001","0","2.07298518657821","0.501642435033883","22.675683484548",
"3/28/2013","66.5625","38.872501373291","526","25.146","8.93900000000002","0","1.7803523627993","0.34600458005854","22.618858733568",
"3/29/2013","66.5625","38.872501373291","526","26.48","14.948","0","3.69172332119273","0.325957514142911","22.341589792956",
"3/30/2013","66.5625","38.872501373291","526","27.565","14.121","0","3.04160528739102","0.275885895948992","22.5690112143864",
"3/31/2013","66.5625","38.872501373291","526","17.151","5.267","5.9806818144","2.69441983501588","0.787317297522262","11.589259701204",
"4/1/2013","66.5625","38.872501373291","526","11.927","0.809000000000026","0","1.90095244792895","0.704779327194636","23.3158831938",
"4/2/2013","66.5625","38.872501373291","526","16.233","1.42399999999998","0","2.82703990908522","0.549430034503375","23.700862931076",
"4/3/2013","66.5625","38.872501373291","526","19.066","2.09399999999999","0","1.78098359395355","0.554634735120552","23.3745738772356",
"4/4/2013","66.5625","38.872501373291","526","23.383","5.49900000000002","0","1.36032299244788","0.478262207312894","23.33400175872",
"4/5/2013","66.5625","38.872501373291","526","16.708","7.44","0.3982545504","2.35858587143993","0.620079379173767","17.1135657846036",
"4/6/2013","66.5625","38.872501373291","526","21.525","8.26100000000002","0","2.50810489409675","0.423635438780798","23.7364054838676",
"4/7/2013","66.5625","38.872501373291","526","23.952","8.63999999999999","0","2.21736585097212","0.362869100053629","24.063221358072",
"4/8/2013","66.5625","38.872501373291","526","25.664","10.082","0","2.16927658575486","0.339481378673758","19.815246863748",
"4/9/2013","66.5625","38.872501373291","526","27.818","12.064","0","2.47713459522422","0.359899314494861","24.6758519016",
"4/10/2013","66.5625","38.872501373291","526","29.372","15.125","0","3.00379939645807","0.290547215210579","23.83278016284",
"4/11/2013","66.5625","38.872501373291","526","30.188","19.775","0.0034332264","5.00242836288346","0.322992681589494","22.98352920084",
"4/12/2013","66.5625","38.872501373291","526","29.909","19.178","0","4.27863090922957","0.266456252802008","23.4128831164762",
"4/13/2013","66.5625","38.872501373291","526","26.658","16.524","0","4.07555636891926","0.356036761524898","23.304288345084",
"4/14/2013","66.5625","38.872501373291","526","29.809","14.018","0","2.93488433040587","0.363444708298547","21.409359938136",
"4/15/2013","66.5625","38.872501373291","526","17.663","8.59500000000003","5.57212554","1.45152412001842","0.793441181031926","13.76686132596",
"4/16/2013","66.5625","38.872501373291","526","20.17","6.43000000000001","0","2.1419002035758","0.473691385477338","25.7945279625976",
"4/17/2013","66.5625","38.872501373291","526","21.832","8.38900000000001","0","3.59806480033696","0.424436740286978","24.374691008568",
"4/18/2013","66.5625","38.872501373291","526","23.943","11.094","0","2.41212754186778","0.423092762871672","22.941639409428",
"4/19/2013","66.5625","38.872501373291","526","25.359","11.741","0","2.40932028858125","0.482324940719241","24.332773208544",
"4/20/2013","66.5625","38.872501373291","526","25.269","10.163","0","1.56061469442089","0.451344295724752","25.394759285148",
"4/21/2013","66.5625","38.872501373291","526","26.24","14.173","0","3.14103790016281","0.400171317796564","20.0475051252984",
"4/22/2013","66.5625","38.872501373291","526","34.653","18.926","0.199126872","6.0921212041516","0.358458113441585","22.44869811072",
"4/23/2013","66.5625","38.872501373291","526","26.031","13.015","2.8633111992","3.17377680010077","0.547606839494252","21.2854224981492",
"4/24/2013","66.5625","38.872501373291","526","20.646","11.003","0","2.98483967440951","0.658604466317145","24.39601409592",
"4/25/2013","66.5625","38.872501373291","526","22.831","11.179","1.249695","3.44449927925788","0.552317868844285","26.00555351886",
"4/26/2013","66.5625","38.872501373291","526","20.188","9.87","0.8102412","2.10187852071475","0.54999797227999","24.5612357811216",
"4/27/2013","66.5625","38.872501373291","526","24.797","8.94200000000001","0","2.62879879587648","0.380483489486556","26.920873183968",
"4/28/2013","66.5625","38.872501373291","526","17.544","8.17200000000003","0.3536223768","2.5047842201644","0.507723198384695","24.366061745064",
"4/29/2013","66.5625","38.872501373291","526","18.294","6.64499999999998","0.0034332264","1.58403378901327","0.563995544357878","19.364446655028",
"4/30/2013","66.5625","38.872501373291","526","19.968","7.13900000000001","0","1.09289913210234","0.533422493559591","23.8569104972772",
"5/1/2013","66.5625","38.872501373291","526","24.678","7.92099999999999","0.0034332264","2.64147692703901","0.478237255632457","26.97867718614",
"5/2/2013","66.5625","38.872501373291","526","25.694","9.87400000000002","0","2.49327591103617","0.492991264647747","27.038387766348",
"5/3/2013","66.5625","38.872501373291","526","27.635","12.536","0","3.38848812112777","0.458976704579144","27.111431373984",
"5/4/2013","66.5625","38.872501373291","526","28.146","12.118","0","3.81424936491116","0.381839317530472","27.67760069364",
"5/5/2013","66.5625","38.872501373291","526","29.754","14.387","0.0120162924","3.03607525762357","0.402579778423161","27.467365104792",
"5/6/2013","66.5625","38.872501373291","526","31.008","17.914","0","3.22891291537903","0.381100565093635","27.5549522803056",
"5/7/2013","66.5625","38.872501373291","526","30.633","18.205","0","3.59038165701674","0.29479996603736","28.0838755155708",
"5/8/2013","66.5625","38.872501373291","526","31.629","19.872","0","3.72200247985239","0.185057298440506","28.214003040588",
"5/9/2013","66.5625","38.872501373291","526","30.32","17.667","0","3.1541452071138","0.170576899576674","28.353511933092",
"5/10/2013","66.5625","38.872501373291","526","30.4","16.453","0","3.69606877566036","0.283520515768908","28.07598316428",
"5/11/2013","66.5625","38.872501373291","526","28.737","14.921","0","2.70484235811121","0.309325029969917","28.420383152844",
"5/12/2013","66.5625","38.872501373291","526","28.326","15.139","0.5029676928","3.3310638471434","0.395796492310164","23.5361315327832",
"5/13/2013","66.5625","38.872501373291","526","28.982","12.717","0","2.809470961967","0.376824612666204","28.4981311603332",
"5/14/2013","66.5625","38.872501373291","526","32.193","16.326","0","2.82409510615642","0.28560360555354","29.027786594112",
"5/15/2013","66.5625","38.872501373291","526","33.198","17.256","0","3.06691603834509","0.200514411015587","29.498684422896",
"5/16/2013","66.5625","38.872501373291","526","35.451","21.533","0","3.34391762951884","0.141195526199917","28.869674026356",
"5/17/2013","66.5625","38.872501373291","526","35.386","23.138","0","3.66451937515432","0.138601326290055","29.154783071052",
"5/18/2013","66.5625","38.872501373291","526","40.452","23.64","0","4.31453281987916","0.142884666740567","24.89401993824",
"5/19/2013","66.5625","38.872501373291","526","29.663","17.703","0","3.48188763112196","0.322048439795381","28.439501199264",
"5/20/2013","66.5625","38.872501373291","526","31.023","16.647","0","2.52877910688862","0.323421775342117","26.673953730804",
"5/21/2013","66.5625","38.872501373291","526","25.118","16.808","0.202560444","3.43210454610874","0.442003934273934","21.235404018276",
"5/22/2013","66.5625","38.872501373291","526","31.286","14.931","0","2.05547487645936","0.400196215417042","28.84350350304",
"5/23/2013","66.5625","38.872501373291","526","33.473","19.637","0","2.46662190684311","0.279209159882002","24.36877338858",
"5/24/2013","66.5625","38.872501373291","526","33.185","18.752","0.0017166132","2.80942262612395","0.276408939762988","28.5104436651",
"5/25/2013","66.5625","38.872501373291","526","30.758","18.694","0","2.56868890322072","0.264889628220157","27.98183544552",
"5/26/2013","66.5625","38.872501373291","526","28.516","16.019","0","2.97062585763782","0.210496044208846","30.18462776604",
"5/27/2013","66.5625","38.872501373291","526","28.735","14.625","0","3.02597616613299","0.229470580185718","29.852113182552",
"5/28/2013","66.5625","38.872501373291","526","32.084","15.451","0","2.0801170771281","0.255891717514861","30.23114102172",
"5/29/2013","66.5625","38.872501373291","526","35.082","17.421","0","2.07085509671921","0.149320097738921","30.889450148652",
"5/30/2013","66.5625","38.872501373291","526","37.181","20.068","0","2.4095326579929","0.141305898370622","30.7122413158764",
"5/31/2013","66.5625","38.872501373291","526","39.144","23.384","0","3.14516648107708","0.101462895640191","30.574087944192",
"6/1/2013","66.5625","38.872501373291","526","39.514","23.961","0","2.25112090649511","0.112751939446003","27.107316385668",
"6/2/2013","66.5625","38.872501373291","526","38.806","25.537","0","2.60997646207113","0.163598852304209","29.3624039504304",
"6/3/2013","66.5625","38.872501373291","526","35.944","21.875","0","2.81844057689357","0.173895905839756","29.212900384356",
"6/4/2013","66.5625","38.872501373291","526","36.075","25.198","0","4.05708855317122","0.16092406621553","29.9572474946688",
"6/5/2013","66.5625","38.872501373291","526","36.672","25.549","0","3.53749770842516","0.140808039519656","29.909461154508",
"6/6/2013","66.5625","38.872501373291","526","35.396","21.415","0","2.59549416551523","0.130436742642638","30.374887070016",
"6/7/2013","66.5625","38.872501373291","526","37.849","18.058","0","1.92954337203334","0.149169090152894","30.8760185702556",
"6/8/2013","66.5625","38.872501373291","526","42.533","22.711","0","2.57782534277771","0.117551351878993","31.228166484108",
"6/9/2013","66.5625","38.872501373291","526","38.581","25.341","0","2.60477388116574","0.120863229210109","30.3256023590743",
"6/10/2013","66.5625","38.872501373291","526","36.375","20.243","0","3.01119116475163","0.180353145673793","29.886272528616",
"6/11/2013","66.5625","38.872501373291","526","37.007","21.046","0","2.79824480236364","0.197291429599653","30.626436431772",
"6/12/2013","66.5625","38.872501373291","526","37.849","23.109","0","4.38169009851504","0.141259655795707","31.158907794072",
"6/13/2013","66.5625","38.872501373291","526","35.889","23.474","0","2.93270962296905","0.166431289057049","21.775028066316",
"6/14/2013","66.5625","38.872501373291","526","33.41","19.395","0","4.01206879240141","0.157425225929846","31.069586474316",
"6/15/2013","66.5625","38.872501373291","526","33.695","16.232","0","3.11632566838556","0.191592239914675","30.576291292008",
"6/16/2013","66.5625","38.872501373291","526","35.22","18.768","0","4.43474582543719","0.222057952497442","30.4574047596",
"6/17/2013","66.5625","38.872501373291","526","33.371","19.692","0","4.91044627990307","0.223004937768063","30.7241073541908",
"6/18/2013","66.5625","38.872501373291","526","37.024","20.489","0","4.08948423648178","0.118712581513288","32.201576149572",
"6/19/2013","66.5625","38.872501373291","526","39.778","19.238","0","2.44183066258632","0.0732006690641936","32.465668128552",
"6/20/2013","66.5625","38.872501373291","526","40.522","23.361","0","2.00736822946365","0.0433029590755714","31.492825648956",
"6/21/2013","66.5625","38.872501373291","526","40.031","23.906","0","2.56500982189333","0.0654450163777089","30.118706779284",
"6/22/2013","66.5625","38.872501373291","526","41.327","25.683","0","2.91902870768322","0.0932789191656822","30.419524294164",
"6/23/2013","66.5625","38.872501373291","526","42.026","24.919","0","3.71143144751266","0.110913781839888","30.4179847414128",
"6/24/2013","66.5625","38.872501373291","526","40.825","25.105","0.0008583084","3.19609821435937","0.145049689288332","30.359778768324",
"6/25/2013","66.5625","38.872501373291","526","41.222","26.764","0","3.53671816214254","0.136295623121374","30.665802664944",
"6/26/2013","66.5625","38.872501373291","526","39.938","26.48","0","3.16660107005142","0.159027483036339","29.814433100028",
"6/27/2013","66.5625","38.872501373291","526","36.254","24.253","0","2.58360648352235","0.183233963193275","29.968511305356",
"6/28/2013","66.5625","38.872501373291","526","33.006","22.57","0","2.62149212110752","0.18898432173395","27.756410903316",
"6/29/2013","66.5625","38.872501373291","526","33.487","22.027","0","2.62663402915096","0.197025797639187","29.593928274588",
"6/30/2013","66.5625","38.872501373291","526","34.654","22.677","0","2.97451884444599","0.161507140935933","30.189499416576",
"7/1/2013","66.5625","38.872501373291","526","35.679","21.436","0","2.79319328942537","0.158638059266351","30.3252883087608",
"7/2/2013","66.5625","38.872501373291","526","36.522","22.864","0","2.61974049189465","0.170747858066789","30.3104100504492",
"7/3/2013","66.5625","38.872501373291","526","39.702","26.021","0","3.31288802962717","0.114747629720448","30.640369101984",
"7/4/2013","66.5625","38.872501373291","526","38.604","26.465","0","5.20454303739774","0.154019317738799","30.08207003994",
"7/5/2013","66.5625","38.872501373291","526","36.513","22.366","0","3.32423874146025","0.193689740363543","29.685927493944",
"7/6/2013","66.5625","38.872501373291","526","35.92","20.405","0","3.32080132280213","0.190664308237062","30.094366147704",
"7/7/2013","66.5625","38.872501373291","526","35.357","20.689","0","3.94872658694752","0.187857484392106","30.355876503756",
"7/8/2013","66.5625","38.872501373291","526","35.601","20.271","0.0017166132","3.75695151798502","0.179984590072786","30.355242503004",
"7/9/2013","66.5625","38.872501373291","526","35.701","19.396","0","3.75830605066752","0.181736909906382","30.104940867228",
"7/10/2013","66.5625","38.872501373291","526","35.2","20.044","0","2.41024062750752","0.156371079623021","30.124351713348",
"7/11/2013","66.5625","38.872501373291","526","36.169","20.343","0","2.54127878174661","0.197105499610146","29.8089766316304",
"7/12/2013","66.5625","38.872501373291","526","38.689","22.866","0","2.00830212187519","0.173526158942692","30.002016113568",
"7/13/2013","66.5625","38.872501373291","526","40.948","25.055","0","1.86936829077301","0.140386169770882","28.765915427772",
"7/14/2013","66.5625","38.872501373291","526","36.525","25.065","0","2.39998479333569","0.182973297059348","26.909166269052",
"7/15/2013","66.5625","38.872501373291","526","37.513","21.361","0","3.78546493383856","0.199501127912267","29.508602580108",
"7/16/2013","66.5625","38.872501373291","526","37.74","22.763","0","4.47600731762712","0.205221078795413","29.728957310388",
"7/17/2013","66.5625","38.872501373291","526","38.982","22.039","0","4.12418243153987","0.172082134274152","29.763258630516",
"7/18/2013","66.5625","38.872501373291","526","40.143","24.004","0","5.35393352676948","0.152659480253128","29.6570475398124",
"7/19/2013","66.5625","38.872501373291","526","41.149","24.826","0","5.07686884271046","0.143112105728059","29.3661274537188",
"7/20/2013","66.5625","38.872501373291","526","42.163","25.65","0","2.07593595829751","0.152740858532109","29.077878526884",
"7/21/2013","66.5625","38.872501373291","526","38.031","24.486","0","3.36220162698879","0.158254864806271","28.851677000172",
"7/22/2013","66.5625","38.872501373291","526","35.615","18.651","0","2.7237746014891","0.155006120261002","30.0596991799968",
"7/23/2013","66.5625","38.872501373291","526","38.114","19.301","0","2.48499719531003","0.150702157737885","29.192249493252",
"7/24/2013","66.5625","38.872501373291","526","39.24","23.305","0","4.43053036186754","0.168856725981252","29.24015628024",
"7/25/2013","66.5625","38.872501373291","526","38.94","23.47","0","4.12543237129261","0.175171856589097","28.923660384588",
"7/26/2013","66.5625","38.872501373291","526","40.989","23.836","0","2.96635209109729","0.157589277754112","29.095070210748",
"7/27/2013","66.5625","38.872501373291","526","42.273","25.506","0.0017166132","2.88927231747828","0.119578700341185","28.4933887106256",
"7/28/2013","66.5625","38.872501373291","526","43.521","27.501","0","4.26030641537911","0.150229916840495","28.447067436282",
"7/29/2013","66.5625","38.872501373291","526","45.12","29.841","0","4.71878270755545","0.120170107953028","28.6520315750532",
"7/30/2013","66.5625","38.872501373291","526","42.937","27.458","0","3.06492778619086","0.121017913430392","28.401929425836",
"7/31/2013","66.5625","38.872501373291","526","44.623","26.998","0","2.37872255016913","0.132745416621107","27.611323182612",
"8/1/2013","66.5625","38.872501373291","526","42.285","26.595","0","4.10719416730565","0.17316118321854","27.926746378596",
"8/2/2013","66.5625","38.872501373291","526","40.911","27.213","0","4.72839831262413","0.19979515298623","27.8565168168",
"8/3/2013","66.5625","38.872501373291","526","40.59","26.566","0","5.19190614789647","0.176224270500196","27.852096691296",
"8/4/2013","66.5625","38.872501373291","526","39.758","25.947","0","4.52538975378707","0.170021348753645","27.79431630372",
"8/5/2013","66.5625","38.872501373291","526","40.112","22.996","0","2.52206576687645","0.149753596872518","28.24531411644",
"8/6/2013","66.5625","38.872501373291","526","40.915","23.59","0","2.80243242297965","0.145091612606414","25.2464415084",
"8/7/2013","66.5625","38.872501373291","526","32.788","22.616","0.0034332264","2.62454513118779","0.247445209339784","21.31056426708",
"8/8/2013","66.5625","38.872501373291","526","34.352","16.976","0","2.19732186177734","0.257740834902928","27.213739457796",
"8/9/2013","66.5625","38.872501373291","526","35.648","19.016","0","2.2292852054939","0.24513282270323","26.96113186182",
"8/10/2013","66.5625","38.872501373291","526","32.393","21.305","0","3.5947864977077","0.287577694295318","24.678009234",
"8/11/2013","66.5625","38.872501373291","526","33.516","18.61","0","2.90118856793468","0.264162013585385","26.70027138792",
"8/12/2013","66.5625","38.872501373291","526","34.225","18.6","0","2.30055005518046","0.189148035892276","25.4985332763564",
"8/13/2013","66.5625","38.872501373291","526","33.926","19.604","0","3.88211059524789","0.227731771462592","26.3667338568",
"8/14/2013","66.5625","38.872501373291","526","34.517","18.5","0.0034332264","3.14983005166111","0.246652135246339","26.6873115888",
"8/15/2013","66.5625","38.872501373291","526","36.51","18.018","0","2.03832652949336","0.226641772943761","26.2376648424",
"8/16/2013","66.5625","38.872501373291","526","36.616","20.172","0","2.07730909641853","0.208467220976305","26.02664514",
"8/17/2013","66.5625","38.872501373291","526","37.175","22.312","0","2.06537620730786","0.188913330790978","26.05157320284",
"8/18/2013","66.5625","38.872501373291","526","36.511","19.447","0","2.8435011174041","0.179542784113486","26.3012602248",
"8/19/2013","66.5625","38.872501373291","526","37.037","21.048","0","2.33211145587709","0.213212332947018","25.513443096552",
"8/20/2013","66.5625","38.872501373291","526","37.646","21.528","0","2.30006317804442","0.203421984427935","25.8358692321",
"8/21/2013","66.5625","38.872501373291","526","37.554","19.333","0","1.9526589087432","0.144491378425224","25.8880424148",
"8/22/2013","66.5625","38.872501373291","526","37.59","19.149","0","1.69372415834018","0.134772712421535","25.7779612512",
"8/23/2013","66.5625","38.872501373291","526","36.108","21.18","0","3.05661611036318","0.182341284706369","24.9773787828",
"8/24/2013","66.5625","38.872501373291","526","33.554","20.416","0","2.73865012187741","0.230220804363486","25.0215349932",
"8/25/2013","66.5625","38.872501373291","526","35.534","18.305","0","2.63464214206494","0.199359644994173","25.33509319392",
"8/26/2013","66.5625","38.872501373291","526","37.44","19.59","0","2.26081100525997","0.196945247894024","25.49463274908",
"8/27/2013","66.5625","38.872501373291","526","36.506","15.418","0","2.02963200042409","0.184428239555227","25.0665172776",
"8/28/2013","66.5625","38.872501373291","526","37.125","22.292","0","3.00542734954535","0.148025869494424","24.5993833512",
"8/29/2013","66.5625","38.872501373291","526","33.132","18.495","0","2.50009182466856","0.175461598620715","24.0061671828",
"8/30/2013","66.5625","38.872501373291","526","32.165","12.415","0","3.18390181524799","0.199370462927509","25.1252591544",
"8/31/2013","66.5625","38.872501373291","526","32.494","15.658","0","2.20476658329827","0.186601136370789","24.3486407286",
"9/1/2013","66.5625","38.872501373291","526","34.838","15.675","0","1.50642385938229","0.159440914996401","24.816923928",
"9/2/2013","66.5625","38.872501373291","526","34.81","13.776","0.0017166132","1.1362888295277","0.16078466566993","25.0790312376",
"9/3/2013","66.5625","38.872501373291","526","34.152","14.251","0","1.67243110699113","0.131909709080516","24.8658533766",
"9/4/2013","66.5625","38.872501373291","526","35.017","14.394","0","2.07489643813621","0.100348934150608","24.714552312",
"9/5/2013","66.5625","38.872501373291","526","37.368","18.133","0","3.09864910946286","0.111159569036045","24.0000842376",
"9/6/2013","66.5625","38.872501373291","526","38.645","21.611","0","3.93422316438451","0.122334485976623","24.465034098",
"9/7/2013","66.5625","38.872501373291","526","37.631","22.514","0","3.36017175451493","0.113439231724412","24.0636797028",
"9/8/2013","66.5625","38.872501373291","526","38.775","20.849","0","2.38456446832837","0.11082750110892","23.72221162008",
"9/9/2013","66.5625","38.872501373291","526","38.458","20.938","0.0017166132","2.36720334931221","0.102258905374945","23.569390728",
"9/10/2013","66.5625","38.872501373291","526","38.215","21.561","0.0017166132","2.29395825832222","0.0847193287022377","23.54280841728",
"9/11/2013","66.5625","38.872501373291","526","35.503","17.275","0","2.38523131267515","0.160963964541118","22.90920182712",
"9/12/2013","66.5625","38.872501373291","526","32.256","15.008","0","2.54402419058693","0.254546327730794","22.36380166728",
"9/13/2013","66.5625","38.872501373291","526","30.86","13.232","0","1.5276279965915","0.249642860256315","22.265741574",
"9/14/2013","66.5625","38.872501373291","526","29.564","16.612","0","2.24431479230527","0.235539990116263","22.12379069544",
"9/15/2013","66.5625","38.872501373291","526","26.584","13.992","0.0034332264","2.38334695140151","0.252517357673352","22.12415613144",
"9/16/2013","66.5625","38.872501373291","526","27.768","8.62","0","1.99945003138597","0.248215844842863","22.4822792844",
"9/17/2013","66.5625","38.872501373291","526","30.32","12.737","0","2.05236289937757","0.195603366656707","22.2141979944",
"9/18/2013","66.5625","38.872501373291","526","32.611","14.828","0","2.28320516046228","0.149683435689676","21.8296351764",
"9/19/2013","66.5625","38.872501373291","526","35.938","19.453","0.0034332264","2.49476203996082","0.103876211514862","21.5973134136",
"9/20/2013","66.5625","38.872501373291","526","37.454","18.605","0","2.87115604042182","0.103219770702576","21.2940178416",
"9/21/2013","66.5625","38.872501373291","526","37.057","23.525","0","3.84379155269442","0.0963821090732638","21.20488105356",
"9/22/2013","66.5625","38.872501373291","526","35.868","20.792","0","2.03460793144028","0.098445875353421","21.100108626",
"9/23/2013","66.5625","38.872501373291","526","36.137","19.602","0","2.52167169267736","0.0883315062264338","20.9417240736",
"9/24/2013","66.5625","38.872501373291","526","37.745","21.149","0","2.79208532075573","0.0774793752165241","20.7520583184",
"9/25/2013","66.5625","38.872501373291","526","39.895","25.182","0","3.12205703354703","0.0827780648410503","20.51763362316",
"9/26/2013","66.5625","38.872501373291","526","36.556","22.236","0","2.79602568437817","0.118728359157327","20.0269164744",
"9/27/2013","66.5625","38.872501373291","526","31.409","16.666","0","3.29161714974702","0.260046737948077","19.16853147288",
"9/28/2013","66.5625","38.872501373291","526","32.521","17.386","0","2.26775866872733","0.230347374546572","19.6812985014",
"9/29/2013","66.5625","38.872501373291","526","31.944","15.503","0","1.95187485406","0.152383715969985","19.4950101492",
"9/30/2013","66.5625","38.872501373291","526","32.254","15.606","0","2.15243994377227","0.130124653320309","19.57719134052",
"10/1/2013","66.5625","38.872501373291","526","32.168","13.519","0","1.7380938776314","0.152301277663478","19.30505043672",
"10/2/2013","66.5625","38.872501373291","526","32.742","14.195","0","1.82308711298316","0.165432569175972","19.196538778224",
"10/3/2013","66.5625","38.872501373291","526","33.862","15.604","0","2.38018489760643","0.123135499444955","19.3222634148",
"10/4/2013","66.5625","38.872501373291","526","35.674","20.421","0","2.68418050245335","0.102404869021298","18.8055187308",
"10/5/2013","66.5625","38.872501373291","526","35.444","21.34","0.0017166132","3.32800914114953","0.0981669836564191","18.78978718152",
"10/6/2013","66.5625","38.872501373291","526","35.404","18.402","0","1.72343180935323","0.121070474660564","18.7090879212",
"10/7/2013","66.5625","38.872501373291","526","31.766","15.303","0","1.65516461970193","0.182454976107556","18.2691427824",
"10/8/2013","66.5625","38.872501373291","526","29.689","12.151","0","1.36054808866203","0.25686669546251","17.969871492",
"10/9/2013","66.5625","38.872501373291","526","22.856","9.81200000000001","0","2.46680220183415","0.23499662878361","17.47754496",
"10/10/2013","66.5625","38.872501373291","526","20.626","7.50400000000002","0","3.28001165143707","0.265868576561031","17.29778214456",
"10/11/2013","66.5625","38.872501373291","526","22.719","6.66399999999999","0","2.35673004245193","0.305442180927382","17.6092598196",
"10/12/2013","66.5625","38.872501373291","526","23.561","5.37900000000002","0","1.7966971958665","0.263507360268805","17.4852328698",
"10/13/2013","66.5625","38.872501373291","526","23.8","8.67099999999999","0","1.56285990329931","0.255749121015812","16.756139016",
"10/14/2013","66.5625","38.872501373291","526","24.262","5.97300000000001","0","1.5410710476165","0.283250898374306","17.0731765944",
"10/15/2013","66.5625","38.872501373291","526","22.736","6.79399999999998","0","1.72668990854399","0.27857832208598","16.6693201776",
"10/16/2013","66.5625","38.872501373291","526","24.227","8.93299999999999","0","2.33299195901951","0.246231557145408","16.140735792",
"10/17/2013","66.5625","38.872501373291","526","24.398","8.44600000000003","0","1.4403000240485","0.313785978885012","16.0874370216",
"10/18/2013","66.5625","38.872501373291","526","26.187","10.758","0","1.98994827878567","0.289621948742549","16.05288162564",
"10/19/2013","66.5625","38.872501373291","526","28.014","10.507","0","1.89329589904344","0.233408281274145","16.2606375036",
"10/20/2013","66.5625","38.872501373291","526","30.706","11.956","0","2.05395028732317","0.151190456321261","16.3800415296",
"10/21/2013","66.5625","38.872501373291","526","27.935","12.863","0","2.0743548836514","0.134406959139947","15.71114151252",
"10/22/2013","66.5625","38.872501373291","526","18.619","8.04700000000003","0.47035224","2.91711844763545","0.474690609933406","11.12200410384",
"10/23/2013","66.5625","38.872501373291","526","18.142","6.12700000000001","0","1.78628519479509","0.615817448764665","14.71903191",
"10/24/2013","66.5625","38.872501373291","526","21.494","7.11399999999998","0","2.05504039963092","0.513589161957803","14.9378513184",
"10/25/2013","66.5625","38.872501373291","526","18.062","4.99700000000001","0","2.85587902094541","0.545892440342407","14.2701439536",
"10/26/2013","66.5625","38.872501373291","526","9.86700000000002","2.01499999999999","0.0154495188","2.8891196695785","0.505253415062575","13.31699134968",
"10/27/2013","66.5625","38.872501373291","526","13.166","-1.74900000000002","0","1.67070127379452","0.459124897120788","14.9841442836",
"10/28/2013","66.5625","38.872501373291","526","20.157","4.21499999999998","0.0017166132","1.94291309135677","0.187032885332462","14.6273223024",
"10/29/2013","66.5625","38.872501373291","526","20.336","5.89100000000002","0","1.87622187688807","0.22879476310081","12.717694437264",
"10/30/2013","66.5625","38.872501373291","526","13.443","5.70100000000002","2.142330372","1.46552758783633","0.563779906261161","13.2787840248",
"10/31/2013","66.5625","38.872501373291","526","14.921","3.16000000000003","0","1.7673293992088","0.573216796196203","13.7284772508",
"11/1/2013","66.5625","38.872501373291","526","15.947","3.767","0","1.71179405038038","0.458593639589054","13.8523031928",
"11/2/2013","66.5625","38.872501373291","526","16.78","2.07499999999999","0","1.46148312134561","0.503638098393615","13.7250310932",
"11/3/2013","66.5625","38.872501373291","526","19.413","4.27600000000001","0","1.92384242995528","0.480510303089144","13.20857777844",
"11/4/2013","66.5625","38.872501373291","526","19.77","5.80799999999999","0","1.26502507038706","0.415224085620473","12.588939306",
"11/5/2013","66.5625","38.872501373291","526","18.655","4.68900000000002","0","1.08148805821269","0.467897646252616","13.05068777424",
"11/6/2013","66.5625","38.872501373291","526","16.884","2.55799999999999","0","1.17625112550321","0.524914640923104","13.1354625636",
"11/7/2013","66.5625","38.872501373291","526","16.509","1.73500000000001","0","1.11866530082718","0.507563569058705","12.93132488292",
"11/8/2013","66.5625","38.872501373291","526","18.38","2.75599999999997","0","1.42583217601274","0.486637141377126","12.89932924248",
"11/9/2013","66.5625","38.872501373291","526","20.114","3.58699999999999","0","1.7011096674927","0.463077525295881","12.79938298284",
"11/10/2013","66.5625","38.872501373291","526","18.644","7.16300000000001","0","1.21794204963959","0.468612678764388","12.12448980312",
"11/11/2013","66.5625","38.872501373291","526","17.996","3.46600000000001","0.0008583084","1.62631586091701","0.447627222694403","12.6899809992",
"11/12/2013","66.5625","38.872501373291","526","16.375","3.077","0","2.74912884869176","0.262247823397429","13.007345274",
"11/13/2013","66.5625","38.872501373291","526","16.799","0.992000000000019","0","2.09524276042342","0.302885033010749","12.6530824356",
"11/14/2013","66.5625","38.872501373291","526","19.203","1.745","0","1.52648342286181","0.286527289293227","12.65702389344",
"11/15/2013","66.5625","38.872501373291","526","22.814","6.31099999999998","0","1.88587737769526","0.17953131450257","11.1440818152",
"11/16/2013","66.5625","38.872501373291","526","17.619","5.06799999999998","0","1.54929607170095","0.340418821316807","10.4210241516",
"11/17/2013","66.5625","38.872501373291","526","19.401","5.01400000000001","0","1.53070163513073","0.589203447121193","11.48695311096",
"11/18/2013","66.5625","38.872501373291","526","19.92","10.418","0.0566482464","1.86934009225581","0.501180485495471","8.6088214404",
"11/19/2013","66.5625","38.872501373291","526","19.059","10.033","0.0566482608","2.29419626571478","0.517665040004697","11.2668743844",
"11/20/2013","66.5625","38.872501373291","526","10.88","1.74599999999998","0.731277252","3.30724588755552","0.612070840051573","11.14356544578",
"11/21/2013","66.5625","38.872501373291","526","9.95800000000003","-0.637999999999977","0","2.81925706870682","0.537339399459242","11.74686289344",
"11/22/2013","66.5625","38.872501373291","526","14.474","-0.0459999999999923","0","1.87469106951016","0.376208549880571","10.91833686",
"11/23/2013","66.5625","38.872501373291","526","10.176","1.93200000000002","0","1.95803369326656","0.383727209712","9.0312299208",
"11/24/2013","66.5625","38.872501373291","526","11.273","1.17399999999998","1.22051232","1.76510345445036","0.681047371746693","5.2780973904",
"11/25/2013","66.5625","38.872501373291","526","18.959","4.97500000000002","0","1.98797943023612","0.639755601156271","10.7459397648",
"11/26/2013","66.5625","38.872501373291","526","17.232","8.99099999999999","0.0034332264","2.88936667099179","0.527129800430319","10.6857113868",
"11/27/2013","66.5625","38.872501373291","526","17.981","7.62299999999999","0","2.39022092497922","0.418388019842143","11.02140848988",
"11/28/2013","66.5625","38.872501373291","526","21.222","9.16699999999997","0","3.95541136624749","0.36650277769701","10.708070454",
"11/29/2013","66.5625","38.872501373291","526","21.348","12.681","0","2.95453647558897","0.3112572707718","5.7038193756",
"11/30/2013","66.5625","38.872501373291","526","24.575","12.453","0","3.80647351935","0.352771708620807","10.26730845324",
"12/1/2013","66.5625","38.872501373291","526","17.137","6.06099999999998","5.784989832","2.58615918946318","0.612577947504891","5.6417598648",
"12/2/2013","66.5625","38.872501373291","526","10.195","-0.00900000000001455","0.0017166132","1.99753870768413","0.656728241415402","10.6432386228",
"12/3/2013","66.5625","38.872501373291","526","17.213","1.71600000000001","0","2.51590063641132","0.399406694356559","10.6750446696",
"12/4/2013","66.5625","38.872501373291","526","23.247","5.96600000000001","0.686645532","5.966109783468","0.359620262287646","8.337689846352",
"12/5/2013","66.5625","38.872501373291","526","5.84500000000003","1.64299999999997","7.6131819432","3.02836837102412","0.778296719848799","9.8163750636",
"12/6/2013","66.5625","38.872501373291","526","13.458","3.39400000000001","1.977538752","2.64459426744471","0.714936507701819","5.1101822124",
"12/7/2013","66.5625","38.872501373291","526","10.97","3.76600000000002","14.7251112264","2.67820707485833","0.870538086036243","6.8127237036",
"12/8/2013","66.5625","38.872501373291","526","12.669","0.77800000000002","0.0017166132","1.43894961946176","0.692786979703846","9.9159173676",
"12/9/2013","66.5625","38.872501373291","526","19.12","7.368","0","3.59541907615171","0.459312403503619","9.9104621472",
"12/10/2013","66.5625","38.872501373291","526","19.727","8.79000000000002","0.34675614","3.24191001865349","0.457318846326738","9.8691166908",
"12/11/2013","66.5625","38.872501373291","526","10.596","5.06799999999998","0.24890922","3.0911508729689","0.682032884798063","9.8879239728",
"12/12/2013","66.5625","38.872501373291","526","14.841","3.38499999999999","0","3.0441604086162","0.454667374772402","10.15334556084",
"12/13/2013","66.5625","38.872501373291","526","19.48","9.57799999999997","0","2.14204242983255","0.309800779790018","5.7889648584",
"12/14/2013","66.5625","38.872501373291","526","21.382","7.95499999999998","0.0034332264","1.62483599619948","0.385992230584038","9.183109158",
"12/15/2013","66.5625","38.872501373291","526","17.693","6.50400000000002","0.666046404","2.86494200009574","0.546651123587501","8.9108103312",
"12/16/2013","66.5625","38.872501373291","526","5.24599999999998","0.00900000000001455","4.6571751288","3.02505631565007","0.870880557791111","4.816533222",
"12/17/2013","66.5625","38.872501373291","526","3.916","-2.35399999999999","0","2.71500557081524","0.64032576885779","10.1619749538",
"12/18/2013","66.5625","38.872501373291","526","1.83100000000002","-3.88900000000001","0.0017166132","2.42030457964957","0.540598400833977","9.7455932532",
"12/19/2013","66.5625","38.872501373291","526","6.572","-4.20800000000003","0","1.45198131395944","0.529906690316484","10.0704004452",
"12/20/2013","66.5625","38.872501373291","526","8.02199999999999","-1.726","0","1.53347166522052","0.46390505721496","9.5679485424",
"12/21/2013","66.5625","38.872501373291","526","3.15499999999997","-3.54500000000002","0.0034332264","1.59603843576244","0.726187097761937","9.6996228516",
"12/22/2013","66.5625","38.872501373291","526","3.786","-4.19200000000001","0","1.46284179871141","0.785009690419694","9.9771453036",
"12/23/2013","66.5625","38.872501373291","526","5.02199999999999","-4.94099999999997","0","1.42867937303769","0.568987942570035","10.0118345112",
"12/24/2013","66.5625","38.872501373291","526","3.63299999999998","-5.197","0","1.48402025965406","0.710450155663158","9.8727582816",
"12/25/2013","66.5625","38.872501373291","526","6.51400000000001","-4.52600000000001","0","1.25668243974583","0.531873429940771","10.0173499632",
"12/26/2013","66.5625","38.872501373291","526","7.06700000000001","-3.19299999999998","0","2.25491295441251","0.627655955985927","9.79290756",
"12/27/2013","66.5625","38.872501373291","526","0.845000000000027","-4.36599999999999","0.3450391128","2.23285676232769","0.860555601686685","6.175499256",
"12/28/2013","66.5625","38.872501373291","526","0.189999999999998","-6.63099999999997","0.065231316","1.48887101694467","0.810183068784729","8.8325245548",
"12/29/2013","66.5625","38.872501373291","526","-2.24000000000001","-11.271","0","1.5419107521965","0.843374392653621","10.298075868",
"12/30/2013","66.5625","38.872501373291","526","-3.02699999999999","-13.392","0","1.48834430409866","0.845131004529946","10.2945284964",
"12/31/2013","66.5625","38.872501373291","526","0.668000000000006","-12.026","0","1.32608195506645","0.727061080328563","10.5757920432",
"1/1/2014","66.5625","38.872501373291","526","4.31799999999998","-8.32900000000001","0","1.78538283140329","0.696387924568312","10.7556411456",
"1/2/2014","66.5625","38.872501373291","526","5.625","-7.98099999999999","0","1.0730460583779","0.605871954776897","9.7923226608",
"1/3/2014","66.5625","38.872501373291","526","2.49200000000002","-8.06799999999998","0","1.31077968114196","0.748755022359626","8.790953517",
"1/4/2014","66.5625","38.872501373291","526","1.60500000000002","-5.44099999999997","0.0034332264","2.3010942021216","0.84772594963895","10.3491461664",
"1/5/2014","66.5625","38.872501373291","526","1.64699999999999","-8.16500000000002","0","1.60950662817062","0.850463427049018","10.4272862544",
"1/6/2014","66.5625","38.872501373291","526","2.42000000000002","-7.78800000000001","0","1.4576968368515","0.800917784896201","10.5621102198",
"1/7/2014","66.5625","38.872501373291","526","3.637","-7.767","0","1.46439808948424","0.7205185438098","9.4179939444",
"1/8/2014","66.5625","38.872501373291","526","1.15800000000002","-6.86900000000003","0","1.52805619084658","0.832339441559783","8.3605881924",
"1/9/2014","66.5625","38.872501373291","526","2.26299999999998","-9.29700000000003","0","0.886083410296503","0.78182087541518","10.8052465608",
"1/10/2014","66.5625","38.872501373291","526","4.815","-8.65300000000002","0","1.37815063660966","0.614466880350299","11.0807858556",
"1/11/2014","66.5625","38.872501373291","526","9.17200000000003","-2.94499999999999","0","1.58550846930756","0.597303751730974","10.790280252",
"1/12/2014","66.5625","38.872501373291","526","11.831","-1.243","0.0068664528","2.19109374342309","0.412835977510471","10.23616224",
"1/13/2014","66.5625","38.872501373291","526","7.68099999999998","0.65300000000002","0.27465822","1.69964147746097","0.769867295867652","10.2594090276",
"1/14/2014","66.5625","38.872501373291","526","14.003","1.59699999999998","0","4.03741731489667","0.590577310134738","10.71015958872",
"1/15/2014","66.5625","38.872501373291","526","8.71899999999999","1.91500000000002","1.6513828344","2.45291249675368","0.709202165055793","8.4934177128",
"1/16/2014","66.5625","38.872501373291","526","4.91399999999999","-2.66500000000002","0","1.16960224193899","0.800404362409325","10.6202996784",
"1/17/2014","66.5625","38.872501373291","526","9.46699999999998","-2.62200000000001","0","1.67731296612723","0.613069092570336","11.2372895268",
"1/18/2014","66.5625","38.872501373291","526","14.299","0.15100000000001","0","1.47086799774575","0.449689208789147","11.6408098116",
"1/19/2014","66.5625","38.872501373291","526","12.854","0.262999999999977","0","1.60300216751292","0.415292367066664","11.159473644",
"1/20/2014","66.5625","38.872501373291","526","13.092","2.22199999999998","0.0034332264","1.74573977231306","0.36082472918565","8.9216908344",
"1/21/2014","66.5625","38.872501373291","526","11.756","4.815","1.387023192","1.76782438299956","0.782522968539788","10.8684593388",
"1/22/2014","66.5625","38.872501373291","526","8.61900000000003","3.89100000000002","0.9801868104","1.2794056404797","0.876488175964732","4.852452996",
"1/23/2014","66.5625","38.872501373291","526","13.678","2.92000000000002","0.0120162924","3.5504438705512","0.628864433581655","10.3861636776",
"1/24/2014","66.5625","38.872501373291","526","13.053","8.44400000000002","2.327728176","3.32711134913036","0.662450248516283","4.40338185",
"1/25/2014","66.5625","38.872501373291","526","10.858","3.935","0.5321504232","1.15095392935802","0.798163641106198","10.91217058488",
"1/26/2014","66.5625","38.872501373291","526","15.864","1.52499999999998","0","2.28751802242474","0.675338119638152","11.9534136876",
"1/27/2014","66.5625","38.872501373291","526","14.306","4.24400000000003","0","1.5520277087779","0.682166575071994","8.3425981824",
"1/28/2014","66.5625","38.872501373291","526","20.383","8.36700000000002","0","4.26483691931935","0.498436246935971","11.8822061952",
"1/29/2014","66.5625","38.872501373291","526","19.094","10.398","1.7612458128","4.57712179581622","0.422116448211898","4.2318126684",
"1/30/2014","66.5625","38.872501373291","526","12.323","6.16000000000003","0.853156836","2.90204356725072","0.679416916964202","9.84174266592",
"1/31/2014","66.5625","38.872501373291","526","7.55399999999997","2.16699999999997","0.1716614064","2.16317613441675","0.852686988000515","5.2215683328",
"2/1/2014","66.5625","38.872501373291","526","1.65800000000002","-11.066","3.5757053856","3.61892728259154","0.894040099687142","7.238072394",
"2/2/2014","66.5625","38.872501373291","526","-12.161","-14.288","4.20227064","3.93498379715395","0.856699296220211","8.45039758068",
"2/3/2014","66.5625","38.872501373291","526","-11.463","-16.289","1.393890516","3.26361702344309","0.849956737939425","11.095126452",
"2/4/2014","66.5625","38.872501373291","526","-8.43599999999998","-18.914","0.0068664528","2.63860657626587","0.802379038520972","14.32675575",
"2/5/2014","66.5625","38.872501373291","526","-4.88200000000001","-19.247","0","1.71318778728334","0.764257095723923","14.6476549476",
"2/6/2014","66.5625","38.872501373291","526","-5.66699999999997","-13.759","1.2359618064","2.1749290584612","0.827136017200204","9.855116658",
"2/7/2014","66.5625","38.872501373291","526","1.59500000000003","-13.272","0","2.53151415617713","0.807457551131926","13.93404802884",
"2/8/2014","66.5625","38.872501373291","526","-0.567000000000007","-10.526","0","1.7014010658208","0.79535660168835","14.6574268272",
"2/9/2014","66.5625","38.872501373291","526","2.416","-9.95999999999998","0","1.78789113755473","0.764184317000601","14.91753805524",
"2/10/2014","66.5625","38.872501373291","526","0.817000000000007","-10.13","0","1.1789687852096","0.669624317834555","15.03403802028",
"2/11/2014","66.5625","38.872501373291","526","4.03399999999999","-9.91899999999998","0","1.41567860954917","0.67742924753081","14.8258126332",
"2/12/2014","66.5625","38.872501373291","526","6.02600000000001","-6.24099999999999","0","0.960017436126102","0.577462875669522","15.12867301236",
"2/13/2014","66.5625","38.872501373291","526","4.26100000000002","-6.80000000000001","0","1.01861466580708","0.672825994965081","15.3582021468",
"2/14/2014","66.5625","38.872501373291","526","3.88499999999999","-7.81999999999999","0","0.730521738945632","0.70627789470416","15.5550447684",
"2/15/2014","66.5625","38.872501373291","526","4.79899999999998","-8.233","0","1.13615286442312","0.676563756510244","15.9081364008",
"2/16/2014","66.5625","38.872501373291","526","11.026","-4.27499999999998","0","1.98196140392928","0.587789815526338","15.9318678384",
"2/17/2014","66.5625","38.872501373291","526","13.166","1.13299999999998","0","1.5634864771836","0.588044500291533","15.6334829364",
"2/18/2014","66.5625","38.872501373291","526","9.88400000000001","1.40800000000002","0.449752608","1.67973062180871","0.763706410386764","9.1830791196",
"2/19/2014","66.5625","38.872501373291","526","10.926","0.0950000000000273","0.0892639152","0.836009748515374","0.831053668969895","15.1878463632",
"2/20/2014","66.5625","38.872501373291","526","8.12900000000002","0.0620000000000118","0.0205993728","2.02035158434271","0.852030583041657","13.1920536204",
"2/21/2014","66.5625","38.872501373291","526","14.001","-0.295000000000016","0","1.89928949056437","0.678294983878209","15.93417515904",
"2/22/2014","66.5625","38.872501373291","526","15.431","5.89800000000002","2.034189","5.03727963836198","0.502876088823514","9.873353448",
"2/23/2014","66.5625","38.872501373291","526","5.08699999999999","-1.89299999999997","1.301193252","1.61672368257241","0.7372637321955","7.57422301644",
"2/24/2014","66.5625","38.872501373291","526","7.38299999999998","-2.74700000000001","0","2.39332593945712","0.564224952323881","17.5253318172",
"2/25/2014","66.5625","38.872501373291","526","10.526","-2.57100000000003","0","1.75985101480832","0.482719600329329","17.3543642676",
"2/26/2014","66.5625","38.872501373291","526","9.73599999999999","-3.23700000000002","0","1.44852725218395","0.451274877153282","17.601704856",
"2/27/2014","66.5625","38.872501373291","526","11.185","-1.863","0","1.40703063839531","0.483725511314892","17.7468463764",
"2/28/2014","66.5625","38.872501373291","526","14.215","-1.03300000000002","0","1.72954525713975","0.418997928331017","18.1602509004",
"3/1/2014","66.5625","38.872501373291","526","16.034","0.937999999999988","0.0017166132","1.72283207107643","0.446536460051691","17.6414869152",
"3/2/2014","66.5625","38.872501373291","526","16.58","3.21499999999998","0.0017166132","1.98951429753922","0.318285180157943","16.4040348888",
"3/3/2014","66.5625","38.872501373291","526","10.925","0.149999999999977","0.2283097356","1.59539436290766","0.66580729922855","10.8717644808",
"3/4/2014","66.5625","38.872501373291","526","15.256","3.26100000000002","0.0034332264","2.75516558986518","0.564207914150431","17.7033776076",
"3/5/2014","66.5625","38.872501373291","526","20.385","6.50299999999999","0","4.02993070011816","0.347449987456831","18.4367769264",
"3/6/2014","66.5625","38.872501373291","526","14.287","10.58","0.748443852","4.12391748941298","0.518299582876106","10.5252835608",
"3/7/2014","66.5625","38.872501373291","526","17.291","10.108","11.94590664","4.29187850887684","0.709611596590181","17.0868469176",
"3/8/2014","66.5625","38.872501373291","526","14.892","2.49400000000003","4.3481806452","2.88540113336391","0.839102645035958","12.3390647028",
"3/9/2014","66.5625","38.872501373291","526","6.49099999999999","-2.29300000000001","0","1.93665006491923","0.720546747339669","19.2610958436",
"3/10/2014","66.5625","38.872501373291","526","9.30000000000001","-1.93400000000003","0.0034332264","1.2827855551917","0.572999083211703","19.379862774",
"3/11/2014","66.5625","38.872501373291","526","12.08","-1.30900000000003","0","1.77848288650783","0.519403744381487","19.64039514444",
"3/12/2014","66.5625","38.872501373291","526","20.522","1.21300000000002","0","3.02628312169205","0.373936348668652","18.8445575556",
"3/13/2014","66.5625","38.872501373291","526","23.574","11.73","0.612830988","6.83424269230387","0.342108385169198","15.3055615824",
"3/14/2014","66.5625","38.872501373291","526","14.673","5.60899999999998","2.7431484984","3.23219926920017","0.75886484730969","9.5135941476",
"3/15/2014","66.5625","38.872501373291","526","12.844","2.42200000000003","0.3484728","2.35583856405693","0.775638469746347","15.293573388",
"3/16/2014","66.5625","38.872501373291","526","14.397","6.17599999999999","1.738933344","2.43835480744344","0.76987515244605","10.14476888232",
"3/17/2014","66.5625","38.872501373291","526","15.76","6.09399999999999","2.01701772","4.77038371338908","0.690858044960463","19.992235905",
"3/18/2014","66.5625","38.872501373291","526","21.075","11.914","0","5.54000677892473","0.462698356123213","20.0136051684",
"3/19/2014","66.5625","38.872501373291","526","24.84","12.556","0.044631936","4.73417042606562","0.433484281888646","18.69972024708",
"3/20/2014","66.5625","38.872501373291","526","18.877","9.43799999999999","0.418853556","2.3542945714535","0.732091364249731","18.56800515816",
"3/21/2014","66.5625","38.872501373291","526","17.437","8.30500000000001","0.0068664528","1.18433401555179","0.743848167554246","18.60188016744",
"3/22/2014","66.5625","38.872501373291","526","19.736","6.40899999999999","0.09269712","1.82851843863709","0.674565100710927","20.1821112936",
"3/23/2014","66.5625","38.872501373291","526","8.83499999999998","1.262","6.511113072","3.6780967784526","0.878753145848176","9.35808518808",
"3/24/2014","66.5625","38.872501373291","526","7.73200000000003","0.110000000000014","2.190398544","2.4609150648801","0.783654780687728","17.9070317748",
"3/25/2014","66.5625","38.872501373291","526","13.291","-0.288999999999987","0","1.99961316289728","0.549263123459812","21.4496356968",
"3/26/2014","66.5625","38.872501373291","526","13.167","2.43799999999999","0.693512244","2.24814241438928","0.64296091519053","13.807456128",
"3/27/2014","66.5625","38.872501373291","526","14.393","1.42000000000002","0","2.68912160060089","0.66048503036728","22.2393952332",
"3/28/2014","66.5625","38.872501373291","526","19.086","2.71499999999998","0","1.67630321770538","0.446176712732553","22.9029865632",
"3/29/2014","66.5625","38.872501373291","526","23.545","9.21600000000001","0.0377655048","6.34835882347264","0.319983022403866","21.8553295248",
"3/30/2014","66.5625","38.872501373291","526","27.321","17.455","0","6.75279025790543","0.259806874881637","22.6039677156",
"3/31/2014","66.5625","38.872501373291","526","29.517","18.138","0","4.88627368752832","0.238692670620182","21.508584336",
"4/1/2014","66.5625","38.872501373291","526","21.692","8.76999999999998","3.02810688","3.23722303224066","0.532686185466056","17.9390965032",
"4/2/2014","66.5625","38.872501373291","526","17.739","3.91000000000003","0","2.82583712793136","0.638833244966049","22.8073023936",
"4/3/2014","66.5625","38.872501373291","526","22.104","9.32900000000001","0.370788624","2.4606901459413","0.537470531767891","11.502619416",
"4/4/2014","66.5625","38.872501373291","526","12.443","6.82400000000001","1.103782896","2.21195522420933","0.875733062346632","6.7923452664",
"4/5/2014","66.5625","38.872501373291","526","15.14","5.07600000000002","0.1201629528","1.49140705954267","0.799863595835344","18.8707780296",
"4/6/2014","66.5625","38.872501373291","526","18.154","5.06700000000001","0","2.07868477559393","0.573929563241366","23.85415167984",
"4/7/2014","66.5625","38.872501373291","526","14.878","5.99000000000001","0.0171661248","2.71047609408337","0.574178343251761","22.85245062",
"4/8/2014","66.5625","38.872501373291","526","21.401","3.55200000000002","0","1.92177236812152","0.44882472756034","24.3737157816",
"4/9/2014","66.5625","38.872501373291","526","26.94","11.055","0.0068664528","4.63008752221524","0.258483477366578","21.9502312488",
"4/10/2014","66.5625","38.872501373291","526","23.434","12.574","2.2796650224","3.4187610954794","0.56588637578749","16.0014867012",
"4/11/2014","66.5625","38.872501373291","526","22.345","9.85399999999999","0.0308990448","2.66325057091026","0.420494252059389","16.8660621576",
"4/12/2014","66.5625","38.872501373291","526","18.057","6.83600000000001","0.041198742","1.57808770283324","0.719300530751421","21.9648345444",
"4/13/2014","66.5625","38.872501373291","526","18.483","4.74400000000003","0","2.18492698177879","0.62750720389421","24.626160684",
"4/14/2014","66.5625","38.872501373291","526","22.296","3.53100000000001","0","2.43030750225196","0.470769058250936","24.2688047832",
"4/15/2014","66.5625","38.872501373291","526","25.925","9.89699999999999","0","2.05697931620546","0.296678740102527","25.0792489008",
"4/16/2014","66.5625","38.872501373291","526","24.83","10.762","0","2.07640425579768","0.313035672477786","22.58608866408",
"4/17/2014","66.5625","38.872501373291","526","22.835","8.36200000000002","0","1.95813993664691","0.316690511811077","26.23542545052",
"4/18/2014","66.5625","38.872501373291","526","21.693","6.351","0","2.22342249338641","0.352302941824683","26.4468290436",
"4/19/2014","66.5625","38.872501373291","526","25.673","5.64400000000001","0","1.82524734734071","0.342056296196108","26.5294155456",
"4/20/2014","66.5625","38.872501373291","526","26.624","10.786","0","2.02728309003927","0.215748709252823","24.2749793592",
"4/21/2014","66.5625","38.872501373291","526","26.666","10.36","0","2.23116892854877","0.184976128644029","26.69388010848",
"4/22/2014","66.5625","38.872501373291","526","27.922","13.08","0","2.62354775550305","0.227581030505708","20.8368374472",
"4/23/2014","66.5625","38.872501373291","526","29.979","14.029","0","2.63400882796817","0.249703014893729","26.8726268484",
"4/24/2014","66.5625","38.872501373291","526","28.008","14.897","1.3046260968","3.75691402068691","0.540287648975394","14.6808032922",
"4/25/2014","66.5625","38.872501373291","526","21.737","13.593","0.0995636448","3.35543839278993","0.613150333440827","22.8853398888",
"4/26/2014","66.5625","38.872501373291","526","24.75","8.51299999999998","0","1.59632389349882","0.503021302066924","26.1866287836",
"4/27/2014","66.5625","38.872501373291","526","32.232","15.473","0","4.00730267387194","0.308497635115849","25.6035948552",
"4/28/2014","66.5625","38.872501373291","526","24.907","14.577","0.6660463464","3.7170609188358","0.470703850240991","9.0035263584",
"4/29/2014","66.5625","38.872501373291","526","29.119","12.32","0","2.95979268719399","0.510894602409065","25.671947292",
"4/30/2014","66.5625","38.872501373291","526","31.243","14.767","7.3917400968","2.7623933999116","0.62903003073899","19.7698615056",
"5/1/2014","66.5625","38.872501373291","526","30.691","17.039","0.0034332264","2.88671956625414","0.447919977648485","26.3131962984",
"5/2/2014","66.5625","38.872501373291","526","31.983","18.4","0","3.07064415077497","0.374469159718625","27.160466778",
"5/3/2014","66.5625","38.872501373291","526","30.955","19.776","1.9466414064","4.06095017449578","0.396356246353645","21.8204401068",
"5/4/2014","66.5625","38.872501373291","526","33.434","18.811","0","3.17384807290334","0.289170846344493","26.8114415328",
"5/5/2014","66.5625","38.872501373291","526","32.824","20.474","0","3.34223390699746","0.254097579290263","26.617440996",
"5/6/2014","66.5625","38.872501373291","526","32.058","20.899","0","3.82263189209167","0.304379036569374","25.1123275116",
"5/7/2014","66.5625","38.872501373291","526","32.957","20.556","0","2.50376931842471","0.295906227026802","25.5849314832",
"5/8/2014","66.5625","38.872501373291","526","32.317","18.23","0.0017166132","2.37982864853495","0.367893496023978","24.97474464444",
"5/9/2014","66.5625","38.872501373291","526","32.618","19.324","0","2.44345035625106","0.376970974781282","26.82924720372",
"5/10/2014","66.5625","38.872501373291","526","32.21","15.709","0","2.36905212484082","0.330297171014868","28.3000550004",
"5/11/2014","66.5625","38.872501373291","526","31.645","16.326","0","4.23147111559024","0.216776360257381","29.6569904328",
"5/12/2014","66.5625","38.872501373291","526","28.226","14.003","0","4.91401958517224","0.253049441738305","29.9994056064",
"5/13/2014","66.5625","38.872501373291","526","30.784","15.195","0.0034332264","2.74366034257939","0.30609923292523","28.6343567208",
"5/14/2014","66.5625","38.872501373291","526","30.95","16.839","0","2.54438551919322","0.275188200386193","28.6673810904",
"5/15/2014","66.5625","38.872501373291","526","33.715","17.394","0","2.67272129308587","0.244609215990048","28.856057346",
"5/16/2014","66.5625","38.872501373291","526","34.693","18.376","0","2.79000820054136","0.193896911157053","29.3439955644",
"5/17/2014","66.5625","38.872501373291","526","34.552","20.446","0","3.61142149767187","0.286092844151028","26.3835821268",
"5/18/2014","66.5625","38.872501373291","526","24.874","20.683","0.4325867064","5.69091897882635","0.471257298533136","11.1814646868",
"5/19/2014","66.5625","38.872501373291","526","32.392","20.549","0","6.2203682320151","0.262828449218917","28.4622834798",
"5/20/2014","66.5625","38.872501373291","526","33.092","20.674","0.0137329056","3.43042664038278","0.185699474527625","24.1987231224",
"5/21/2014","66.5625","38.872501373291","526","31.778","18.917","0.0034332264","2.06884196811515","0.198761786061579","24.8054281632",
"5/22/2014","66.5625","38.872501373291","526","28.757","15.229","0","4.51007502173321","0.194466047218594","30.56882302332",
"5/23/2014","66.5625","38.872501373291","526","30.634","15.286","0","2.98158670171451","0.218711080796511","30.10911665472",
"5/24/2014","66.5625","38.872501373291","526","32.376","15.957","0","2.37427490336321","0.237776255059206","29.69458625916",
"5/25/2014","66.5625","38.872501373291","526","34.432","17.826","0","2.87586162207427","0.198322358602186","30.04682950728",
"5/26/2014","66.5625","38.872501373291","526","34.845","20.204","0","3.11591725734725","0.156641515591851","30.1628150964",
"5/27/2014","66.5625","38.872501373291","526","35.849","22.761","0","3.90225308988066","0.101927108043387","29.8470146688",
"5/28/2014","66.5625","38.872501373291","526","37.886","25.401","0","5.28624456452766","0.105083884575117","24.0231053304",
"5/29/2014","66.5625","38.872501373291","526","35.653","23.474","0.1218795552","3.70215901487809","0.188915942402421","28.4789848752",
"5/30/2014","66.5625","38.872501373291","526","26.455","20.489","0","4.65824177647254","0.349000898088884","23.6784577284",
"5/31/2014","66.5625","38.872501373291","526","31.184","17.677","0","2.92392363312996","0.28462617829841","29.6436300048756",
"6/1/2014","66.5625","38.872501373291","526","31.292","18.096","0.0017166132","3.34946972606982","0.22805381993834","29.7656239392",
"6/2/2014","66.5625","38.872501373291","526","31.17","16.917","0","1.90058647547238","0.195122328778605","29.91770319384",
"6/3/2014","66.5625","38.872501373291","526","31.882","17.931","0.0034332264","4.09765364954232","0.158016479061706","30.0293692812",
"6/4/2014","66.5625","38.872501373291","526","33.447","18.575","0","2.56294358244666","0.199168760626156","29.7746100036",
"6/5/2014","66.5625","38.872501373291","526","36.961","21.265","0","2.77440833400467","0.108194283244757","29.707342992",
"6/6/2014","66.5625","38.872501373291","526","35.015","24.573","0.0017166132","3.73064419746745","0.198945206035475","27.90412633404",
"6/7/2014","66.5625","38.872501373291","526","34.091","22.66","0","2.91048536922112","0.186867141687613","30.07437672888",
"6/8/2014","66.5625","38.872501373291","526","34.594","21.066","0","2.59501739602174","0.143164822770621","30.637226898",
"6/9/2014","66.5625","38.872501373291","526","35.386","20.466","0","3.38228199501617","0.147053946040911","30.81303128844",
"6/10/2014","66.5625","38.872501373291","526","36.031","22.387","0","3.83693496322","0.151728359487152","30.1633368408",
"6/11/2014","66.5625","38.872501373291","526","36.59","24.427","0","4.94902966964401","0.137154882785205","29.747682443232",
"6/12/2014","66.5625","38.872501373291","526","39.46","27.394","0","4.57211377796661","0.10372026720249","30.05700891084",
"6/13/2014","66.5625","38.872501373291","526","41.278","25.712","0","3.49935033306484","0.118930495852826","30.6178566408",
"6/14/2014","66.5625","38.872501373291","526","37.164","25.925","0","3.69767974534661","0.153597905900653","28.6820632512",
"6/15/2014","66.5625","38.872501373291","526","34.432","24.053","0","3.26748304493308","0.289884723219678","28.4607742212",
"6/16/2014","66.5625","38.872501373291","526","35.83","21.962","0","2.95542133743551","0.30521180814178","29.87520718068",
"6/17/2014","66.5625","38.872501373291","526","35.929","22.613","0","2.96863101196195","0.271540905486535","29.9659516308",
"6/18/2014","66.5625","38.872501373291","526","36.489","21.14","0","2.9825314593982","0.175661345401084","30.4253796492",
"6/19/2014","66.5625","38.872501373291","526","37.512","22.321","0","3.57973519964317","0.179332763012568","30.96056109924",
"6/20/2014","66.5625","38.872501373291","526","38.342","22.248","0","3.89775466732463","0.159388442927597","30.8751941772",
"6/21/2014","66.5625","38.872501373291","526","39.463","23.216","0","3.84401062103984","0.152413785716662","30.8467054044",
"6/22/2014","66.5625","38.872501373291","526","39.792","24.362","0","4.28779241018954","0.110266629871704","31.5822700908",
"6/23/2014","66.5625","38.872501373291","526","40.333","24.039","0","4.33896452549502","0.116098649172509","31.1648178132",
"6/24/2014","66.5625","38.872501373291","526","39.133","22.79","0","3.80003703280762","0.127071423145393","31.1665710456",
"6/25/2014","66.5625","38.872501373291","526","39.717","21.815","0","3.97522849422093","0.154494801073121","30.8865042216",
"6/26/2014","66.5625","38.872501373291","526","40.82","24.233","0","2.46159637445274","0.160991046400032","30.49850278692",
"6/27/2014","66.5625","38.872501373291","526","41.254","27.17","0","2.89628436501945","0.14429604216562","30.3980503176",
"6/28/2014","66.5625","38.872501373291","526","41.995","26.536","0","2.93268526079723","0.105556204087791","30.2857057152",
"6/29/2014","66.5625","38.872501373291","526","40.837","26.445","0.0017166132","5.71751426155414","0.139376222904626","30.3108990984",
"6/30/2014","66.5625","38.872501373291","526","41.106","26.547","0","5.04284116403547","0.140642201648024","30.8190067416",
"7/1/2014","66.5625","38.872501373291","526","40.748","25.846","0","6.18570705800375","0.167329040594884","30.215321712",
"7/2/2014","66.5625","38.872501373291","526","37.106","24.464","0","5.10181759925421","0.148124694465115","30.0725312832",
"7/3/2014","66.5625","38.872501373291","526","36.016","21.3","0","4.05284855230359","0.170471527574318","30.29960016",
"7/4/2014","66.5625","38.872501373291","526","35.676","20.674","0","3.34213964684648","0.218334039836266","29.8229638356",
"7/5/2014","66.5625","38.872501373291","526","36.117","22.509","0.0017166132","3.04565098019079","0.210540143292524","29.9768525064",
"7/6/2014","66.5625","38.872501373291","526","37.675","21.786","0","2.15660957678321","0.231461057065397","29.86538283468",
"7/7/2014","66.5625","38.872501373291","526","38.265","22.65","0","2.88907125127436","0.15853418621326","30.95542951632",
"7/8/2014","66.5625","38.872501373291","526","39.168","22.126","0","2.43243288786313","0.113922998390055","30.94543942452",
"7/9/2014","66.5625","38.872501373291","526","40.427","24.294","0","2.34171285293526","0.115777375945871","30.7737773928",
"7/10/2014","66.5625","38.872501373291","526","39.904","23.655","0","2.21478259929527","0.0832115281882337","30.4672257432",
"7/11/2014","66.5625","38.872501373291","526","41.625","25.849","0","3.62062108236684","0.108772361693037","30.0069644364",
"7/12/2014","66.5625","38.872501373291","526","39.675","25.642","0","3.51448013547249","0.139070597255383","29.5942464108",
"7/13/2014","66.5625","38.872501373291","526","37.688","19.863","0","3.11982964748347","0.175881361213459","29.983613227308",
"7/14/2014","66.5625","38.872501373291","526","37.994","22.82","0","3.50695122315231","0.149255689654815","30.24399106296",
"7/15/2014","66.5625","38.872501373291","526","36.742","19.533","0","2.47213063603418","0.133827318925407","29.7232986168",
"7/16/2014","66.5625","38.872501373291","526","36.218","21.077","0","4.21507582235401","0.139342036155144","30.17441277252",
"7/17/2014","66.5625","38.872501373291","526","35.86","18.602","0","3.5374199046503","0.170899660023895","30.4234072992",
"7/18/2014","66.5625","38.872501373291","526","35.858","18.872","0","1.79093786998121","0.168951979405571","30.2714676036",
"7/19/2014","66.5625","38.872501373291","526","36.894","19.124","0","2.25078302632397","0.116650379698265","30.4082123832",
"7/20/2014","66.5625","38.872501373291","526","38.95","21.293","0","2.29986613872915","0.0976431131067129","29.45245392",
"7/21/2014","66.5625","38.872501373291","526","40.776","27.301","0","2.631073091837","0.122607900578717","28.6056497304",
"7/22/2014","66.5625","38.872501373291","526","42.625","25.336","0","3.77167021724615","0.120087159548762","29.22554782368",
"7/23/2014","66.5625","38.872501373291","526","42.547","27.021","0","5.02257948670979","0.12193531621575","29.1317827932",
"7/24/2014","66.5625","38.872501373291","526","37.477","23.047","0","4.07679864092881","0.148015813171989","29.135266974",
"7/25/2014","66.5625","38.872501373291","526","38.309","21.241","0","2.96116812942518","0.129382011751306","29.764165662",
"7/26/2014","66.5625","38.872501373291","526","39.509","21.618","0","1.91514051776363","0.131583436550468","29.481309684",
"7/27/2014","66.5625","38.872501373291","526","41.472","24.051","0","2.28650178422446","0.106021147239836","28.73407876776",
"7/28/2014","66.5625","38.872501373291","526","41.224","26.452","0","3.70399747537034","0.135349582975529","26.8865681112",
"7/29/2014","66.5625","38.872501373291","526","35.606","21.936","0","2.54669344288736","0.172632865110473","25.420072316436",
"7/30/2014","66.5625","38.872501373291","526","33.934","19.201","0.0205993584","2.89617244411007","0.167805039950747","15.5487164688",
"7/31/2014","66.5625","38.872501373291","526","34.936","20.281","0","2.9383332791623","0.167319849426173","28.2273378624",
